,pri ro spot merged ron/mwh cet h f 2025-09-22T00:00:00+02:00
2025-09-23 00:00:00+02:00,527.8126875
2025-09-23 01:00:00+02:00,445.5976875
2025-09-23 02:00:00+02:00,446.5111875
2025-09-23 03:00:00+02:00,436.5134375
2025-09-23 04:00:00+02:00,451.92875000000004
2025-09-23 05:00:00+02:00,487.39031250000005
2025-09-23 06:00:00+02:00,620.951625
2025-09-23 07:00:00+02:00,738.640875
2025-09-23 08:00:00+02:00,701.7583125000001
2025-09-23 09:00:00+02:00,601.412875
2025-09-23 10:00:00+02:00,464.1468125
2025-09-23 11:00:00+02:00,410.1995625
2025-09-23 12:00:00+02:00,386.04256250000003
2025-09-23 13:00:00+02:00,409.2353125
2025-09-23 14:00:00+02:00,436.272375
2025-09-23 15:00:00+02:00,491.691375
2025-09-23 16:00:00+02:00,559.442625
2025-09-23 17:00:00+02:00,641.657625
2025-09-23 18:00:00+02:00,777.3504375
2025-09-23 19:00:00+02:00,941.0699375
2025-09-23 20:00:00+02:00,814.6009375000001
2025-09-23 21:00:00+02:00,627.3334375000001
2025-09-23 22:00:00+02:00,530.236
2025-09-23 23:00:00+02:00,484.56100000000004
2025-09-24 00:00:00+02:00,463.068375
2025-09-24 01:00:00+02:00,450.2159375
2025-09-24 02:00:00+02:00,435.23199999999997
2025-09-24 03:00:00+02:00,486.12156250000004
2025-09-24 04:00:00+02:00,490.72712500000006
2025-09-24 05:00:00+02:00,476.5425
2025-09-24 06:00:00+02:00,593.9272500000001
2025-09-24 07:00:00+02:00,669.9507500000001
2025-09-24 08:00:00+02:00,627.4730000000001
2025-09-24 09:00:00+02:00,568.5395625
2025-09-24 10:00:00+02:00,468.6255
2025-09-24 11:00:00+02:00,386.740375
2025-09-24 12:00:00+02:00,304.271625
2025-09-24 13:00:00+02:00,251.237875
2025-09-24 14:00:00+02:00,237.95406250000002
2025-09-24 15:00:00+02:00,339.07343750000007
2025-09-24 16:00:00+02:00,495.2058125
2025-09-24 17:00:00+02:00,633.994375
2025-09-24 18:00:00+02:00,792.918
2025-09-24 19:00:00+02:00,959.3145625
2025-09-24 20:00:00+02:00,770.9178750000001
2025-09-24 21:00:00+02:00,569.6814375
2025-09-24 22:00:00+02:00,476.466375
2025-09-24 23:00:00+02:00,396.3448125
2025-09-25 00:00:00+02:00,331.1564375
2025-09-25 01:00:00+02:00,305.23587499999996
2025-09-25 02:00:00+02:00,297.9405625
2025-09-25 03:00:00+02:00,285.64637500000003
2025-09-25 04:00:00+02:00,298.486125
2025-09-25 05:00:00+02:00,385.5096875
2025-09-25 06:00:00+02:00,535.97075
2025-09-25 07:00:00+02:00,583.3205
2025-09-25 08:00:00+02:00,548.3918125
2025-09-25 09:00:00+02:00,478.42025
2025-09-25 10:00:00+02:00,363.953625
2025-09-25 11:00:00+02:00,272.5401875
2025-09-25 12:00:00+02:00,211.602125
2025-09-25 13:00:00+02:00,201.23643750000002
2025-09-25 14:00:00+02:00,220.0646875
2025-09-25 15:00:00+02:00,283.43875
2025-09-25 16:00:00+02:00,395.7104375
2025-09-25 17:00:00+02:00,556.600625
2025-09-25 18:00:00+02:00,661.2090625
2025-09-25 19:00:00+02:00,807.2929375
2025-09-25 20:00:00+02:00,739.6178125
2025-09-25 21:00:00+02:00,587.3170625
2025-09-25 22:00:00+02:00,509.77106249999997
2025-09-25 23:00:00+02:00,449.1501875
2025-09-26 00:00:00+02:00,406.6470625
2025-09-26 01:00:00+02:00,387.62850000000003
2025-09-26 02:00:00+02:00,380.447375
2025-09-26 03:00:00+02:00,371.93406250000004
2025-09-26 04:00:00+02:00,374.45887500000003
2025-09-26 05:00:00+02:00,427.238875
2025-09-26 06:00:00+02:00,567.6895
2025-09-26 07:00:00+02:00,635.8721250000001
2025-09-26 08:00:00+02:00,587.076
2025-09-26 09:00:00+02:00,532.4055625000001
2025-09-26 10:00:00+02:00,430.58837500000004
2025-09-26 11:00:00+02:00,328.7965625
2025-09-26 12:00:00+02:00,276.33375
2025-09-26 13:00:00+02:00,255.56431250000003
2025-09-26 14:00:00+02:00,252.1386875
2025-09-26 15:00:00+02:00,314.6373125
2025-09-26 16:00:00+02:00,408.13149999999996
2025-09-26 17:00:00+02:00,515.746875
2025-09-26 18:00:00+02:00,594.9041875
2025-09-26 19:00:00+02:00,711.2993125
2025-09-26 20:00:00+02:00,681.851625
2025-09-26 21:00:00+02:00,542.16225
2025-09-26 22:00:00+02:00,491.082375
2025-09-26 23:00:00+02:00,422.70943750000004
2025-09-27 00:00:00+02:00,449.9616899509804
2025-09-27 01:00:00+02:00,425.9636568627451
2025-09-27 02:00:00+02:00,407.0443056372549
2025-09-27 03:00:00+02:00,409.005693627451
2025-09-27 04:00:00+02:00,403.95631740196075
2025-09-27 05:00:00+02:00,420.9274656862745
2025-09-27 06:00:00+02:00,479.11283823529413
2025-09-27 07:00:00+02:00,536.5222830882353
2025-09-27 08:00:00+02:00,486.4325306372549
2025-09-27 09:00:00+02:00,421.9302757352941
2025-09-27 10:00:00+02:00,329.42770343137255
2025-09-27 11:00:00+02:00,243.84156004901962
2025-09-27 12:00:00+02:00,165.62312254901963
2025-09-27 13:00:00+02:00,154.6611225490196
2025-09-27 14:00:00+02:00,226.22832475490196
2025-09-27 15:00:00+02:00,295.6060625
2025-09-27 16:00:00+02:00,373.0454725735294
2025-09-27 17:00:00+02:00,505.2005772058824
2025-09-27 18:00:00+02:00,600.2879166666667
2025-09-27 19:00:00+02:00,775.4172107843137
2025-09-27 20:00:00+02:00,686.3494681372549
2025-09-27 21:00:00+02:00,562.8456115196079
2025-09-27 22:00:00+02:00,504.5497830882353
2025-09-27 23:00:00+02:00,458.38867769607845
2025-09-28 00:00:00+02:00,404.4227696078432
2025-09-28 01:00:00+02:00,374.7581507352941
2025-09-28 02:00:00+02:00,362.28758210784315
2025-09-28 03:00:00+02:00,359.3988125
2025-09-28 04:00:00+02:00,352.69085661764706
2025-09-28 05:00:00+02:00,375.73832230392156
2025-09-28 06:00:00+02:00,395.4352928921569
2025-09-28 07:00:00+02:00,399.61346078431376
2025-09-28 08:00:00+02:00,344.8955073529412
2025-09-28 09:00:00+02:00,311.0325698529412
2025-09-28 10:00:00+02:00,212.3880036764706
2025-09-28 11:00:00+02:00,123.5259975490196
2025-09-28 12:00:00+02:00,53.50144607843137
2025-09-28 13:00:00+02:00,52.315786764705884
2025-09-28 14:00:00+02:00,84.46914583333334
2025-09-28 15:00:00+02:00,178.47008700980393
2025-09-28 16:00:00+02:00,303.93776960784317
2025-09-28 17:00:00+02:00,446.1256168627451
2025-09-28 18:00:00+02:00,596.831443627451
2025-09-28 19:00:00+02:00,739.2598259803922
2025-09-28 20:00:00+02:00,691.7232463235295
2025-09-28 21:00:00+02:00,582.8207120098039
2025-09-28 22:00:00+02:00,523.7890085784313
2025-09-28 23:00:00+02:00,478.0179816176471
2025-09-29 00:00:00+02:00,444.0167254901961
2025-09-29 01:00:00+02:00,421.4404387254902
2025-09-29 02:00:00+02:00,409.8042598039216
2025-09-29 03:00:00+02:00,406.1512549019608
2025-09-29 04:00:00+02:00,407.11426102941175
2025-09-29 05:00:00+02:00,468.8782549019608
2025-09-29 06:00:00+02:00,657.4443578431373
2025-09-29 07:00:00+02:00,746.5904644607843
2025-09-29 08:00:00+02:00,650.1244166666668
2025-09-29 09:00:00+02:00,547.0991801470589
2025-09-29 10:00:00+02:00,480.42537254901964
2025-09-29 11:00:00+02:00,393.2863786764706
2025-09-29 12:00:00+02:00,323.6994215686275
2025-09-29 13:00:00+02:00,329.89589705882355
2025-09-29 14:00:00+02:00,363.8971531862745
2025-09-29 15:00:00+02:00,431.12871323529413
2025-09-29 16:00:00+02:00,512.5697757352941
2025-09-29 17:00:00+02:00,631.8424754901961
2025-09-29 18:00:00+02:00,778.4905710784313
2025-09-29 19:00:00+02:00,1049.4507916666666
2025-09-29 20:00:00+02:00,969.738712009804
2025-09-29 21:00:00+02:00,722.4021188725491
2025-09-29 22:00:00+02:00,604.8429779411765
2025-09-29 23:00:00+02:00,517.8544926470588
2025-09-30 00:00:00+02:00,488.6075661764706
2025-09-30 01:00:00+02:00,463.3579485294118
2025-09-30 02:00:00+02:00,451.4573223039216
2025-09-30 03:00:00+02:00,448.43670220588234
2025-09-30 04:00:00+02:00,463.25420955882356
2025-09-30 05:00:00+02:00,516.0720232843138
2025-09-30 06:00:00+02:00,677.7585379901961
2025-09-30 07:00:00+02:00,740.4305588235294
2025-09-30 08:00:00+02:00,650.3495575980393
2025-09-30 09:00:00+02:00,528.598068627451
2025-09-30 10:00:00+02:00,457.64384681372553
2025-09-30 11:00:00+02:00,347.9402585784314
2025-09-30 12:00:00+02:00,291.5087463235294
2025-09-30 13:00:00+02:00,295.26150980392157
2025-09-30 14:00:00+02:00,335.4647144607843
2025-09-30 15:00:00+02:00,401.7253075980392
2025-09-30 16:00:00+02:00,506.41061642156865
2025-09-30 17:00:00+02:00,609.1099583333335
2025-09-30 18:00:00+02:00,752.0540502450981
2025-09-30 19:00:00+02:00,1023.0757181372549
2025-09-30 20:00:00+02:00,933.731587009804
2025-09-30 21:00:00+02:00,722.6941801470588
2025-09-30 22:00:00+02:00,604.289205882353
2025-09-30 23:00:00+02:00,505.7028529411765
2025-10-01 00:00:00+02:00,491.6784387254902
2025-10-01 01:00:00+02:00,465.1247450980393
2025-10-01 02:00:00+02:00,450.6505465686275
2025-10-01 03:00:00+02:00,448.03965808823534
2025-10-01 04:00:00+02:00,463.2208737745098
2025-10-01 05:00:00+02:00,513.6504522058824
2025-10-01 06:00:00+02:00,680.5298860294118
2025-10-01 07:00:00+02:00,781.1594240196079
2025-10-01 08:00:00+02:00,692.4392193627451
2025-10-01 09:00:00+02:00,543.9171053921568
2025-10-01 10:00:00+02:00,431.52277205882353
2025-10-01 11:00:00+02:00,348.6728995098039
2025-10-01 12:00:00+02:00,287.53487703431375
2025-10-01 13:00:00+02:00,286.9977181372549
2025-10-01 14:00:00+02:00,331.2360453431373
2025-10-01 15:00:00+02:00,405.2205894607843
2025-10-01 16:00:00+02:00,500.5970049019608
2025-10-01 17:00:00+02:00,611.8041862745098
2025-10-01 18:00:00+02:00,787.0892132352942
2025-10-01 19:00:00+02:00,1039.7259473039217
2025-10-01 20:00:00+02:00,967.642537990196
2025-10-01 21:00:00+02:00,720.6258688725491
2025-10-01 22:00:00+02:00,623.2764227941177
2025-10-01 23:00:00+02:00,542.6311899509805
2025-10-02 00:00:00+02:00,495.2548210784314
2025-10-02 01:00:00+02:00,469.1240441176471
2025-10-02 02:00:00+02:00,451.41677205882354
2025-10-02 03:00:00+02:00,449.36388480392156
2025-10-02 04:00:00+02:00,463.5631875
2025-10-02 05:00:00+02:00,517.5266078431373
2025-10-02 06:00:00+02:00,677.9625330882353
2025-10-02 07:00:00+02:00,778.6756593137255
2025-10-02 08:00:00+02:00,678.5812352941177
2025-10-02 09:00:00+02:00,531.4248933823529
2025-10-02 10:00:00+02:00,382.86844852941175
2025-10-02 11:00:00+02:00,345.6070024509804
2025-10-02 12:00:00+02:00,277.5811053921568
2025-10-02 13:00:00+02:00,279.48945465686273
2025-10-02 14:00:00+02:00,325.7664889705882
2025-10-02 15:00:00+02:00,399.97940808823535
2025-10-02 16:00:00+02:00,500.4646568627451
2025-10-02 17:00:00+02:00,610.8750134803922
2025-10-02 18:00:00+02:00,757.2459742647059
2025-10-02 19:00:00+02:00,971.3278835784314
2025-10-02 20:00:00+02:00,833.9575845588236
2025-10-02 21:00:00+02:00,633.2920845588235
2025-10-02 22:00:00+02:00,542.8252340686274
2025-10-02 23:00:00+02:00,479.77955392156866
2025-10-03 00:00:00+02:00,462.5660992647059
2025-10-03 01:00:00+02:00,430.7040551470589
2025-10-03 02:00:00+02:00,413.88043014705886
2025-10-03 03:00:00+02:00,442.86067034313726
2025-10-03 04:00:00+02:00,415.1929644607843
2025-10-03 05:00:00+02:00,471.5097916666667
2025-10-03 06:00:00+02:00,586.6612928921569
2025-10-03 07:00:00+02:00,610.1953615196079
2025-10-03 08:00:00+02:00,549.0207144607843
2025-10-03 09:00:00+02:00,423.0109522058824
2025-10-03 10:00:00+02:00,282.54739093137255
2025-10-03 11:00:00+02:00,204.35009926470588
2025-10-03 12:00:00+02:00,152.82392279411766
2025-10-03 13:00:00+02:00,166.97073406862745
2025-10-03 14:00:00+02:00,202.3902536764706
2025-10-03 15:00:00+02:00,276.3078774509804
2025-10-03 16:00:00+02:00,433.99360049019606
2025-10-03 17:00:00+02:00,568.4895588235295
2025-10-03 18:00:00+02:00,705.2346875
2025-10-03 19:00:00+02:00,812.1835955882353
2025-10-03 20:00:00+02:00,747.4661507352941
2025-10-03 21:00:00+02:00,589.1055024509803
2025-10-03 22:00:00+02:00,509.490693627451
2025-10-03 23:00:00+02:00,447.78068382352944
2025-10-04 00:00:00+02:00,432.36636642156867
2025-10-04 01:00:00+02:00,391.01656004901963
2025-10-04 02:00:00+02:00,379.6978174019608
2025-10-04 03:00:00+02:00,368.5671482843137
2025-10-04 04:00:00+02:00,378.7937708333334
2025-10-04 05:00:00+02:00,406.49555882352945
2025-10-04 06:00:00+02:00,454.7630379901961
2025-10-04 07:00:00+02:00,486.45093995098046
2025-10-04 08:00:00+02:00,415.03399754901966
2025-10-04 09:00:00+02:00,335.6958259803922
2025-10-04 10:00:00+02:00,236.01237745098038
2025-10-04 11:00:00+02:00,118.48682107843138
2025-10-04 12:00:00+02:00,72.66230759803922
2025-10-04 13:00:00+02:00,66.17700490196079
2025-10-04 14:00:00+02:00,95.64534068627452
2025-10-04 15:00:00+02:00,157.0834399509804
2025-10-04 16:00:00+02:00,298.90754901960787
2025-10-04 17:00:00+02:00,467.83190931372553
2025-10-04 18:00:00+02:00,601.9773443627452
2025-10-04 19:00:00+02:00,756.2874460784315
2025-10-04 20:00:00+02:00,707.2104546568628
2025-10-04 21:00:00+02:00,569.6884031862745
2025-10-04 22:00:00+02:00,508.516243872549
2025-10-04 23:00:00+02:00,440.6940931372549
2025-10-05 00:00:00+02:00,382.1907867647059
2025-10-05 01:00:00+02:00,348.5582144607843
2025-10-05 02:00:00+02:00,335.05921200980396
2025-10-05 03:00:00+02:00,323.9539178921569
2025-10-05 04:00:00+02:00,320.42131985294117
2025-10-05 05:00:00+02:00,343.9235453431373
2025-10-05 06:00:00+02:00,357.0408431127451
2025-10-05 07:00:00+02:00,355.81844975490196
2025-10-05 08:00:00+02:00,302.2242107843137
2025-10-05 09:00:00+02:00,224.3212193627451
2025-10-05 10:00:00+02:00,116.60235416666667
2025-10-05 11:00:00+02:00,50.88135294117647
2025-10-05 12:00:00+02:00,16.54176348039216
2025-10-05 13:00:00+02:00,13.964210784313726
2025-10-05 14:00:00+02:00,37.45623651960784
2025-10-05 15:00:00+02:00,93.53996200980393
2025-10-05 16:00:00+02:00,225.8685968137255
2025-10-05 17:00:00+02:00,400.4610355392157
2025-10-05 18:00:00+02:00,568.8176924019608
2025-10-05 19:00:00+02:00,697.2714154411765
2025-10-05 20:00:00+02:00,639.0109129901961
2025-10-05 21:00:00+02:00,534.4258602941177
2025-10-05 22:00:00+02:00,479.1974215686275
2025-10-05 23:00:00+02:00,422.3842892156863
2025-10-06 00:00:00+02:00,435.3807326732673
2025-10-06 01:00:00+02:00,397.2158533415842
2025-10-06 02:00:00+02:00,387.5913168316832
2025-10-06 03:00:00+02:00,383.0798428217822
2025-10-06 04:00:00+02:00,398.34968873762375
2025-10-06 05:00:00+02:00,465.3081584158416
2025-10-06 06:00:00+02:00,632.4290389851485
2025-10-06 07:00:00+02:00,710.5417054455445
2025-10-06 08:00:00+02:00,633.5715420792079
2025-10-06 09:00:00+02:00,527.8302741336634
2025-10-06 10:00:00+02:00,448.90673824257425
2025-10-06 11:00:00+02:00,369.41683235148514
2025-10-06 12:00:00+02:00,318.88523824257425
2025-10-06 13:00:00+02:00,321.2976219059406
2025-10-06 14:00:00+02:00,344.8025346534654
2025-10-06 15:00:00+02:00,411.0051559405941
2025-10-06 16:00:00+02:00,507.9933050742575
2025-10-06 17:00:00+02:00,627.809407178218
2025-10-06 18:00:00+02:00,828.3104721534654
2025-10-06 19:00:00+02:00,1064.192577970297
2025-10-06 20:00:00+02:00,934.1675606435643
2025-10-06 21:00:00+02:00,700.773963490099
2025-10-06 22:00:00+02:00,599.7087301980198
2025-10-06 23:00:00+02:00,502.21961324257427
2025-10-07 00:00:00+02:00,478.3450043316832
2025-10-07 01:00:00+02:00,447.8766639851485
2025-10-07 02:00:00+02:00,433.0153304455446
2025-10-07 03:00:00+02:00,424.82825
2025-10-07 04:00:00+02:00,440.5888886138614
2025-10-07 05:00:00+02:00,492.17236943069315
2025-10-07 06:00:00+02:00,650.3731837871287
2025-10-07 07:00:00+02:00,730.3232766089109
2025-10-07 08:00:00+02:00,669.2143725247524
2025-10-07 09:00:00+02:00,566.622619430693
2025-10-07 10:00:00+02:00,426.20503217821783
2025-10-07 11:00:00+02:00,338.35477227722777
2025-10-07 12:00:00+02:00,324.5556714108911
2025-10-07 13:00:00+02:00,329.50995173267324
2025-10-07 14:00:00+02:00,375.42551175742574
2025-10-07 15:00:00+02:00,443.882739480198
2025-10-07 16:00:00+02:00,529.9082605198021
2025-10-07 17:00:00+02:00,645.9084399752476
2025-10-07 18:00:00+02:00,829.1308886138614
2025-10-07 19:00:00+02:00,1089.586546410891
2025-10-07 20:00:00+02:00,908.6155637376239
2025-10-07 21:00:00+02:00,682.8663737623763
2025-10-07 22:00:00+02:00,593.9994808168317
2025-10-07 23:00:00+02:00,508.649286509901
2025-10-08 00:00:00+02:00,474.5131280940594
2025-10-08 01:00:00+02:00,444.7115724009901
2025-10-08 02:00:00+02:00,429.17038985148514
2025-10-08 03:00:00+02:00,422.36097091584156
2025-10-08 04:00:00+02:00,437.6473985148515
2025-10-08 05:00:00+02:00,487.62911386138614
2025-10-08 06:00:00+02:00,652.7650915841584
2025-10-08 07:00:00+02:00,708.5334375000001
2025-10-08 08:00:00+02:00,639.9586305693069
2025-10-08 09:00:00+02:00,537.8479975247525
2025-10-08 10:00:00+02:00,417.59938985148517
2025-10-08 11:00:00+02:00,327.1718087871287
2025-10-08 12:00:00+02:00,318.0601738861386
2025-10-08 13:00:00+02:00,322.215513539604
2025-10-08 14:00:00+02:00,358.0229096534654
2025-10-08 15:00:00+02:00,428.20350185643565
2025-10-08 16:00:00+02:00,507.8705754950496
2025-10-08 17:00:00+02:00,628.2902759900991
2025-10-08 18:00:00+02:00,831.2159096534654
2025-10-08 19:00:00+02:00,1039.1710693069308
2025-10-08 20:00:00+02:00,920.1119461633664
2025-10-08 21:00:00+02:00,680.883103960396
2025-10-08 22:00:00+02:00,592.5635321782178
2025-10-08 23:00:00+02:00,495.19601423267324
2025-10-09 00:00:00+02:00,464.69890717821784
2025-10-09 01:00:00+02:00,433.86297478341584
2025-10-09 02:00:00+02:00,417.90841212871294
2025-10-09 03:00:00+02:00,407.2051868811881
2025-10-09 04:00:00+02:00,424.3733842821782
2025-10-09 05:00:00+02:00,473.6346757425743
2025-10-09 06:00:00+02:00,632.0175117574257
2025-10-09 07:00:00+02:00,730.8303997524753
2025-10-09 08:00:00+02:00,679.2484263613861
2025-10-09 09:00:00+02:00,548.1242444306931
2025-10-09 10:00:00+02:00,416.6973211633663
2025-10-09 11:00:00+02:00,331.6059016089109
2025-10-09 12:00:00+02:00,321.6685742574258
2025-10-09 13:00:00+02:00,321.6321448019802
2025-10-09 14:00:00+02:00,364.89790160891096
2025-10-09 15:00:00+02:00,435.26780136138615
2025-10-09 16:00:00+02:00,521.1631813118812
2025-10-09 17:00:00+02:00,623.5565823019803
2025-10-09 18:00:00+02:00,846.8459047029703
2025-10-09 19:00:00+02:00,1021.6946033415842
2025-10-09 20:00:00+02:00,874.8125464108912
2025-10-09 21:00:00+02:00,666.386567450495
2025-10-09 22:00:00+02:00,576.4473923267327
2025-10-09 23:00:00+02:00,486.61336014851486
2025-10-10 00:00:00+02:00,468.3237636138614
2025-10-10 01:00:00+02:00,439.115379950495
2025-10-10 02:00:00+02:00,422.4290563118812
2025-10-10 03:00:00+02:00,416.7097574257426
2025-10-10 04:00:00+02:00,432.66648700495057
2025-10-10 05:00:00+02:00,478.5526522277228
2025-10-10 06:00:00+02:00,627.5795247524752
2025-10-10 07:00:00+02:00,714.0785030940594
2025-10-10 08:00:00+02:00,648.3356466584158
2025-10-10 09:00:00+02:00,531.6395389851485
2025-10-10 10:00:00+02:00,410.86948762376244
2025-10-10 11:00:00+02:00,322.4229152227723
2025-10-10 12:00:00+02:00,305.8506534653465
2025-10-10 13:00:00+02:00,276.83537480816835
2025-10-10 14:00:00+02:00,331.99582240099005
2025-10-10 15:00:00+02:00,410.0817320544555
2025-10-10 16:00:00+02:00,516.2235983910891
2025-10-10 17:00:00+02:00,619.96400990099
2025-10-10 18:00:00+02:00,812.6317370049505
2025-10-10 19:00:00+02:00,951.7254275990099
2025-10-10 20:00:00+02:00,843.334984529703
2025-10-10 21:00:00+02:00,637.9305148514852
2025-10-10 22:00:00+02:00,573.8654232673268
2025-10-10 23:00:00+02:00,498.2420191831683
2025-10-11 00:00:00+02:00,472.59304455445545
2025-10-11 01:00:00+02:00,438.5792388613861
2025-10-11 02:00:00+02:00,421.02576856435644
2025-10-11 03:00:00+02:00,391.7479176980198
2025-10-11 04:00:00+02:00,393.04579241955446
2025-10-11 05:00:00+02:00,426.40599464108914
2025-10-11 06:00:00+02:00,484.5515785891089
2025-10-11 07:00:00+02:00,516.2193273514852
2025-10-11 08:00:00+02:00,487.9293428217822
2025-10-11 09:00:00+02:00,418.75746967821783
2025-10-11 10:00:00+02:00,295.8662768440594
2025-10-11 11:00:00+02:00,210.76512685643564
2025-10-11 12:00:00+02:00,158.41340535272278
2025-10-11 13:00:00+02:00,147.30438737623763
2025-10-11 14:00:00+02:00,183.79137623762375
2025-10-11 15:00:00+02:00,247.29645915841584
2025-10-11 16:00:00+02:00,353.94130321782177
2025-10-11 17:00:00+02:00,523.0215860148516
2025-10-11 18:00:00+02:00,696.729917079208
2025-10-11 19:00:00+02:00,793.7431899752476
2025-10-11 20:00:00+02:00,724.3513582920792
2025-10-11 21:00:00+02:00,586.3883626237624
2025-10-11 22:00:00+02:00,529.6679517326733
2025-10-11 23:00:00+02:00,464.8422382425743
2025-10-12 00:00:00+02:00,415.1179158415842
2025-10-12 01:00:00+02:00,366.2841051980198
2025-10-12 02:00:00+02:00,352.36642017326733
2025-10-12 03:00:00+02:00,335.0935823019802
2025-10-12 04:00:00+02:00,330.0906875
2025-10-12 05:00:00+02:00,349.4594752475248
2025-10-12 06:00:00+02:00,381.1968168316832
2025-10-12 07:00:00+02:00,388.0346256188119
2025-10-12 08:00:00+02:00,343.8127840346535
2025-10-12 09:00:00+02:00,289.53327227722775
2025-10-12 10:00:00+02:00,198.12837685643566
2025-10-12 11:00:00+02:00,120.48514789603962
2025-10-12 12:00:00+02:00,76.22474133663367
2025-10-12 13:00:00+02:00,73.61073948019802
2025-10-12 14:00:00+02:00,101.56393997524752
2025-10-12 15:00:00+02:00,159.9160136138614
2025-10-12 16:00:00+02:00,284.0172246287129
2025-10-12 17:00:00+02:00,418.9094634158416
2025-10-12 18:00:00+02:00,629.2668366336634
2025-10-12 19:00:00+02:00,755.2920253712871
2025-10-12 20:00:00+02:00,672.9536676980199
2025-10-12 21:00:00+02:00,556.8940705445544
2025-10-12 22:00:00+02:00,498.2957840346535
2025-10-12 23:00:00+02:00,441.4881936881188
2025-10-13 00:00:00+02:00,417.49148329207924
2025-10-13 01:00:00+02:00,390.67927846534656
2025-10-13 02:00:00+02:00,361.7020761262376
2025-10-13 03:00:00+02:00,359.3416559405941
2025-10-13 04:00:00+02:00,391.6047122524752
2025-10-13 05:00:00+02:00,454.6934944306931
2025-10-13 06:00:00+02:00,621.9263013613861
2025-10-13 07:00:00+02:00,714.9036930693069
2025-10-13 08:00:00+02:00,668.691421410891
2025-10-13 09:00:00+02:00,562.8600847772277
2025-10-13 10:00:00+02:00,429.03384220297033
2025-10-13 11:00:00+02:00,343.48441646039606
2025-10-13 12:00:00+02:00,340.211041460396
2025-10-13 13:00:00+02:00,330.86776547029706
2025-10-13 14:00:00+02:00,381.9737691831683
2025-10-13 15:00:00+02:00,459.8101998762376
2025-10-13 16:00:00+02:00,564.5818162128713
2025-10-13 17:00:00+02:00,644.9288644801981
2025-10-13 18:00:00+02:00,828.0790823019802
2025-10-13 19:00:00+02:00,1058.3102258663366
2025-10-13 20:00:00+02:00,902.8105928217822
2025-10-13 21:00:00+02:00,682.163536509901
2025-10-13 22:00:00+02:00,553.5004783415842
2025-10-13 23:00:00+02:00,487.40526113861387
2025-10-14 00:00:00+02:00,464.6338366336634
2025-10-14 01:00:00+02:00,434.6179752475248
2025-10-14 02:00:00+02:00,417.7238780940594
2025-10-14 03:00:00+02:00,410.1446670792079
2025-10-14 04:00:00+02:00,428.52558849009904
2025-10-14 05:00:00+02:00,482.5709467821782
2025-10-14 06:00:00+02:00,642.2353459158417
2025-10-14 07:00:00+02:00,721.8377258663367
2025-10-14 08:00:00+02:00,676.071400990099
2025-10-14 09:00:00+02:00,561.227291460396
2025-10-14 10:00:00+02:00,450.66175866336636
2025-10-14 11:00:00+02:00,345.8840473019802
2025-10-14 12:00:00+02:00,336.1981485148515
2025-10-14 13:00:00+02:00,341.04728589108913
2025-10-14 14:00:00+02:00,379.67456806930693
2025-10-14 15:00:00+02:00,452.113786509901
2025-10-14 16:00:00+02:00,552.4210358910891
2025-10-14 17:00:00+02:00,641.8486912128714
2025-10-14 18:00:00+02:00,845.5546689356436
2025-10-14 19:00:00+02:00,1057.0354461633665
2025-10-14 20:00:00+02:00,904.794239480198
2025-10-14 21:00:00+02:00,665.0781219059406
2025-10-14 22:00:00+02:00,586.7084393564357
2025-10-14 23:00:00+02:00,492.1395829207921
2025-10-15 00:00:00+02:00,472.5503341584159
2025-10-15 01:00:00+02:00,442.90391769801977
2025-10-15 02:00:00+02:00,426.54772029702974
2025-10-15 03:00:00+02:00,419.402271039604
2025-10-15 04:00:00+02:00,435.9576998762377
2025-10-15 05:00:00+02:00,484.58951547029704
2025-10-15 06:00:00+02:00,643.6176553217822
2025-10-15 07:00:00+02:00,748.7501745049506
2025-10-15 08:00:00+02:00,696.519379950495
2025-10-15 09:00:00+02:00,579.7657388613862
2025-10-15 10:00:00+02:00,453.6753539603961
2025-10-15 11:00:00+02:00,365.4644424504951
2025-10-15 12:00:00+02:00,350.24911509900994
2025-10-15 13:00:00+02:00,354.51914975247524
2025-10-15 14:00:00+02:00,397.6007493811881
2025-10-15 15:00:00+02:00,473.85136819306933
2025-10-15 16:00:00+02:00,554.0107419554456
2025-10-15 17:00:00+02:00,653.2485983910892
2025-10-15 18:00:00+02:00,878.4632803217821
2025-10-15 19:00:00+02:00,1034.9708787128714
2025-10-15 20:00:00+02:00,895.9702716584159
2025-10-15 21:00:00+02:00,663.8797184405942
2025-10-15 22:00:00+02:00,584.638869430693
2025-10-15 23:00:00+02:00,499.6753298267327
2025-10-16 00:00:00+02:00,477.35550495049506
2025-10-16 01:00:00+02:00,442.8933657178218
2025-10-16 02:00:00+02:00,430.3857518564356
2025-10-16 03:00:00+02:00,422.9327877475248
2025-10-16 04:00:00+02:00,441.2172339108911
2025-10-16 05:00:00+02:00,490.59623019801984
2025-10-16 06:00:00+02:00,643.3789795792079
2025-10-16 07:00:00+02:00,744.2766373762377
2025-10-16 08:00:00+02:00,681.4502728960396
2025-10-16 09:00:00+02:00,576.6614467821782
2025-10-16 10:00:00+02:00,444.271906559406
2025-10-16 11:00:00+02:00,355.41456064356436
2025-10-16 12:00:00+02:00,351.29162561881185
2025-10-16 13:00:00+02:00,355.12563737623765
2025-10-16 14:00:00+02:00,393.7064405940594
2025-10-16 15:00:00+02:00,463.82535396039606
2025-10-16 16:00:00+02:00,537.7586825495049
2025-10-16 17:00:00+02:00,640.1422852722773
2025-10-16 18:00:00+02:00,866.6840043316832
2025-10-16 19:00:00+02:00,1039.2463149752475
2025-10-16 20:00:00+02:00,892.4248063118812
2025-10-16 21:00:00+02:00,671.8534981435644
2025-10-16 22:00:00+02:00,572.312021039604
2025-10-16 23:00:00+02:00,486.87112995049506
2025-10-17 00:00:00+02:00,470.24987685643566
2025-10-17 01:00:00+02:00,439.03787314356435
2025-10-17 02:00:00+02:00,419.52051477103964
2025-10-17 03:00:00+02:00,413.15160457920797
2025-10-17 04:00:00+02:00,430.30962685643567
2025-10-17 05:00:00+02:00,480.96176980198027
2025-10-17 06:00:00+02:00,627.303917079208
2025-10-17 07:00:00+02:00,727.1996392326732
2025-10-17 08:00:00+02:00,691.6314263613862
2025-10-17 09:00:00+02:00,576.5943663366337
2025-10-17 10:00:00+02:00,453.62246844059405
2025-10-17 11:00:00+02:00,360.74582301980195
2025-10-17 12:00:00+02:00,296.4272326732673
2025-10-17 13:00:00+02:00,297.9746051980198
2025-10-17 14:00:00+02:00,340.6296033415842
2025-10-17 15:00:00+02:00,471.56799504950493
2025-10-17 16:00:00+02:00,542.2516905940595
2025-10-17 17:00:00+02:00,636.5860167079209
2025-10-17 18:00:00+02:00,848.1823632425743
2025-10-17 19:00:00+02:00,983.907334158416
2025-10-17 20:00:00+02:00,847.505026608911
2025-10-17 21:00:00+02:00,650.692255569307
2025-10-17 22:00:00+02:00,559.5686206683168
2025-10-17 23:00:00+02:00,477.5611429455446
2025-10-18 00:00:00+02:00,460.6327518564356
2025-10-18 01:00:00+02:00,429.3564313118812
2025-10-18 02:00:00+02:00,428.3693186881188
2025-10-18 03:00:00+02:00,416.88097586633666
2025-10-18 04:00:00+02:00,398.86937376237626
2025-10-18 05:00:00+02:00,437.95805383663367
2025-10-18 06:00:00+02:00,500.32641212871295
2025-10-18 07:00:00+02:00,529.2277834158416
2025-10-18 08:00:00+02:00,517.2486478960396
2025-10-18 09:00:00+02:00,470.08833106435645
2025-10-18 10:00:00+02:00,359.07459034653465
2025-10-18 11:00:00+02:00,250.5888025990099
2025-10-18 12:00:00+02:00,197.6791639851485
2025-10-18 13:00:00+02:00,184.6038787128713
2025-10-18 14:00:00+02:00,215.04131683168316
2025-10-18 15:00:00+02:00,298.2080049504951
2025-10-18 16:00:00+02:00,389.7402778465347
2025-10-18 17:00:00+02:00,557.0814938118812
2025-10-18 18:00:00+02:00,748.6682710396041
2025-10-18 19:00:00+02:00,832.2070420792079
2025-10-18 20:00:00+02:00,763.5020940594059
2025-10-18 21:00:00+02:00,612.0965037128713
2025-10-18 22:00:00+02:00,543.1563972772277
2025-10-18 23:00:00+02:00,485.11234096534656
2025-10-19 00:00:00+02:00,436.421484529703
2025-10-19 01:00:00+02:00,395.4550544554456
2025-10-19 02:00:00+02:00,378.3568267326733
2025-10-19 03:00:00+02:00,359.0802431930693
2025-10-19 04:00:00+02:00,355.2801397215347
2025-10-19 05:00:00+02:00,374.24909158415846
2025-10-19 06:00:00+02:00,409.8086367574258
2025-10-19 07:00:00+02:00,434.1881076732674
2025-10-19 08:00:00+02:00,417.24979269801986
2025-10-19 09:00:00+02:00,357.45360519801983
2025-10-19 10:00:00+02:00,269.47546534653463
2025-10-19 11:00:00+02:00,180.48961138613862
2025-10-19 12:00:00+02:00,129.3838589108911
2025-10-19 13:00:00+02:00,128.97898948019804
2025-10-19 14:00:00+02:00,168.59699582301982
2025-10-19 15:00:00+02:00,235.27674876237626
2025-10-19 16:00:00+02:00,363.5130798267327
2025-10-19 17:00:00+02:00,489.66225433168313
2025-10-19 18:00:00+02:00,679.3634931930693
2025-10-19 19:00:00+02:00,790.9498044554456
2025-10-19 20:00:00+02:00,715.7095377475248
2025-10-19 21:00:00+02:00,570.6145340346535
2025-10-19 22:00:00+02:00,507.27149938118816
2025-10-19 23:00:00+02:00,435.0031225247525
2025-10-20 00:00:00+02:00,426.37411509900994
2025-10-20 01:00:00+02:00,397.10040965346536
2025-10-20 02:00:00+02:00,390.86029517326733
2025-10-20 03:00:00+02:00,382.11194987623765
2025-10-20 04:00:00+02:00,400.536963490099
2025-10-20 05:00:00+02:00,464.2561008663366
2025-10-20 06:00:00+02:00,634.047260519802
2025-10-20 07:00:00+02:00,714.160406559406
2025-10-20 08:00:00+02:00,664.2976522277228
2025-10-20 09:00:00+02:00,575.3129288366338
2025-10-20 10:00:00+02:00,463.4958558168317
2025-10-20 11:00:00+02:00,382.8078780940594
2025-10-20 12:00:00+02:00,351.4440012376238
2025-10-20 13:00:00+02:00,353.5639443069307
2025-10-20 14:00:00+02:00,387.86403527227725
2025-10-20 15:00:00+02:00,464.15899752475246
2025-10-20 16:00:00+02:00,544.366608910891
2025-10-20 17:00:00+02:00,673.2753774752475
2025-10-20 18:00:00+02:00,891.5516299504951
2025-10-20 19:00:00+02:00,1141.5529133663367
2025-10-20 20:00:00+02:00,940.5712308168316
2025-10-20 21:00:00+02:00,687.1889170792081
2025-10-20 22:00:00+02:00,592.0982400990099
2025-10-20 23:00:00+02:00,499.60234529702973
2025-10-21 00:00:00+02:00,477.5384059405941
2025-10-21 01:00:00+02:00,443.7445587871287
2025-10-21 02:00:00+02:00,426.31042636138613
2025-10-21 03:00:00+02:00,421.66227908415846
2025-10-21 04:00:00+02:00,437.95956126237627
2025-10-21 05:00:00+02:00,498.8062988861386
2025-10-21 06:00:00+02:00,653.6102549504951
2025-10-21 07:00:00+02:00,738.4727970297031
2025-10-21 08:00:00+02:00,711.0498335396039
2025-10-21 09:00:00+02:00,605.4216225247525
2025-10-21 10:00:00+02:00,487.8990686881188
2025-10-21 11:00:00+02:00,407.74597586633666
2025-10-21 12:00:00+02:00,370.8316318069307
2025-10-21 13:00:00+02:00,375.9583867574257
2025-10-21 14:00:00+02:00,414.6860383663367
2025-10-21 15:00:00+02:00,479.76361757425747
2025-10-21 16:00:00+02:00,559.1099863861386
2025-10-21 17:00:00+02:00,682.324202970297
2025-10-21 18:00:00+02:00,917.8450290841583
2025-10-21 19:00:00+02:00,1093.1018632425744
2025-10-21 20:00:00+02:00,913.8841423267327
2025-10-21 21:00:00+02:00,668.6935569306931
2025-10-21 22:00:00+02:00,595.4150792079208
2025-10-21 23:00:00+02:00,500.27239603960396
2025-10-22 00:00:00+02:00,479.51853527227723
2025-10-22 01:00:00+02:00,455.0825358910891
2025-10-22 02:00:00+02:00,436.6185804455446
2025-10-22 03:00:00+02:00,425.9972586633663
2025-10-22 04:00:00+02:00,442.71423329207926
2025-10-22 05:00:00+02:00,504.6948063118812
2025-10-22 06:00:00+02:00,658.765650990099
2025-10-22 07:00:00+02:00,746.6895235148515
2025-10-22 08:00:00+02:00,700.5702097772278
2025-10-22 09:00:00+02:00,607.0147202970297
2025-10-22 10:00:00+02:00,511.7770693069307
2025-10-22 11:00:00+02:00,412.5849984158416
2025-10-22 12:00:00+02:00,392.00958168316834
2025-10-22 13:00:00+02:00,396.43174071782175
2025-10-22 14:00:00+02:00,432.56862995049505
2025-10-22 15:00:00+02:00,490.8076466584158
2025-10-22 16:00:00+02:00,553.8040990099009
2025-10-22 17:00:00+02:00,684.9340594059406
2025-10-22 18:00:00+02:00,923.1016738861387
2025-10-22 19:00:00+02:00,1057.5931936881188
2025-10-22 20:00:00+02:00,902.2661608910892
2025-10-22 21:00:00+02:00,677.1857654702972
2025-10-22 22:00:00+02:00,595.576750618812
2025-10-22 23:00:00+02:00,510.77090407797033
2025-10-23 00:00:00+02:00,486.17281497524755
2025-10-23 01:00:00+02:00,458.0988948019802
2025-10-23 02:00:00+02:00,442.93632735148515
2025-10-23 03:00:00+02:00,437.7161120049505
2025-10-23 04:00:00+02:00,449.1016986386139
2025-10-23 05:00:00+02:00,498.4603446782178
2025-10-23 06:00:00+02:00,645.2029647277228
2025-10-23 07:00:00+02:00,744.4033867574258
2025-10-23 08:00:00+02:00,716.0759678217822
2025-10-23 09:00:00+02:00,619.3174498762377
2025-10-23 10:00:00+02:00,510.3865946782179
2025-10-23 11:00:00+02:00,420.8092017326733
2025-10-23 12:00:00+02:00,366.21677351485147
2025-10-23 13:00:00+02:00,364.78823638613864
2025-10-23 14:00:00+02:00,402.19701608910896
2025-10-23 15:00:00+02:00,464.2357506188119
2025-10-23 16:00:00+02:00,557.2407784653466
2025-10-23 17:00:00+02:00,691.9719789603961
2025-10-23 18:00:00+02:00,917.6466769801981
2025-10-23 19:00:00+02:00,1038.0337165841584
2025-10-23 20:00:00+02:00,919.4957858910891
2025-10-23 21:00:00+02:00,696.310099009901
2025-10-23 22:00:00+02:00,591.4092209158416
2025-10-23 23:00:00+02:00,503.15170482673267
2025-10-24 00:00:00+02:00,490.32614975247526
2025-10-24 01:00:00+02:00,454.8060488861386
2025-10-24 02:00:00+02:00,436.48605259900995
2025-10-24 03:00:00+02:00,431.213202970297
2025-10-24 04:00:00+02:00,445.7253162128713
2025-10-24 05:00:00+02:00,502.1707475247525
2025-10-24 06:00:00+02:00,655.9034263613862
2025-10-24 07:00:00+02:00,755.7486497524752
2025-10-24 08:00:00+02:00,717.9302271039604
2025-10-24 09:00:00+02:00,610.5439808168318
2025-10-24 10:00:00+02:00,507.55954331683176
2025-10-24 11:00:00+02:00,407.9076472772278
2025-10-24 12:00:00+02:00,353.24060148514855
2025-10-24 13:00:00+02:00,343.6776181930693
2025-10-24 14:00:00+02:00,367.6376478960396
2025-10-24 15:00:00+02:00,436.6048879950495
2025-10-24 16:00:00+02:00,538.260906559406
2025-10-24 17:00:00+02:00,681.6209888613862
2025-10-24 18:00:00+02:00,896.0741584158416
2025-10-24 19:00:00+02:00,986.9729356435644
2025-10-24 20:00:00+02:00,853.8326974009901
2025-10-24 21:00:00+02:00,645.3454164603961
2025-10-24 22:00:00+02:00,556.8479684405941
2025-10-24 23:00:00+02:00,501.8535600247525
2025-10-25 00:00:00+02:00,490.3865724009901
2025-10-25 01:00:00+02:00,457.4230655940594
2025-10-25 02:00:00+02:00,435.88936324257423
2025-10-25 03:00:00+02:00,415.12256373762375
2025-10-25 04:00:00+02:00,414.56293193069314
2025-10-25 05:00:00+02:00,444.7662165841584
2025-10-25 06:00:00+02:00,512.1727685643565
2025-10-25 07:00:00+02:00,545.4136417079208
2025-10-25 08:00:00+02:00,551.8420587871287
2025-10-25 09:00:00+02:00,501.13301051980204
2025-10-25 10:00:00+02:00,381.74953960396044
2025-10-25 11:00:00+02:00,298.9434427970297
2025-10-25 12:00:00+02:00,243.93778898514853
2025-10-25 13:00:00+02:00,226.15204196782182
2025-10-25 14:00:00+02:00,261.54062747524756
2025-10-25 15:00:00+02:00,316.05215717821784
2025-10-25 16:00:00+02:00,432.48999257425737
2025-10-25 17:00:00+02:00,608.5512896039604
2025-10-25 18:00:00+02:00,822.3114201732674
2025-10-25 19:00:00+02:00,841.444547029703
2025-10-25 20:00:00+02:00,893.2787629950495
2025-10-25 21:00:00+02:00,604.4015977722772
2025-10-25 22:00:00+02:00,546.3805297029703
2025-10-25 23:00:00+02:00,469.4675228960396
2025-10-26 00:00:00+02:00,419.57788613861385
2025-10-26 01:00:00+02:00,400.22052970297034
2025-10-26 02:00:00+02:00,370.712351720297
2025-10-26 02:00:00+01:00,373.1070909653466
2025-10-26 03:00:00+01:00,357.7284591584159
2025-10-26 04:00:00+01:00,355.01474108910895
2025-10-26 05:00:00+01:00,367.26694678217825
2025-10-26 06:00:00+01:00,380.94570482673265
2025-10-26 07:00:00+01:00,397.641073019802
2025-10-26 08:00:00+01:00,356.8076732673268
2025-10-26 09:00:00+01:00,285.3500402227723
2025-10-26 10:00:00+01:00,215.39581311881187
2025-10-26 11:00:00+01:00,171.53763799504952
2025-10-26 12:00:00+01:00,165.3923657178218
2025-10-26 13:00:00+01:00,195.29843626237624
2025-10-26 14:00:00+01:00,237.35850371287128
2025-10-26 15:00:00+01:00,328.4041293316832
2025-10-26 16:00:00+01:00,464.6767982673267
2025-10-26 17:00:00+01:00,669.3685068069308
2025-10-26 18:00:00+01:00,756.4214641089109
2025-10-26 19:00:00+01:00,776.9214492574258
2025-10-26 20:00:00+01:00,691.3016769801981
2025-10-26 21:00:00+01:00,585.7152970297029
2025-10-26 22:00:00+01:00,527.2422524752476
2025-10-26 23:00:00+01:00,459.8497698019802
2025-10-27 00:00:00+01:00,435.7660055693069
2025-10-27 01:00:00+01:00,418.2269814356436
2025-10-27 02:00:00+01:00,402.5831683168317
2025-10-27 03:00:00+01:00,396.4601305693069
2025-10-27 04:00:00+01:00,413.2196899752475
2025-10-27 05:00:00+01:00,471.1513174504951
2025-10-27 06:00:00+01:00,622.4289022277228
2025-10-27 07:00:00+01:00,696.583948019802
2025-10-27 08:00:00+01:00,648.8042048267328
2025-10-27 09:00:00+01:00,560.4895321782178
2025-10-27 10:00:00+01:00,458.89657425742575
2025-10-27 11:00:00+01:00,392.637926980198
2025-10-27 12:00:00+01:00,385.38117945544553
2025-10-27 13:00:00+01:00,464.87251237623764
2025-10-27 14:00:00+01:00,505.13597957920797
2025-10-27 15:00:00+01:00,564.3976590346535
2025-10-27 16:00:00+01:00,720.1210191831683
2025-10-27 17:00:00+01:00,882.5017995049506
2025-10-27 18:00:00+01:00,1059.579729579208
2025-10-27 19:00:00+01:00,1153.174537747525
2025-10-27 20:00:00+01:00,953.3687728960397
2025-10-27 21:00:00+01:00,686.6187332920792
2025-10-27 22:00:00+01:00,604.6057283415842
2025-10-27 23:00:00+01:00,511.44028527227726
2025-10-28 00:00:00+01:00,489.51301918316835
2025-10-28 01:00:00+01:00,457.45622896039606
2025-10-28 02:00:00+01:00,438.41819554455446
2025-10-28 03:00:00+01:00,429.74999504950495
2025-10-28 04:00:00+01:00,446.6067834158416
2025-10-28 05:00:00+01:00,511.98974195544554
2025-10-28 06:00:00+01:00,639.6215952970298
2025-10-28 07:00:00+01:00,686.561953589109
2025-10-28 08:00:00+01:00,647.786818069307
2025-10-28 09:00:00+01:00,547.4513044554456
2025-10-28 10:00:00+01:00,442.9260266089109
2025-10-28 11:00:00+01:00,391.4268360148515
2025-10-28 12:00:00+01:00,419.8158081683169
2025-10-28 13:00:00+01:00,453.82509158415843
2025-10-28 14:00:00+01:00,497.811021039604
2025-10-28 15:00:00+01:00,551.2948632425743
2025-10-28 16:00:00+01:00,691.3633558168317
2025-10-28 17:00:00+01:00,882.7245216584158
2025-10-28 18:00:00+01:00,1018.8348910891089
2025-10-28 19:00:00+01:00,1130.2831472772277
2025-10-28 20:00:00+01:00,928.4290420792079
2025-10-28 21:00:00+01:00,675.6551002475247
2025-10-28 22:00:00+01:00,600.8148038366337
2025-10-28 23:00:00+01:00,498.9946014851485
2025-10-29 00:00:00+01:00,484.4371398514852
2025-10-29 01:00:00+01:00,449.2867351485149
2025-10-29 02:00:00+01:00,438.32071534653466
2025-10-29 03:00:00+01:00,427.7297933168317
2025-10-29 04:00:00+01:00,448.7011002475248
2025-10-29 05:00:00+01:00,519.446349009901
2025-10-29 06:00:00+01:00,633.6344771039604
2025-10-29 07:00:00+01:00,705.2969944306931
2025-10-29 08:00:00+01:00,662.7705043316832
2025-10-29 09:00:00+01:00,573.339582920792
2025-10-29 10:00:00+01:00,464.11980445544555
2025-10-29 11:00:00+01:00,408.05587747524754
2025-10-29 12:00:00+01:00,436.77686014851486
2025-10-29 13:00:00+01:00,480.8200717821782
2025-10-29 14:00:00+01:00,511.52884653465344
2025-10-29 15:00:00+01:00,581.0444127475248
2025-10-29 16:00:00+01:00,726.9945037128713
2025-10-29 17:00:00+01:00,897.111895420792
2025-10-29 18:00:00+01:00,1013.837021039604
2025-10-29 19:00:00+01:00,1081.615655940594
2025-10-29 20:00:00+01:00,940.9112809405941
2025-10-29 21:00:00+01:00,667.9403465346535
2025-10-29 22:00:00+01:00,603.4888514851485
2025-10-29 23:00:00+01:00,501.9216454207921
2025-10-30 00:00:00+01:00,485.9311243811881
2025-10-30 01:00:00+01:00,452.0762264851485
2025-10-30 02:00:00+01:00,433.88737623762376
2025-10-30 03:00:00+01:00,430.37921967821785
2025-10-30 04:00:00+01:00,444.20432363861386
2025-10-30 05:00:00+01:00,518.1465711633664
2025-10-30 06:00:00+01:00,643.3734523514852
2025-10-30 07:00:00+01:00,697.1488558168318
2025-10-30 08:00:00+01:00,655.0198236386138
2025-10-30 09:00:00+01:00,556.1233991336634
2025-10-30 10:00:00+01:00,463.8686924504951
2025-10-30 11:00:00+01:00,396.38689480198025
2025-10-30 12:00:00+01:00,389.12085148514853
2025-10-30 13:00:00+01:00,419.6873001237624
2025-10-30 14:00:00+01:00,494.959474009901
2025-10-30 15:00:00+01:00,549.6152141089109
2025-10-30 16:00:00+01:00,711.2910216584158
2025-10-30 17:00:00+01:00,879.8246113861386
2025-10-30 18:00:00+01:00,1009.2448997524754
2025-10-30 19:00:00+01:00,1055.0254195544555
2025-10-30 20:00:00+01:00,878.8534523514852
2025-10-30 21:00:00+01:00,653.0260018564356
2025-10-30 22:00:00+01:00,581.211234529703
2025-10-30 23:00:00+01:00,509.0787772277228
2025-10-31 00:00:00+01:00,475.18229950495055
2025-10-31 01:00:00+01:00,446.1550581683169
2025-10-31 02:00:00+01:00,423.7364969059406
2025-10-31 03:00:00+01:00,415.7742741336634
2025-10-31 04:00:00+01:00,429.2414900990099
2025-10-31 05:00:00+01:00,482.2713459158416
2025-10-31 06:00:00+01:00,590.6831441831683
2025-10-31 07:00:00+01:00,629.0183626237624
2025-10-31 08:00:00+01:00,599.7680222772278
2025-10-31 09:00:00+01:00,513.8409863861386
2025-10-31 10:00:00+01:00,403.1240829207921
2025-10-31 11:00:00+01:00,343.5567728960396
2025-10-31 12:00:00+01:00,336.52375247524753
2025-10-31 13:00:00+01:00,375.8204573019802
2025-10-31 14:00:00+01:00,452.7770538366337
2025-10-31 15:00:00+01:00,535.2922827970297
2025-10-31 16:00:00+01:00,673.8242060643565
2025-10-31 17:00:00+01:00,819.6256899752476
2025-10-31 18:00:00+01:00,959.4448292079209
2025-10-31 19:00:00+01:00,963.5867326732673
2025-10-31 20:00:00+01:00,808.6143217821783
2025-10-31 21:00:00+01:00,581.692228960396
2025-10-31 22:00:00+01:00,529.5960977722773
2025-10-31 23:00:00+01:00,476.67929888613867
2025-11-01 00:00:00+01:00,458.46017450495054
2025-11-01 01:00:00+01:00,424.42614418316833
2025-11-01 02:00:00+01:00,410.82325990099014
2025-11-01 03:00:00+01:00,392.57109777227726
2025-11-01 04:00:00+01:00,393.29905878712873
2025-11-01 05:00:00+01:00,416.2997376237624
2025-11-01 06:00:00+01:00,450.3416819306931
2025-11-01 07:00:00+01:00,459.1414053217822
2025-11-01 08:00:00+01:00,427.6146008663367
2025-11-01 09:00:00+01:00,368.32088861386137
2025-11-01 10:00:00+01:00,288.0465736386139
2025-11-01 11:00:00+01:00,237.4214387376238
2025-11-01 12:00:00+01:00,238.34159653465346
2025-11-01 13:00:00+01:00,253.44524876237625
2025-11-01 14:00:00+01:00,289.99724159034656
2025-11-01 15:00:00+01:00,368.72852165841584
2025-11-01 16:00:00+01:00,562.5652574257426
2025-11-01 17:00:00+01:00,814.3417858910892
2025-11-01 18:00:00+01:00,958.2038409653466
2025-11-01 19:00:00+01:00,906.3516615099011
2025-11-01 20:00:00+01:00,761.142219059406
2025-11-01 21:00:00+01:00,609.0131585705446
2025-11-01 22:00:00+01:00,543.3141745049505
2025-11-01 23:00:00+01:00,488.0944059405941
2025-11-02 00:00:00+01:00,424.2195012376238
2025-11-02 01:00:00+01:00,386.3401534653466
2025-11-02 02:00:00+01:00,362.33310715346533
2025-11-02 03:00:00+01:00,347.91876051980205
2025-11-02 04:00:00+01:00,350.71076423267334
2025-11-02 05:00:00+01:00,370.6633025990099
2025-11-02 06:00:00+01:00,384.08931559405937
2025-11-02 07:00:00+01:00,401.02235457920796
2025-11-02 08:00:00+01:00,375.9867841460396
2025-11-02 09:00:00+01:00,332.0987042079208
2025-11-02 10:00:00+01:00,260.86429579207925
2025-11-02 11:00:00+01:00,224.03939232673267
2025-11-02 12:00:00+01:00,221.7360457920792
2025-11-02 13:00:00+01:00,245.05026918316833
2025-11-02 14:00:00+01:00,278.2196652227723
2025-11-02 15:00:00+01:00,354.12596287128713
2025-11-02 16:00:00+01:00,557.7775476485149
2025-11-02 17:00:00+01:00,762.3028112623763
2025-11-02 18:00:00+01:00,915.7690525990099
2025-11-02 19:00:00+01:00,910.9470488861386
2025-11-02 20:00:00+01:00,839.4629102722773
2025-11-02 21:00:00+01:00,597.4856540841583
2025-11-02 22:00:00+01:00,546.2530266089109
2025-11-02 23:00:00+01:00,479.7790222091584
2025-11-03 00:00:00+01:00,469.086521039604
2025-11-03 01:00:00+01:00,436.93212500000004
2025-11-03 02:00:00+01:00,420.21439665841586
2025-11-03 03:00:00+01:00,419.538693069307
2025-11-03 04:00:00+01:00,432.7799207920792
2025-11-03 05:00:00+01:00,518.101474009901
2025-11-03 06:00:00+01:00,644.2584368811881
2025-11-03 07:00:00+01:00,707.3269944306932
2025-11-03 08:00:00+01:00,671.0568236386139
2025-11-03 09:00:00+01:00,591.3583452970297
2025-11-03 10:00:00+01:00,489.8227951732673
2025-11-03 11:00:00+01:00,438.24986633663366
2025-11-03 12:00:00+01:00,428.1751120049505
2025-11-03 13:00:00+01:00,478.7379399752475
2025-11-03 14:00:00+01:00,515.6584393564357
2025-11-03 15:00:00+01:00,594.3023477722772
2025-11-03 16:00:00+01:00,790.132025990099
2025-11-03 17:00:00+01:00,987.2188972772278
2025-11-03 18:00:00+01:00,1128.5526225247527
2025-11-03 19:00:00+01:00,1225.296443069307
2025-11-03 20:00:00+01:00,990.2960556930693
2025-11-03 21:00:00+01:00,703.9199610148515
2025-11-03 22:00:00+01:00,632.9369158415842
2025-11-03 23:00:00+01:00,529.9704418316833
2025-11-04 00:00:00+01:00,506.58323391089107
2025-11-04 01:00:00+01:00,470.32286138613864
2025-11-04 02:00:00+01:00,455.34947586633666
2025-11-04 03:00:00+01:00,447.0206974009901
2025-11-04 04:00:00+01:00,462.15060396039604
2025-11-04 05:00:00+01:00,539.7953403465347
2025-11-04 06:00:00+01:00,664.9002456683169
2025-11-04 07:00:00+01:00,723.8826745049505
2025-11-04 08:00:00+01:00,686.3129771039603
2025-11-04 09:00:00+01:00,592.7911534653465
2025-11-04 10:00:00+01:00,494.6944183168317
2025-11-04 11:00:00+01:00,437.1218094059406
2025-11-04 12:00:00+01:00,444.6444919554456
2025-11-04 13:00:00+01:00,491.6347209158416
2025-11-04 14:00:00+01:00,548.4413063118811
2025-11-04 15:00:00+01:00,609.001130569307
2025-11-04 16:00:00+01:00,788.7107747524752
2025-11-04 17:00:00+01:00,974.9999554455446
2025-11-04 18:00:00+01:00,1083.3424121287128
2025-11-04 19:00:00+01:00,1197.6154585396039
2025-11-04 20:00:00+01:00,971.2702073019802
2025-11-04 21:00:00+01:00,713.1982920792079
2025-11-04 22:00:00+01:00,618.0077481435643
2025-11-04 23:00:00+01:00,514.7460699257426
2025-11-05 00:00:00+01:00,443.40274999999997
2025-11-05 01:00:00+01:00,418.2941875
2025-11-05 02:00:00+01:00,398.260625
2025-11-05 03:00:00+01:00,396.332125
2025-11-05 04:00:00+01:00,410.1995625
2025-11-05 05:00:00+01:00,465.0095625
2025-11-05 06:00:00+01:00,594.307875
2025-11-05 07:00:00+01:00,622.6390625
2025-11-05 08:00:00+01:00,587.9514375000001
2025-11-05 09:00:00+01:00,517.827625
2025-11-05 10:00:00+01:00,453.29900000000004
2025-11-05 11:00:00+01:00,420.6033125
2025-11-05 12:00:00+01:00,404.985
2025-11-05 13:00:00+01:00,420.895125
2025-11-05 14:00:00+01:00,490.5875625
2025-11-05 15:00:00+01:00,608.03575
2025-11-05 16:00:00+01:00,758.281125
2025-11-05 17:00:00+01:00,900.7236875000001
2025-11-05 18:00:00+01:00,1053.9886875
2025-11-05 19:00:00+01:00,1025.3149375
2025-11-05 20:00:00+01:00,843.8329375000001
2025-11-05 21:00:00+01:00,624.6690625
2025-11-05 22:00:00+01:00,537.341
2025-11-05 23:00:00+01:00,459.61737500000004
2025-11-06 00:00:00+01:00,439.621875
2025-11-06 01:00:00+01:00,390.02643750000004
2025-11-06 02:00:00+01:00,384.279
2025-11-06 03:00:00+01:00,374.68725000000006
2025-11-06 04:00:00+01:00,395.1521875
2025-11-06 05:00:00+01:00,461.06375
2025-11-06 06:00:00+01:00,583.2063125
2025-11-06 07:00:00+01:00,619.8731875000001
2025-11-06 08:00:00+01:00,574.870625
2025-11-06 09:00:00+01:00,496.18275
2025-11-06 10:00:00+01:00,439.21587500000004
2025-11-06 11:00:00+01:00,400.848875
2025-11-06 12:00:00+01:00,385.0021875
2025-11-06 13:00:00+01:00,407.87775
2025-11-06 14:00:00+01:00,498.16200000000003
2025-11-06 15:00:00+01:00,610.4971250000001
2025-11-06 16:00:00+01:00,807.711625
2025-11-06 17:00:00+01:00,952.653625
2025-11-06 18:00:00+01:00,1074.4155625
2025-11-06 19:00:00+01:00,1052.1870625000001
2025-11-06 20:00:00+01:00,858.0175625
2025-11-06 21:00:00+01:00,630.7336875
2025-11-06 22:00:00+01:00,546.7170625000001
2025-11-06 23:00:00+01:00,485.5886875
2025-11-07 00:00:00+01:00,466.39250000000004
2025-11-07 01:00:00+01:00,452.1698125
2025-11-07 02:00:00+01:00,423.92743750000005
2025-11-07 03:00:00+01:00,422.92512500000004
2025-11-07 04:00:00+01:00,438.0613125
2025-11-07 05:00:00+01:00,492.97281250000003
2025-11-07 06:00:00+01:00,599.9030625
2025-11-07 07:00:00+01:00,626.30575
2025-11-07 08:00:00+01:00,594.6377500000001
2025-11-07 09:00:00+01:00,532.342125
2025-11-07 10:00:00+01:00,475.3625625
2025-11-07 11:00:00+01:00,443.0348125
2025-11-07 12:00:00+01:00,412.8639375
2025-11-07 13:00:00+01:00,429.116625
2025-11-07 14:00:00+01:00,521.786125
2025-11-07 15:00:00+01:00,634.603375
2025-11-07 16:00:00+01:00,833.086625
2025-11-07 17:00:00+01:00,983.4715625
2025-11-07 18:00:00+01:00,1090.4018125
2025-11-07 19:00:00+01:00,1010.6735625
2025-11-07 20:00:00+01:00,916.316625
2025-11-07 21:00:00+01:00,634.1466250000001
2025-11-07 22:00:00+01:00,551.982375
2025-11-07 23:00:00+01:00,501.993625
2025-11-08 00:00:00+01:00,490.95550000000003
2025-11-08 01:00:00+01:00,472.457125
2025-11-08 02:00:00+01:00,445.179
2025-11-08 03:00:00+01:00,419.6644375
2025-11-08 04:00:00+01:00,415.7566875
2025-11-08 05:00:00+01:00,451.4593125
2025-11-08 06:00:00+01:00,509.21281250000004
2025-11-08 07:00:00+01:00,520.8853125
2025-11-08 08:00:00+01:00,469.310625
2025-11-08 09:00:00+01:00,397.22025
2025-11-08 10:00:00+01:00,340.7735625
2025-11-08 11:00:00+01:00,299.94518750000003
2025-11-08 12:00:00+01:00,325.4470625
2025-11-08 13:00:00+01:00,344.9350625
2025-11-08 14:00:00+01:00,408.4486875
2025-11-08 15:00:00+01:00,509.250875
2025-11-08 16:00:00+01:00,778.4288750000001
2025-11-08 17:00:00+01:00,921.899125
2025-11-08 18:00:00+01:00,1010.4959375000001
2025-11-08 19:00:00+01:00,898.9220625
2025-11-08 20:00:00+01:00,826.083125
2025-11-08 21:00:00+01:00,598.4059374999999
2025-11-08 22:00:00+01:00,523.7780625
2025-11-08 23:00:00+01:00,476.720125
2025-11-09 00:00:00+01:00,412.12806250000006
2025-11-09 01:00:00+01:00,334.4298125
2025-11-09 02:00:00+01:00,305.083625
2025-11-09 03:00:00+01:00,290.6071875
2025-11-09 04:00:00+01:00,282.6140625
2025-11-09 05:00:00+01:00,279.1630625
2025-11-09 06:00:00+01:00,309.803375
2025-11-09 07:00:00+01:00,328.9615
2025-11-09 08:00:00+01:00,273.99925
2025-11-09 09:00:00+01:00,238.3600625
2025-11-09 10:00:00+01:00,205.13150000000002
2025-11-09 11:00:00+01:00,192.79925
2025-11-09 12:00:00+01:00,179.6676875
2025-11-09 13:00:00+01:00,207.06
2025-11-09 14:00:00+01:00,246.08675
2025-11-09 15:00:00+01:00,412.8639375
2025-11-09 16:00:00+01:00,669.8365625
2025-11-09 17:00:00+01:00,807.711625
2025-11-09 18:00:00+01:00,901.8782500000001
2025-11-09 19:00:00+01:00,833.8605625
2025-11-09 20:00:00+01:00,700.8448125000001
2025-11-09 21:00:00+01:00,567.511875
2025-11-09 22:00:00+01:00,496.7029375
2025-11-09 23:00:00+01:00,445.4961875
2025-11-10 00:00:00+01:00,468.47325
2025-11-10 01:00:00+01:00,421.9989375
2025-11-10 02:00:00+01:00,401.12800000000004
2025-11-10 03:00:00+01:00,405.8604375
2025-11-10 04:00:00+01:00,411.79818750000004
2025-11-10 05:00:00+01:00,489.9278125
2025-11-10 06:00:00+01:00,603.0495625
2025-11-10 07:00:00+01:00,637.090125
2025-11-10 08:00:00+01:00,604.102625
2025-11-10 09:00:00+01:00,520.2509375
2025-11-10 10:00:00+01:00,459.13525000000004
2025-11-10 11:00:00+01:00,439.3808125
2025-11-10 12:00:00+01:00,426.12237500000003
2025-11-10 13:00:00+01:00,437.40156250000007
2025-11-10 14:00:00+01:00,522.06525
2025-11-10 15:00:00+01:00,638.1305
2025-11-10 16:00:00+01:00,844.5688124999999
2025-11-10 17:00:00+01:00,1042.0497500000001
2025-11-10 18:00:00+01:00,1111.8436875
2025-11-10 19:00:00+01:00,1177.3619374999998
2025-11-10 20:00:00+01:00,941.3998125
2025-11-10 21:00:00+01:00,630.8225
2025-11-10 22:00:00+01:00,544.5475
2025-11-10 23:00:00+01:00,489.99125000000004
2025-11-11 00:00:00+01:00,459.85843750000004
2025-11-11 01:00:00+01:00,442.9586875
2025-11-11 02:00:00+01:00,413.511
2025-11-11 03:00:00+01:00,412.71168750000004
2025-11-11 04:00:00+01:00,432.0855
2025-11-11 05:00:00+01:00,485.36031249999996
2025-11-11 06:00:00+01:00,599.5478125
2025-11-11 07:00:00+01:00,634.5272500000001
2025-11-11 08:00:00+01:00,586.999875
2025-11-11 09:00:00+01:00,512.5623125
2025-11-11 10:00:00+01:00,442.24818750000003
2025-11-11 11:00:00+01:00,414.77975000000004
2025-11-11 12:00:00+01:00,405.7335625
2025-11-11 13:00:00+01:00,427.74637500000006
2025-11-11 14:00:00+01:00,526.6454375
2025-11-11 15:00:00+01:00,637.0520625
2025-11-11 16:00:00+01:00,860.4916250000001
2025-11-11 17:00:00+01:00,1044.0924375
2025-11-11 18:00:00+01:00,1129.466625
2025-11-11 19:00:00+01:00,1193.1451875
2025-11-11 20:00:00+01:00,937.8853750000001
2025-11-11 21:00:00+01:00,637.800625
2025-11-11 22:00:00+01:00,550.206125
2025-11-11 23:00:00+01:00,479.6001875
2025-11-12 00:00:00+01:00,462.8019375
2025-11-12 01:00:00+01:00,447.84337500000004
2025-11-12 02:00:00+01:00,431.9459375
2025-11-12 03:00:00+01:00,430.8040625
2025-11-12 04:00:00+01:00,446.6126875
2025-11-12 05:00:00+01:00,488.9255
2025-11-12 06:00:00+01:00,628.9193750000001
2025-11-12 07:00:00+01:00,663.0106875
2025-11-12 08:00:00+01:00,635.4407500000001
2025-11-12 09:00:00+01:00,569.212
2025-11-12 10:00:00+01:00,469.50093749999996
2025-11-12 11:00:00+01:00,448.4904375
2025-11-12 12:00:00+01:00,432.3265625
2025-11-12 13:00:00+01:00,477.62093749999997
2025-11-12 14:00:00+01:00,565.0631874999999
2025-11-12 15:00:00+01:00,679.7835625
2025-11-12 16:00:00+01:00,875.8561875
2025-11-12 17:00:00+01:00,1055.3843125
2025-11-12 18:00:00+01:00,1143.575125
2025-11-12 19:00:00+01:00,1127.1575
2025-11-12 20:00:00+01:00,958.3249375
2025-11-12 21:00:00+01:00,643.15475
2025-11-12 22:00:00+01:00,564.543
2025-11-12 23:00:00+01:00,502.23468750000006
2025-11-13 00:00:00+01:00,485.72825
2025-11-13 01:00:00+01:00,460.0106875
2025-11-13 02:00:00+01:00,433.54456250000004
2025-11-13 03:00:00+01:00,428.000125
2025-11-13 04:00:00+01:00,444.8491250000001
2025-11-13 05:00:00+01:00,502.907125
2025-11-13 06:00:00+01:00,645.6034375
2025-11-13 07:00:00+01:00,689.768625
2025-11-13 08:00:00+01:00,661.3105625000001
2025-11-13 09:00:00+01:00,593.7623125
2025-11-13 10:00:00+01:00,506.002875
2025-11-13 11:00:00+01:00,468.904625
2025-11-13 12:00:00+01:00,454.948375
2025-11-13 13:00:00+01:00,511.33162500000003
2025-11-13 14:00:00+01:00,594.0414375
2025-11-13 15:00:00+01:00,705.145875
2025-11-13 16:00:00+01:00,869.626625
2025-11-13 17:00:00+01:00,985.8695
2025-11-13 18:00:00+01:00,1119.265875
2025-11-13 19:00:00+01:00,1050.6265
2025-11-13 20:00:00+01:00,888.0108125
2025-11-13 21:00:00+01:00,649.6888125
2025-11-13 22:00:00+01:00,571.039
2025-11-13 23:00:00+01:00,507.5126875
2025-11-14 00:00:00+01:00,497.40075
2025-11-14 01:00:00+01:00,462.25637500000005
2025-11-14 02:00:00+01:00,444.89987500000007
2025-11-14 03:00:00+01:00,442.99675
2025-11-14 04:00:00+01:00,446.0544375
2025-11-14 05:00:00+01:00,499.050125
2025-11-14 06:00:00+01:00,634.5145625
2025-11-14 07:00:00+01:00,681.1157499999999
2025-11-14 08:00:00+01:00,649.8156875000001
2025-11-14 09:00:00+01:00,579.2605
2025-11-14 10:00:00+01:00,497.020125
2025-11-14 11:00:00+01:00,451.44662500000004
2025-11-14 12:00:00+01:00,446.73956250000003
2025-11-14 13:00:00+01:00,493.30268750000005
2025-11-14 14:00:00+01:00,573.1578125000001
2025-11-14 15:00:00+01:00,662.23675
2025-11-14 16:00:00+01:00,795.683875
2025-11-14 17:00:00+01:00,955.8128125000001
2025-11-14 18:00:00+01:00,1087.92775
2025-11-14 19:00:00+01:00,997.3263125000001
2025-11-14 20:00:00+01:00,875.0188125000001
2025-11-14 21:00:00+01:00,622.1823125000001
2025-11-14 22:00:00+01:00,549.8508750000001
2025-11-14 23:00:00+01:00,497.2611875
2025-11-15 00:00:00+01:00,488.900125
2025-11-15 01:00:00+01:00,478.9785
2025-11-15 02:00:00+01:00,463.75350000000003
2025-11-15 03:00:00+01:00,448.9345
2025-11-15 04:00:00+01:00,445.6865
2025-11-15 05:00:00+01:00,480.23456250000004
2025-11-15 06:00:00+01:00,518.10675
2025-11-15 07:00:00+01:00,534.8415625
2025-11-15 08:00:00+01:00,506.90368750000005
2025-11-15 09:00:00+01:00,440.77643750000004
2025-11-15 10:00:00+01:00,384.88800000000003
2025-11-15 11:00:00+01:00,358.2061875
2025-11-15 12:00:00+01:00,344.83356249999997
2025-11-15 13:00:00+01:00,357.660625
2025-11-15 14:00:00+01:00,457.71425
2025-11-15 15:00:00+01:00,571.013625
2025-11-15 16:00:00+01:00,840.1028125
2025-11-15 17:00:00+01:00,967.6629375000001
2025-11-15 18:00:00+01:00,1064.5446875
2025-11-15 19:00:00+01:00,962.8163125
2025-11-15 20:00:00+01:00,898.401875
2025-11-15 21:00:00+01:00,639.3865625000001
2025-11-15 22:00:00+01:00,551.957
2025-11-15 23:00:00+01:00,483.19075000000004
2025-11-16 00:00:00+01:00,447.944875
2025-11-16 01:00:00+01:00,420.7555625
2025-11-16 02:00:00+01:00,401.66087500000003
2025-11-16 03:00:00+01:00,353.81631250000004
2025-11-16 04:00:00+01:00,358.54875
2025-11-16 05:00:00+01:00,402.9423125
2025-11-16 06:00:00+01:00,404.35062500000004
2025-11-16 07:00:00+01:00,415.4268125
2025-11-16 08:00:00+01:00,399.275625
2025-11-16 09:00:00+01:00,359.0055
2025-11-16 10:00:00+01:00,329.1645
2025-11-16 11:00:00+01:00,300.0720625
2025-11-16 12:00:00+01:00,287.5621875
2025-11-16 13:00:00+01:00,295.390375
2025-11-16 14:00:00+01:00,337.6270625
2025-11-16 15:00:00+01:00,483.64750000000004
2025-11-16 16:00:00+01:00,723.7203750000001
2025-11-16 17:00:00+01:00,870.1721875000001
2025-11-16 18:00:00+01:00,964.1992500000001
2025-11-16 19:00:00+01:00,846.992125
2025-11-16 20:00:00+01:00,776.6145625
2025-11-16 21:00:00+01:00,572.0540000000001
2025-11-16 22:00:00+01:00,496.0305
2025-11-16 23:00:00+01:00,448.10981250000003
2025-11-17 00:00:00+01:00,456.115625
2025-11-17 01:00:00+01:00,441.06825000000003
2025-11-17 02:00:00+01:00,430.943625
2025-11-17 03:00:00+01:00,423.584875
2025-11-17 04:00:00+01:00,431.83175
2025-11-17 05:00:00+01:00,492.23693750000007
2025-11-17 06:00:00+01:00,647.7349375
2025-11-17 07:00:00+01:00,666.2586875
2025-11-17 08:00:00+01:00,647.9633125
2025-11-17 09:00:00+01:00,593.0518125000001
2025-11-17 10:00:00+01:00,514.2878125
2025-11-17 11:00:00+01:00,478.1538125
2025-11-17 12:00:00+01:00,464.56550000000004
2025-11-17 13:00:00+01:00,506.0155625
2025-11-17 14:00:00+01:00,593.242125
2025-11-17 15:00:00+01:00,702.7606250000001
2025-11-17 16:00:00+01:00,907.8794375
2025-11-17 17:00:00+01:00,1106.4134375
2025-11-17 18:00:00+01:00,1169.4449375
2025-11-17 19:00:00+01:00,1206.6446875000001
2025-11-17 20:00:00+01:00,999.4705
2025-11-17 21:00:00+01:00,643.0532499999999
2025-11-17 22:00:00+01:00,565.3676875
2025-11-17 23:00:00+01:00,506.09168750000003
2025-11-18 00:00:00+01:00,477.2910625
2025-11-18 01:00:00+01:00,460.327875
2025-11-18 02:00:00+01:00,444.164
2025-11-18 03:00:00+01:00,441.5376875
2025-11-18 04:00:00+01:00,448.4650625
2025-11-18 05:00:00+01:00,493.9878125
2025-11-18 06:00:00+01:00,644.525
2025-11-18 07:00:00+01:00,685.4168125
2025-11-18 08:00:00+01:00,657.085625
2025-11-18 09:00:00+01:00,589.1948125
2025-11-18 10:00:00+01:00,512.575
2025-11-18 11:00:00+01:00,471.67050000000006
2025-11-18 12:00:00+01:00,460.94956249999996
2025-11-18 13:00:00+01:00,507.7410625
2025-11-18 14:00:00+01:00,581.595
2025-11-18 15:00:00+01:00,697.508
2025-11-18 16:00:00+01:00,879.396
2025-11-18 17:00:00+01:00,1093.586375
2025-11-18 18:00:00+01:00,1149.1195625
2025-11-18 19:00:00+01:00,1196.964125
2025-11-18 20:00:00+01:00,963.361875
2025-11-18 21:00:00+01:00,642.723375
2025-11-18 22:00:00+01:00,560.762125
2025-11-18 23:00:00+01:00,500.2554375
2025-11-19 00:00:00+01:00,467.83887500000003
2025-11-19 01:00:00+01:00,449.6576875
2025-11-19 02:00:00+01:00,430.1696875
2025-11-19 03:00:00+01:00,423.0139375
2025-11-19 04:00:00+01:00,440.281625
2025-11-19 05:00:00+01:00,496.28425000000004
2025-11-19 06:00:00+01:00,649.6380624999999
2025-11-19 07:00:00+01:00,695.681
2025-11-19 08:00:00+01:00,667.8953750000001
2025-11-19 09:00:00+01:00,608.0738125
2025-11-19 10:00:00+01:00,517.0029375
2025-11-19 11:00:00+01:00,469.9069375
2025-11-19 12:00:00+01:00,464.75581250000005
2025-11-19 13:00:00+01:00,530.1345
2025-11-19 14:00:00+01:00,589.435875
2025-11-19 15:00:00+01:00,703.724875
2025-11-19 16:00:00+01:00,875.8435000000001
2025-11-19 17:00:00+01:00,1036.5053125
2025-11-19 18:00:00+01:00,1132.5750625
2025-11-19 19:00:00+01:00,1095.159625
2025-11-19 20:00:00+01:00,940.4355625000001
2025-11-19 21:00:00+01:00,653.3555
2025-11-19 22:00:00+01:00,571.3815625
2025-11-19 23:00:00+01:00,507.95675
2025-11-20 00:00:00+01:00,486.0961875
2025-11-20 01:00:00+01:00,455.88725
2025-11-20 02:00:00+01:00,436.0313125
2025-11-20 03:00:00+01:00,436.272375
2025-11-20 04:00:00+01:00,433.11318750000004
2025-11-20 05:00:00+01:00,500.34425
2025-11-20 06:00:00+01:00,640.8836875000001
2025-11-20 07:00:00+01:00,698.0789375
2025-11-20 08:00:00+01:00,671.0799375
2025-11-20 09:00:00+01:00,608.8985
2025-11-20 10:00:00+01:00,539.6755
2025-11-20 11:00:00+01:00,495.3834375
2025-11-20 12:00:00+01:00,485.28418750000003
2025-11-20 13:00:00+01:00,549.0261875
2025-11-20 14:00:00+01:00,616.0161875
2025-11-20 15:00:00+01:00,722.1344375
2025-11-20 16:00:00+01:00,877.0741875
2025-11-20 17:00:00+01:00,1030.250375
2025-11-20 18:00:00+01:00,1113.20125
2025-11-20 19:00:00+01:00,1071.9415000000001
2025-11-20 20:00:00+01:00,923.041
2025-11-20 21:00:00+01:00,669.088
2025-11-20 22:00:00+01:00,589.9053125
2025-11-20 23:00:00+01:00,526.049125
2025-11-21 00:00:00+01:00,506.967125
2025-11-21 01:00:00+01:00,479.689
2025-11-21 02:00:00+01:00,448.3381875
2025-11-21 03:00:00+01:00,439.2285625
2025-11-21 04:00:00+01:00,467.66125
2025-11-21 05:00:00+01:00,518.538125
2025-11-21 06:00:00+01:00,667.134125
2025-11-21 07:00:00+01:00,729.049125
2025-11-21 08:00:00+01:00,689.33725
2025-11-21 09:00:00+01:00,632.4718750000001
2025-11-21 10:00:00+01:00,564.6445000000001
2025-11-21 11:00:00+01:00,513.9579375
2025-11-21 12:00:00+01:00,509.8218125
2025-11-21 13:00:00+01:00,557.1461875
2025-11-21 14:00:00+01:00,621.1800000000001
2025-11-21 15:00:00+01:00,722.6419375
2025-11-21 16:00:00+01:00,871.1364375
2025-11-21 17:00:00+01:00,1025.962
2025-11-21 18:00:00+01:00,1113.9625
2025-11-21 19:00:00+01:00,1051.7810625
2025-11-21 20:00:00+01:00,907.1943125
2025-11-21 21:00:00+01:00,660.91725
2025-11-21 22:00:00+01:00,582.6353750000001
2025-11-21 23:00:00+01:00,531.5174375
2025-11-22 00:00:00+01:00,511.331625
2025-11-22 01:00:00+01:00,475.349875
2025-11-22 02:00:00+01:00,464.18487500000003
2025-11-22 03:00:00+01:00,440.43387500000006
2025-11-22 04:00:00+01:00,439.9898125
2025-11-22 05:00:00+01:00,466.291
2025-11-22 06:00:00+01:00,536.1356875
2025-11-22 07:00:00+01:00,565.177375
2025-11-22 08:00:00+01:00,550.3203125
2025-11-22 09:00:00+01:00,493.467625
2025-11-22 10:00:00+01:00,421.17425
2025-11-22 11:00:00+01:00,386.16943749999996
2025-11-22 12:00:00+01:00,361.51762500000007
2025-11-22 13:00:00+01:00,428.304625
2025-11-22 14:00:00+01:00,489.83900000000006
2025-11-22 15:00:00+01:00,609.3425625
2025-11-22 16:00:00+01:00,852.168625
2025-11-22 17:00:00+01:00,972.5603125
2025-11-22 18:00:00+01:00,1067.62775
2025-11-22 19:00:00+01:00,957.0054375
2025-11-22 20:00:00+01:00,911.1020625
2025-11-22 21:00:00+01:00,639.4880625000001
2025-11-22 22:00:00+01:00,549.5083125
2025-11-22 23:00:00+01:00,481.76975000000004
2025-11-23 00:00:00+01:00,442.46387500000003
2025-11-23 01:00:00+01:00,427.03587500000003
2025-11-23 02:00:00+01:00,402.23181250000005
2025-11-23 03:00:00+01:00,358.3965
2025-11-23 04:00:00+01:00,358.91668749999997
2025-11-23 05:00:00+01:00,389.50625
2025-11-23 06:00:00+01:00,413.96775
2025-11-23 07:00:00+01:00,434.45806250000004
2025-11-23 08:00:00+01:00,422.5064375
2025-11-23 09:00:00+01:00,387.755375
2025-11-23 10:00:00+01:00,348.018125
2025-11-23 11:00:00+01:00,326.17025
2025-11-23 12:00:00+01:00,318.22787500000004
2025-11-23 13:00:00+01:00,336.802375
2025-11-23 14:00:00+01:00,384.1394375
2025-11-23 15:00:00+01:00,508.24856250000005
2025-11-23 16:00:00+01:00,733.3501875
2025-11-23 17:00:00+01:00,870.058
2025-11-23 18:00:00+01:00,970.89825
2025-11-23 19:00:00+01:00,853.9068125
2025-11-23 20:00:00+01:00,802.636625
2025-11-23 21:00:00+01:00,590.1083125
2025-11-23 22:00:00+01:00,526.2775
2025-11-23 23:00:00+01:00,473.5609375
2025-11-24 00:00:00+01:00,482.4929375
2025-11-24 01:00:00+01:00,458.06950000000006
2025-11-24 02:00:00+01:00,440.332375
2025-11-24 03:00:00+01:00,442.6795625
2025-11-24 04:00:00+01:00,441.804125
2025-11-24 05:00:00+01:00,503.5541875
2025-11-24 06:00:00+01:00,661.5389375
2025-11-24 07:00:00+01:00,717.7318750000001
2025-11-24 08:00:00+01:00,692.4964375
2025-11-24 09:00:00+01:00,639.9448125
2025-11-24 10:00:00+01:00,569.9605625
2025-11-24 11:00:00+01:00,534.5370625
2025-11-24 12:00:00+01:00,525.998375
2025-11-24 13:00:00+01:00,582.178625
2025-11-24 14:00:00+01:00,640.185875
2025-11-24 15:00:00+01:00,750.6051875
2025-11-24 16:00:00+01:00,917.0398125
2025-11-24 17:00:00+01:00,1084.197625
2025-11-24 18:00:00+01:00,1142.1921875
2025-11-24 19:00:00+01:00,1224.7878125
2025-11-24 20:00:00+01:00,953.4783125
2025-11-24 21:00:00+01:00,650.7038125
2025-11-24 22:00:00+01:00,576.494625
2025-11-24 23:00:00+01:00,521.05025
2025-11-25 00:00:00+01:00,487.174625
2025-11-25 01:00:00+01:00,467.59781250000003
2025-11-25 02:00:00+01:00,440.1674375
2025-11-25 03:00:00+01:00,433.633375
2025-11-25 04:00:00+01:00,446.4858125
2025-11-25 05:00:00+01:00,505.85062500000004
2025-11-25 06:00:00+01:00,652.2516875
2025-11-25 07:00:00+01:00,719.4700625
2025-11-25 08:00:00+01:00,687.7893750000001
2025-11-25 09:00:00+01:00,621.6494375
2025-11-25 10:00:00+01:00,550.2949375000001
2025-11-25 11:00:00+01:00,513.1966875
2025-11-25 12:00:00+01:00,506.079
2025-11-25 13:00:00+01:00,553.098875
2025-11-25 14:00:00+01:00,606.97
2025-11-25 15:00:00+01:00,729.0871875
2025-11-25 16:00:00+01:00,890.5229375
2025-11-25 17:00:00+01:00,1083.2841250000001
2025-11-25 18:00:00+01:00,1132.5243125000002
2025-11-25 19:00:00+01:00,1220.5375
2025-11-25 20:00:00+01:00,991.3251250000001
2025-11-25 21:00:00+01:00,648.6230625000001
2025-11-25 22:00:00+01:00,574.312375
2025-11-25 23:00:00+01:00,516.1655625000001
2025-11-26 00:00:00+01:00,488.26575
2025-11-26 01:00:00+01:00,459.4905
2025-11-26 02:00:00+01:00,440.96675000000005
2025-11-26 03:00:00+01:00,435.7268125
2025-11-26 04:00:00+01:00,454.593125
2025-11-26 05:00:00+01:00,510.0501875
2025-11-26 06:00:00+01:00,657.1236875000001
2025-11-26 07:00:00+01:00,732.7411875
2025-11-26 08:00:00+01:00,698.802125
2025-11-26 09:00:00+01:00,644.6645625
2025-11-26 10:00:00+01:00,575.4161875
2025-11-26 11:00:00+01:00,548.6455625
2025-11-26 12:00:00+01:00,539.599375
2025-11-26 13:00:00+01:00,585.5154375
2025-11-26 14:00:00+01:00,645.5019374999999
2025-11-26 15:00:00+01:00,765.3353750000001
2025-11-26 16:00:00+01:00,949.9385
2025-11-26 17:00:00+01:00,1066.1813750000001
2025-11-26 18:00:00+01:00,1144.0065
2025-11-26 19:00:00+01:00,1137.180625
2025-11-26 20:00:00+01:00,985.4635000000001
2025-11-26 21:00:00+01:00,678.2737500000001
2025-11-26 22:00:00+01:00,597.7969375
2025-11-26 23:00:00+01:00,541.9085
2025-11-27 00:00:00+01:00,510.4054375
2025-11-27 01:00:00+01:00,480.20918750000004
2025-11-27 02:00:00+01:00,453.14675
2025-11-27 03:00:00+01:00,443.7453125
2025-11-27 04:00:00+01:00,462.028
2025-11-27 05:00:00+01:00,525.61775
2025-11-27 06:00:00+01:00,671.7650625
2025-11-27 07:00:00+01:00,754.8808750000001
2025-11-27 08:00:00+01:00,721.2716875
2025-11-27 09:00:00+01:00,651.4143125
2025-11-27 10:00:00+01:00,593.698875
2025-11-27 11:00:00+01:00,538.8254375
2025-11-27 12:00:00+01:00,531.225625
2025-11-27 13:00:00+01:00,586.2893750000001
2025-11-27 14:00:00+01:00,632.725625
2025-11-27 15:00:00+01:00,743.9569375000001
2025-11-27 16:00:00+01:00,875.69125
2025-11-27 17:00:00+01:00,1023.8812499999999
2025-11-27 18:00:00+01:00,1078.1203125000002
2025-11-27 19:00:00+01:00,1070.3936250000002
2025-11-27 20:00:00+01:00,905.0755
2025-11-27 21:00:00+01:00,669.4051875
2025-11-27 22:00:00+01:00,598.6089375
2025-11-27 23:00:00+01:00,544.928125
2025-11-28 00:00:00+01:00,513.9071875
2025-11-28 01:00:00+01:00,485.601375
2025-11-28 02:00:00+01:00,454.72
2025-11-28 03:00:00+01:00,449.72112500000003
2025-11-28 04:00:00+01:00,473.59900000000005
2025-11-28 05:00:00+01:00,524.1840625
2025-11-28 06:00:00+01:00,668.9230625
2025-11-28 07:00:00+01:00,746.98925
2025-11-28 08:00:00+01:00,710.55075
2025-11-28 09:00:00+01:00,646.631125
2025-11-28 10:00:00+01:00,584.3481875
2025-11-28 11:00:00+01:00,544.8900625
2025-11-28 12:00:00+01:00,543.4183125000001
2025-11-28 13:00:00+01:00,589.106
2025-11-28 14:00:00+01:00,633.8548125
2025-11-28 15:00:00+01:00,755.286875
2025-11-28 16:00:00+01:00,912.4215625
2025-11-28 17:00:00+01:00,1032.0646875
2025-11-28 18:00:00+01:00,1114.952125
2025-11-28 19:00:00+01:00,1042.4176875
2025-11-28 20:00:00+01:00,918.4354375
2025-11-28 21:00:00+01:00,653.4950625
2025-11-28 22:00:00+01:00,578.6134375
2025-11-28 23:00:00+01:00,526.0871875
2025-11-29 00:00:00+01:00,508.0709375
2025-11-29 01:00:00+01:00,479.0165625
2025-11-29 02:00:00+01:00,470.833125
2025-11-29 03:00:00+01:00,434.3565625
2025-11-29 04:00:00+01:00,434.31850000000003
2025-11-29 05:00:00+01:00,471.09956250000005
2025-11-29 06:00:00+01:00,529.4747500000001
2025-11-29 07:00:00+01:00,555.940875
2025-11-29 08:00:00+01:00,543.0376875000001
2025-11-29 09:00:00+01:00,488.392625
2025-11-29 10:00:00+01:00,441.1316875
2025-11-29 11:00:00+01:00,400.3286875
2025-11-29 12:00:00+01:00,389.58237500000007
2025-11-29 13:00:00+01:00,417.3806875
2025-11-29 14:00:00+01:00,500.978625
2025-11-29 15:00:00+01:00,614.7981875
2025-11-29 16:00:00+01:00,843.7060625
2025-11-29 17:00:00+01:00,965.7725
2025-11-29 18:00:00+01:00,1029.4510625
2025-11-29 19:00:00+01:00,913.44925
2025-11-29 20:00:00+01:00,847.9056250000001
2025-11-29 21:00:00+01:00,609.279125
2025-11-29 22:00:00+01:00,541.0203750000001
2025-11-29 23:00:00+01:00,498.9359375
2025-11-30 00:00:00+01:00,435.5491875
2025-11-30 01:00:00+01:00,406.6470625
2025-11-30 02:00:00+01:00,380.51081250000004
2025-11-30 03:00:00+01:00,368.8636875
2025-11-30 04:00:00+01:00,367.404625
2025-11-30 05:00:00+01:00,373.317
2025-11-30 06:00:00+01:00,421.0600625
2025-11-30 07:00:00+01:00,453.1594375
2025-11-30 08:00:00+01:00,458.0568125
2025-11-30 09:00:00+01:00,422.722125
2025-11-30 10:00:00+01:00,376.2478125
2025-11-30 11:00:00+01:00,355.529125
2025-11-30 12:00:00+01:00,348.576375
2025-11-30 13:00:00+01:00,365.3873125
2025-11-30 14:00:00+01:00,420.10850000000005
2025-11-30 15:00:00+01:00,532.697375
2025-11-30 16:00:00+01:00,717.427375
2025-11-30 17:00:00+01:00,861.3416875
2025-11-30 18:00:00+01:00,912.5230625
2025-11-30 19:00:00+01:00,818.775125
2025-11-30 20:00:00+01:00,727.9453125
2025-11-30 21:00:00+01:00,596.36325
2025-11-30 22:00:00+01:00,530.4390000000001
2025-11-30 23:00:00+01:00,465.73275
2025-12-01 00:00:00+01:00,448.65537500000005
2025-12-01 01:00:00+01:00,425.86862500000007
2025-12-01 02:00:00+01:00,396.941125
2025-12-01 03:00:00+01:00,407.8904375
2025-12-01 04:00:00+01:00,410.6563125
2025-12-01 05:00:00+01:00,498.948625
2025-12-01 06:00:00+01:00,647.01175
2025-12-01 07:00:00+01:00,716.0317500000001
2025-12-01 08:00:00+01:00,697.9520625
2025-12-01 09:00:00+01:00,639.1074375000001
2025-12-01 10:00:00+01:00,557.1335
2025-12-01 11:00:00+01:00,516.203625
2025-12-01 12:00:00+01:00,512.448125
2025-12-01 13:00:00+01:00,554.7863125
2025-12-01 14:00:00+01:00,630.7463750000001
2025-12-01 15:00:00+01:00,723.0986875
2025-12-01 16:00:00+01:00,867.393625
2025-12-01 17:00:00+01:00,1024.5410000000002
2025-12-01 18:00:00+01:00,1072.449
2025-12-01 19:00:00+01:00,1159.8405
2025-12-01 20:00:00+01:00,979.195875
2025-12-01 21:00:00+01:00,649.75225
2025-12-01 22:00:00+01:00,567.968625
2025-12-01 23:00:00+01:00,517.6119375000001
2025-12-02 00:00:00+01:00,485.4364375
2025-12-02 01:00:00+01:00,461.038375
2025-12-02 02:00:00+01:00,443.9736875
2025-12-02 03:00:00+01:00,427.6829375
2025-12-02 04:00:00+01:00,444.493875
2025-12-02 05:00:00+01:00,510.951
2025-12-02 06:00:00+01:00,646.884875
2025-12-02 07:00:00+01:00,715.21975
2025-12-02 08:00:00+01:00,704.8540625
2025-12-02 09:00:00+01:00,641.5688125
2025-12-02 10:00:00+01:00,566.1289375
2025-12-02 11:00:00+01:00,537.670875
2025-12-02 12:00:00+01:00,531.048
2025-12-02 13:00:00+01:00,586.2005625
2025-12-02 14:00:00+01:00,652.4800625
2025-12-02 15:00:00+01:00,751.683625
2025-12-02 16:00:00+01:00,907.6003125000001
2025-12-02 17:00:00+01:00,1059.3935625
2025-12-02 18:00:00+01:00,1140.1368125
2025-12-02 19:00:00+01:00,1215.97
2025-12-02 20:00:00+01:00,1000.866125
2025-12-02 21:00:00+01:00,681.547125
2025-12-02 22:00:00+01:00,591.3770625
2025-12-02 23:00:00+01:00,537.7343125
2025-12-03 00:00:00+01:00,513.7549375
2025-12-03 01:00:00+01:00,478.2299375
2025-12-03 02:00:00+01:00,445.9021875
2025-12-03 03:00:00+01:00,435.7268125
2025-12-03 04:00:00+01:00,465.2125625
2025-12-03 05:00:00+01:00,521.4943125
2025-12-03 06:00:00+01:00,666.4109375
2025-12-03 07:00:00+01:00,754.2084375
2025-12-03 08:00:00+01:00,719.761875
2025-12-03 09:00:00+01:00,656.781125
2025-12-03 10:00:00+01:00,593.7623125
2025-12-03 11:00:00+01:00,548.023875
2025-12-03 12:00:00+01:00,541.9465625
2025-12-03 13:00:00+01:00,583.498125
2025-12-03 14:00:00+01:00,645.311625
2025-12-03 15:00:00+01:00,754.5636875
2025-12-03 16:00:00+01:00,906.9278750000001
2025-12-03 17:00:00+01:00,1045.9955625
2025-12-03 18:00:00+01:00,1106.5276250000002
2025-12-03 19:00:00+01:00,1140.40325
2025-12-03 20:00:00+01:00,997.5673750000001
2025-12-03 21:00:00+01:00,641.277
2025-12-03 22:00:00+01:00,576.5580625
2025-12-03 23:00:00+01:00,523.359375
2025-12-04 00:00:00+01:00,484.05350000000004
2025-12-04 01:00:00+01:00,451.954125
2025-12-04 02:00:00+01:00,424.72675000000004
2025-12-04 03:00:00+01:00,418.459125
2025-12-04 04:00:00+01:00,433.582625
2025-12-04 05:00:00+01:00,511.4711875
2025-12-04 06:00:00+01:00,638.18125
2025-12-04 07:00:00+01:00,698.87825
2025-12-04 08:00:00+01:00,677.5251875
2025-12-04 09:00:00+01:00,637.0013125
2025-12-04 10:00:00+01:00,549.444875
2025-12-04 11:00:00+01:00,517.117125
2025-12-04 12:00:00+01:00,509.6188125
2025-12-04 13:00:00+01:00,559.6075625
2025-12-04 14:00:00+01:00,608.314875
2025-12-04 15:00:00+01:00,724.4943125
2025-12-04 16:00:00+01:00,907.232375
2025-12-04 17:00:00+01:00,1029.9078125
2025-12-04 18:00:00+01:00,1093.7640000000001
2025-12-04 19:00:00+01:00,1092.14
2025-12-04 20:00:00+01:00,930.39975
2025-12-04 21:00:00+01:00,634.7302500000001
2025-12-04 22:00:00+01:00,568.3111875
2025-12-04 23:00:00+01:00,510.951
2025-12-05 00:00:00+01:00,499.32925
2025-12-05 01:00:00+01:00,472.11456250000003
2025-12-05 02:00:00+01:00,450.786875
2025-12-05 03:00:00+01:00,441.74068750000004
2025-12-05 04:00:00+01:00,445.55962500000004
2025-12-05 05:00:00+01:00,515.0490625
2025-12-05 06:00:00+01:00,667.6289375
2025-12-05 07:00:00+01:00,706.262375
2025-12-05 08:00:00+01:00,681.4583125
2025-12-05 09:00:00+01:00,629.909
2025-12-05 10:00:00+01:00,560.3941875
2025-12-05 11:00:00+01:00,522.4331875
2025-12-05 12:00:00+01:00,514.6176875
2025-12-05 13:00:00+01:00,557.158875
2025-12-05 14:00:00+01:00,613.8720000000001
2025-12-05 15:00:00+01:00,745.390625
2025-12-05 16:00:00+01:00,888.7593750000001
2025-12-05 17:00:00+01:00,1061.8041875
2025-12-05 18:00:00+01:00,1126.218625
2025-12-05 19:00:00+01:00,1050.7153125
2025-12-05 20:00:00+01:00,920.2878125000001
2025-12-05 21:00:00+01:00,643.027875
2025-12-05 22:00:00+01:00,572.5615
2025-12-05 23:00:00+01:00,519.3628125
2025-12-06 00:00:00+01:00,519.8195625
2025-12-06 01:00:00+01:00,484.687875
2025-12-06 02:00:00+01:00,460.733875
2025-12-06 03:00:00+01:00,453.2863125
2025-12-06 04:00:00+01:00,457.7523125
2025-12-06 05:00:00+01:00,483.40643750000004
2025-12-06 06:00:00+01:00,544.522125
2025-12-06 07:00:00+01:00,557.9328125
2025-12-06 08:00:00+01:00,536.909625
2025-12-06 09:00:00+01:00,482.58175000000006
2025-12-06 10:00:00+01:00,410.2503125
2025-12-06 11:00:00+01:00,388.00912500000004
2025-12-06 12:00:00+01:00,376.10825
2025-12-06 13:00:00+01:00,413.00350000000003
2025-12-06 14:00:00+01:00,487.97393750000003
2025-12-06 15:00:00+01:00,610.9411875000001
2025-12-06 16:00:00+01:00,828.163875
2025-12-06 17:00:00+01:00,974.983625
2025-12-06 18:00:00+01:00,1045.3611875000001
2025-12-06 19:00:00+01:00,928.8899375000001
2025-12-06 20:00:00+01:00,862.7880625
2025-12-06 21:00:00+01:00,617.8178125000001
2025-12-06 22:00:00+01:00,542.6316875
2025-12-06 23:00:00+01:00,492.75712500000003
2025-12-07 00:00:00+01:00,441.6391875
2025-12-07 01:00:00+01:00,416.733625
2025-12-07 02:00:00+01:00,401.80043750000004
2025-12-07 03:00:00+01:00,371.870625
2025-12-07 04:00:00+01:00,368.013625
2025-12-07 05:00:00+01:00,405.02306250000004
2025-12-07 06:00:00+01:00,416.79706250000004
2025-12-07 07:00:00+01:00,379.55925
2025-12-07 08:00:00+01:00,393.9849375
2025-12-07 09:00:00+01:00,345.835875
2025-12-07 10:00:00+01:00,312.56925
2025-12-07 11:00:00+01:00,315.37318750000003
2025-12-07 12:00:00+01:00,302.82525
2025-12-07 13:00:00+01:00,329.875
2025-12-07 14:00:00+01:00,404.8200625
2025-12-07 15:00:00+01:00,530.2486875
2025-12-07 16:00:00+01:00,750.2626250000001
2025-12-07 17:00:00+01:00,870.743125
2025-12-07 18:00:00+01:00,951.51175
2025-12-07 19:00:00+01:00,839.278125
2025-12-07 20:00:00+01:00,754.0942500000001
2025-12-07 21:00:00+01:00,583.47275
2025-12-07 22:00:00+01:00,518.868
2025-12-07 23:00:00+01:00,466.697
2025-12-08 00:00:00+01:00,462.6243125
2025-12-08 01:00:00+01:00,438.2389375
2025-12-08 02:00:00+01:00,421.3391875
2025-12-08 03:00:00+01:00,414.17075
2025-12-08 04:00:00+01:00,420.895125
2025-12-08 05:00:00+01:00,504.5691875
2025-12-08 06:00:00+01:00,683.6659375
2025-12-08 07:00:00+01:00,739.98575
2025-12-08 08:00:00+01:00,696.9624375
2025-12-08 09:00:00+01:00,616.8028125000001
2025-12-08 10:00:00+01:00,567.8798125000001
2025-12-08 11:00:00+01:00,529.7411875
2025-12-08 12:00:00+01:00,531.377875
2025-12-08 13:00:00+01:00,570.3665625
2025-12-08 14:00:00+01:00,631.3680625000001
2025-12-08 15:00:00+01:00,786.1555625000001
2025-12-08 16:00:00+01:00,916.2785625000001
2025-12-08 17:00:00+01:00,1103.0258749999998
2025-12-08 18:00:00+01:00,1156.0469375
2025-12-08 19:00:00+01:00,1251.368125
2025-12-08 20:00:00+01:00,1016.7508750000001
2025-12-08 21:00:00+01:00,655.2713125
2025-12-08 22:00:00+01:00,574.13475
2025-12-08 23:00:00+01:00,529.0814375
2025-12-09 00:00:00+01:00,498.796375
2025-12-09 01:00:00+01:00,466.570125
2025-12-09 02:00:00+01:00,449.86068750000004
2025-12-09 03:00:00+01:00,440.4085
2025-12-09 04:00:00+01:00,452.69
2025-12-09 05:00:00+01:00,513.767625
2025-12-09 06:00:00+01:00,675.1780000000001
2025-12-09 07:00:00+01:00,720.2059375000001
2025-12-09 08:00:00+01:00,699.6141250000001
2025-12-09 09:00:00+01:00,653.7615000000001
2025-12-09 10:00:00+01:00,588.522375
2025-12-09 11:00:00+01:00,555.534875
2025-12-09 12:00:00+01:00,554.418375
2025-12-09 13:00:00+01:00,583.4854375
2025-12-09 14:00:00+01:00,646.9229375
2025-12-09 15:00:00+01:00,776.3354375
2025-12-09 16:00:00+01:00,865.363625
2025-12-09 17:00:00+01:00,1014.3021875000001
2025-12-09 18:00:00+01:00,1101.5921875
2025-12-09 19:00:00+01:00,1262.7615
2025-12-09 20:00:00+01:00,1037.07625
2025-12-09 21:00:00+01:00,680.4306250000001
2025-12-09 22:00:00+01:00,598.4059375
2025-12-09 23:00:00+01:00,541.1853125
2025-12-10 00:00:00+01:00,518.1701875
2025-12-10 01:00:00+01:00,478.72475000000003
2025-12-10 02:00:00+01:00,452.6011875
2025-12-10 03:00:00+01:00,443.555
2025-12-10 04:00:00+01:00,475.0326875
2025-12-10 05:00:00+01:00,540.0815
2025-12-10 06:00:00+01:00,680.3164375000001
2025-12-10 07:00:00+01:00,783.174
2025-12-10 08:00:00+01:00,769.7760000000001
2025-12-10 09:00:00+01:00,667.489375
2025-12-10 10:00:00+01:00,624.7451874999999
2025-12-10 11:00:00+01:00,586.7588125
2025-12-10 12:00:00+01:00,571.7114375
2025-12-10 13:00:00+01:00,603.6331875000001
2025-12-10 14:00:00+01:00,668.4536250000001
2025-12-10 15:00:00+01:00,804.0449375000001
2025-12-10 16:00:00+01:00,933.394
2025-12-10 17:00:00+01:00,1059.4189375
2025-12-10 18:00:00+01:00,1151.9869375
2025-12-10 19:00:00+01:00,1183.5407500000001
2025-12-10 20:00:00+01:00,1036.746375
2025-12-10 21:00:00+01:00,676.0915
2025-12-10 22:00:00+01:00,592.8995625
2025-12-10 23:00:00+01:00,551.221125
2025-12-11 00:00:00+01:00,504.784875
2025-12-11 01:00:00+01:00,475.26106250000004
2025-12-11 02:00:00+01:00,454.2759375
2025-12-11 03:00:00+01:00,445.33125
2025-12-11 04:00:00+01:00,457.38437500000003
2025-12-11 05:00:00+01:00,527.1021875
2025-12-11 06:00:00+01:00,678.857375
2025-12-11 07:00:00+01:00,752.3814375
2025-12-11 08:00:00+01:00,724.329375
2025-12-11 09:00:00+01:00,650.15825
2025-12-11 10:00:00+01:00,600.8038750000001
2025-12-11 11:00:00+01:00,567.3215625
2025-12-11 12:00:00+01:00,557.057375
2025-12-11 13:00:00+01:00,587.9641250000001
2025-12-11 14:00:00+01:00,642.5584375000001
2025-12-11 15:00:00+01:00,785.1659375
2025-12-11 16:00:00+01:00,938.0503125
2025-12-11 17:00:00+01:00,1044.8410000000001
2025-12-11 18:00:00+01:00,1130.304
2025-12-11 19:00:00+01:00,1142.6996875
2025-12-11 20:00:00+01:00,1032.3945625000001
2025-12-11 21:00:00+01:00,659.4201250000001
2025-12-11 22:00:00+01:00,587.279
2025-12-11 23:00:00+01:00,539.82775
2025-12-12 00:00:00+01:00,523.460875
2025-12-12 01:00:00+01:00,491.4503125
2025-12-12 02:00:00+01:00,464.286375
2025-12-12 03:00:00+01:00,460.9241875
2025-12-12 04:00:00+01:00,470.66818750000004
2025-12-12 05:00:00+01:00,525.9730000000001
2025-12-12 06:00:00+01:00,678.4894375
2025-12-12 07:00:00+01:00,745.8473749999999
2025-12-12 08:00:00+01:00,727.755
2025-12-12 09:00:00+01:00,668.1871875
2025-12-12 10:00:00+01:00,614.709375
2025-12-12 11:00:00+01:00,573.7160625
2025-12-12 12:00:00+01:00,567.1439375
2025-12-12 13:00:00+01:00,588.1163750000001
2025-12-12 14:00:00+01:00,641.0105625
2025-12-12 15:00:00+01:00,769.598375
2025-12-12 16:00:00+01:00,893.3903125
2025-12-12 17:00:00+01:00,1053.3035625
2025-12-12 18:00:00+01:00,1122.1713125
2025-12-12 19:00:00+01:00,1095.6925
2025-12-12 20:00:00+01:00,980.7056875000001
2025-12-12 21:00:00+01:00,653.9518125
2025-12-12 22:00:00+01:00,585.6676875
2025-12-12 23:00:00+01:00,541.7689375
2025-12-13 00:00:00+01:00,533.4713125
2025-12-13 01:00:00+01:00,504.09975000000003
2025-12-13 02:00:00+01:00,474.943875
2025-12-13 03:00:00+01:00,470.33831250000003
2025-12-13 04:00:00+01:00,473.5609375
2025-12-13 05:00:00+01:00,499.1389375
2025-12-13 06:00:00+01:00,567.867125
2025-12-13 07:00:00+01:00,590.2859375
2025-12-13 08:00:00+01:00,580.605375
2025-12-13 09:00:00+01:00,534.625875
2025-12-13 10:00:00+01:00,450.50775
2025-12-13 11:00:00+01:00,416.327625
2025-12-13 12:00:00+01:00,408.9435
2025-12-13 13:00:00+01:00,441.9944375
2025-12-13 14:00:00+01:00,525.389375
2025-12-13 15:00:00+01:00,680.1515
2025-12-13 16:00:00+01:00,888.7974375
2025-12-13 17:00:00+01:00,1042.7729375000001
2025-12-13 18:00:00+01:00,1098.4964375
2025-12-13 19:00:00+01:00,1017.28375
2025-12-13 20:00:00+01:00,929.2325000000001
2025-12-13 21:00:00+01:00,657.745375
2025-12-13 22:00:00+01:00,597.98725
2025-12-13 23:00:00+01:00,529.7919375
2025-12-14 00:00:00+01:00,472.12725
2025-12-14 01:00:00+01:00,449.3024375
2025-12-14 02:00:00+01:00,412.4833125
2025-12-14 03:00:00+01:00,392.5385625
2025-12-14 04:00:00+01:00,394.64468750000003
2025-12-14 05:00:00+01:00,438.962125
2025-12-14 06:00:00+01:00,436.29775
2025-12-14 07:00:00+01:00,419.5121875
2025-12-14 08:00:00+01:00,415.566375
2025-12-14 09:00:00+01:00,368.08975000000004
2025-12-14 10:00:00+01:00,332.6281875
2025-12-14 11:00:00+01:00,325.77693750000003
2025-12-14 12:00:00+01:00,313.9395
2025-12-14 13:00:00+01:00,335.07687500000003
2025-12-14 14:00:00+01:00,430.29656250000005
2025-12-14 15:00:00+01:00,550.99275
2025-12-14 16:00:00+01:00,805.9480625000001
2025-12-14 17:00:00+01:00,899.3026875
2025-12-14 18:00:00+01:00,983.3700625
2025-12-14 19:00:00+01:00,893.14925
2025-12-14 20:00:00+01:00,810.1603125
2025-12-14 21:00:00+01:00,601.8061875000001
2025-12-14 22:00:00+01:00,543.9511875000001
2025-12-14 23:00:00+01:00,487.85975
2025-12-15 00:00:00+01:00,480.85625
2025-12-15 01:00:00+01:00,455.4939375
2025-12-15 02:00:00+01:00,436.4119375
2025-12-15 03:00:00+01:00,432.567625
2025-12-15 04:00:00+01:00,445.7499375
2025-12-15 05:00:00+01:00,534.4863125
2025-12-15 06:00:00+01:00,727.171375
2025-12-15 07:00:00+01:00,777.9975
2025-12-15 08:00:00+01:00,731.3455625
2025-12-15 09:00:00+01:00,657.72
2025-12-15 10:00:00+01:00,571.7368125
2025-12-15 11:00:00+01:00,530.7308125
2025-12-15 12:00:00+01:00,523.943
2025-12-15 13:00:00+01:00,574.6041875000001
2025-12-15 14:00:00+01:00,660.6761875
2025-12-15 15:00:00+01:00,813.9792500000001
2025-12-15 16:00:00+01:00,923.1044375
2025-12-15 17:00:00+01:00,1128.7434375
2025-12-15 18:00:00+01:00,1189.83375
2025-12-15 19:00:00+01:00,1308.106625
2025-12-15 20:00:00+01:00,1081.63475
2025-12-15 21:00:00+01:00,672.8308125000001
2025-12-15 22:00:00+01:00,585.7184374999999
2025-12-15 23:00:00+01:00,532.3167500000001
2025-12-16 00:00:00+01:00,514.8714375000001
2025-12-16 01:00:00+01:00,474.41100000000006
2025-12-16 02:00:00+01:00,450.3555
2025-12-16 03:00:00+01:00,451.25631250000004
2025-12-16 04:00:00+01:00,459.186
2025-12-16 05:00:00+01:00,522.06525
2025-12-16 06:00:00+01:00,693.2069375000001
2025-12-16 07:00:00+01:00,778.96175
2025-12-16 08:00:00+01:00,746.7355
2025-12-16 09:00:00+01:00,656.9333750000001
2025-12-16 10:00:00+01:00,579.8821875
2025-12-16 11:00:00+01:00,547.3641250000001
2025-12-16 12:00:00+01:00,533.5855
2025-12-16 13:00:00+01:00,563.248875
2025-12-16 14:00:00+01:00,653.2159375000001
2025-12-16 15:00:00+01:00,776.8683125
2025-12-16 16:00:00+01:00,891.550625
2025-12-16 17:00:00+01:00,1044.4730625
2025-12-16 18:00:00+01:00,1116.6395625
2025-12-16 19:00:00+01:00,1261.2516875000001
2025-12-16 20:00:00+01:00,1034.9320625
2025-12-16 21:00:00+01:00,653.533125
2025-12-16 22:00:00+01:00,566.1543125000001
2025-12-16 23:00:00+01:00,509.9994375
2025-12-17 00:00:00+01:00,488.5321875
2025-12-17 01:00:00+01:00,450.85031250000003
2025-12-17 02:00:00+01:00,437.3761875
2025-12-17 03:00:00+01:00,425.01856250000003
2025-12-17 04:00:00+01:00,431.22275
2025-12-17 05:00:00+01:00,494.86325
2025-12-17 06:00:00+01:00,649.7776250000001
2025-12-17 07:00:00+01:00,715.32125
2025-12-17 08:00:00+01:00,697.55875
2025-12-17 09:00:00+01:00,635.44075
2025-12-17 10:00:00+01:00,571.1024375
2025-12-17 11:00:00+01:00,537.8485000000001
2025-12-17 12:00:00+01:00,524.6408125
2025-12-17 13:00:00+01:00,557.59025
2025-12-17 14:00:00+01:00,633.4615
2025-12-17 15:00:00+01:00,767.7333125
2025-12-17 16:00:00+01:00,899.6198750000001
2025-12-17 17:00:00+01:00,1041.364625
2025-12-17 18:00:00+01:00,1100.7040625
2025-12-17 19:00:00+01:00,1116.0305625
2025-12-17 20:00:00+01:00,999.4958750000001
2025-12-17 21:00:00+01:00,665.38325
2025-12-17 22:00:00+01:00,580.174
2025-12-17 23:00:00+01:00,526.150625
2025-12-18 00:00:00+01:00,481.033875
2025-12-18 01:00:00+01:00,463.9184375
2025-12-18 02:00:00+01:00,443.986375
2025-12-18 03:00:00+01:00,430.44881250000003
2025-12-18 04:00:00+01:00,448.147875
2025-12-18 05:00:00+01:00,515.3789375000001
2025-12-18 06:00:00+01:00,668.504375
2025-12-18 07:00:00+01:00,777.13475
2025-12-18 08:00:00+01:00,743.6270625
2025-12-18 09:00:00+01:00,662.54125
2025-12-18 10:00:00+01:00,592.5823750000001
2025-12-18 11:00:00+01:00,556.4103125
2025-12-18 12:00:00+01:00,535.2729375
2025-12-18 13:00:00+01:00,559.3791875000001
2025-12-18 14:00:00+01:00,636.734875
2025-12-18 15:00:00+01:00,752.800125
2025-12-18 16:00:00+01:00,882.0857500000001
2025-12-18 17:00:00+01:00,1022.7393750000001
2025-12-18 18:00:00+01:00,1116.7156875
2025-12-18 19:00:00+01:00,1089.8055
2025-12-18 20:00:00+01:00,957.9950625
2025-12-18 21:00:00+01:00,651.0590625
2025-12-18 22:00:00+01:00,582.178625
2025-12-18 23:00:00+01:00,529.398625
2025-12-19 00:00:00+01:00,502.94518750000003
2025-12-19 01:00:00+01:00,475.04537500000004
2025-12-19 02:00:00+01:00,450.31743750000004
2025-12-19 03:00:00+01:00,453.019875
2025-12-19 04:00:00+01:00,465.9484375
2025-12-19 05:00:00+01:00,514.1609375
2025-12-19 06:00:00+01:00,685.0869375
2025-12-19 07:00:00+01:00,732.6143125
2025-12-19 08:00:00+01:00,688.499875
2025-12-19 09:00:00+01:00,634.2100625
2025-12-19 10:00:00+01:00,565.5453125
2025-12-19 11:00:00+01:00,530.7815625000001
2025-12-19 12:00:00+01:00,522.141375
2025-12-19 13:00:00+01:00,551.931625
2025-12-19 14:00:00+01:00,628.691
2025-12-19 15:00:00+01:00,758.0527500000001
2025-12-19 16:00:00+01:00,884.3568125
2025-12-19 17:00:00+01:00,1033.4856875
2025-12-19 18:00:00+01:00,1134.084875
2025-12-19 19:00:00+01:00,1064.2401875
2025-12-19 20:00:00+01:00,933.7619375
2025-12-19 21:00:00+01:00,645.99675
2025-12-19 22:00:00+01:00,582.990625
2025-12-19 23:00:00+01:00,527.2544375
2025-12-20 00:00:00+01:00,515.290125
2025-12-20 01:00:00+01:00,484.91625
2025-12-20 02:00:00+01:00,458.6150625
2025-12-20 03:00:00+01:00,436.15818750000005
2025-12-20 04:00:00+01:00,436.9701875
2025-12-20 05:00:00+01:00,477.37987499999997
2025-12-20 06:00:00+01:00,539.4090625
2025-12-20 07:00:00+01:00,566.0781875
2025-12-20 08:00:00+01:00,543.6086250000001
2025-12-20 09:00:00+01:00,476.923125
2025-12-20 10:00:00+01:00,425.2215625
2025-12-20 11:00:00+01:00,391.04143750000003
2025-12-20 12:00:00+01:00,388.415125
2025-12-20 13:00:00+01:00,422.316125
2025-12-20 14:00:00+01:00,480.75475
2025-12-20 15:00:00+01:00,643.738375
2025-12-20 16:00:00+01:00,881.7431875000001
2025-12-20 17:00:00+01:00,1006.2202500000001
2025-12-20 18:00:00+01:00,1078.1964375
2025-12-20 19:00:00+01:00,977.5084375
2025-12-20 20:00:00+01:00,948.3779375
2025-12-20 21:00:00+01:00,663.6958125
2025-12-20 22:00:00+01:00,570.962875
2025-12-20 23:00:00+01:00,512.5115625000001
2025-12-21 00:00:00+01:00,456.5343125
2025-12-21 01:00:00+01:00,435.409625
2025-12-21 02:00:00+01:00,420.90781250000003
2025-12-21 03:00:00+01:00,355.00893750000006
2025-12-21 04:00:00+01:00,358.3330625
2025-12-21 05:00:00+01:00,408.24568750000003
2025-12-21 06:00:00+01:00,438.12475
2025-12-21 07:00:00+01:00,403.20875
2025-12-21 08:00:00+01:00,379.0390625
2025-12-21 09:00:00+01:00,334.08725000000004
2025-12-21 10:00:00+01:00,308.03981250000004
2025-12-21 11:00:00+01:00,300.1355
2025-12-21 12:00:00+01:00,297.369625
2025-12-21 13:00:00+01:00,311.3639375
2025-12-21 14:00:00+01:00,396.078375
2025-12-21 15:00:00+01:00,573.6145625
2025-12-21 16:00:00+01:00,821.2238125
2025-12-21 17:00:00+01:00,955.7874375
2025-12-21 18:00:00+01:00,1026.0888750000001
2025-12-21 19:00:00+01:00,921.4423750000001
2025-12-21 20:00:00+01:00,840.7879375
2025-12-21 21:00:00+01:00,606.91925
2025-12-21 22:00:00+01:00,534.778125
2025-12-21 23:00:00+01:00,471.2518125
