,pri ro spot merged ron/mwh cet h f 2026-10-07T00:00:00+02:00
2026-10-08 00:00:00+02:00,987.84811
2026-10-08 01:00:00+02:00,933.2545325
2026-10-08 02:00:00+02:00,955.52807
2026-10-08 03:00:00+02:00,995.847855
2026-10-08 04:00:00+02:00,952.1703175
2026-10-08 05:00:00+02:00,1133.93041
2026-10-08 06:00:00+02:00,1332.8672125
2026-10-08 07:00:00+02:00,1241.405245
2026-10-08 08:00:00+02:00,1071.5912600000001
2026-10-08 09:00:00+02:00,908.2653625
2026-10-08 10:00:00+02:00,746.8524474999999
2026-10-08 11:00:00+02:00,666.761355
2026-10-08 12:00:00+02:00,545.69498
2026-10-08 13:00:00+02:00,569.319645
2026-10-08 14:00:00+02:00,636.7021125
2026-10-08 15:00:00+02:00,814.2884250000001
2026-10-08 16:00:00+02:00,982.8583025
2026-10-08 17:00:00+02:00,1203.9616225
2026-10-08 18:00:00+02:00,1339.5960949999999
2026-10-08 19:00:00+02:00,1430.00124
2026-10-08 20:00:00+02:00,1270.0464725
2026-10-08 21:00:00+02:00,1171.4542975
2026-10-08 22:00:00+02:00,1123.4558275
2026-10-08 23:00:00+02:00,1049.7859349999999
2026-10-09 00:00:00+02:00,1002.3359425
2026-10-09 01:00:00+02:00,978.4437275
2026-10-09 02:00:00+02:00,934.23109
2026-10-09 03:00:00+02:00,895.7440224999999
2026-10-09 04:00:00+02:00,898.620185
2026-10-09 05:00:00+02:00,1030.254785
2026-10-09 06:00:00+02:00,1234.1278849999999
2026-10-09 07:00:00+02:00,1290.55418
2026-10-09 08:00:00+02:00,1068.0462225
2026-10-09 09:00:00+02:00,938.3914924999999
2026-10-09 10:00:00+02:00,846.36767
2026-10-09 11:00:00+02:00,680.6605775
2026-10-09 12:00:00+02:00,618.6291100000001
2026-10-09 13:00:00+02:00,599.0979600000001
2026-10-09 14:00:00+02:00,629.411375
2026-10-09 15:00:00+02:00,697.12828
2026-10-09 16:00:00+02:00,1039.5922799999998
2026-10-09 17:00:00+02:00,1293.60425
2026-10-09 18:00:00+02:00,1406.4969725
2026-10-09 19:00:00+02:00,1444.475695
2026-10-09 20:00:00+02:00,1283.7985425
2026-10-09 21:00:00+02:00,1213.9679925
2026-10-09 22:00:00+02:00,1160.2974625000002
2026-10-09 23:00:00+02:00,1087.0155175
2026-10-10 00:00:00+02:00,1066.0663525
2026-10-10 01:00:00+02:00,1098.1991075
2026-10-10 02:00:00+02:00,1039.7126775
2026-10-10 03:00:00+02:00,1042.9232775
2026-10-10 04:00:00+02:00,1042.4149325
2026-10-10 05:00:00+02:00,1065.22357
2026-10-10 06:00:00+02:00,1202.6238725
2026-10-10 07:00:00+02:00,1174.16993
2026-10-10 08:00:00+02:00,934.23109
2026-10-10 09:00:00+02:00,663.0022775
2026-10-10 10:00:00+02:00,593.9743775
2026-10-10 11:00:00+02:00,570.3497125
2026-10-10 12:00:00+02:00,497.7366425
2026-10-10 13:00:00+02:00,452.74811
2026-10-10 14:00:00+02:00,472.2658825
2026-10-10 15:00:00+02:00,518.61892
2026-10-10 16:00:00+02:00,870.71472
2026-10-10 17:00:00+02:00,1167.4678025
2026-10-10 18:00:00+02:00,1322.2454775
2026-10-10 19:00:00+02:00,1238.8233875
2026-10-10 20:00:00+02:00,1256.5084425
2026-10-10 21:00:00+02:00,1131.2950425
2026-10-10 22:00:00+02:00,1127.34868
2026-10-10 23:00:00+02:00,1037.8933375
2026-10-11 00:00:00+02:00,987.9952625
2026-10-11 01:00:00+02:00,958.4844975
2026-10-11 02:00:00+02:00,931.87665
2026-10-11 03:00:00+02:00,928.8934675
2026-10-11 04:00:00+02:00,864.2132549999999
2026-10-11 05:00:00+02:00,941.1472575
2026-10-11 06:00:00+02:00,950.49813
2026-10-11 07:00:00+02:00,767.146115
2026-10-11 08:00:00+02:00,592.46272
2026-10-11 09:00:00+02:00,388.89730249999997
2026-10-11 10:00:00+02:00,331.414185
2026-10-11 11:00:00+02:00,308.297865
2026-10-11 12:00:00+02:00,239.35023
2026-10-11 13:00:00+02:00,282.2518725
2026-10-11 14:00:00+02:00,340.29684499999996
2026-10-11 15:00:00+02:00,386.690015
2026-10-11 16:00:00+02:00,585.747215
2026-10-11 17:00:00+02:00,1093.7577775
2026-10-11 18:00:00+02:00,1269.2705775
2026-10-11 19:00:00+02:00,1264.3476575
2026-10-11 20:00:00+02:00,1275.3439625
2026-10-11 21:00:00+02:00,1165.4611774999998
2026-10-11 22:00:00+02:00,1162.1168025
2026-10-11 23:00:00+02:00,1045.023545
2026-10-12 00:00:00+02:00,992.5480716666666
2026-10-12 01:00:00+02:00,937.9870198529411
2026-10-12 02:00:00+02:00,945.7916107352942
2026-10-12 03:00:00+02:00,942.9734174019608
2026-10-12 04:00:00+02:00,965.0512761764705
2026-10-12 05:00:00+02:00,1061.0374617156863
2026-10-12 06:00:00+02:00,1267.1679492647058
2026-10-12 07:00:00+02:00,1316.4189204901961
2026-10-12 08:00:00+02:00,1217.8805177941176
2026-10-12 09:00:00+02:00,1023.0083768627451
2026-10-12 10:00:00+02:00,862.9581307352942
2026-10-12 11:00:00+02:00,791.7499605392156
2026-10-12 12:00:00+02:00,650.8851478431372
2026-10-12 13:00:00+02:00,665.1264146568627
2026-10-12 14:00:00+02:00,770.1728399509805
2026-10-12 15:00:00+02:00,882.4326230882352
2026-10-12 16:00:00+02:00,1066.741260490196
2026-10-12 17:00:00+02:00,1283.5010898529413
2026-10-12 18:00:00+02:00,1484.9725351470588
2026-10-12 19:00:00+02:00,1545.165776764706
2026-10-12 20:00:00+02:00,1349.1240226470588
2026-10-12 21:00:00+02:00,1191.5263181862745
2026-10-12 22:00:00+02:00,1109.751759117647
2026-10-12 23:00:00+02:00,1044.284110245098
2026-10-13 00:00:00+02:00,990.0574959313724
2026-10-13 01:00:00+02:00,944.3303155882353
2026-10-13 02:00:00+02:00,930.362631764706
2026-10-13 03:00:00+02:00,904.2796544117648
2026-10-13 04:00:00+02:00,948.644165882353
2026-10-13 05:00:00+02:00,1022.4981957352942
2026-10-13 06:00:00+02:00,1249.7617233333333
2026-10-13 07:00:00+02:00,1334.2886374509803
2026-10-13 08:00:00+02:00,1179.722904019608
2026-10-13 09:00:00+02:00,973.1855830882353
2026-10-13 10:00:00+02:00,793.4355255392156
2026-10-13 11:00:00+02:00,647.6887122549019
2026-10-13 12:00:00+02:00,486.26294436274515
2026-10-13 13:00:00+02:00,467.9554421568628
2026-10-13 14:00:00+02:00,554.9223073529412
2026-10-13 15:00:00+02:00,661.7718098039215
2026-10-13 16:00:00+02:00,933.7143512745098
2026-10-13 17:00:00+02:00,1185.8652749509804
2026-10-13 18:00:00+02:00,1371.8093773039216
2026-10-13 19:00:00+02:00,1452.6965622058824
2026-10-13 20:00:00+02:00,1312.9281799019607
2026-10-13 21:00:00+02:00,1131.062116617647
2026-10-13 22:00:00+02:00,1062.076185245098
2026-10-13 23:00:00+02:00,1011.529957254902
2026-10-14 00:00:00+02:00,969.8666515686275
2026-10-14 01:00:00+02:00,938.3366709803921
2026-10-14 02:00:00+02:00,922.5483356372549
2026-10-14 03:00:00+02:00,904.5306792647059
2026-10-14 04:00:00+02:00,950.9327675980392
2026-10-14 05:00:00+02:00,1061.2326158333335
2026-10-14 06:00:00+02:00,1242.4006883823529
2026-10-14 07:00:00+02:00,1299.8006555392158
2026-10-14 08:00:00+02:00,1124.631735980392
2026-10-14 09:00:00+02:00,934.2470905392156
2026-10-14 10:00:00+02:00,755.409850637255
2026-10-14 11:00:00+02:00,632.774635882353
2026-10-14 12:00:00+02:00,517.6439363235295
2026-10-14 13:00:00+02:00,504.463688872549
2026-10-14 14:00:00+02:00,587.6048513725491
2026-10-14 15:00:00+02:00,712.8250712745098
2026-10-14 16:00:00+02:00,955.9370018137254
2026-10-14 17:00:00+02:00,1255.8508465686273
2026-10-14 18:00:00+02:00,1381.3716667647059
2026-10-14 19:00:00+02:00,1464.3879725980391
2026-10-14 20:00:00+02:00,1345.936505392157
2026-10-14 21:00:00+02:00,1177.9116954411766
2026-10-14 22:00:00+02:00,1097.5304948039216
2026-10-14 23:00:00+02:00,1061.4768207843138
2026-10-15 00:00:00+02:00,970.1339392647059
2026-10-15 01:00:00+02:00,923.8134274509805
2026-10-15 02:00:00+02:00,903.5113662254902
2026-10-15 03:00:00+02:00,905.312607254902
2026-10-15 04:00:00+02:00,946.6456723039215
2026-10-15 05:00:00+02:00,1043.5593645098038
2026-10-15 06:00:00+02:00,1234.0505053431373
2026-10-15 07:00:00+02:00,1307.6868229411766
2026-10-15 08:00:00+02:00,1138.128584264706
2026-10-15 09:00:00+02:00,918.0222814705883
2026-10-15 10:00:00+02:00,760.1725029411765
2026-10-15 11:00:00+02:00,635.9637269607842
2026-10-15 12:00:00+02:00,505.1215471078431
2026-10-15 13:00:00+02:00,462.90373093137254
2026-10-15 14:00:00+02:00,566.7954943627451
2026-10-15 15:00:00+02:00,691.3492
2026-10-15 16:00:00+02:00,965.068063627451
2026-10-15 17:00:00+02:00,1220.0812476960784
2026-10-15 18:00:00+02:00,1429.8470052941177
2026-10-15 19:00:00+02:00,1484.6619673039215
2026-10-15 20:00:00+02:00,1340.3670062254903
2026-10-15 21:00:00+02:00,1158.1707023039214
2026-10-15 22:00:00+02:00,1082.6400257843138
2026-10-15 23:00:00+02:00,1037.5712282843137
2026-10-16 00:00:00+02:00,983.8086296078432
2026-10-16 01:00:00+02:00,943.4626142156862
2026-10-16 02:00:00+02:00,915.3166165196078
2026-10-16 03:00:00+02:00,890.843660637255
2026-10-16 04:00:00+02:00,960.1606195588234
2026-10-16 05:00:00+02:00,1042.4128340686275
2026-10-16 06:00:00+02:00,1236.570459117647
2026-10-16 07:00:00+02:00,1298.97361127451
2026-10-16 08:00:00+02:00,1124.546749509804
2026-10-16 09:00:00+02:00,920.4118701960784
2026-10-16 10:00:00+02:00,772.7969283823529
2026-10-16 11:00:00+02:00,666.3718336764706
2026-10-16 12:00:00+02:00,530.6159144607843
2026-10-16 13:00:00+02:00,493.41833303921567
2026-10-16 14:00:00+02:00,567.840250882353
2026-10-16 15:00:00+02:00,685.9226564705882
2026-10-16 16:00:00+02:00,965.6461814705882
2026-10-16 17:00:00+02:00,1213.8276599019607
2026-10-16 18:00:00+02:00,1405.2059125980393
2026-10-16 19:00:00+02:00,1423.5844991666668
2026-10-16 20:00:00+02:00,1297.019184754902
2026-10-16 21:00:00+02:00,1135.6304017156863
2026-10-16 22:00:00+02:00,1063.2867178431372
2026-10-16 23:00:00+02:00,1026.777159607843
2026-10-17 00:00:00+02:00,987.7460737745098
2026-10-17 01:00:00+02:00,929.848778382353
2026-10-17 02:00:00+02:00,901.4289353921569
2026-10-17 03:00:00+02:00,862.7711080392157
2026-10-17 04:00:00+02:00,887.3353456862745
2026-10-17 05:00:00+02:00,950.9881137254902
2026-10-17 06:00:00+02:00,1057.8155826470588
2026-10-17 07:00:00+02:00,1024.2015974019607
2026-10-17 08:00:00+02:00,854.9460574509804
2026-10-17 09:00:00+02:00,673.5605349509804
2026-10-17 10:00:00+02:00,569.4772896568627
2026-10-17 11:00:00+02:00,443.7500362745098
2026-10-17 12:00:00+02:00,322.3206326470588
2026-10-17 13:00:00+02:00,302.76954754901965
2026-10-17 14:00:00+02:00,378.6115788235294
2026-10-17 15:00:00+02:00,475.9932212254902
2026-10-17 16:00:00+02:00,752.0772793137255
2026-10-17 17:00:00+02:00,1059.8088301470589
2026-10-17 18:00:00+02:00,1241.346226617647
2026-10-17 19:00:00+02:00,1237.4027494607844
2026-10-17 20:00:00+02:00,1162.3995661274512
2026-10-17 21:00:00+02:00,1042.5151325980391
2026-10-17 22:00:00+02:00,1000.8783196078432
2026-10-17 23:00:00+02:00,977.5511072549019
2026-10-18 00:00:00+02:00,919.3387848529412
2026-10-18 01:00:00+02:00,877.0881806862744
2026-10-18 02:00:00+02:00,835.9767624509805
2026-10-18 03:00:00+02:00,805.009948382353
2026-10-18 04:00:00+02:00,830.6123849509804
2026-10-18 05:00:00+02:00,913.8521737254903
2026-10-18 06:00:00+02:00,915.8107971078432
2026-10-18 07:00:00+02:00,822.5714582352941
2026-10-18 08:00:00+02:00,683.8701282843138
2026-10-18 09:00:00+02:00,532.1517039215686
2026-10-18 10:00:00+02:00,470.26292975490196
2026-10-18 11:00:00+02:00,355.9117974509804
2026-10-18 12:00:00+02:00,264.3139565196078
2026-10-18 13:00:00+02:00,248.916978627451
2026-10-18 14:00:00+02:00,324.16384230392157
2026-10-18 15:00:00+02:00,435.04102147058825
2026-10-18 16:00:00+02:00,667.7379125
2026-10-18 17:00:00+02:00,996.3016407843137
2026-10-18 18:00:00+02:00,1202.878569607843
2026-10-18 19:00:00+02:00,1183.5661810784313
2026-10-18 20:00:00+02:00,1180.4051565196078
2026-10-18 21:00:00+02:00,1066.6929965686274
2026-10-18 22:00:00+02:00,1023.7855833823529
2026-10-18 23:00:00+02:00,986.4353410784314
2026-10-19 00:00:00+02:00,935.5882504901961
2026-10-19 01:00:00+02:00,884.3731475
2026-10-19 02:00:00+02:00,889.0594693627452
2026-10-19 03:00:00+02:00,870.7186545588236
2026-10-19 04:00:00+02:00,910.4298944607843
2026-10-19 05:00:00+02:00,998.0310105392157
2026-10-19 06:00:00+02:00,1215.6810994117645
2026-10-19 07:00:00+02:00,1309.0494918137256
2026-10-19 08:00:00+02:00,1191.860493382353
2026-10-19 09:00:00+02:00,1035.5415205392158
2026-10-19 10:00:00+02:00,891.8026437745098
2026-10-19 11:00:00+02:00,782.9265812254902
2026-10-19 12:00:00+02:00,653.154601372549
2026-10-19 13:00:00+02:00,652.5374002450981
2026-10-19 14:00:00+02:00,676.316562254902
2026-10-19 15:00:00+02:00,779.9827443137256
2026-10-19 16:00:00+02:00,997.8644475490196
2026-10-19 17:00:00+02:00,1265.066370245098
2026-10-19 18:00:00+02:00,1410.3106092156863
2026-10-19 19:00:00+02:00,1505.3989284313725
2026-10-19 20:00:00+02:00,1351.3619997058825
2026-10-19 21:00:00+02:00,1162.8971566666667
2026-10-19 22:00:00+02:00,1071.0291426960787
2026-10-19 23:00:00+02:00,1023.531935490196
2026-10-20 00:00:00+02:00,962.291576617647
2026-10-20 01:00:00+02:00,909.7046241176471
2026-10-20 02:00:00+02:00,882.1949757352941
2026-10-20 03:00:00+02:00,876.7075776960785
2026-10-20 04:00:00+02:00,908.0371580882353
2026-10-20 05:00:00+02:00,992.468855882353
2026-10-20 06:00:00+02:00,1216.0805882843138
2026-10-20 07:00:00+02:00,1295.6239901960785
2026-10-20 08:00:00+02:00,1167.5249847549019
2026-10-20 09:00:00+02:00,986.8120095098039
2026-10-20 10:00:00+02:00,843.4660640196079
2026-10-20 11:00:00+02:00,735.2586141666667
2026-10-20 12:00:00+02:00,610.2957144117647
2026-10-20 13:00:00+02:00,597.27862
2026-10-20 14:00:00+02:00,642.5989669607843
2026-10-20 15:00:00+02:00,758.4224111764704
2026-10-20 16:00:00+02:00,988.9345728431372
2026-10-20 17:00:00+02:00,1189.3733275980392
2026-10-20 18:00:00+02:00,1399.101575735294
2026-10-20 19:00:00+02:00,1446.7244265196077
2026-10-20 20:00:00+02:00,1328.9727861764704
2026-10-20 21:00:00+02:00,1144.638442990196
2026-10-20 22:00:00+02:00,1074.5002104901962
2026-10-20 23:00:00+02:00,1016.1994916666667
2026-10-21 00:00:00+02:00,1022.1066954455446
2026-10-21 01:00:00+02:00,937.6302995049505
2026-10-21 02:00:00+02:00,931.5174442574257
2026-10-21 03:00:00+02:00,927.2428694306931
2026-10-21 04:00:00+02:00,972.0054413861386
2026-10-21 05:00:00+02:00,1041.5440704950495
2026-10-21 06:00:00+02:00,1238.0436514356436
2026-10-21 07:00:00+02:00,1377.8523012871287
2026-10-21 08:00:00+02:00,1262.7901721287128
2026-10-21 09:00:00+02:00,1113.3327686138614
2026-10-21 10:00:00+02:00,998.4520966336634
2026-10-21 11:00:00+02:00,886.304937970297
2026-10-21 12:00:00+02:00,797.403370990099
2026-10-21 13:00:00+02:00,780.293548490099
2026-10-21 14:00:00+02:00,810.2768968564357
2026-10-21 15:00:00+02:00,873.0075705198019
2026-10-21 16:00:00+02:00,1071.7418562128712
2026-10-21 17:00:00+02:00,1301.4373722772277
2026-10-21 18:00:00+02:00,1439.6824440346534
2026-10-21 19:00:00+02:00,1540.154091559406
2026-10-21 20:00:00+02:00,1412.3710195049507
2026-10-21 21:00:00+02:00,1195.274591881188
2026-10-21 22:00:00+02:00,1109.369187549505
2026-10-21 23:00:00+02:00,1060.3553520544556
2026-10-22 00:00:00+02:00,1027.2490859158415
2026-10-22 01:00:00+02:00,943.8495125
2026-10-22 02:00:00+02:00,939.9924216336633
2026-10-22 03:00:00+02:00,930.1651247029703
2026-10-22 04:00:00+02:00,977.7601504950495
2026-10-22 05:00:00+02:00,1044.1370538366336
2026-10-22 06:00:00+02:00,1231.4672194554455
2026-10-22 07:00:00+02:00,1371.4990483910892
2026-10-22 08:00:00+02:00,1250.1769114851486
2026-10-22 09:00:00+02:00,1094.268903960396
2026-10-22 10:00:00+02:00,981.8768443316832
2026-10-22 11:00:00+02:00,875.1673082920793
2026-10-22 12:00:00+02:00,783.431962970297
2026-10-22 13:00:00+02:00,762.1563075
2026-10-22 14:00:00+02:00,789.7266727475248
2026-10-22 15:00:00+02:00,862.1708683663367
2026-10-22 16:00:00+02:00,1068.5581436633665
2026-10-22 17:00:00+02:00,1294.732993118812
2026-10-22 18:00:00+02:00,1455.0886882673267
2026-10-22 19:00:00+02:00,1506.0563010148514
2026-10-22 20:00:00+02:00,1353.235979430693
2026-10-22 21:00:00+02:00,1175.9957600742573
2026-10-22 22:00:00+02:00,1097.9887761138614
2026-10-22 23:00:00+02:00,1049.028715519802
2026-10-23 00:00:00+02:00,1028.7534586386137
2026-10-23 01:00:00+02:00,942.6439480940593
2026-10-23 02:00:00+02:00,933.7672483663366
2026-10-23 03:00:00+02:00,920.0134565099011
2026-10-23 04:00:00+02:00,972.6851773267326
2026-10-23 05:00:00+02:00,1017.3673518316832
2026-10-23 06:00:00+02:00,1199.852345891089
2026-10-23 07:00:00+02:00,1327.5066760643563
2026-10-23 08:00:00+02:00,1239.436235940594
2026-10-23 09:00:00+02:00,1085.2839921782179
2026-10-23 10:00:00+02:00,979.249158960396
2026-10-23 11:00:00+02:00,870.123460990099
2026-10-23 12:00:00+02:00,768.4930040841584
2026-10-23 13:00:00+02:00,730.7124275247525
2026-10-23 14:00:00+02:00,746.1507247772277
2026-10-23 15:00:00+02:00,831.0853994306931
2026-10-23 16:00:00+02:00,1023.3836506683168
2026-10-23 17:00:00+02:00,1268.2809074009901
2026-10-23 18:00:00+02:00,1396.7133842326734
2026-10-23 19:00:00+02:00,1438.7052242821783
2026-10-23 20:00:00+02:00,1293.746501831683
2026-10-23 21:00:00+02:00,1163.9427650247526
2026-10-23 22:00:00+02:00,1087.4798889356434
2026-10-23 23:00:00+02:00,1045.724737920792
2026-10-24 00:00:00+02:00,1049.3211662128713
2026-10-24 01:00:00+02:00,957.6833044554455
2026-10-24 02:00:00+02:00,940.7860649999999
2026-10-24 03:00:00+02:00,911.5628500247525
2026-10-24 04:00:00+02:00,987.1830760643564
2026-10-24 05:00:00+02:00,1009.7359516584158
2026-10-24 06:00:00+02:00,1052.8409056683167
2026-10-24 07:00:00+02:00,1149.0885744554457
2026-10-24 08:00:00+02:00,963.1953642574258
2026-10-24 09:00:00+02:00,859.4874213366337
2026-10-24 10:00:00+02:00,774.2857264851485
2026-10-24 11:00:00+02:00,676.4218967574257
2026-10-24 12:00:00+02:00,566.1071906930692
2026-10-24 13:00:00+02:00,547.3918032920792
2026-10-24 14:00:00+02:00,580.1787312871287
2026-10-24 15:00:00+02:00,658.5620071039605
2026-10-24 16:00:00+02:00,875.8963158168317
2026-10-24 17:00:00+02:00,1196.1073081435643
2026-10-24 18:00:00+02:00,1317.7098427475248
2026-10-24 19:00:00+02:00,1288.2418592574259
2026-10-24 20:00:00+02:00,1204.2432122524751
2026-10-24 21:00:00+02:00,1092.5837363118812
2026-10-24 22:00:00+02:00,1042.5230121039604
2026-10-24 23:00:00+02:00,1034.0588956683168
2026-10-25 00:00:00+02:00,1023.3849751732673
2026-10-25 01:00:00+02:00,924.8194227227723
2026-10-25 02:00:00+02:00,902.7604550247524
2026-10-25 02:00:00+01:00,903.8494629950495
2026-10-25 03:00:00+01:00,947.9024976485148
2026-10-25 04:00:00+01:00,947.199450420792
2026-10-25 05:00:00+01:00,924.0086932425742
2026-10-25 06:00:00+01:00,958.0128412871287
2026-10-25 07:00:00+01:00,799.4354264851485
2026-10-25 08:00:00+01:00,660.1690289603961
2026-10-25 09:00:00+01:00,637.994167079208
2026-10-25 10:00:00+01:00,566.4335487128714
2026-10-25 11:00:00+01:00,497.01015153465346
2026-10-25 12:00:00+01:00,490.8538525247525
2026-10-25 13:00:00+01:00,524.5791922772277
2026-10-25 14:00:00+01:00,584.91781
2026-10-25 15:00:00+01:00,762.7181625
2026-10-25 16:00:00+01:00,1129.0182184900991
2026-10-25 17:00:00+01:00,1278.538271089109
2026-10-25 18:00:00+01:00,1286.9219900742573
2026-10-25 19:00:00+01:00,1218.3391237376238
2026-10-25 20:00:00+01:00,1140.672537549505
2026-10-25 21:00:00+01:00,1109.1999158168317
2026-10-25 22:00:00+01:00,1059.436807871287
2026-10-25 23:00:00+01:00,1020.291328960396
2026-10-26 00:00:00+01:00,960.8887388861385
2026-10-26 01:00:00+01:00,897.3936934158414
2026-10-26 02:00:00+01:00,895.1989887128711
2026-10-26 03:00:00+01:00,892.7562042326732
2026-10-26 04:00:00+01:00,974.6233254207921
2026-10-26 05:00:00+01:00,1063.1780045544554
2026-10-26 06:00:00+01:00,1186.1944481930693
2026-10-26 07:00:00+01:00,1209.427589529703
2026-10-26 08:00:00+01:00,1081.3825303960396
2026-10-26 09:00:00+01:00,982.4757854702971
2026-10-26 10:00:00+01:00,894.0252124257426
2026-10-26 11:00:00+01:00,809.8853731930693
2026-10-26 12:00:00+01:00,813.9263053465347
2026-10-26 13:00:00+01:00,820.1415448267327
2026-10-26 14:00:00+01:00,898.7142248514851
2026-10-26 15:00:00+01:00,1113.409325
2026-10-26 16:00:00+01:00,1386.9778754950494
2026-10-26 17:00:00+01:00,1654.0436364851485
2026-10-26 18:00:00+01:00,1574.9631412623762
2026-10-26 19:00:00+01:00,1445.5598023019802
2026-10-26 20:00:00+01:00,1277.1513819554455
2026-10-26 21:00:00+01:00,1166.4085958910891
2026-10-26 22:00:00+01:00,1112.6913108663366
2026-10-26 23:00:00+01:00,1042.149899059406
2026-10-27 00:00:00+01:00,1015.9727805693069
2026-10-27 01:00:00+01:00,942.404874950495
2026-10-27 02:00:00+01:00,920.4820663613862
2026-10-27 03:00:00+01:00,928.0681684653465
2026-10-27 04:00:00+01:00,1023.9904063861386
2026-10-27 05:00:00+01:00,1072.75536740099
2026-10-27 06:00:00+01:00,1236.6684179455447
2026-10-27 07:00:00+01:00,1237.8240485148515
2026-10-27 08:00:00+01:00,1114.3976705940595
2026-10-27 09:00:00+01:00,1019.8592754455447
2026-10-27 10:00:00+01:00,916.0337164851485
2026-10-27 11:00:00+01:00,834.1036813118812
2026-10-27 12:00:00+01:00,834.6371919059407
2026-10-27 13:00:00+01:00,850.3055556683169
2026-10-27 14:00:00+01:00,921.5139881683168
2026-10-27 15:00:00+01:00,1143.5363821534654
2026-10-27 16:00:00+01:00,1383.094691881188
2026-10-27 17:00:00+01:00,1668.1168989356436
2026-10-27 18:00:00+01:00,1595.0999873762376
2026-10-27 19:00:00+01:00,1447.9101363366337
2026-10-27 20:00:00+01:00,1277.7313826732675
2026-10-27 21:00:00+01:00,1167.901180519802
2026-10-27 22:00:00+01:00,1107.28190019802
2026-10-27 23:00:00+01:00,1044.39533230198
2026-10-28 00:00:00+01:00,1023.7375583910891
2026-10-28 01:00:00+01:00,952.8406494554456
2026-10-28 02:00:00+01:00,940.2039450742574
2026-10-28 03:00:00+01:00,937.3787760148515
2026-10-28 04:00:00+01:00,1023.0873589108912
2026-10-28 05:00:00+01:00,1080.1173632673267
2026-10-28 06:00:00+01:00,1243.0316046287128
2026-10-28 07:00:00+01:00,1247.8071072277228
2026-10-28 08:00:00+01:00,1115.7515795544555
2026-10-28 09:00:00+01:00,1029.4159760148516
2026-10-28 10:00:00+01:00,928.6351890346534
2026-10-28 11:00:00+01:00,854.613905371287
2026-10-28 12:00:00+01:00,843.1481958168317
2026-10-28 13:00:00+01:00,866.6793507673267
2026-10-28 14:00:00+01:00,931.1268477475248
2026-10-28 15:00:00+01:00,1115.0954198019801
2026-10-28 16:00:00+01:00,1380.4439601237623
2026-10-28 17:00:00+01:00,1660.1037764356438
2026-10-28 18:00:00+01:00,1578.5040727970297
2026-10-28 19:00:00+01:00,1453.2163680693068
2026-10-28 20:00:00+01:00,1290.1169609158417
2026-10-28 21:00:00+01:00,1174.576685470297
2026-10-28 22:00:00+01:00,1120.5374132920792
2026-10-28 23:00:00+01:00,1051.9407721039604
2026-10-29 00:00:00+01:00,1037.3432705940593
2026-10-29 01:00:00+01:00,960.8788050990099
2026-10-29 02:00:00+01:00,944.8571958663366
2026-10-29 03:00:00+01:00,944.4215661881188
2026-10-29 04:00:00+01:00,1036.6562498762376
2026-10-29 05:00:00+01:00,1092.56744490099
2026-10-29 06:00:00+01:00,1277.586084480198
2026-10-29 07:00:00+01:00,1250.9936012376238
2026-10-29 08:00:00+01:00,1119.5070808910891
2026-10-29 09:00:00+01:00,1035.0370425742574
2026-10-29 10:00:00+01:00,934.9789054950495
2026-10-29 11:00:00+01:00,845.7393248514852
2026-10-29 12:00:00+01:00,845.4977351485148
2026-10-29 13:00:00+01:00,875.9741967079208
2026-10-29 14:00:00+01:00,944.9936198762376
2026-10-29 15:00:00+01:00,1144.843536089109
2026-10-29 16:00:00+01:00,1436.082704480198
2026-10-29 17:00:00+01:00,1714.1617241336635
2026-10-29 18:00:00+01:00,1604.8966882425743
2026-10-29 19:00:00+01:00,1486.6072703217822
2026-10-29 20:00:00+01:00,1298.9733957178219
2026-10-29 21:00:00+01:00,1175.1349643069307
2026-10-29 22:00:00+01:00,1137.3162420049505
2026-10-29 23:00:00+01:00,1052.3526931435645
2026-10-30 00:00:00+01:00,1055.1377297029703
2026-10-30 01:00:00+01:00,954.794691608911
2026-10-30 02:00:00+01:00,945.2973288613862
2026-10-30 03:00:00+01:00,946.666734529703
2026-10-30 04:00:00+01:00,1034.5100220544555
2026-10-30 05:00:00+01:00,1081.5527292821782
2026-10-30 06:00:00+01:00,1266.9583892079208
2026-10-30 07:00:00+01:00,1246.600748118812
2026-10-30 08:00:00+01:00,1127.1968917326733
2026-10-30 09:00:00+01:00,1048.4578538861385
2026-10-30 10:00:00+01:00,940.028845519802
2026-10-30 11:00:00+01:00,846.833101039604
2026-10-30 12:00:00+01:00,840.3764043069307
2026-10-30 13:00:00+01:00,857.8731147029703
2026-10-30 14:00:00+01:00,929.3520111138614
2026-10-30 15:00:00+01:00,1108.0008414851486
2026-10-30 16:00:00+01:00,1368.9128200247524
2026-10-30 17:00:00+01:00,1613.0049101980198
2026-10-30 18:00:00+01:00,1471.383277970297
2026-10-30 19:00:00+01:00,1386.6443651485147
2026-10-30 20:00:00+01:00,1235.1702703960395
2026-10-30 21:00:00+01:00,1145.8969148762376
2026-10-30 22:00:00+01:00,1114.5731675
2026-10-30 23:00:00+01:00,1040.5563871534653
2026-10-31 00:00:00+01:00,1080.4352444554456
2026-10-31 01:00:00+01:00,969.4202726237623
2026-10-31 02:00:00+01:00,939.7608981683168
2026-10-31 03:00:00+01:00,933.3477776485148
2026-10-31 04:00:00+01:00,1015.3776804950494
2026-10-31 05:00:00+01:00,1001.033026980198
2026-10-31 06:00:00+01:00,1011.8534377227724
2026-10-31 07:00:00+01:00,959.9139032425743
2026-10-31 08:00:00+01:00,826.7888378217822
2026-10-31 09:00:00+01:00,791.1931646287128
2026-10-31 10:00:00+01:00,711.7892252970297
2026-10-31 11:00:00+01:00,612.210559009901
2026-10-31 12:00:00+01:00,606.2759821287129
2026-10-31 13:00:00+01:00,642.869007549505
2026-10-31 14:00:00+01:00,713.1424720049505
2026-10-31 15:00:00+01:00,892.9471978465347
2026-10-31 16:00:00+01:00,1133.010276410891
2026-10-31 17:00:00+01:00,1472.888842747525
2026-10-31 18:00:00+01:00,1286.9696722524752
2026-10-31 19:00:00+01:00,1224.7348932425743
2026-10-31 20:00:00+01:00,1131.6979569059408
2026-10-31 21:00:00+01:00,1078.8107391336634
2026-10-31 22:00:00+01:00,1060.3018420544554
2026-10-31 23:00:00+01:00,1002.3375319059405
2026-11-01 00:00:00+01:00,1006.191311509901
2026-11-01 01:00:00+01:00,909.3492049009901
2026-11-01 02:00:00+01:00,858.6471553960397
2026-11-01 03:00:00+01:00,856.5221196534653
2026-11-01 04:00:00+01:00,931.0558542821782
2026-11-01 05:00:00+01:00,899.4767423514852
2026-11-01 06:00:00+01:00,853.8335070544554
2026-11-01 07:00:00+01:00,793.0989948019802
2026-11-01 08:00:00+01:00,621.2652722029702
2026-11-01 09:00:00+01:00,587.9313236633664
2026-11-01 10:00:00+01:00,542.2757704702971
2026-11-01 11:00:00+01:00,475.0997932920792
2026-11-01 12:00:00+01:00,474.9592633168317
2026-11-01 13:00:00+01:00,504.86459834158416
2026-11-01 14:00:00+01:00,584.4077431435644
2026-11-01 15:00:00+01:00,754.9883516089109
2026-11-01 16:00:00+01:00,1012.542975
2026-11-01 17:00:00+01:00,1338.5890738861385
2026-11-01 18:00:00+01:00,1193.728232351485
2026-11-01 19:00:00+01:00,1165.295349480198
2026-11-01 20:00:00+01:00,1117.0812500742575
2026-11-01 21:00:00+01:00,1080.5899466336632
2026-11-01 22:00:00+01:00,1038.2823446039604
2026-11-01 23:00:00+01:00,987.7508913366336
2026-11-02 00:00:00+01:00,946.2397141336635
2026-11-02 01:00:00+01:00,892.0215013366336
2026-11-02 02:00:00+01:00,887.9442777475248
2026-11-02 03:00:00+01:00,883.8477163861387
2026-11-02 04:00:00+01:00,945.1936201237625
2026-11-02 05:00:00+01:00,1027.2676289851483
2026-11-02 06:00:00+01:00,1189.9744528712872
2026-11-02 07:00:00+01:00,1232.763512450495
2026-11-02 08:00:00+01:00,1157.1525579455445
2026-11-02 09:00:00+01:00,1077.3589492574256
2026-11-02 10:00:00+01:00,968.6455696782178
2026-11-02 11:00:00+01:00,874.8908841089108
2026-11-02 12:00:00+01:00,877.0270456930693
2026-11-02 13:00:00+01:00,885.6469239108911
2026-11-02 14:00:00+01:00,949.7960099257425
2026-11-02 15:00:00+01:00,1159.4322958663365
2026-11-02 16:00:00+01:00,1450.9323917326733
2026-11-02 17:00:00+01:00,1746.3029559653464
2026-11-02 18:00:00+01:00,1666.0853732425742
2026-11-02 19:00:00+01:00,1511.0676979455445
2026-11-02 20:00:00+01:00,1318.997394009901
2026-11-02 21:00:00+01:00,1213.133157029703
2026-11-02 22:00:00+01:00,1147.9892353465348
2026-11-02 23:00:00+01:00,1056.7303144554455
2026-11-03 00:00:00+01:00,1039.932147970297
2026-11-03 01:00:00+01:00,954.3495254950495
2026-11-03 02:00:00+01:00,941.0848733168317
2026-11-03 03:00:00+01:00,943.1263327970297
2026-11-03 04:00:00+01:00,1019.4848378960396
2026-11-03 05:00:00+01:00,1081.6528618564357
2026-11-03 06:00:00+01:00,1271.739852079208
2026-11-03 07:00:00+01:00,1313.4044069554454
2026-11-03 08:00:00+01:00,1159.4982562128712
2026-11-03 09:00:00+01:00,1077.3883532673267
2026-11-03 10:00:00+01:00,973.2148468564357
2026-11-03 11:00:00+01:00,876.9384363118811
2026-11-03 12:00:00+01:00,884.298048069307
2026-11-03 13:00:00+01:00,886.4645408168317
2026-11-03 14:00:00+01:00,948.8451478217822
2026-11-03 15:00:00+01:00,1168.288995569307
2026-11-03 16:00:00+01:00,1465.1081708663366
2026-11-03 17:00:00+01:00,1774.7835210148514
2026-11-03 18:00:00+01:00,1680.4407552475247
2026-11-03 19:00:00+01:00,1535.2244165841585
2026-11-03 20:00:00+01:00,1321.9225631930692
2026-11-03 21:00:00+01:00,1195.7435990841584
2026-11-03 22:00:00+01:00,1135.0856432178216
2026-11-03 23:00:00+01:00,1054.1876623019803
2026-11-04 00:00:00+01:00,1035.570685618812
2026-11-04 01:00:00+01:00,955.340785
2026-11-04 02:00:00+01:00,940.6073892821782
2026-11-04 03:00:00+01:00,936.5521524752476
2026-11-04 04:00:00+01:00,1030.8420704950495
2026-11-04 05:00:00+01:00,1076.7106040841584
2026-11-04 06:00:00+01:00,1274.6006503217823
2026-11-04 07:00:00+01:00,1291.638154851485
2026-11-04 08:00:00+01:00,1160.4240851732673
2026-11-04 09:00:00+01:00,1089.853931608911
2026-11-04 10:00:00+01:00,983.9641316831683
2026-11-04 11:00:00+01:00,902.0917124752475
2026-11-04 12:00:00+01:00,891.3409706930693
2026-11-04 13:00:00+01:00,907.9664217326732
2026-11-04 14:00:00+01:00,980.8210814356436
2026-11-04 15:00:00+01:00,1174.973242252475
2026-11-04 16:00:00+01:00,1511.9829308663366
2026-11-04 17:00:00+01:00,1826.7823933168318
2026-11-04 18:00:00+01:00,1707.4244972524752
2026-11-04 19:00:00+01:00,1569.855055470297
2026-11-04 20:00:00+01:00,1362.8828787871287
2026-11-04 21:00:00+01:00,1224.5848268316831
2026-11-04 22:00:00+01:00,1149.3635416831683
2026-11-04 23:00:00+01:00,1067.9948317079209
2026-11-05 00:00:00+01:00,1053.0839523267327
2026-11-05 01:00:00+01:00,963.2676822277228
2026-11-05 02:00:00+01:00,952.1083306683169
2026-11-05 03:00:00+01:00,945.8526937871287
2026-11-05 04:00:00+01:00,1034.080617549505
2026-11-05 05:00:00+01:00,1099.437387178218
2026-11-05 06:00:00+01:00,1292.6083547277228
2026-11-05 07:00:00+01:00,1310.7614897772278
2026-11-05 08:00:00+01:00,1158.946335
2026-11-05 09:00:00+01:00,1092.1736695792079
2026-11-05 10:00:00+01:00,988.2810906683169
2026-11-05 11:00:00+01:00,905.4217828217821
2026-11-05 12:00:00+01:00,899.0787286138614
2026-11-05 13:00:00+01:00,914.2923898267327
2026-11-05 14:00:00+01:00,978.5378998019802
2026-11-05 15:00:00+01:00,1184.0193461633664
2026-11-05 16:00:00+01:00,1522.9434742326735
2026-11-05 17:00:00+01:00,1833.1396197277227
2026-11-05 18:00:00+01:00,1641.0309051485149
2026-11-05 19:00:00+01:00,1548.5852278217822
2026-11-05 20:00:00+01:00,1331.470786930693
2026-11-05 21:00:00+01:00,1199.9798957178218
2026-11-05 22:00:00+01:00,1138.486839480198
2026-11-05 23:00:00+01:00,1056.9760101237625
2026-11-06 00:00:00+01:00,1057.1811759405941
2026-11-06 01:00:00+01:00,965.352717920792
2026-11-06 02:00:00+01:00,943.1846110148515
2026-11-06 03:00:00+01:00,942.3977226237624
2026-11-06 04:00:00+01:00,1029.8100162376236
2026-11-06 05:00:00+01:00,1077.4143135643565
2026-11-06 06:00:00+01:00,1250.9791641336633
2026-11-06 07:00:00+01:00,1274.9945580940594
2026-11-06 08:00:00+01:00,1161.5381262871288
2026-11-06 09:00:00+01:00,1088.2095587128713
2026-11-06 10:00:00+01:00,987.484533391089
2026-11-06 11:00:00+01:00,888.769179430693
2026-11-06 12:00:00+01:00,881.5126141584159
2026-11-06 13:00:00+01:00,889.0434844059405
2026-11-06 14:00:00+01:00,955.3738976237623
2026-11-06 15:00:00+01:00,1163.6436918069307
2026-11-06 16:00:00+01:00,1451.0616634158416
2026-11-06 17:00:00+01:00,1734.5702262128714
2026-11-06 18:00:00+01:00,1529.2640118564357
2026-11-06 19:00:00+01:00,1423.638715569307
2026-11-06 20:00:00+01:00,1301.8274389851485
2026-11-06 21:00:00+01:00,1164.7605143811882
2026-11-06 22:00:00+01:00,1128.087223960396
2026-11-06 23:00:00+01:00,1052.4526932673268
2026-11-07 00:00:00+01:00,1089.8320772772277
2026-11-07 01:00:00+01:00,975.1514055445544
2026-11-07 02:00:00+01:00,946.7513703960396
2026-11-07 03:00:00+01:00,941.7569271287128
2026-11-07 04:00:00+01:00,1016.968278490099
2026-11-07 05:00:00+01:00,1013.5068172524752
2026-11-07 06:00:00+01:00,1053.9431586881187
2026-11-07 07:00:00+01:00,1026.5983566336633
2026-11-07 08:00:00+01:00,898.8736952475248
2026-11-07 09:00:00+01:00,871.0188263366337
2026-11-07 10:00:00+01:00,799.0713200742574
2026-11-07 11:00:00+01:00,714.82644759901
2026-11-07 12:00:00+01:00,700.844840891089
2026-11-07 13:00:00+01:00,727.0709660643564
2026-11-07 14:00:00+01:00,786.8596493316832
2026-11-07 15:00:00+01:00,970.0792138366337
2026-11-07 16:00:00+01:00,1224.731581980198
2026-11-07 17:00:00+01:00,1621.6490268564357
2026-11-07 18:00:00+01:00,1363.8912244059406
2026-11-07 19:00:00+01:00,1293.6882236138613
2026-11-07 20:00:00+01:00,1197.0987000990099
2026-11-07 21:00:00+01:00,1107.1787212623763
2026-11-07 22:00:00+01:00,1079.5515347524754
2026-11-07 23:00:00+01:00,1028.1694844059405
2026-11-08 00:00:00+01:00,1035.600486980198
2026-11-08 01:00:00+01:00,947.3487221287128
2026-11-08 02:00:00+01:00,895.6159428712871
2026-11-08 03:00:00+01:00,897.2160773019802
2026-11-08 04:00:00+01:00,954.0146906435643
2026-11-08 05:00:00+01:00,945.4887198267327
2026-11-08 06:00:00+01:00,940.5556011386138
2026-11-08 07:00:00+01:00,897.2411104455446
2026-11-08 08:00:00+01:00,746.0540359158416
2026-11-08 09:00:00+01:00,748.4140388366336
2026-11-08 10:00:00+01:00,699.391726509901
2026-11-08 11:00:00+01:00,630.9352179455445
2026-11-08 12:00:00+01:00,627.3585247772277
2026-11-08 13:00:00+01:00,642.3851658910892
2026-11-08 14:00:00+01:00,715.2663156930694
2026-11-08 15:00:00+01:00,905.2893323267326
2026-11-08 16:00:00+01:00,1191.121606608911
2026-11-08 17:00:00+01:00,1574.713339628713
2026-11-08 18:00:00+01:00,1317.9040151732672
2026-11-08 19:00:00+01:00,1260.492023589109
2026-11-08 20:00:00+01:00,1189.0340543564357
2026-11-08 21:00:00+01:00,1133.9086881188118
2026-11-08 22:00:00+01:00,1085.1249191336633
2026-11-08 23:00:00+01:00,1017.6707959158416
2026-11-09 00:00:00+01:00,961.0729775247526
2026-11-09 01:00:00+01:00,902.095553539604
2026-11-09 02:00:00+01:00,886.9599056683168
2026-11-09 03:00:00+01:00,872.1731324009902
2026-11-09 04:00:00+01:00,953.7092598019801
2026-11-09 05:00:00+01:00,1030.238361138614
2026-11-09 06:00:00+01:00,1226.1453585643565
2026-11-09 07:00:00+01:00,1261.7536145544555
2026-11-09 08:00:00+01:00,1162.4760082425742
2026-11-09 09:00:00+01:00,1104.5173934653467
2026-11-09 10:00:00+01:00,995.7022919059407
2026-11-09 11:00:00+01:00,906.215955990099
2026-11-09 12:00:00+01:00,921.6474982673267
2026-11-09 13:00:00+01:00,940.349905519802
2026-11-09 14:00:00+01:00,1008.465221608911
2026-11-09 15:00:00+01:00,1256.1700314851485
2026-11-09 16:00:00+01:00,1677.7730698267326
2026-11-09 17:00:00+01:00,1917.1475382673266
2026-11-09 18:00:00+01:00,1673.924323341584
2026-11-09 19:00:00+01:00,1548.6878769554455
2026-11-09 20:00:00+01:00,1335.387480519802
2026-11-09 21:00:00+01:00,1242.8535911633664
2026-11-09 22:00:00+01:00,1164.9782629950496
2026-11-09 23:00:00+01:00,1042.6161248019803
2026-11-10 00:00:00+01:00,1030.3836593316832
2026-11-10 01:00:00+01:00,957.2648933415842
2026-11-10 02:00:00+01:00,941.2026218069307
2026-11-10 03:00:00+01:00,928.3157184405941
2026-11-10 04:00:00+01:00,1024.240605371287
2026-11-10 05:00:00+01:00,1073.4092754950495
2026-11-10 06:00:00+01:00,1262.7018276485148
2026-11-10 07:00:00+01:00,1304.1361835643565
2026-11-10 08:00:00+01:00,1180.2429176485148
2026-11-10 09:00:00+01:00,1127.324706460396
2026-11-10 10:00:00+01:00,1013.2521149504951
2026-11-10 11:00:00+01:00,929.0071100247525
2026-11-10 12:00:00+01:00,931.8416830693069
2026-11-10 13:00:00+01:00,951.8640919554455
2026-11-10 14:00:00+01:00,1015.7325153712871
2026-11-10 15:00:00+01:00,1252.1012847277227
2026-11-10 16:00:00+01:00,1666.8264337623764
2026-11-10 17:00:00+01:00,1925.5517870792078
2026-11-10 18:00:00+01:00,1717.3006684158415
2026-11-10 19:00:00+01:00,1550.8114557425743
2026-11-10 20:00:00+01:00,1357.358368638614
2026-11-10 21:00:00+01:00,1224.9276087128715
2026-11-10 22:00:00+01:00,1162.6285912128712
2026-11-10 23:00:00+01:00,1050.6259360396039
2026-11-11 00:00:00+01:00,1049.8839483663367
2026-11-11 01:00:00+01:00,966.3543085643564
2026-11-11 02:00:00+01:00,950.8721701980198
2026-11-11 03:00:00+01:00,944.2577249257427
2026-11-11 04:00:00+01:00,1039.980359950495
2026-11-11 05:00:00+01:00,1080.533390272277
2026-11-11 06:00:00+01:00,1281.8129771287129
2026-11-11 07:00:00+01:00,1301.7013461138613
2026-11-11 08:00:00+01:00,1170.8153563118813
2026-11-11 09:00:00+01:00,1127.9268264108912
2026-11-11 10:00:00+01:00,1003.84733509901
2026-11-11 11:00:00+01:00,916.1069616089109
2026-11-11 12:00:00+01:00,923.1791557920792
2026-11-11 13:00:00+01:00,949.5235592574257
2026-11-11 14:00:00+01:00,1011.4809869306931
2026-11-11 15:00:00+01:00,1246.0237937623763
2026-11-11 16:00:00+01:00,1673.7461774257426
2026-11-11 17:00:00+01:00,1889.2979673762377
2026-11-11 18:00:00+01:00,1645.3981953217822
2026-11-11 19:00:00+01:00,1535.8861392574258
2026-11-11 20:00:00+01:00,1339.8910622524752
2026-11-11 21:00:00+01:00,1233.6960963861386
2026-11-11 22:00:00+01:00,1175.7666207178218
2026-11-11 23:00:00+01:00,1046.0989105693068
2026-11-12 00:00:00+01:00,1054.7270007178217
2026-11-12 01:00:00+01:00,959.1117830445545
2026-11-12 02:00:00+01:00,940.9851380940595
2026-11-12 03:00:00+01:00,932.4724123267328
2026-11-12 04:00:00+01:00,1035.3121422524753
2026-11-12 05:00:00+01:00,1080.5559068564357
2026-11-12 06:00:00+01:00,1267.108455618812
2026-11-12 07:00:00+01:00,1300.1197547524753
2026-11-12 08:00:00+01:00,1180.36424230198
2026-11-12 09:00:00+01:00,1129.7776896287128
2026-11-12 10:00:00+01:00,1020.7910646782178
2026-11-12 11:00:00+01:00,936.569503490099
2026-11-12 12:00:00+01:00,950.0055466089109
2026-11-12 13:00:00+01:00,966.8547065346535
2026-11-12 14:00:00+01:00,1026.6033897524753
2026-11-12 15:00:00+01:00,1263.8055376237623
2026-11-12 16:00:00+01:00,1667.0852420297028
2026-11-12 17:00:00+01:00,1925.394038539604
2026-11-12 18:00:00+01:00,1642.770245049505
2026-11-12 19:00:00+01:00,1521.214200569307
2026-11-12 20:00:00+01:00,1328.9438963861387
2026-11-12 21:00:00+01:00,1232.1861607425742
2026-11-12 22:00:00+01:00,1169.9884678712872
2026-11-12 23:00:00+01:00,1043.0669862871287
2026-11-13 00:00:00+01:00,1065.7944316336634
2026-11-13 01:00:00+01:00,972.8337867821781
2026-11-13 02:00:00+01:00,952.5895233168317
2026-11-13 03:00:00+01:00,941.489642029703
2026-11-13 04:00:00+01:00,1037.219032029703
2026-11-13 05:00:00+01:00,1079.6699454950494
2026-11-13 06:00:00+01:00,1260.8826200990097
2026-11-13 07:00:00+01:00,1305.1690325247525
2026-11-13 08:00:00+01:00,1192.2114092821782
2026-11-13 09:00:00+01:00,1141.6758500495048
2026-11-13 10:00:00+01:00,1032.948828069307
2026-11-13 11:00:00+01:00,939.6056661881187
2026-11-13 12:00:00+01:00,942.2889807673266
2026-11-13 13:00:00+01:00,958.4760206683169
2026-11-13 14:00:00+01:00,1015.3192698267327
2026-11-13 15:00:00+01:00,1255.9904286138615
2026-11-13 16:00:00+01:00,1621.352602648515
2026-11-13 17:00:00+01:00,1799.1969287128713
2026-11-13 18:00:00+01:00,1553.2849687376238
2026-11-13 19:00:00+01:00,1447.5186126732674
2026-11-13 20:00:00+01:00,1291.193783440594
2026-11-13 21:00:00+01:00,1197.221746608911
2026-11-13 22:00:00+01:00,1157.0586505445544
2026-11-13 23:00:00+01:00,1036.4922761633663
2026-11-14 00:00:00+01:00,1090.4998926732674
2026-11-14 01:00:00+01:00,975.8869031435644
2026-11-14 02:00:00+01:00,953.9753528465346
2026-11-14 03:00:00+01:00,938.9514931930693
2026-11-14 04:00:00+01:00,1018.611061980198
2026-11-14 05:00:00+01:00,1005.8856157673267
2026-11-14 06:00:00+01:00,1064.3397278465345
2026-11-14 07:00:00+01:00,1025.4996797772278
2026-11-14 08:00:00+01:00,909.6527814356436
2026-11-14 09:00:00+01:00,909.3942380693069
2026-11-14 10:00:00+01:00,832.655600049505
2026-11-14 11:00:00+01:00,763.2748519306931
2026-11-14 12:00:00+01:00,758.1412031930694
2026-11-14 13:00:00+01:00,778.2534135148514
2026-11-14 14:00:00+01:00,834.5165295049505
2026-11-14 15:00:00+01:00,1030.3962421287129
2026-11-14 16:00:00+01:00,1367.4518910643565
2026-11-14 17:00:00+01:00,1704.4021094059406
2026-11-14 18:00:00+01:00,1366.0532138366336
2026-11-14 19:00:00+01:00,1304.4153892079207
2026-11-14 20:00:00+01:00,1198.9433381435642
2026-11-14 21:00:00+01:00,1129.2623247524753
2026-11-14 22:00:00+01:00,1128.3670918564358
2026-11-14 23:00:00+01:00,1021.6531849504951
2026-11-15 00:00:00+01:00,1051.982494009901
2026-11-15 01:00:00+01:00,940.7358662623762
2026-11-15 02:00:00+01:00,905.7645647029702
2026-11-15 03:00:00+01:00,892.6261378465347
2026-11-15 04:00:00+01:00,962.6524496782179
2026-11-15 05:00:00+01:00,942.6434182920791
2026-11-15 06:00:00+01:00,949.4700492574257
2026-11-15 07:00:00+01:00,894.9905116336633
2026-11-15 08:00:00+01:00,758.683455519802
2026-11-15 09:00:00+01:00,764.2731313118812
2026-11-15 10:00:00+01:00,723.5619550990099
2026-11-15 11:00:00+01:00,672.4539448267326
2026-11-15 12:00:00+01:00,664.7759220792079
2026-11-15 13:00:00+01:00,678.1792499257426
2026-11-15 14:00:00+01:00,747.2419844059406
2026-11-15 15:00:00+01:00,946.8319002970297
2026-11-15 16:00:00+01:00,1256.4994358663366
2026-11-15 17:00:00+01:00,1587.3322956435643
2026-11-15 18:00:00+01:00,1283.1120515841585
2026-11-15 19:00:00+01:00,1241.474384158416
2026-11-15 20:00:00+01:00,1179.8721887128713
2026-11-15 21:00:00+01:00,1121.9914548267327
2026-11-15 22:00:00+01:00,1093.912612128713
2026-11-15 23:00:00+01:00,1001.9763394059406
2026-11-16 00:00:00+01:00,968.7463645049505
2026-11-16 01:00:00+01:00,886.9330182178218
2026-11-16 02:00:00+01:00,876.180554579208
2026-11-16 03:00:00+01:00,872.4782983415843
2026-11-16 04:00:00+01:00,958.3891331435643
2026-11-16 05:00:00+01:00,1029.9729303465347
2026-11-16 06:00:00+01:00,1230.1345025742573
2026-11-16 07:00:00+01:00,1254.3962544554456
2026-11-16 08:00:00+01:00,1173.4876775
2026-11-16 09:00:00+01:00,1118.6472122772277
2026-11-16 10:00:00+01:00,1015.2033756435643
2026-11-16 11:00:00+01:00,924.444058019802
2026-11-16 12:00:00+01:00,941.3624895544555
2026-11-16 13:00:00+01:00,964.4962930198019
2026-11-16 14:00:00+01:00,1030.926044108911
2026-11-16 15:00:00+01:00,1280.767015569307
2026-11-16 16:00:00+01:00,1705.2740310148515
2026-11-16 17:00:00+01:00,1943.9488959405942
2026-11-16 18:00:00+01:00,1649.331180321782
2026-11-16 19:00:00+01:00,1556.3780851485149
2026-11-16 20:00:00+01:00,1354.5264446039605
2026-11-16 21:00:00+01:00,1254.7091025247526
2026-11-16 22:00:00+01:00,1180.2156328465346
2026-11-16 23:00:00+01:00,1042.0367863366337
2026-11-17 00:00:00+01:00,1046.6424874009901
2026-11-17 01:00:00+01:00,955.4928381683169
2026-11-17 02:00:00+01:00,938.5318900247524
2026-11-17 03:00:00+01:00,933.4173141584158
2026-11-17 04:00:00+01:00,1059.5760133415843
2026-11-17 05:00:00+01:00,1082.7512738118812
2026-11-17 06:00:00+01:00,1280.6376114356435
2026-11-17 07:00:00+01:00,1276.943699579208
2026-11-17 08:00:00+01:00,1176.8111253217821
2026-11-17 09:00:00+01:00,1124.1588747277228
2026-11-17 10:00:00+01:00,1024.7394139356436
2026-11-17 11:00:00+01:00,922.8298838366336
2026-11-17 12:00:00+01:00,946.3477937376238
2026-11-17 13:00:00+01:00,972.4714022277228
2026-11-17 14:00:00+01:00,1027.4742517574257
2026-11-17 15:00:00+01:00,1311.5131463366338
2026-11-17 16:00:00+01:00,1777.9522666584157
2026-11-17 17:00:00+01:00,1990.668953762376
2026-11-17 18:00:00+01:00,1654.1770141336633
2026-11-17 19:00:00+01:00,1572.998503069307
2026-11-17 20:00:00+01:00,1365.8876507178218
2026-11-17 21:00:00+01:00,1261.7802371039604
2026-11-17 22:00:00+01:00,1206.9523546782177
2026-11-17 23:00:00+01:00,1053.810443292079
2026-11-18 00:00:00+01:00,1067.6131093811882
2026-11-18 01:00:00+01:00,962.0625151732672
2026-11-18 02:00:00+01:00,947.7940206930693
2026-11-18 03:00:00+01:00,945.1353419059405
2026-11-18 04:00:00+01:00,1070.9899347524752
2026-11-18 05:00:00+01:00,1090.129958440594
2026-11-18 06:00:00+01:00,1286.7340428217822
2026-11-18 07:00:00+01:00,1327.377801732673
2026-11-18 08:00:00+01:00,1215.916074381188
2026-11-18 09:00:00+01:00,1153.172420569307
2026-11-18 10:00:00+01:00,1054.6761397277228
2026-11-18 11:00:00+01:00,963.7557623019802
2026-11-18 12:00:00+01:00,980.5108823762376
2026-11-18 13:00:00+01:00,1011.5590002722772
2026-11-18 14:00:00+01:00,1072.449539207921
2026-11-18 15:00:00+01:00,1352.1567727970296
2026-11-18 16:00:00+01:00,1826.2580218069306
2026-11-18 17:00:00+01:00,1944.8993606930694
2026-11-18 18:00:00+01:00,1656.9600639356436
2026-11-18 19:00:00+01:00,1607.1347042574257
2026-11-18 20:00:00+01:00,1390.005164009901
2026-11-18 21:00:00+01:00,1270.404883539604
2026-11-18 22:00:00+01:00,1212.7478585396038
2026-11-18 23:00:00+01:00,1064.966880940594
2026-11-19 00:00:00+01:00,1079.7370978960396
2026-11-19 01:00:00+01:00,972.8160384158416
2026-11-19 02:00:00+01:00,960.4993344306931
2026-11-19 03:00:00+01:00,947.7277954455446
2026-11-19 04:00:00+01:00,1063.1374747029704
2026-11-19 05:00:00+01:00,1097.5425503960396
2026-11-19 06:00:00+01:00,1285.623710321782
2026-11-19 07:00:00+01:00,1335.2637717574257
2026-11-19 08:00:00+01:00,1220.1126358663366
2026-11-19 09:00:00+01:00,1171.5545625247523
2026-11-19 10:00:00+01:00,1063.2374748267328
2026-11-19 11:00:00+01:00,963.511788490099
2026-11-19 12:00:00+01:00,985.710226559406
2026-11-19 13:00:00+01:00,1010.1086673514852
2026-11-19 14:00:00+01:00,1085.1279654950495
2026-11-19 15:00:00+01:00,1378.3023680693068
2026-11-19 16:00:00+01:00,1822.3443745792079
2026-11-19 17:00:00+01:00,2003.8631422772278
2026-11-19 18:00:00+01:00,1667.1663017326732
2026-11-19 19:00:00+01:00,1587.7564021287128
2026-11-19 20:00:00+01:00,1370.3236826980196
2026-11-19 21:00:00+01:00,1242.0697491336634
2026-11-19 22:00:00+01:00,1198.0904894059406
2026-11-19 23:00:00+01:00,1062.6479376732673
2026-11-20 00:00:00+01:00,985.86824
2026-11-20 01:00:00+01:00,921.415445
2026-11-20 02:00:00+01:00,937.5353325
2026-11-20 03:00:00+01:00,934.8999650000001
2026-11-20 04:00:00+01:00,941.3211650000001
2026-11-20 05:00:00+01:00,1078.360275
2026-11-20 06:00:00+01:00,1226.77026
2026-11-20 07:00:00+01:00,1250.4885675
2026-11-20 08:00:00+01:00,1152.7525525
2026-11-20 09:00:00+01:00,1058.90939
2026-11-20 10:00:00+01:00,934.4049975
2026-11-20 11:00:00+01:00,841.846075
2026-11-20 12:00:00+01:00,840.2675300000001
2026-11-20 13:00:00+01:00,867.4104775
2026-11-20 14:00:00+01:00,969.4272925
2026-11-20 15:00:00+01:00,1182.2633175
2026-11-20 16:00:00+01:00,1504.8215974999998
2026-11-20 17:00:00+01:00,1839.6202899999998
2026-11-20 18:00:00+01:00,1654.0877425
2026-11-20 19:00:00+01:00,1342.753185
2026-11-20 20:00:00+01:00,1190.1827975
2026-11-20 21:00:00+01:00,1110.11846
2026-11-20 22:00:00+01:00,1111.77727
2026-11-20 23:00:00+01:00,1083.47048
2026-11-21 00:00:00+01:00,1025.8268325
2026-11-21 01:00:00+01:00,971.875375
2026-11-21 02:00:00+01:00,956.81231
2026-11-21 03:00:00+01:00,948.545015
2026-11-21 04:00:00+01:00,944.1438175000001
2026-11-21 05:00:00+01:00,1054.8426299999999
2026-11-21 06:00:00+01:00,1031.2313425
2026-11-21 07:00:00+01:00,1002.8175325
2026-11-21 08:00:00+01:00,913.8839125
2026-11-21 09:00:00+01:00,894.2591199999999
2026-11-21 10:00:00+01:00,810.7968975
2026-11-21 11:00:00+01:00,715.9638
2026-11-21 12:00:00+01:00,689.6502575
2026-11-21 13:00:00+01:00,745.9294
2026-11-21 14:00:00+01:00,832.428315
2026-11-21 15:00:00+01:00,978.53737
2026-11-21 16:00:00+01:00,1256.1873825
2026-11-21 17:00:00+01:00,1498.6411925
2026-11-21 18:00:00+01:00,1343.1009999999999
2026-11-21 19:00:00+01:00,1200.9249300000001
2026-11-21 20:00:00+01:00,1097.5837425
2026-11-21 21:00:00+01:00,1070.0796025
2026-11-21 22:00:00+01:00,1006.1619075
2026-11-21 23:00:00+01:00,1045.2777174999999
2026-11-22 00:00:00+01:00,946.725675
2026-11-22 01:00:00+01:00,893.2558075000001
2026-11-22 02:00:00+01:00,886.098845
2026-11-22 03:00:00+01:00,842.327665
2026-11-22 04:00:00+01:00,856.2536425
2026-11-22 05:00:00+01:00,899.07502
2026-11-22 06:00:00+01:00,907.3824474999999
2026-11-22 07:00:00+01:00,860.86888
2026-11-22 08:00:00+01:00,763.5743225
2026-11-22 09:00:00+01:00,754.6113975
2026-11-22 10:00:00+01:00,718.85334
2026-11-22 11:00:00+01:00,664.6343325
2026-11-22 12:00:00+01:00,592.810535
2026-11-22 13:00:00+01:00,704.753455
2026-11-22 14:00:00+01:00,787.9481275
2026-11-22 15:00:00+01:00,925.6026025
2026-11-22 16:00:00+01:00,1131.0810025
2026-11-22 17:00:00+01:00,1365.120365
2026-11-22 18:00:00+01:00,1335.2216525
2026-11-22 19:00:00+01:00,1176.4039725
2026-11-22 20:00:00+01:00,1106.7874625
2026-11-22 21:00:00+01:00,1052.9028925
2026-11-22 22:00:00+01:00,1003.68707
2026-11-22 23:00:00+01:00,1009.1317125
2026-11-23 00:00:00+01:00,902.76721
2026-11-23 01:00:00+01:00,871.24982
2026-11-23 02:00:00+01:00,874.273135
2026-11-23 03:00:00+01:00,847.1034325
2026-11-23 04:00:00+01:00,870.98227
2026-11-23 05:00:00+01:00,1001.1052125
2026-11-23 06:00:00+01:00,1169.0463475
2026-11-23 07:00:00+01:00,1245.472005
2026-11-23 08:00:00+01:00,1192.6710125
2026-11-23 09:00:00+01:00,1119.8974125
2026-11-23 10:00:00+01:00,977.7347199999999
2026-11-23 11:00:00+01:00,871.0759125
2026-11-23 12:00:00+01:00,887.03527
2026-11-23 13:00:00+01:00,929.7228725
2026-11-23 14:00:00+01:00,1000.8242849999999
2026-11-23 15:00:00+01:00,1199.90824
2026-11-23 16:00:00+01:00,1442.977415
2026-11-23 17:00:00+01:00,1596.3772075
2026-11-23 18:00:00+01:00,1526.078445
2026-11-23 19:00:00+01:00,1506.279745
2026-11-23 20:00:00+01:00,1213.4328925
2026-11-23 21:00:00+01:00,1128.445635
2026-11-23 22:00:00+01:00,1052.38117
2026-11-23 23:00:00+01:00,1053.959715
2026-11-24 00:00:00+01:00,943.836135
2026-11-24 01:00:00+01:00,904.9209875
2026-11-24 02:00:00+01:00,941.2810325
2026-11-24 03:00:00+01:00,904.024695
2026-11-24 04:00:00+01:00,925.0139925
2026-11-24 05:00:00+01:00,1062.8557525
2026-11-24 06:00:00+01:00,1209.16547
2026-11-24 07:00:00+01:00,1270.086605
2026-11-24 08:00:00+01:00,1201.24599
2026-11-24 09:00:00+01:00,1125.9306649999999
2026-11-24 10:00:00+01:00,982.5639975
2026-11-24 11:00:00+01:00,873.97883
2026-11-24 12:00:00+01:00,876.27976
2026-11-24 13:00:00+01:00,923.0876325
2026-11-24 14:00:00+01:00,1007.53979
2026-11-24 15:00:00+01:00,1186.9588199999998
2026-11-24 16:00:00+01:00,1500.340135
2026-11-24 17:00:00+01:00,1587.1868650000001
2026-11-24 18:00:00+01:00,1562.625775
2026-11-24 19:00:00+01:00,1363.3946675
2026-11-24 20:00:00+01:00,1178.8921875
2026-11-24 21:00:00+01:00,1111.8976675
2026-11-24 22:00:00+01:00,1061.74542
2026-11-24 23:00:00+01:00,1051.3778575
2026-11-25 00:00:00+01:00,968.31696
2026-11-25 01:00:00+01:00,900.73383
2026-11-25 02:00:00+01:00,929.8700249999999
2026-11-25 03:00:00+01:00,915.7032525
2026-11-25 04:00:00+01:00,913.3889449999999
2026-11-25 05:00:00+01:00,1057.3977325
2026-11-25 06:00:00+01:00,1235.733185
2026-11-25 07:00:00+01:00,1253.2443325
2026-11-25 08:00:00+01:00,1159.374415
2026-11-25 09:00:00+01:00,1080.1528600000001
2026-11-25 10:00:00+01:00,952.95959
2026-11-25 11:00:00+01:00,855.4777475
2026-11-25 12:00:00+01:00,819.39863
2026-11-25 13:00:00+01:00,870.76823
2026-11-25 14:00:00+01:00,978.1494225
2026-11-25 15:00:00+01:00,1170.8389325
2026-11-25 16:00:00+01:00,1481.237065
2026-11-25 17:00:00+01:00,1589.8489875
2026-11-25 18:00:00+01:00,1520.459895
2026-11-25 19:00:00+01:00,1392.0492725
2026-11-25 20:00:00+01:00,1213.98137
2026-11-25 21:00:00+01:00,1117.2887999999998
2026-11-25 22:00:00+01:00,1076.594445
2026-11-25 23:00:00+01:00,1073.08954
2026-11-26 00:00:00+01:00,980.08916
2026-11-26 01:00:00+01:00,930.9134700000001
2026-11-26 02:00:00+01:00,948.1035575000001
2026-11-26 03:00:00+01:00,950.2439575000001
2026-11-26 04:00:00+01:00,933.2144
2026-11-26 05:00:00+01:00,1082.18624
2026-11-26 06:00:00+01:00,1229.6999325
2026-11-26 07:00:00+01:00,1253.41824
2026-11-26 08:00:00+01:00,1168.4577375
2026-11-26 09:00:00+01:00,1094.7477125
2026-11-26 10:00:00+01:00,972.9321975
2026-11-26 11:00:00+01:00,860.7217275
2026-11-26 12:00:00+01:00,843.9864749999999
2026-11-26 13:00:00+01:00,910.4325175
2026-11-26 14:00:00+01:00,1002.29581
2026-11-26 15:00:00+01:00,1252.88314
2026-11-26 16:00:00+01:00,1739.0883775
2026-11-26 17:00:00+01:00,1678.7826075
2026-11-26 18:00:00+01:00,1605.6611925
2026-11-26 19:00:00+01:00,1389.7215875
2026-11-26 20:00:00+01:00,1208.14878
2026-11-26 21:00:00+01:00,1127.0142425
2026-11-26 22:00:00+01:00,1061.558135
2026-11-26 23:00:00+01:00,1061.344095
2026-11-27 00:00:00+01:00,956.49125
2026-11-27 01:00:00+01:00,929.067375
2026-11-27 02:00:00+01:00,952.69204
2026-11-27 03:00:00+01:00,928.371745
2026-11-27 04:00:00+01:00,927.5824725
2026-11-27 05:00:00+01:00,1082.2798825
2026-11-27 06:00:00+01:00,1212.2824275
2026-11-27 07:00:00+01:00,1237.7531875
2026-11-27 08:00:00+01:00,1207.7608324999999
2026-11-27 09:00:00+01:00,1127.857025
2026-11-27 10:00:00+01:00,986.055525
2026-11-27 11:00:00+01:00,879.7980425
2026-11-27 12:00:00+01:00,875.9720775
2026-11-27 13:00:00+01:00,931.28804
2026-11-27 14:00:00+01:00,990.2159275
2026-11-27 15:00:00+01:00,1219.3858799999998
2026-11-27 16:00:00+01:00,1505.55736
2026-11-27 17:00:00+01:00,1550.1445675
2026-11-27 18:00:00+01:00,1510.239485
2026-11-27 19:00:00+01:00,1402.4703450000002
2026-11-27 20:00:00+01:00,1209.80759
2026-11-27 21:00:00+01:00,1125.0076175
2026-11-27 22:00:00+01:00,1060.4478025
2026-11-27 23:00:00+01:00,1068.0997325
2026-11-28 00:00:00+01:00,1020.301925
2026-11-28 01:00:00+01:00,964.0495375
2026-11-28 02:00:00+01:00,948.89283
2026-11-28 03:00:00+01:00,960.2770825
2026-11-28 04:00:00+01:00,952.1970725
2026-11-28 05:00:00+01:00,1047.24421
2026-11-28 06:00:00+01:00,1034.1476375000002
2026-11-28 07:00:00+01:00,1010.64337
2026-11-28 08:00:00+01:00,972.8786875000001
2026-11-28 09:00:00+01:00,969.4005375
2026-11-28 10:00:00+01:00,862.393915
2026-11-28 11:00:00+01:00,742.4780049999999
2026-11-28 12:00:00+01:00,727.3614299999999
2026-11-28 13:00:00+01:00,767.0926049999999
2026-11-28 14:00:00+01:00,853.43099
2026-11-28 15:00:00+01:00,991.406525
2026-11-28 16:00:00+01:00,1277.7251575
2026-11-28 17:00:00+01:00,1567.8429999999998
2026-11-28 18:00:00+01:00,1496.30013
2026-11-28 19:00:00+01:00,1251.11731
2026-11-28 20:00:00+01:00,1141.74287
2026-11-28 21:00:00+01:00,1078.9622625000002
2026-11-28 22:00:00+01:00,1055.779055
2026-11-28 23:00:00+01:00,1044.03361
2026-11-29 00:00:00+01:00,961.7486074999999
2026-11-29 01:00:00+01:00,919.7967675
2026-11-29 02:00:00+01:00,897.3493225
2026-11-29 03:00:00+01:00,923.4755799999999
2026-11-29 04:00:00+01:00,927.8232674999999
2026-11-29 05:00:00+01:00,923.20803
2026-11-29 06:00:00+01:00,910.7000674999999
2026-11-29 07:00:00+01:00,872.721345
2026-11-29 08:00:00+01:00,765.193
2026-11-29 09:00:00+01:00,770.9453249999999
2026-11-29 10:00:00+01:00,739.3075375
2026-11-29 11:00:00+01:00,679.68402
2026-11-29 12:00:00+01:00,619.69931
2026-11-29 13:00:00+01:00,720.9536075
2026-11-29 14:00:00+01:00,796.255555
2026-11-29 15:00:00+01:00,963.60808
2026-11-29 16:00:00+01:00,1157.8092474999999
2026-11-29 17:00:00+01:00,1398.1494125
2026-11-29 18:00:00+01:00,1343.26153
2026-11-29 19:00:00+01:00,1211.6403075
2026-11-29 20:00:00+01:00,1123.8839075
2026-11-29 21:00:00+01:00,1071.0962925
2026-11-29 22:00:00+01:00,1017.6799349999999
2026-11-29 23:00:00+01:00,1016.0077475
2026-11-30 00:00:00+01:00,899.4495900000001
2026-11-30 01:00:00+01:00,892.894615
2026-11-30 02:00:00+01:00,882.8481125000001
2026-11-30 03:00:00+01:00,856.74861
2026-11-30 04:00:00+01:00,883.583875
2026-11-30 05:00:00+01:00,1004.22217
2026-11-30 06:00:00+01:00,1170.5044950000001
2026-11-30 07:00:00+01:00,1252.6022125
2026-11-30 08:00:00+01:00,1211.118585
2026-11-30 09:00:00+01:00,1153.488315
2026-11-30 10:00:00+01:00,1002.99144
2026-11-30 11:00:00+01:00,897.3627
2026-11-30 12:00:00+01:00,906.6333075
2026-11-30 13:00:00+01:00,952.21045
2026-11-30 14:00:00+01:00,1031.5791575
2026-11-30 15:00:00+01:00,1222.64999
2026-11-30 16:00:00+01:00,1741.6568575000001
2026-11-30 17:00:00+01:00,1546.572775
2026-11-30 18:00:00+01:00,1595.1331
2026-11-30 19:00:00+01:00,1391.6880800000001
2026-11-30 20:00:00+01:00,1210.690505
2026-11-30 21:00:00+01:00,1119.3088025000002
2026-11-30 22:00:00+01:00,1047.7926875
2026-11-30 23:00:00+01:00,1037.4385025
2026-12-01 00:00:00+01:00,922.271605
2026-12-01 01:00:00+01:00,892.33276
2026-12-01 02:00:00+01:00,885.80454
2026-12-01 03:00:00+01:00,868.012465
2026-12-01 04:00:00+01:00,878.6208225
2026-12-01 05:00:00+01:00,1005.6535625
2026-12-01 06:00:00+01:00,1169.273765
2026-12-01 07:00:00+01:00,1250.36817
2026-12-01 08:00:00+01:00,1189.0457099999999
2026-12-01 09:00:00+01:00,1121.14152
2026-12-01 10:00:00+01:00,984.343205
2026-12-01 11:00:00+01:00,889.6973925
2026-12-01 12:00:00+01:00,872.58757
2026-12-01 13:00:00+01:00,922.913725
2026-12-01 14:00:00+01:00,991.37977
2026-12-01 15:00:00+01:00,1190.5573675
2026-12-01 16:00:00+01:00,1524.9413575
2026-12-01 17:00:00+01:00,1519.710755
2026-12-01 18:00:00+01:00,1492.902245
2026-12-01 19:00:00+01:00,1337.48245
2026-12-01 20:00:00+01:00,1177.8487425
2026-12-01 21:00:00+01:00,1086.9352525
2026-12-01 22:00:00+01:00,1021.7600725
2026-12-01 23:00:00+01:00,1041.94672
2026-12-02 00:00:00+01:00,953.4278025
2026-12-02 01:00:00+01:00,890.3662675
2026-12-02 02:00:00+01:00,924.5056475
2026-12-02 03:00:00+01:00,904.8407225
2026-12-02 04:00:00+01:00,922.6863075
2026-12-02 05:00:00+01:00,1029.6795525
2026-12-02 06:00:00+01:00,1185.0458374999998
2026-12-02 07:00:00+01:00,1239.7865674999998
2026-12-02 08:00:00+01:00,1196.32307
2026-12-02 09:00:00+01:00,1134.57253
2026-12-02 10:00:00+01:00,992.5168574999999
2026-12-02 11:00:00+01:00,895.409585
2026-12-02 12:00:00+01:00,902.7538325
2026-12-02 13:00:00+01:00,940.6656675
2026-12-02 14:00:00+01:00,1010.6032375
2026-12-02 15:00:00+01:00,1201.8346
2026-12-02 16:00:00+01:00,1534.93435
2026-12-02 17:00:00+01:00,1585.2738825
2026-12-02 18:00:00+01:00,1531.215405
2026-12-02 19:00:00+01:00,1350.5790225
2026-12-02 20:00:00+01:00,1193.8081
2026-12-02 21:00:00+01:00,1099.7241425
2026-12-02 22:00:00+01:00,1051.84607
2026-12-02 23:00:00+01:00,1048.929775
2026-12-03 00:00:00+01:00,946.4982574999999
2026-12-03 01:00:00+01:00,914.4457675
2026-12-03 02:00:00+01:00,935.6624825
2026-12-03 03:00:00+01:00,894.1922325
2026-12-03 04:00:00+01:00,895.81091
2026-12-03 05:00:00+01:00,1036.6358525
2026-12-03 06:00:00+01:00,1215.85422
2026-12-03 07:00:00+01:00,1237.09769
2026-12-03 08:00:00+01:00,1193.9017425
2026-12-03 09:00:00+01:00,1116.7670775
2026-12-03 10:00:00+01:00,982.4569775
2026-12-03 11:00:00+01:00,873.97883
2026-12-03 12:00:00+01:00,870.206375
2026-12-03 13:00:00+01:00,912.8939775
2026-12-03 14:00:00+01:00,989.1591050000001
2026-12-03 15:00:00+01:00,1180.938945
2026-12-03 16:00:00+01:00,1672.88313
2026-12-03 17:00:00+01:00,1582.317455
2026-12-03 18:00:00+01:00,1561.0472300000001
2026-12-03 19:00:00+01:00,1513.717635
2026-12-03 20:00:00+01:00,1206.356195
2026-12-03 21:00:00+01:00,1086.30651
2026-12-03 22:00:00+01:00,1029.7865725
2026-12-03 23:00:00+01:00,1054.9897825
2026-12-04 00:00:00+01:00,934.8999650000001
2026-12-04 01:00:00+01:00,890.6873275
2026-12-04 02:00:00+01:00,926.445385
2026-12-04 03:00:00+01:00,897.1887925
2026-12-04 04:00:00+01:00,884.1591075
2026-12-04 05:00:00+01:00,1043.150695
2026-12-04 06:00:00+01:00,1185.03246
2026-12-04 07:00:00+01:00,1229.4323825
2026-12-04 08:00:00+01:00,1153.4749375000001
2026-12-04 09:00:00+01:00,1074.8419925
2026-12-04 10:00:00+01:00,959.8757575
2026-12-04 11:00:00+01:00,858.862255
2026-12-04 12:00:00+01:00,835.5987825
2026-12-04 13:00:00+01:00,883.9183125
2026-12-04 14:00:00+01:00,951.7689925
2026-12-04 15:00:00+01:00,1200.630625
2026-12-04 16:00:00+01:00,1504.3935175000001
2026-12-04 17:00:00+01:00,1565.515315
2026-12-04 18:00:00+01:00,1501.0625200000002
2026-12-04 19:00:00+01:00,1341.790005
2026-12-04 20:00:00+01:00,1183.1194775
2026-12-04 21:00:00+01:00,1075.845305
2026-12-04 22:00:00+01:00,1026.64286
2026-12-04 23:00:00+01:00,1050.909645
2026-12-05 00:00:00+01:00,977.4537925
2026-12-05 01:00:00+01:00,924.2113425
2026-12-05 02:00:00+01:00,939.234275
2026-12-05 03:00:00+01:00,884.5069225
2026-12-05 04:00:00+01:00,927.7296249999999
2026-12-05 05:00:00+01:00,1000.2222975
2026-12-05 06:00:00+01:00,1008.369195
2026-12-05 07:00:00+01:00,957.6550925
2026-12-05 08:00:00+01:00,912.318745
2026-12-05 09:00:00+01:00,892.627065
2026-12-05 10:00:00+01:00,809.526035
2026-12-05 11:00:00+01:00,724.9133475
2026-12-05 12:00:00+01:00,669.6642725
2026-12-05 13:00:00+01:00,722.5053975000001
2026-12-05 14:00:00+01:00,815.9071025000001
2026-12-05 15:00:00+01:00,1002.13528
2026-12-05 16:00:00+01:00,1349.7228625
2026-12-05 17:00:00+01:00,1590.8924324999998
2026-12-05 18:00:00+01:00,1513.5169725
2026-12-05 19:00:00+01:00,1203.306125
2026-12-05 20:00:00+01:00,1143.34817
2026-12-05 21:00:00+01:00,1049.06355
2026-12-05 22:00:00+01:00,1064.0597275
2026-12-05 23:00:00+01:00,1039.1508225
2026-12-06 00:00:00+01:00,955.36754
2026-12-06 01:00:00+01:00,904.64006
2026-12-06 02:00:00+01:00,905.76377
2026-12-06 03:00:00+01:00,894.0450800000001
2026-12-06 04:00:00+01:00,894.178855
2026-12-06 05:00:00+01:00,971.126235
2026-12-06 06:00:00+01:00,888.6271925
2026-12-06 07:00:00+01:00,833.873085
2026-12-06 08:00:00+01:00,791.09184
2026-12-06 09:00:00+01:00,759.0527275
2026-12-06 10:00:00+01:00,708.5259100000001
2026-12-06 11:00:00+01:00,628.1405125
2026-12-06 12:00:00+01:00,591.2721225
2026-12-06 13:00:00+01:00,638.079995
2026-12-06 14:00:00+01:00,734.5986575
2026-12-06 15:00:00+01:00,934.525395
2026-12-06 16:00:00+01:00,1309.1890374999998
2026-12-06 17:00:00+01:00,1490.8688650000001
2026-12-06 18:00:00+01:00,1343.5157024999999
2026-12-06 19:00:00+01:00,1155.3477875
2026-12-06 20:00:00+01:00,1092.6340675000001
2026-12-06 21:00:00+01:00,1033.7730675
2026-12-06 22:00:00+01:00,1001.8811075
2026-12-06 23:00:00+01:00,1008.5297250000001
2026-12-07 00:00:00+01:00,867.61114
2026-12-07 01:00:00+01:00,863.49087
2026-12-07 02:00:00+01:00,856.64159
2026-12-07 03:00:00+01:00,851.2772125
2026-12-07 04:00:00+01:00,886.01858
2026-12-07 05:00:00+01:00,1022.388815
2026-12-07 06:00:00+01:00,1174.5311225
2026-12-07 07:00:00+01:00,1214.9177949999998
2026-12-07 08:00:00+01:00,1172.88569
2026-12-07 09:00:00+01:00,1115.068135
2026-12-07 10:00:00+01:00,977.3735275
2026-12-07 11:00:00+01:00,870.7280975
2026-12-07 12:00:00+01:00,869.8986925
2026-12-07 13:00:00+01:00,931.5422125
2026-12-07 14:00:00+01:00,997.1454725
2026-12-07 15:00:00+01:00,1300.6274374999998
2026-12-07 16:00:00+01:00,1541.67661
2026-12-07 17:00:00+01:00,1643.88071
2026-12-07 18:00:00+01:00,1569.8897574999999
2026-12-07 19:00:00+01:00,1333.2150275
2026-12-07 20:00:00+01:00,1233.378745
2026-12-07 21:00:00+01:00,1112.4862775
2026-12-07 22:00:00+01:00,1059.9662125
2026-12-07 23:00:00+01:00,1056.5950825
2026-12-08 00:00:00+01:00,937.7761275
2026-12-08 01:00:00+01:00,901.349195
2026-12-08 02:00:00+01:00,892.6671975
2026-12-08 03:00:00+01:00,872.4002849999999
2026-12-08 04:00:00+01:00,908.81384
2026-12-08 05:00:00+01:00,1008.2086650000001
2026-12-08 06:00:00+01:00,1121.0077449999999
2026-12-08 07:00:00+01:00,1187.5875625
2026-12-08 08:00:00+01:00,1169.2603875
2026-12-08 09:00:00+01:00,1089.7177725
2026-12-08 10:00:00+01:00,948.3978625
2026-12-08 11:00:00+01:00,843.5048850000001
2026-12-08 12:00:00+01:00,857.685035
2026-12-08 13:00:00+01:00,893.7909075
2026-12-08 14:00:00+01:00,989.1992375
2026-12-08 15:00:00+01:00,1274.367405
2026-12-08 16:00:00+01:00,1628.336055
2026-12-08 17:00:00+01:00,1699.53111
2026-12-08 18:00:00+01:00,1610.8516625
2026-12-08 19:00:00+01:00,1364.1705625
2026-12-08 20:00:00+01:00,1238.8635199999999
2026-12-08 21:00:00+01:00,1078.0258375
2026-12-08 22:00:00+01:00,1047.6589125
2026-12-08 23:00:00+01:00,1063.7119125
2026-12-09 00:00:00+01:00,944.34448
2026-12-09 01:00:00+01:00,918.525905
2026-12-09 02:00:00+01:00,906.9276125
2026-12-09 03:00:00+01:00,900.653565
2026-12-09 04:00:00+01:00,893.9113050000001
2026-12-09 05:00:00+01:00,1028.1277625
2026-12-09 06:00:00+01:00,1177.9557625
2026-12-09 07:00:00+01:00,1246.5020725
2026-12-09 08:00:00+01:00,1240.6962375
2026-12-09 09:00:00+01:00,1156.538385
2026-12-09 10:00:00+01:00,1016.128145
2026-12-09 11:00:00+01:00,902.6468125
2026-12-09 12:00:00+01:00,911.9441750000001
2026-12-09 13:00:00+01:00,945.04011
2026-12-09 14:00:00+01:00,1021.5059
2026-12-09 15:00:00+01:00,1286.21987
2026-12-09 16:00:00+01:00,1880.3012675
2026-12-09 17:00:00+01:00,1698.2870025
2026-12-09 18:00:00+01:00,1663.0372900000002
2026-12-09 19:00:00+01:00,1377.2805125
2026-12-09 20:00:00+01:00,1241.2313374999999
2026-12-09 21:00:00+01:00,1114.1718425
2026-12-09 22:00:00+01:00,1060.5013125
2026-12-09 23:00:00+01:00,1064.9426425
2026-12-10 00:00:00+01:00,959.889135
2026-12-10 01:00:00+01:00,927.355055
2026-12-10 02:00:00+01:00,916.6931875
2026-12-10 03:00:00+01:00,898.1519725
2026-12-10 04:00:00+01:00,925.2949199999999
2026-12-10 05:00:00+01:00,1038.762875
2026-12-10 06:00:00+01:00,1210.5701075
2026-12-10 07:00:00+01:00,1240.1611375
2026-12-10 08:00:00+01:00,1272.3474025
2026-12-10 09:00:00+01:00,1150.9733449999999
2026-12-10 10:00:00+01:00,1013.4125125
2026-12-10 11:00:00+01:00,903.382575
2026-12-10 12:00:00+01:00,917.509215
2026-12-10 13:00:00+01:00,958.5647624999999
2026-12-10 14:00:00+01:00,1022.4155699999999
2026-12-10 15:00:00+01:00,1303.93168
2026-12-10 16:00:00+01:00,1973.4354225000002
2026-12-10 17:00:00+01:00,1714.4604
2026-12-10 18:00:00+01:00,1705.390455
2026-12-10 19:00:00+01:00,1504.54067
2026-12-10 20:00:00+01:00,1267.6385225000001
2026-12-10 21:00:00+01:00,1122.2786075
2026-12-10 22:00:00+01:00,1090.4401575
2026-12-10 23:00:00+01:00,1067.3773475
2026-12-11 00:00:00+01:00,964.9859625
2026-12-11 01:00:00+01:00,941.08037
2026-12-11 02:00:00+01:00,923.0475
2026-12-11 03:00:00+01:00,920.4388875
2026-12-11 04:00:00+01:00,929.5623425
2026-12-11 05:00:00+01:00,1056.50144
2026-12-11 06:00:00+01:00,1214.5030925
2026-12-11 07:00:00+01:00,1249.72605
2026-12-11 08:00:00+01:00,1229.1915875
2026-12-11 09:00:00+01:00,1145.22102
2026-12-11 10:00:00+01:00,1027.3384899999999
2026-12-11 11:00:00+01:00,908.144965
2026-12-11 12:00:00+01:00,891.0886525
2026-12-11 13:00:00+01:00,921.1880275
2026-12-11 14:00:00+01:00,1022.2684175
2026-12-11 15:00:00+01:00,1306.87473
2026-12-11 16:00:00+01:00,1774.525375
2026-12-11 17:00:00+01:00,1738.6201649999998
2026-12-11 18:00:00+01:00,1565.6357125
2026-12-11 19:00:00+01:00,1352.41174
2026-12-11 20:00:00+01:00,1325.76376
2026-12-11 21:00:00+01:00,1115.0547575
2026-12-11 22:00:00+01:00,1087.10916
2026-12-11 23:00:00+01:00,1110.7739575
2026-12-12 00:00:00+01:00,1001.573425
2026-12-12 01:00:00+01:00,959.6617175
2026-12-12 02:00:00+01:00,935.006985
2026-12-12 03:00:00+01:00,919.328555
2026-12-12 04:00:00+01:00,931.4084375
2026-12-12 05:00:00+01:00,1014.9910574999999
2026-12-12 06:00:00+01:00,1037.318105
2026-12-12 07:00:00+01:00,990.6172525
2026-12-12 08:00:00+01:00,970.4038499999999
2026-12-12 09:00:00+01:00,975.7682275
2026-12-12 10:00:00+01:00,875.557375
2026-12-12 11:00:00+01:00,783.199115
2026-12-12 12:00:00+01:00,777.71434
2026-12-12 13:00:00+01:00,781.0453375
2026-12-12 14:00:00+01:00,864.373785
2026-12-12 15:00:00+01:00,1110.5599175
2026-12-12 16:00:00+01:00,1468.8495
2026-12-12 17:00:00+01:00,1641.4058725
2026-12-12 18:00:00+01:00,1544.1915800000002
2026-12-12 19:00:00+01:00,1281.2568175000001
2026-12-12 20:00:00+01:00,1292.667825
2026-12-12 21:00:00+01:00,1079.5508725
2026-12-12 22:00:00+01:00,1072.17987
2026-12-12 23:00:00+01:00,1069.0896675
2026-12-13 00:00:00+01:00,962.96596
2026-12-13 01:00:00+01:00,929.9636675
2026-12-13 02:00:00+01:00,923.1143875
2026-12-13 03:00:00+01:00,906.83397
2026-12-13 04:00:00+01:00,913.0411300000001
2026-12-13 05:00:00+01:00,991.781095
2026-12-13 06:00:00+01:00,937.5620875
2026-12-13 07:00:00+01:00,875.04903
2026-12-13 08:00:00+01:00,817.1378325000001
2026-12-13 09:00:00+01:00,807.35888
2026-12-13 10:00:00+01:00,763.5341900000001
2026-12-13 11:00:00+01:00,697.18179
2026-12-13 12:00:00+01:00,642.2403975
2026-12-13 13:00:00+01:00,694.0113225
2026-12-13 14:00:00+01:00,798.4494649999999
2026-12-13 15:00:00+01:00,985.1324775
2026-12-13 16:00:00+01:00,1422.45633
2026-12-13 17:00:00+01:00,1577.36778
2026-12-13 18:00:00+01:00,1463.4316125
2026-12-13 19:00:00+01:00,1256.78937
2026-12-13 20:00:00+01:00,1251.1306875
2026-12-13 21:00:00+01:00,1110.6401825
2026-12-13 22:00:00+01:00,1060.99628
2026-12-13 23:00:00+01:00,1048.1405025
2026-12-14 00:00:00+01:00,902.6601900000001
2026-12-14 01:00:00+01:00,879.0756575
2026-12-14 02:00:00+01:00,891.7842825
2026-12-14 03:00:00+01:00,875.5439974999999
2026-12-14 04:00:00+01:00,905.4828425
2026-12-14 05:00:00+01:00,1061.7052875
2026-12-14 06:00:00+01:00,1195.2796250000001
2026-12-14 07:00:00+01:00,1252.749365
2026-12-14 08:00:00+01:00,1208.6169925
2026-12-14 09:00:00+01:00,1144.89996
2026-12-14 10:00:00+01:00,1018.108015
2026-12-14 11:00:00+01:00,910.499405
2026-12-14 12:00:00+01:00,895.356075
2026-12-14 13:00:00+01:00,945.869515
2026-12-14 14:00:00+01:00,1040.7828775
2026-12-14 15:00:00+01:00,1331.3689325
2026-12-14 16:00:00+01:00,1814.122775
2026-12-14 17:00:00+01:00,1768.1443075000002
2026-12-14 18:00:00+01:00,1693.43097
2026-12-14 19:00:00+01:00,1458.388295
2026-12-14 20:00:00+01:00,1326.218595
2026-12-14 21:00:00+01:00,1173.26026
2026-12-14 22:00:00+01:00,1122.9207275
2026-12-14 23:00:00+01:00,1098.319505
2026-12-15 00:00:00+01:00,968.47749
2026-12-15 01:00:00+01:00,928.639295
2026-12-15 02:00:00+01:00,937.7493725
2026-12-15 03:00:00+01:00,919.9840525
2026-12-15 04:00:00+01:00,940.7058
2026-12-15 05:00:00+01:00,1065.2770799999998
2026-12-15 06:00:00+01:00,1214.6636225
2026-12-15 07:00:00+01:00,1274.956015
2026-12-15 08:00:00+01:00,1214.917795
2026-12-15 09:00:00+01:00,1147.1473799999999
2026-12-15 10:00:00+01:00,1011.44602
2026-12-15 11:00:00+01:00,904.0915825
2026-12-15 12:00:00+01:00,899.369325
2026-12-15 13:00:00+01:00,946.69892
2026-12-15 14:00:00+01:00,1065.0362850000001
2026-12-15 15:00:00+01:00,1387.5544325
2026-12-15 16:00:00+01:00,1912.688195
2026-12-15 17:00:00+01:00,1758.6195275
2026-12-15 18:00:00+01:00,1669.8731925
2026-12-15 19:00:00+01:00,1468.6220824999998
2026-12-15 20:00:00+01:00,1302.6875725
2026-12-15 21:00:00+01:00,1132.2582225
2026-12-15 22:00:00+01:00,1069.61139
2026-12-15 23:00:00+01:00,1086.1326025
2026-12-16 00:00:00+01:00,969.33365
2026-12-16 01:00:00+01:00,927.3416775000001
2026-12-16 02:00:00+01:00,922.88697
2026-12-16 03:00:00+01:00,918.33862
2026-12-16 04:00:00+01:00,939.1005
2026-12-16 05:00:00+01:00,1060.0999875
2026-12-16 06:00:00+01:00,1220.6834975000002
2026-12-16 07:00:00+01:00,1266.7288525
2026-12-16 08:00:00+01:00,1216.2421675
2026-12-16 09:00:00+01:00,1138.37174
2026-12-16 10:00:00+01:00,1014.0947649999999
2026-12-16 11:00:00+01:00,898.59343
2026-12-16 12:00:00+01:00,885.80454
2026-12-16 13:00:00+01:00,928.264725
2026-12-16 14:00:00+01:00,1048.7291125
2026-12-16 15:00:00+01:00,1311.984935
2026-12-16 16:00:00+01:00,1879.7929224999998
2026-12-16 17:00:00+01:00,1633.7004324999998
2026-12-16 18:00:00+01:00,1684.842615
2026-12-16 19:00:00+01:00,1448.5290774999999
2026-12-16 20:00:00+01:00,1263.237325
2026-12-16 21:00:00+01:00,1115.2687975
2026-12-16 22:00:00+01:00,1050.5618299999999
2026-12-16 23:00:00+01:00,1072.8353675
2026-12-17 00:00:00+01:00,960.103175
2026-12-17 01:00:00+01:00,910.41914
2026-12-17 02:00:00+01:00,920.4121325
2026-12-17 03:00:00+01:00,899.8107825
2026-12-17 04:00:00+01:00,923.5826
2026-12-17 05:00:00+01:00,1037.0104225
2026-12-17 06:00:00+01:00,1190.570745
2026-12-17 07:00:00+01:00,1248.789625
2026-12-17 08:00:00+01:00,1227.25185
2026-12-17 09:00:00+01:00,1145.9567825
2026-12-17 10:00:00+01:00,1019.7266925
2026-12-17 11:00:00+01:00,921.2682924999999
2026-12-17 12:00:00+01:00,913.2150375
2026-12-17 13:00:00+01:00,962.6181449999999
2026-12-17 14:00:00+01:00,1024.4623275
2026-12-17 15:00:00+01:00,1273.0965425
2026-12-17 16:00:00+01:00,1550.45225
2026-12-17 17:00:00+01:00,1566.050415
2026-12-17 18:00:00+01:00,1623.7743275
2026-12-17 19:00:00+01:00,1348.0640525
2026-12-17 20:00:00+01:00,1253.766055
2026-12-17 21:00:00+01:00,1106.4664025
2026-12-17 22:00:00+01:00,1053.2507074999999
2026-12-17 23:00:00+01:00,1073.704905
2026-12-18 00:00:00+01:00,965.3471549999999
2026-12-18 01:00:00+01:00,928.6526725
2026-12-18 02:00:00+01:00,928.66605
2026-12-18 03:00:00+01:00,921.49571
2026-12-18 04:00:00+01:00,928.264725
2026-12-18 05:00:00+01:00,1049.9330875
2026-12-18 06:00:00+01:00,1205.3261275
2026-12-18 07:00:00+01:00,1252.6824775
2026-12-18 08:00:00+01:00,1205.8612275
2026-12-18 09:00:00+01:00,1128.927225
2026-12-18 10:00:00+01:00,1017.5862925
2026-12-18 11:00:00+01:00,906.860725
2026-12-18 12:00:00+01:00,895.1420350000001
2026-12-18 13:00:00+01:00,937.0002324999999
2026-12-18 14:00:00+01:00,1001.145345
2026-12-18 15:00:00+01:00,1288.0258325
2026-12-18 16:00:00+01:00,1528.08507
2026-12-18 17:00:00+01:00,1540.8873375
2026-12-18 18:00:00+01:00,1546.81357
2026-12-18 19:00:00+01:00,1338.2717225000001
2026-12-18 20:00:00+01:00,1253.1640674999999
2026-12-18 21:00:00+01:00,1102.2926224999999
2026-12-18 22:00:00+01:00,1065.6650275
2026-12-18 23:00:00+01:00,1072.6882150000001
2026-12-19 00:00:00+01:00,999.8477275
2026-12-19 01:00:00+01:00,947.9697825000001
2026-12-19 02:00:00+01:00,943.1940149999999
2026-12-19 03:00:00+01:00,922.2047175
2026-12-19 04:00:00+01:00,923.9437925
2026-12-19 05:00:00+01:00,1012.2486700000001
2026-12-19 06:00:00+01:00,1025.6663024999998
2026-12-19 07:00:00+01:00,966.3772225
2026-12-19 08:00:00+01:00,935.2611575
2026-12-19 09:00:00+01:00,928.3048575
2026-12-19 10:00:00+01:00,835.0636824999999
2026-12-19 11:00:00+01:00,759.5343175
2026-12-19 12:00:00+01:00,725.515335
2026-12-19 13:00:00+01:00,744.43112
2026-12-19 14:00:00+01:00,848.7354875
2026-12-19 15:00:00+01:00,1056.50144
2026-12-19 16:00:00+01:00,1351.4084275
2026-12-19 17:00:00+01:00,1541.168265
2026-12-19 18:00:00+01:00,1519.57698
2026-12-19 19:00:00+01:00,1223.66668
2026-12-19 20:00:00+01:00,1157.36779
2026-12-19 21:00:00+01:00,1057.8525675
2026-12-19 22:00:00+01:00,1058.561575
2026-12-19 23:00:00+01:00,1011.6466825
2026-12-20 00:00:00+01:00,954.056545
2026-12-20 01:00:00+01:00,886.5403025
2026-12-20 02:00:00+01:00,903.3691974999999
2026-12-20 03:00:00+01:00,880.7879775
2026-12-20 04:00:00+01:00,892.9615024999999
2026-12-20 05:00:00+01:00,947.100245
2026-12-20 06:00:00+01:00,884.3330149999999
2026-12-20 07:00:00+01:00,872.8417425
2026-12-20 08:00:00+01:00,799.8541025
2026-12-20 09:00:00+01:00,783.680705
2026-12-20 10:00:00+01:00,746.972845
2026-12-20 11:00:00+01:00,699.027885
2026-12-20 12:00:00+01:00,629.4515074999999
2026-12-20 13:00:00+01:00,718.987115
2026-12-20 14:00:00+01:00,794.2087975
2026-12-20 15:00:00+01:00,967.88888
2026-12-20 16:00:00+01:00,1181.4874225
2026-12-20 17:00:00+01:00,1440.7701275
2026-12-20 18:00:00+01:00,1418.1621525
2026-12-20 19:00:00+01:00,1202.9315550000001
2026-12-20 20:00:00+01:00,1202.8379125000001
2026-12-20 21:00:00+01:00,1074.8419925
2026-12-20 22:00:00+01:00,1048.7558675
2026-12-20 23:00:00+01:00,995.0318275
2026-12-21 00:00:00+01:00,910.1114574999999
2026-12-21 01:00:00+01:00,875.0624075
2026-12-21 02:00:00+01:00,878.84824
2026-12-21 03:00:00+01:00,880.3866525000001
2026-12-21 04:00:00+01:00,901.58999
2026-12-21 05:00:00+01:00,1055.59177
2026-12-21 06:00:00+01:00,1195.1859825
2026-12-21 07:00:00+01:00,1233.6195400000001
2026-12-21 08:00:00+01:00,1190.9319375
2026-12-21 09:00:00+01:00,1147.46844
2026-12-21 10:00:00+01:00,1005.4529
2026-12-21 11:00:00+01:00,902.4327724999999
2026-12-21 12:00:00+01:00,910.1649675
2026-12-21 13:00:00+01:00,954.8993275
2026-12-21 14:00:00+01:00,1039.2578425000002
2026-12-21 15:00:00+01:00,1380.1968075
2026-12-21 16:00:00+01:00,2162.1518149999997
2026-12-21 17:00:00+01:00,1697.524485
2026-12-21 18:00:00+01:00,1714.5540425
2026-12-21 19:00:00+01:00,1435.057935
2026-12-21 20:00:00+01:00,1298.58068
2026-12-21 21:00:00+01:00,1143.5755875
2026-12-21 22:00:00+01:00,1093.6106249999998
2026-12-21 23:00:00+01:00,1058.8023699999999
2026-12-22 00:00:00+01:00,960.9459575000001
2026-12-22 01:00:00+01:00,907.5429775
2026-12-22 02:00:00+01:00,920.21147
2026-12-22 03:00:00+01:00,915.4892125
2026-12-22 04:00:00+01:00,930.9000925
2026-12-22 05:00:00+01:00,1067.711785
2026-12-22 06:00:00+01:00,1197.098965
2026-12-22 07:00:00+01:00,1270.2605125
2026-12-22 08:00:00+01:00,1161.7288549999998
2026-12-22 09:00:00+01:00,1084.299885
2026-12-22 10:00:00+01:00,960.7185400000001
2026-12-22 11:00:00+01:00,876.0389650000001
2026-12-22 12:00:00+01:00,860.4006675
2026-12-22 13:00:00+01:00,888.9214975
2026-12-22 14:00:00+01:00,1029.5725325
2026-12-22 15:00:00+01:00,1316.0918275
2026-12-22 16:00:00+01:00,1779.3278974999998
2026-12-22 17:00:00+01:00,1618.276175
2026-12-22 18:00:00+01:00,1718.6208025
2026-12-22 19:00:00+01:00,1394.871925
2026-12-22 20:00:00+01:00,1262.060105
2026-12-22 21:00:00+01:00,1112.392635
2026-12-22 22:00:00+01:00,1066.213505
2026-12-22 23:00:00+01:00,1055.8058099999998
2026-12-23 00:00:00+01:00,960.9192025
2026-12-23 01:00:00+01:00,921.9237899999999
2026-12-23 02:00:00+01:00,919.3686875000001
2026-12-23 03:00:00+01:00,909.054635
2026-12-23 04:00:00+01:00,903.0748924999999
2026-12-23 05:00:00+01:00,1041.5587725
2026-12-23 06:00:00+01:00,1197.1123425
2026-12-23 07:00:00+01:00,1201.2058575
2026-12-23 08:00:00+01:00,1150.2375825
2026-12-23 09:00:00+01:00,1056.12687
2026-12-23 10:00:00+01:00,941.7626224999999
2026-12-23 11:00:00+01:00,851.8792
2026-12-23 12:00:00+01:00,821.8199575
2026-12-23 13:00:00+01:00,863.7182875000001
2026-12-23 14:00:00+01:00,972.410475
2026-12-23 15:00:00+01:00,1258.3010275
2026-12-23 16:00:00+01:00,1521.18228
2026-12-23 17:00:00+01:00,1508.1659725
2026-12-23 18:00:00+01:00,1573.7157225
2026-12-23 19:00:00+01:00,1279.9592
2026-12-23 20:00:00+01:00,1186.4370975000002
2026-12-23 21:00:00+01:00,1045.2242075
2026-12-23 22:00:00+01:00,1024.475705
2026-12-23 23:00:00+01:00,1004.70376
2026-12-24 00:00:00+01:00,893.5768674999999
2026-12-24 01:00:00+01:00,857.5646375
2026-12-24 02:00:00+01:00,870.6745874999999
2026-12-24 03:00:00+01:00,867.9455775000001
2026-12-24 04:00:00+01:00,870.7013425
2026-12-24 05:00:00+01:00,982.33658
2026-12-24 06:00:00+01:00,1033.090815
2026-12-24 07:00:00+01:00,1048.7291125000002
2026-12-24 08:00:00+01:00,991.353015
2026-12-24 09:00:00+01:00,924.626045
2026-12-24 10:00:00+01:00,848.7354875
2026-12-24 11:00:00+01:00,766.6243925
2026-12-24 12:00:00+01:00,696.86073
2026-12-24 13:00:00+01:00,755.5745775
2026-12-24 14:00:00+01:00,884.19924
2026-12-24 15:00:00+01:00,1153.220765
2026-12-24 16:00:00+01:00,1397.0658349999999
2026-12-24 17:00:00+01:00,1478.16024
2026-12-24 18:00:00+01:00,1491.5243625
2026-12-24 19:00:00+01:00,1223.6533024999999
2026-12-24 20:00:00+01:00,1157.2473925
2026-12-24 21:00:00+01:00,1041.73268
2026-12-24 22:00:00+01:00,989.747715
2026-12-24 23:00:00+01:00,997.85448
2026-12-25 00:00:00+01:00,926.1109475000001
2026-12-25 01:00:00+01:00,860.3471575
2026-12-25 02:00:00+01:00,832.7359975
2026-12-25 03:00:00+01:00,777.313015
2026-12-25 04:00:00+01:00,846.2740275
2026-12-25 05:00:00+01:00,900.493035
2026-12-25 06:00:00+01:00,838.260905
2026-12-25 07:00:00+01:00,835.9867300000001
2026-12-25 08:00:00+01:00,809.5929225
2026-12-25 09:00:00+01:00,800.482845
2026-12-25 10:00:00+01:00,696.780465
2026-12-25 11:00:00+01:00,640.9561575
2026-12-25 12:00:00+01:00,520.33124
2026-12-25 13:00:00+01:00,562.7245375
2026-12-25 14:00:00+01:00,718.1175774999999
2026-12-25 15:00:00+01:00,925.2815424999999
2026-12-25 16:00:00+01:00,1279.63814
2026-12-25 17:00:00+01:00,1280.54781
2026-12-25 18:00:00+01:00,1299.035515
2026-12-25 19:00:00+01:00,1075.2968274999998
2026-12-25 20:00:00+01:00,1129.7700075
2026-12-25 21:00:00+01:00,1011.3657549999999
2026-12-25 22:00:00+01:00,957.962775
2026-12-25 23:00:00+01:00,945.25415
2026-12-26 00:00:00+01:00,934.097315
2026-12-26 01:00:00+01:00,860.4274224999999
2026-12-26 02:00:00+01:00,837.6990499999999
2026-12-26 03:00:00+01:00,801.15172
2026-12-26 04:00:00+01:00,780.92494
2026-12-26 05:00:00+01:00,869.4438575
2026-12-26 06:00:00+01:00,838.635475
2026-12-26 07:00:00+01:00,830.58222
2026-12-26 08:00:00+01:00,798.1417825
2026-12-26 09:00:00+01:00,779.025335
2026-12-26 10:00:00+01:00,689.31582
2026-12-26 11:00:00+01:00,612.5289700000001
2026-12-26 12:00:00+01:00,559.5139375
2026-12-26 13:00:00+01:00,592.7436475
2026-12-26 14:00:00+01:00,738.6520399999999
2026-12-26 15:00:00+01:00,905.041385
2026-12-26 16:00:00+01:00,1118.171715
2026-12-26 17:00:00+01:00,1267.27733
2026-12-26 18:00:00+01:00,1287.87868
2026-12-26 19:00:00+01:00,1136.9938575
2026-12-26 20:00:00+01:00,1167.3072725
2026-12-26 21:00:00+01:00,1014.7235075
2026-12-26 22:00:00+01:00,954.0431675
2026-12-26 23:00:00+01:00,958.68516
2026-12-27 00:00:00+01:00,851.5447624999999
2026-12-27 01:00:00+01:00,784.536865
2026-12-27 02:00:00+01:00,807.867225
2026-12-27 03:00:00+01:00,785.1656075
2026-12-27 04:00:00+01:00,781.3663975
2026-12-27 05:00:00+01:00,879.035525
2026-12-27 06:00:00+01:00,818.1812775000001
2026-12-27 07:00:00+01:00,764.5375025000001
2026-12-27 08:00:00+01:00,727.46845
2026-12-27 09:00:00+01:00,744.1368150000001
2026-12-27 10:00:00+01:00,662.908635
2026-12-27 11:00:00+01:00,619.91335
2026-12-27 12:00:00+01:00,547.03273
2026-12-27 13:00:00+01:00,590.723645
2026-12-27 14:00:00+01:00,741.38105
2026-12-27 15:00:00+01:00,896.0650825
2026-12-27 16:00:00+01:00,1048.42143
2026-12-27 17:00:00+01:00,1260.829375
2026-12-27 18:00:00+01:00,1281.1765525
2026-12-27 19:00:00+01:00,1110.4528975
2026-12-27 20:00:00+01:00,1180.05603
2026-12-27 21:00:00+01:00,1035.20446
2026-12-27 22:00:00+01:00,997.7608375
2026-12-27 23:00:00+01:00,951.62184
2026-12-28 00:00:00+01:00,862.4608025
2026-12-28 01:00:00+01:00,843.42462
2026-12-28 02:00:00+01:00,821.43201
2026-12-28 03:00:00+01:00,772.764665
2026-12-28 04:00:00+01:00,803.6800675
2026-12-28 05:00:00+01:00,936.398245
2026-12-28 06:00:00+01:00,1032.8366425
2026-12-28 07:00:00+01:00,1093.3296974999998
2026-12-28 08:00:00+01:00,1054.120245
2026-12-28 09:00:00+01:00,988.4233425
2026-12-28 10:00:00+01:00,895.1554125
2026-12-28 11:00:00+01:00,815.4924
2026-12-28 12:00:00+01:00,783.54693
2026-12-28 13:00:00+01:00,821.3784999999999
2026-12-28 14:00:00+01:00,886.39315
2026-12-28 15:00:00+01:00,1165.0330975
2026-12-28 16:00:00+01:00,1390.4573500000001
2026-12-28 17:00:00+01:00,1501.4905999999999
2026-12-28 18:00:00+01:00,1530.412755
2026-12-28 19:00:00+01:00,1293.6176275
2026-12-28 20:00:00+01:00,1132.8200775
2026-12-28 21:00:00+01:00,1051.765805
2026-12-28 22:00:00+01:00,1018.2284125
2026-12-28 23:00:00+01:00,1007.6869425
2026-12-29 00:00:00+01:00,875.8383025
2026-12-29 01:00:00+01:00,864.2533875
2026-12-29 02:00:00+01:00,893.9514375
2026-12-29 03:00:00+01:00,860.3204025
2026-12-29 04:00:00+01:00,833.445005
2026-12-29 05:00:00+01:00,982.76466
2026-12-29 06:00:00+01:00,1082.2129949999999
2026-12-29 07:00:00+01:00,1116.0446924999999
2026-12-29 08:00:00+01:00,1034.2011475
2026-12-29 09:00:00+01:00,972.8118
2026-12-29 10:00:00+01:00,877.6041325
2026-12-29 11:00:00+01:00,785.2191175
2026-12-29 12:00:00+01:00,754.143185
2026-12-29 13:00:00+01:00,781.62057
2026-12-29 14:00:00+01:00,884.7477175
2026-12-29 15:00:00+01:00,1136.4587575
2026-12-29 16:00:00+01:00,1422.34931
2026-12-29 17:00:00+01:00,1505.798155
2026-12-29 18:00:00+01:00,1562.411735
2026-12-29 19:00:00+01:00,1289.831795
2026-12-29 20:00:00+01:00,1168.5915125
2026-12-29 21:00:00+01:00,1073.116295
2026-12-29 22:00:00+01:00,1023.6998100000001
2026-12-29 23:00:00+01:00,1025.4522625
2026-12-30 00:00:00+01:00,938.67242
2026-12-30 01:00:00+01:00,905.8574125
2026-12-30 02:00:00+01:00,899.315815
2026-12-30 03:00:00+01:00,880.4134075
2026-12-30 04:00:00+01:00,864.4808049999999
2026-12-30 05:00:00+01:00,971.179745
2026-12-30 06:00:00+01:00,1034.428565
2026-12-30 07:00:00+01:00,1072.634705
2026-12-30 08:00:00+01:00,1010.37582
2026-12-30 09:00:00+01:00,950.310845
2026-12-30 10:00:00+01:00,837.8194475
2026-12-30 11:00:00+01:00,768.99221
2026-12-30 12:00:00+01:00,699.670005
2026-12-30 13:00:00+01:00,755.4140474999999
2026-12-30 14:00:00+01:00,854.0463550000001
2026-12-30 15:00:00+01:00,1084.727965
2026-12-30 16:00:00+01:00,1353.1742574999998
2026-12-30 17:00:00+01:00,1458.281275
2026-12-30 18:00:00+01:00,1477.8525575
2026-12-30 19:00:00+01:00,1215.666935
2026-12-30 20:00:00+01:00,1133.6494825
2026-12-30 21:00:00+01:00,1047.4181175
2026-12-30 22:00:00+01:00,999.45978
2026-12-30 23:00:00+01:00,1006.6167425
2026-12-31 00:00:00+01:00,931.7562525000001
2026-12-31 01:00:00+01:00,893.50998
2026-12-31 02:00:00+01:00,903.703635
2026-12-31 03:00:00+01:00,878.7545975
2026-12-31 04:00:00+01:00,861.7651725
2026-12-31 05:00:00+01:00,983.9552575
2026-12-31 06:00:00+01:00,1029.1979625
2026-12-31 07:00:00+01:00,1067.283705
2026-12-31 08:00:00+01:00,979.8082325
2026-12-31 09:00:00+01:00,924.3986275
2026-12-31 10:00:00+01:00,837.565275
2026-12-31 11:00:00+01:00,770.142675
2026-12-31 12:00:00+01:00,674.520305
2026-12-31 13:00:00+01:00,742.7054224999999
2026-12-31 14:00:00+01:00,863.97246
2026-12-31 15:00:00+01:00,1165.9829
2026-12-31 16:00:00+01:00,1344.6126574999998
2026-12-31 17:00:00+01:00,1503.3768275
2026-12-31 18:00:00+01:00,1540.7000524999999
2026-12-31 19:00:00+01:00,1243.25134
2026-12-31 20:00:00+01:00,1136.9938575
2026-12-31 21:00:00+01:00,1028.62273
2026-12-31 22:00:00+01:00,970.6312674999999
2026-12-31 23:00:00+01:00,976.4103475
2027-01-01 00:00:00+01:00,934.3381099999999
2027-01-01 01:00:00+01:00,889.362955
2027-01-01 02:00:00+01:00,901.3224399999999
2027-01-01 03:00:00+01:00,866.6613375
2027-01-01 04:00:00+01:00,856.74861
2027-01-01 05:00:00+01:00,954.77893
2027-01-01 06:00:00+01:00,925.3885625
2027-01-01 07:00:00+01:00,873.76479
2027-01-01 08:00:00+01:00,832.1473874999999
2027-01-01 09:00:00+01:00,800.0681425
2027-01-01 10:00:00+01:00,720.2446
2027-01-01 11:00:00+01:00,645.2904675
2027-01-01 12:00:00+01:00,577.078595
2027-01-01 13:00:00+01:00,598.88392
2027-01-01 14:00:00+01:00,722.8264575
2027-01-01 15:00:00+01:00,1010.0413825
2027-01-01 16:00:00+01:00,1385.7886025
2027-01-01 17:00:00+01:00,1423.6603049999999
2027-01-01 18:00:00+01:00,1465.933205
2027-01-01 19:00:00+01:00,1168.2704525
2027-01-01 20:00:00+01:00,1096.74096
2027-01-01 21:00:00+01:00,993.6405675
2027-01-01 22:00:00+01:00,991.3128825
2027-01-01 23:00:00+01:00,966.12305
2027-01-02 00:00:00+01:00,983.5271775
2027-01-02 01:00:00+01:00,954.859195
2027-01-02 02:00:00+01:00,946.030045
2027-01-02 03:00:00+01:00,912.318745
2027-01-02 04:00:00+01:00,885.6841425
2027-01-02 05:00:00+01:00,1047.5786475
2027-01-02 06:00:00+01:00,966.6313949999999
2027-01-02 07:00:00+01:00,954.24383
2027-01-02 08:00:00+01:00,877.4168474999999
2027-01-02 09:00:00+01:00,869.296705
2027-01-02 10:00:00+01:00,799.519665
2027-01-02 11:00:00+01:00,738.2373375
2027-01-02 12:00:00+01:00,646.2268925
2027-01-02 13:00:00+01:00,730.8529575
2027-01-02 14:00:00+01:00,819.9604850000001
2027-01-02 15:00:00+01:00,1021.158085
2027-01-02 16:00:00+01:00,1243.3182275
2027-01-02 17:00:00+01:00,1616.80465
2027-01-02 18:00:00+01:00,1663.7462975
2027-01-02 19:00:00+01:00,1295.90518
2027-01-02 20:00:00+01:00,1249.5788975
2027-01-02 21:00:00+01:00,1027.1110725
2027-01-02 22:00:00+01:00,1057.2104474999999
2027-01-02 23:00:00+01:00,1017.091325
2027-01-03 00:00:00+01:00,958.52463
2027-01-03 01:00:00+01:00,935.6089724999999
2027-01-03 02:00:00+01:00,978.26982
2027-01-03 03:00:00+01:00,894.7273325
2027-01-03 04:00:00+01:00,882.21937
2027-01-03 05:00:00+01:00,1023.48577
2027-01-03 06:00:00+01:00,944.07693
2027-01-03 07:00:00+01:00,921.2415375
2027-01-03 08:00:00+01:00,795.8408525
2027-01-03 09:00:00+01:00,782.7309025
2027-01-03 10:00:00+01:00,689.95794
2027-01-03 11:00:00+01:00,649.02279
2027-01-03 12:00:00+01:00,567.660835
2027-01-03 13:00:00+01:00,633.478135
2027-01-03 14:00:00+01:00,749.4744375
2027-01-03 15:00:00+01:00,973.40041
2027-01-03 16:00:00+01:00,1299.356575
2027-01-03 17:00:00+01:00,1669.1240524999998
2027-01-03 18:00:00+01:00,1682.969765
2027-01-03 19:00:00+01:00,1372.1970625
2027-01-03 20:00:00+01:00,1212.80415
2027-01-03 21:00:00+01:00,1046.8295075
2027-01-03 22:00:00+01:00,1090.8414825
2027-01-03 23:00:00+01:00,1035.5656525
2027-01-04 00:00:00+01:00,917.8704075
2027-01-04 01:00:00+01:00,898.727205
2027-01-04 02:00:00+01:00,899.3559475
2027-01-04 03:00:00+01:00,882.21937
2027-01-04 04:00:00+01:00,874.5005525
2027-01-04 05:00:00+01:00,1042.26778
2027-01-04 06:00:00+01:00,1204.4164575
2027-01-04 07:00:00+01:00,1307.9583075
2027-01-04 08:00:00+01:00,1260.240765
2027-01-04 09:00:00+01:00,1116.7938325
2027-01-04 10:00:00+01:00,1000.1152774999999
2027-01-04 11:00:00+01:00,885.16242
2027-01-04 12:00:00+01:00,870.98227
2027-01-04 13:00:00+01:00,896.56005
2027-01-04 14:00:00+01:00,1019.4992749999999
2027-01-04 15:00:00+01:00,1383.9692625
2027-01-04 16:00:00+01:00,1861.5593900000001
2027-01-04 17:00:00+01:00,2031.319865
2027-01-04 18:00:00+01:00,1958.73355
2027-01-04 19:00:00+01:00,1641.0714349999998
2027-01-04 20:00:00+01:00,1294.1794825
2027-01-04 21:00:00+01:00,1137.99717
2027-01-04 22:00:00+01:00,1095.4700975
2027-01-04 23:00:00+01:00,1082.13273
2027-01-05 00:00:00+01:00,955.3541625
2027-01-05 01:00:00+01:00,921.8836575
2027-01-05 02:00:00+01:00,930.3917475
2027-01-05 03:00:00+01:00,908.81384
2027-01-05 04:00:00+01:00,921.4288225
2027-01-05 05:00:00+01:00,1084.7145874999999
2027-01-05 06:00:00+01:00,1219.3725024999999
2027-01-05 07:00:00+01:00,1330.5127725
2027-01-05 08:00:00+01:00,1229.6598000000001
2027-01-05 09:00:00+01:00,1151.775995
2027-01-05 10:00:00+01:00,1018.5360949999999
2027-01-05 11:00:00+01:00,889.9114325
2027-01-05 12:00:00+01:00,883.8915575
2027-01-05 13:00:00+01:00,905.3490675
2027-01-05 14:00:00+01:00,1023.0041800000001
2027-01-05 15:00:00+01:00,1361.9498975
2027-01-05 16:00:00+01:00,1850.8440125
2027-01-05 17:00:00+01:00,2055.3726100000003
2027-01-05 18:00:00+01:00,1903.6048725
2027-01-05 19:00:00+01:00,1588.44435
2027-01-05 20:00:00+01:00,1308.21248
2027-01-05 21:00:00+01:00,1117.583105
2027-01-05 22:00:00+01:00,1059.310715
2027-01-05 23:00:00+01:00,1097.7442725
