,pro ro spv ec00 mwh/h cet min15 f 2026-10-09T00:00:00+02:00
2026-10-09 00:00:00+02:00,0.0
2026-10-09 00:15:00+02:00,0.0
2026-10-09 00:30:00+02:00,0.0
2026-10-09 00:45:00+02:00,0.0
2026-10-09 01:00:00+02:00,0.0
2026-10-09 01:15:00+02:00,0.0
2026-10-09 01:30:00+02:00,0.0
2026-10-09 01:45:00+02:00,0.0
2026-10-09 02:00:00+02:00,0.0
2026-10-09 02:15:00+02:00,0.0
2026-10-09 02:30:00+02:00,0.0
2026-10-09 02:45:00+02:00,0.0
2026-10-09 03:00:00+02:00,0.0
2026-10-09 03:15:00+02:00,0.0
2026-10-09 03:30:00+02:00,0.0
2026-10-09 03:45:00+02:00,0.0
2026-10-09 04:00:00+02:00,0.0
2026-10-09 04:15:00+02:00,0.0
2026-10-09 04:30:00+02:00,0.0
2026-10-09 04:45:00+02:00,0.0
2026-10-09 05:00:00+02:00,0.0
2026-10-09 05:15:00+02:00,0.0
2026-10-09 05:30:00+02:00,0.0
2026-10-09 05:45:00+02:00,0.0
2026-10-09 06:00:00+02:00,0.0
2026-10-09 06:15:00+02:00,0.0
2026-10-09 06:30:00+02:00,43.52088905505721
2026-10-09 06:45:00+02:00,119.45245107976065
2026-10-09 07:00:00+02:00,225.0690193757517
2026-10-09 07:15:00+02:00,358.133831080028
2026-10-09 07:30:00+02:00,511.57899298364947
2026-10-09 07:45:00+02:00,676.9494626241774
2026-10-09 08:00:00+02:00,846.203524890998
2026-10-09 08:15:00+02:00,1016.1002374064925
2026-10-09 08:30:00+02:00,1188.6881796474734
2026-10-09 08:45:00+02:00,1366.1619768406958
2026-10-09 09:00:00+02:00,1549.6257329340938
2026-10-09 09:15:00+02:00,1738.100334140281
2026-10-09 09:30:00+02:00,1929.2392003660402
2026-10-09 09:45:00+02:00,2120.8167374983736
2026-10-09 10:00:00+02:00,2312.071475782623
2026-10-09 10:15:00+02:00,2497.727191035368
2026-10-09 10:30:00+02:00,2667.312878994739
2026-10-09 10:45:00+02:00,2812.516118258187
2026-10-09 11:00:00+02:00,2926.545882256336
2026-10-09 11:15:00+02:00,3007.2434173054894
2026-10-09 11:30:00+02:00,3057.2082724539587
2026-10-09 11:45:00+02:00,3081.555405518712
2026-10-09 12:00:00+02:00,3086.4074967138167
2026-10-09 12:15:00+02:00,3074.1146217284036
2026-10-09 12:30:00+02:00,3043.823926284671
2026-10-09 12:45:00+02:00,2994.8463863868387
2026-10-09 13:00:00+02:00,2927.219424529435
2026-10-09 13:15:00+02:00,2841.6408627978676
2026-10-09 13:30:00+02:00,2739.262637096759
2026-10-09 13:45:00+02:00,2620.842226583715
2026-10-09 14:00:00+02:00,2486.9658810584106
2026-10-09 14:15:00+02:00,2340.2740761243895
2026-10-09 14:30:00+02:00,2185.225920057664
2026-10-09 14:45:00+02:00,2026.39150813307
2026-10-09 15:00:00+02:00,1867.5064914057787
2026-10-09 15:15:00+02:00,1708.262957820082
2026-10-09 15:30:00+02:00,1542.7627385192504
2026-10-09 15:45:00+02:00,1366.0017229263674
2026-10-09 16:00:00+02:00,1175.823629342836
2026-10-09 16:15:00+02:00,975.8290048974214
2026-10-09 16:30:00+02:00,775.5721907034414
2026-10-09 16:45:00+02:00,584.788855462756
2026-10-09 17:00:00+02:00,411.77616275030454
2026-10-09 17:15:00+02:00,262.85542312887236
2026-10-09 17:30:00+02:00,142.4807371304702
2026-10-09 17:45:00+02:00,53.482459355646704
2026-10-09 18:00:00+02:00,0.0
2026-10-09 18:15:00+02:00,0.0
2026-10-09 18:30:00+02:00,0.0
2026-10-09 18:45:00+02:00,0.0
2026-10-09 19:00:00+02:00,0.0
2026-10-09 19:15:00+02:00,0.0
2026-10-09 19:30:00+02:00,0.0
2026-10-09 19:45:00+02:00,0.0
2026-10-09 20:00:00+02:00,0.0
2026-10-09 20:15:00+02:00,0.0
2026-10-09 20:30:00+02:00,0.0
2026-10-09 20:45:00+02:00,0.0
2026-10-09 21:00:00+02:00,0.0
2026-10-09 21:15:00+02:00,0.0
2026-10-09 21:30:00+02:00,0.0
2026-10-09 21:45:00+02:00,0.0
2026-10-09 22:00:00+02:00,0.0
2026-10-09 22:15:00+02:00,0.0
2026-10-09 22:30:00+02:00,0.0
2026-10-09 22:45:00+02:00,0.0
2026-10-09 23:00:00+02:00,0.0
2026-10-09 23:15:00+02:00,0.0
2026-10-09 23:30:00+02:00,0.0
2026-10-09 23:45:00+02:00,0.0
2026-10-10 00:00:00+02:00,0.0
2026-10-10 00:15:00+02:00,0.0
2026-10-10 00:30:00+02:00,0.0
2026-10-10 00:45:00+02:00,0.0
2026-10-10 01:00:00+02:00,0.0
2026-10-10 01:15:00+02:00,0.0
2026-10-10 01:30:00+02:00,0.0
2026-10-10 01:45:00+02:00,0.0
2026-10-10 02:00:00+02:00,0.0
2026-10-10 02:15:00+02:00,0.0
2026-10-10 02:30:00+02:00,0.0
2026-10-10 02:45:00+02:00,0.0
2026-10-10 03:00:00+02:00,0.0
2026-10-10 03:15:00+02:00,0.0
2026-10-10 03:30:00+02:00,0.0
2026-10-10 03:45:00+02:00,0.0
2026-10-10 04:00:00+02:00,0.0
2026-10-10 04:15:00+02:00,0.0
2026-10-10 04:30:00+02:00,0.0
2026-10-10 04:45:00+02:00,0.0
2026-10-10 05:00:00+02:00,0.0
2026-10-10 05:15:00+02:00,0.0
2026-10-10 05:30:00+02:00,0.0
2026-10-10 05:45:00+02:00,0.0
2026-10-10 06:00:00+02:00,0.0
2026-10-10 06:15:00+02:00,0.0
2026-10-10 06:30:00+02:00,30.853040887484884
2026-10-10 06:45:00+02:00,102.16372644013914
2026-10-10 07:00:00+02:00,205.54968404519843
2026-10-10 07:15:00+02:00,340.2403071943296
2026-10-10 07:30:00+02:00,500.92981109510447
2026-10-10 07:45:00+02:00,680.4990892694012
2026-10-10 08:00:00+02:00,871.5152001480432
2026-10-10 08:15:00+02:00,1070.1168647723605
2026-10-10 08:30:00+02:00,1276.5992553516814
2026-10-10 08:45:00+02:00,1490.5791373957015
2026-10-10 09:00:00+02:00,1710.1933886729962
2026-10-10 09:15:00+02:00,1932.4283921344793
2026-10-10 09:30:00+02:00,2153.4840927313858
2026-10-10 09:45:00+02:00,2370.365241314178
2026-10-10 10:00:00+02:00,2579.50117577939
2026-10-10 10:15:00+02:00,2778.4500570334153
2026-10-10 10:30:00+02:00,2959.844046077568
2026-10-10 10:45:00+02:00,3118.1392057860044
2026-10-10 11:00:00+02:00,3247.525464578034
2026-10-10 11:15:00+02:00,3343.6762241058937
2026-10-10 11:30:00+02:00,3402.5785591193053
2026-10-10 11:45:00+02:00,3424.0615936761646
2026-10-10 12:00:00+02:00,3411.618596155826
2026-10-10 12:15:00+02:00,3367.8743994304887
2026-10-10 12:30:00+02:00,3296.079971647256
2026-10-10 12:45:00+02:00,3199.3947183660584
2026-10-10 13:00:00+02:00,3080.709676138342
2026-10-10 13:15:00+02:00,2943.495264159745
2026-10-10 13:30:00+02:00,2790.5495784681752
2026-10-10 13:45:00+02:00,2625.7518889859625
2026-10-10 14:00:00+02:00,2453.897310115703
2026-10-10 14:15:00+02:00,2279.275912387492
2026-10-10 14:30:00+02:00,2106.901546724855
2026-10-10 14:45:00+02:00,1938.6566389284892
2026-10-10 15:00:00+02:00,1773.1057618231807
2026-10-10 15:15:00+02:00,1607.7601078791824
2026-10-10 15:30:00+02:00,1435.4405201439954
2026-10-10 15:45:00+02:00,1252.1400877716844
2026-10-10 16:00:00+02:00,1058.562216116243
2026-10-10 16:15:00+02:00,859.3577590757836
2026-10-10 16:30:00+02:00,665.0183636028762
2026-10-10 16:45:00+02:00,484.51458628700846
2026-10-10 17:00:00+02:00,323.8341914035686
2026-10-10 17:15:00+02:00,188.09223791818266
2026-10-10 17:30:00+02:00,80.62252763130907
2026-10-10 17:45:00+02:00,4.259689694947787
2026-10-10 18:00:00+02:00,0.0
2026-10-10 18:15:00+02:00,0.0
2026-10-10 18:30:00+02:00,0.0
2026-10-10 18:45:00+02:00,0.0
2026-10-10 19:00:00+02:00,0.0
2026-10-10 19:15:00+02:00,0.0
2026-10-10 19:30:00+02:00,0.0
2026-10-10 19:45:00+02:00,0.0
2026-10-10 20:00:00+02:00,0.0
2026-10-10 20:15:00+02:00,0.0
2026-10-10 20:30:00+02:00,0.0
2026-10-10 20:45:00+02:00,0.0
2026-10-10 21:00:00+02:00,0.0
2026-10-10 21:15:00+02:00,0.0
2026-10-10 21:30:00+02:00,0.0
2026-10-10 21:45:00+02:00,0.0
2026-10-10 22:00:00+02:00,0.0
2026-10-10 22:15:00+02:00,0.0
2026-10-10 22:30:00+02:00,0.0
2026-10-10 22:45:00+02:00,0.0
2026-10-10 23:00:00+02:00,0.0
2026-10-10 23:15:00+02:00,0.0
2026-10-10 23:30:00+02:00,0.0
2026-10-10 23:45:00+02:00,0.0
2026-10-11 00:00:00+02:00,0.0
2026-10-11 00:15:00+02:00,0.0
2026-10-11 00:30:00+02:00,0.0
2026-10-11 00:45:00+02:00,0.0
2026-10-11 01:00:00+02:00,0.0
2026-10-11 01:15:00+02:00,0.0
2026-10-11 01:30:00+02:00,0.0
2026-10-11 01:45:00+02:00,0.0
2026-10-11 02:00:00+02:00,0.0
2026-10-11 02:15:00+02:00,0.0
2026-10-11 02:30:00+02:00,0.0
2026-10-11 02:45:00+02:00,0.0
2026-10-11 03:00:00+02:00,0.0
2026-10-11 03:15:00+02:00,0.0
2026-10-11 03:30:00+02:00,0.0
2026-10-11 03:45:00+02:00,0.0
2026-10-11 04:00:00+02:00,0.0
2026-10-11 04:15:00+02:00,0.0
2026-10-11 04:30:00+02:00,0.0
2026-10-11 04:45:00+02:00,0.0
2026-10-11 05:00:00+02:00,0.0
2026-10-11 05:15:00+02:00,0.0
2026-10-11 05:30:00+02:00,0.0
2026-10-11 05:45:00+02:00,0.0
2026-10-11 06:00:00+02:00,0.0
2026-10-11 06:15:00+02:00,0.0
2026-10-11 06:30:00+02:00,7.094505771184734
2026-10-11 06:45:00+02:00,53.02389713099251
2026-10-11 07:00:00+02:00,124.744581934256
2026-10-11 07:15:00+02:00,222.98403468471525
2026-10-11 07:30:00+02:00,345.50664979398897
2026-10-11 07:45:00+02:00,488.0977254861659
2026-10-11 08:00:00+02:00,645.2904453127726
2026-10-11 08:15:00+02:00,812.213938788311
2026-10-11 08:30:00+02:00,984.436074041264
2026-10-11 08:45:00+02:00,1157.170600663896
2026-10-11 09:00:00+02:00,1325.7236125534528
2026-10-11 09:15:00+02:00,1487.4512409510678
2026-10-11 09:30:00+02:00,1642.1303324153878
2026-10-11 09:45:00+02:00,1790.9016272506876
2026-10-11 10:00:00+02:00,1935.642977581959
2026-10-11 10:15:00+02:00,2076.2164802890115
2026-10-11 10:30:00+02:00,2206.6830479103614
2026-10-11 10:45:00+02:00,2323.6622113655385
2026-10-11 11:00:00+02:00,2423.970724154417
2026-10-11 11:15:00+02:00,2504.6052611258615
2026-10-11 11:30:00+02:00,2562.7016046377894
2026-10-11 11:45:00+02:00,2596.4197581664544
2026-10-11 12:00:00+02:00,2605.1210884076277
2026-10-11 12:15:00+02:00,2588.9083683342765
2026-10-11 12:30:00+02:00,2548.6315233171936
2026-10-11 12:45:00+02:00,2486.4949198805443
2026-10-11 13:00:00+02:00,2405.7403922652547
2026-10-11 13:15:00+02:00,2308.9595899865303
2026-10-11 13:30:00+02:00,2198.257240858184
2026-10-11 13:45:00+02:00,2075.65432386779
2026-10-11 14:00:00+02:00,1943.0949899091568
2026-10-11 14:15:00+02:00,1802.600769224028
2026-10-11 14:30:00+02:00,1655.7511291979517
2026-10-11 14:45:00+02:00,1503.9162123943233
2026-10-11 15:00:00+02:00,1348.3791743133845
2026-10-11 15:15:00+02:00,1190.5104458006738
2026-10-11 15:30:00+02:00,1030.5859542120945
2026-10-11 15:45:00+02:00,869.6968031843239
2026-10-11 16:00:00+02:00,710.1561926598724
2026-10-11 16:15:00+02:00,556.1083693988621
2026-10-11 16:30:00+02:00,414.01906798797825
2026-10-11 16:45:00+02:00,289.2149768331828
2026-10-11 17:00:00+02:00,185.04188884900177
2026-10-11 17:15:00+02:00,103.21550255412498
2026-10-11 17:30:00+02:00,43.57779935136284
2026-10-11 17:45:00+02:00,4.5002570656107235
2026-10-11 18:00:00+02:00,0.0
2026-10-11 18:15:00+02:00,0.0
2026-10-11 18:30:00+02:00,0.0
2026-10-11 18:45:00+02:00,0.0
2026-10-11 19:00:00+02:00,0.0
2026-10-11 19:15:00+02:00,0.0
2026-10-11 19:30:00+02:00,0.0
2026-10-11 19:45:00+02:00,0.0
2026-10-11 20:00:00+02:00,0.0
2026-10-11 20:15:00+02:00,0.0
2026-10-11 20:30:00+02:00,0.0
2026-10-11 20:45:00+02:00,0.0
2026-10-11 21:00:00+02:00,0.0
2026-10-11 21:15:00+02:00,0.0
2026-10-11 21:30:00+02:00,0.0
2026-10-11 21:45:00+02:00,0.0
2026-10-11 22:00:00+02:00,0.0
2026-10-11 22:15:00+02:00,0.0
2026-10-11 22:30:00+02:00,0.0
2026-10-11 22:45:00+02:00,0.0
2026-10-11 23:00:00+02:00,0.0
2026-10-11 23:15:00+02:00,0.0
2026-10-11 23:30:00+02:00,0.0
2026-10-11 23:45:00+02:00,0.0
2026-10-12 00:00:00+02:00,0.0
2026-10-12 00:15:00+02:00,0.0
2026-10-12 00:30:00+02:00,0.0
2026-10-12 00:45:00+02:00,0.0
2026-10-12 01:00:00+02:00,0.0
2026-10-12 01:15:00+02:00,0.0
2026-10-12 01:30:00+02:00,0.0
2026-10-12 01:45:00+02:00,0.0
2026-10-12 02:00:00+02:00,0.0
2026-10-12 02:15:00+02:00,0.0
2026-10-12 02:30:00+02:00,0.0
2026-10-12 02:45:00+02:00,0.0
2026-10-12 03:00:00+02:00,0.0
2026-10-12 03:15:00+02:00,0.0
2026-10-12 03:30:00+02:00,0.0
2026-10-12 03:45:00+02:00,0.0
2026-10-12 04:00:00+02:00,0.0
2026-10-12 04:15:00+02:00,0.0
2026-10-12 04:30:00+02:00,0.0
2026-10-12 04:45:00+02:00,0.0
2026-10-12 05:00:00+02:00,0.0
2026-10-12 05:15:00+02:00,0.0
2026-10-12 05:30:00+02:00,0.0
2026-10-12 05:45:00+02:00,0.0
2026-10-12 06:00:00+02:00,0.0
2026-10-12 06:15:00+02:00,0.0
2026-10-12 06:30:00+02:00,8.310764692222076
2026-10-12 06:45:00+02:00,30.775114611683193
2026-10-12 07:00:00+02:00,64.1662432571031
2026-10-12 07:15:00+02:00,109.85774019303025
2026-10-12 07:30:00+02:00,169.77614206187513
2026-10-12 07:45:00+02:00,243.81722003586705
2026-10-12 08:00:00+02:00,329.58041049982313
2026-10-12 08:15:00+02:00,423.26334231667073
2026-10-12 08:30:00+02:00,518.6575682712592
2026-10-12 08:45:00+02:00,610.1615002734977
2026-10-12 09:00:00+02:00,693.6884933655665
2026-10-12 09:15:00+02:00,767.0090186275695
2026-10-12 09:30:00+02:00,830.3019739026586
2026-10-12 09:45:00+02:00,884.4765113882048
2026-10-12 10:00:00+02:00,929.9648541969898
2026-10-12 10:15:00+02:00,969.0799816091201
2026-10-12 10:30:00+02:00,1004.4649422168732
2026-10-12 10:45:00+02:00,1039.2858754083106
2026-10-12 11:00:00+02:00,1076.1234872441178
2026-10-12 11:15:00+02:00,1113.984727475911
2026-10-12 11:30:00+02:00,1148.3840806208143
2026-10-12 11:45:00+02:00,1173.9634592446273
2026-10-12 12:00:00+02:00,1185.764086675154
2026-10-12 12:15:00+02:00,1182.2891413231623
2026-10-12 12:30:00+02:00,1165.1039455120015
2026-10-12 12:45:00+02:00,1136.8561532353922
2026-10-12 13:00:00+02:00,1100.5623166467228
2026-10-12 13:15:00+02:00,1058.0942807655747
2026-10-12 13:30:00+02:00,1010.3576725308005
2026-10-12 13:45:00+02:00,958.5896746035385
2026-10-12 14:00:00+02:00,904.2679832962482
2026-10-12 14:15:00+02:00,847.8240513819436
2026-10-12 14:30:00+02:00,788.8026561522984
2026-10-12 14:45:00+02:00,725.8328022743409
2026-10-12 15:00:00+02:00,657.1276177324729
2026-10-12 15:15:00+02:00,582.5282045613898
2026-10-12 15:30:00+02:00,502.2150330882111
2026-10-12 15:45:00+02:00,418.04439440024083
2026-10-12 16:00:00+02:00,333.4343689848503
2026-10-12 16:15:00+02:00,251.8334617590017
2026-10-12 16:30:00+02:00,177.71501651615304
2026-10-12 16:45:00+02:00,114.26164459709034
2026-10-12 17:00:00+02:00,62.93030383107869
2026-10-12 17:15:00+02:00,24.447788883440627
2026-10-12 17:30:00+02:00,0.0
2026-10-12 17:45:00+02:00,0.0
2026-10-12 18:00:00+02:00,0.0
2026-10-12 18:15:00+02:00,0.0
2026-10-12 18:30:00+02:00,0.0
2026-10-12 18:45:00+02:00,0.0
2026-10-12 19:00:00+02:00,0.0
2026-10-12 19:15:00+02:00,0.0
2026-10-12 19:30:00+02:00,0.0
2026-10-12 19:45:00+02:00,0.0
2026-10-12 20:00:00+02:00,0.0
2026-10-12 20:15:00+02:00,0.0
2026-10-12 20:30:00+02:00,0.0
2026-10-12 20:45:00+02:00,0.0
2026-10-12 21:00:00+02:00,0.0
2026-10-12 21:15:00+02:00,0.0
2026-10-12 21:30:00+02:00,0.0
2026-10-12 21:45:00+02:00,0.0
2026-10-12 22:00:00+02:00,0.0
2026-10-12 22:15:00+02:00,0.0
2026-10-12 22:30:00+02:00,0.0
2026-10-12 22:45:00+02:00,0.0
2026-10-12 23:00:00+02:00,0.0
2026-10-12 23:15:00+02:00,0.0
2026-10-12 23:30:00+02:00,0.0
2026-10-12 23:45:00+02:00,0.0
2026-10-13 00:00:00+02:00,0.0
2026-10-13 00:15:00+02:00,0.0
2026-10-13 00:30:00+02:00,0.0
2026-10-13 00:45:00+02:00,0.0
2026-10-13 01:00:00+02:00,0.0
2026-10-13 01:15:00+02:00,0.0
2026-10-13 01:30:00+02:00,0.0
2026-10-13 01:45:00+02:00,0.0
2026-10-13 02:00:00+02:00,0.0
2026-10-13 02:15:00+02:00,0.0
2026-10-13 02:30:00+02:00,0.0
2026-10-13 02:45:00+02:00,0.0
2026-10-13 03:00:00+02:00,0.0
2026-10-13 03:15:00+02:00,0.0
2026-10-13 03:30:00+02:00,0.0
2026-10-13 03:45:00+02:00,0.0
2026-10-13 04:00:00+02:00,0.0
2026-10-13 04:15:00+02:00,0.0
2026-10-13 04:30:00+02:00,0.0
2026-10-13 04:45:00+02:00,0.0
2026-10-13 05:00:00+02:00,0.0
2026-10-13 05:15:00+02:00,0.0
2026-10-13 05:30:00+02:00,0.0
2026-10-13 05:45:00+02:00,0.0
2026-10-13 06:00:00+02:00,0.0
2026-10-13 06:15:00+02:00,0.0
2026-10-13 06:30:00+02:00,6.625932690416838
2026-10-13 06:45:00+02:00,48.0578346575781
2026-10-13 07:00:00+02:00,112.1549998665203
2026-10-13 07:15:00+02:00,197.20048290181938
2026-10-13 07:30:00+02:00,296.730235795231
2026-10-13 07:45:00+02:00,403.43619665277686
2026-10-13 08:00:00+02:00,510.53523757405685
2026-10-13 08:15:00+02:00,613.0716282134391
2026-10-13 08:30:00+02:00,707.5759874171998
2026-10-13 08:45:00+02:00,791.5865581509653
2026-10-13 09:00:00+02:00,863.9946846099205
2026-10-13 09:15:00+02:00,927.0355720261164
2026-10-13 09:30:00+02:00,987.208567338243
2026-10-13 09:45:00+02:00,1051.9187720675345
2026-10-13 10:00:00+02:00,1127.498670601069
2026-10-13 10:15:00+02:00,1213.8811610864059
2026-10-13 10:30:00+02:00,1305.1984136136564
2026-10-13 10:45:00+02:00,1393.7029785639925
2026-10-13 11:00:00+02:00,1471.5034379432464
2026-10-13 11:15:00+02:00,1534.554129497969
2026-10-13 11:30:00+02:00,1582.2674781346873
2026-10-13 11:45:00+02:00,1614.7247409874565
2026-10-13 12:00:00+02:00,1632.2097777252056
2026-10-13 12:15:00+02:00,1634.7268004461562
2026-10-13 12:30:00+02:00,1621.2870759759353
2026-10-13 12:45:00+02:00,1593.4631906503378
2026-10-13 13:00:00+02:00,1555.2517301640282
2026-10-13 13:15:00+02:00,1509.7453934400762
2026-10-13 13:30:00+02:00,1460.9285970626731
2026-10-13 13:45:00+02:00,1410.4798559547237
2026-10-13 14:00:00+02:00,1357.63852924908
2026-10-13 14:15:00+02:00,1302.263975633759
2026-10-13 14:30:00+02:00,1243.2402497027324
2026-10-13 14:45:00+02:00,1180.509241183871
2026-10-13 15:00:00+02:00,1115.0708188807175
2026-10-13 15:15:00+02:00,1046.4431415004528
2026-10-13 15:30:00+02:00,973.2041025264232
2026-10-13 15:45:00+02:00,893.0168742817704
2026-10-13 16:00:00+02:00,803.3531399711661
2026-10-13 16:15:00+02:00,704.5977522283538
2026-10-13 16:30:00+02:00,598.5743849197207
2026-10-13 16:45:00+02:00,489.55322481825795
2026-10-13 17:00:00+02:00,383.6266821207793
2026-10-13 17:15:00+02:00,285.3909807580579
2026-10-13 17:30:00+02:00,199.41097917475366
2026-10-13 17:45:00+02:00,128.06775257850416
2026-10-13 18:00:00+02:00,71.39966782308971
2026-10-13 18:15:00+02:00,29.3693901726929
2026-10-13 18:30:00+02:00,0.9825559410298772
2026-10-13 18:45:00+02:00,0.0
2026-10-13 19:00:00+02:00,0.0
2026-10-13 19:15:00+02:00,0.0
2026-10-13 19:30:00+02:00,0.0
2026-10-13 19:45:00+02:00,0.0
2026-10-13 20:00:00+02:00,0.0
2026-10-13 20:15:00+02:00,0.0
2026-10-13 20:30:00+02:00,0.0
2026-10-13 20:45:00+02:00,0.0
2026-10-13 21:00:00+02:00,0.0
2026-10-13 21:15:00+02:00,0.0
2026-10-13 21:30:00+02:00,0.0
2026-10-13 21:45:00+02:00,0.0
2026-10-13 22:00:00+02:00,0.0
2026-10-13 22:15:00+02:00,0.0
2026-10-13 22:30:00+02:00,0.0
2026-10-13 22:45:00+02:00,0.0
2026-10-13 23:00:00+02:00,0.0
2026-10-13 23:15:00+02:00,0.0
2026-10-13 23:30:00+02:00,0.0
2026-10-13 23:45:00+02:00,0.0
2026-10-14 00:00:00+02:00,0.0
2026-10-14 00:15:00+02:00,0.0
2026-10-14 00:30:00+02:00,0.0
2026-10-14 00:45:00+02:00,0.0
2026-10-14 01:00:00+02:00,0.0
2026-10-14 01:15:00+02:00,0.0
2026-10-14 01:30:00+02:00,0.0
2026-10-14 01:45:00+02:00,0.0
2026-10-14 02:00:00+02:00,0.0
2026-10-14 02:15:00+02:00,0.0
2026-10-14 02:30:00+02:00,0.0
2026-10-14 02:45:00+02:00,0.0
2026-10-14 03:00:00+02:00,0.0
2026-10-14 03:15:00+02:00,0.0
2026-10-14 03:30:00+02:00,0.0
2026-10-14 03:45:00+02:00,0.0
2026-10-14 04:00:00+02:00,0.0
2026-10-14 04:15:00+02:00,0.0
2026-10-14 04:30:00+02:00,0.0
2026-10-14 04:45:00+02:00,0.0
2026-10-14 05:00:00+02:00,0.0
2026-10-14 05:15:00+02:00,0.0
2026-10-14 05:30:00+02:00,0.0
2026-10-14 05:45:00+02:00,0.0
2026-10-14 06:00:00+02:00,0.0
2026-10-14 06:15:00+02:00,0.0
2026-10-14 06:30:00+02:00,0.9291174074849251
2026-10-14 06:45:00+02:00,31.058769772150455
2026-10-14 07:00:00+02:00,79.24710428852536
2026-10-14 07:15:00+02:00,144.70079431208234
2026-10-14 07:30:00+02:00,223.28110988513401
2026-10-14 07:45:00+02:00,309.9036096975411
2026-10-14 08:00:00+02:00,399.41408846174375
2026-10-14 08:15:00+02:00,487.3297922405708
2026-10-14 08:30:00+02:00,569.3678433513141
2026-10-14 08:45:00+02:00,642.0397477052663
2026-10-14 09:00:00+02:00,703.256315548126
2026-10-14 09:15:00+02:00,754.3266264945014
2026-10-14 09:30:00+02:00,800.7253944582505
2026-10-14 09:45:00+02:00,848.8260619051661
2026-10-14 10:00:00+02:00,904.1949207866437
2026-10-14 10:15:00+02:00,967.3511521624758
2026-10-14 10:30:00+02:00,1034.289437049243
2026-10-14 10:45:00+02:00,1099.6551915773587
2026-10-14 11:00:00+02:00,1157.9485293443754
2026-10-14 11:15:00+02:00,1205.9811954826678
2026-10-14 11:30:00+02:00,1242.791588678701
2026-10-14 11:45:00+02:00,1267.3896462885348
2026-10-14 12:00:00+02:00,1278.6084107382724
2026-10-14 12:15:00+02:00,1275.5253044505641
2026-10-14 12:30:00+02:00,1256.3167293184356
2026-10-14 12:45:00+02:00,1221.9999942546242
2026-10-14 13:00:00+02:00,1176.4202344213445
2026-10-14 13:15:00+02:00,1123.1101270490772
2026-10-14 13:30:00+02:00,1067.0606116657082
2026-10-14 13:45:00+02:00,1011.352390868283
2026-10-14 14:00:00+02:00,956.7891523744656
2026-10-14 14:15:00+02:00,904.3694101794109
2026-10-14 14:30:00+02:00,854.0878157813918
2026-10-14 14:45:00+02:00,806.2969151532413
2026-10-14 15:00:00+02:00,761.6169807949364
2026-10-14 15:15:00+02:00,718.73418997852
2026-10-14 15:30:00+02:00,674.6703343203112
2026-10-14 15:45:00+02:00,625.4045218195273
2026-10-14 16:00:00+02:00,566.880049579713
2026-10-14 16:15:00+02:00,498.61792975156374
2026-10-14 16:30:00+02:00,422.4827368508123
2026-10-14 16:45:00+02:00,342.74042083425707
2026-10-14 17:00:00+02:00,265.2438780454468
2026-10-14 17:15:00+02:00,193.96249300179383
2026-10-14 17:30:00+02:00,132.30926758829784
2026-10-14 17:45:00+02:00,82.03486810754092
2026-10-14 18:00:00+02:00,43.145697615322014
2026-10-14 18:15:00+02:00,15.43793340254661
2026-10-14 18:30:00+02:00,0.0
2026-10-14 18:45:00+02:00,0.0
2026-10-14 19:00:00+02:00,0.0
2026-10-14 19:15:00+02:00,0.0
2026-10-14 19:30:00+02:00,0.0
2026-10-14 19:45:00+02:00,0.0
2026-10-14 20:00:00+02:00,0.0
2026-10-14 20:15:00+02:00,0.0
2026-10-14 20:30:00+02:00,0.0
2026-10-14 20:45:00+02:00,0.0
2026-10-14 21:00:00+02:00,0.0
2026-10-14 21:15:00+02:00,0.0
2026-10-14 21:30:00+02:00,0.0
2026-10-14 21:45:00+02:00,0.0
2026-10-14 22:00:00+02:00,0.0
2026-10-14 22:15:00+02:00,0.0
2026-10-14 22:30:00+02:00,0.0
2026-10-14 22:45:00+02:00,0.0
2026-10-14 23:00:00+02:00,0.0
2026-10-14 23:15:00+02:00,0.0
2026-10-14 23:30:00+02:00,0.0
2026-10-14 23:45:00+02:00,0.0
2026-10-15 00:00:00+02:00,0.0
2026-10-15 00:15:00+02:00,0.0
2026-10-15 00:30:00+02:00,0.0
2026-10-15 00:45:00+02:00,0.0
2026-10-15 01:00:00+02:00,0.0
2026-10-15 01:15:00+02:00,0.0
2026-10-15 01:30:00+02:00,0.0
2026-10-15 01:45:00+02:00,0.0
2026-10-15 02:00:00+02:00,0.0
2026-10-15 02:15:00+02:00,0.0
2026-10-15 02:30:00+02:00,0.0
2026-10-15 02:45:00+02:00,0.0
2026-10-15 03:00:00+02:00,0.0
2026-10-15 03:15:00+02:00,0.0
2026-10-15 03:30:00+02:00,0.0
2026-10-15 03:45:00+02:00,0.0
2026-10-15 04:00:00+02:00,0.0
2026-10-15 04:15:00+02:00,0.0
2026-10-15 04:30:00+02:00,0.0
2026-10-15 04:45:00+02:00,0.0
2026-10-15 05:00:00+02:00,0.0
2026-10-15 05:15:00+02:00,0.0
2026-10-15 05:30:00+02:00,0.0
2026-10-15 05:45:00+02:00,0.0
2026-10-15 06:00:00+02:00,0.0
2026-10-15 06:15:00+02:00,0.0
2026-10-15 06:30:00+02:00,0.0
2026-10-15 06:45:00+02:00,31.614247602499656
2026-10-15 07:00:00+02:00,95.1114476474691
2026-10-15 07:15:00+02:00,183.15741344290726
2026-10-15 07:30:00+02:00,289.0232010085995
2026-10-15 07:45:00+02:00,405.50050981617085
2026-10-15 08:00:00+02:00,526.3938096849478
2026-10-15 08:15:00+02:00,647.7256232339753
2026-10-15 08:30:00+02:00,768.6666524660302
2026-10-15 08:45:00+02:00,887.34044308906
2026-10-15 09:00:00+02:00,1000.7104380925497
2026-10-15 09:15:00+02:00,1107.4406203743683
2026-10-15 09:30:00+02:00,1206.91517014958
2026-10-15 09:45:00+02:00,1301.5080762162515
2026-10-15 10:00:00+02:00,1395.7132874286337
2026-10-15 10:15:00+02:00,1490.051244939316
2026-10-15 10:30:00+02:00,1583.4036967245072
2026-10-15 10:45:00+02:00,1671.873520913419
2026-10-15 11:00:00+02:00,1749.612031180973
2026-10-15 11:15:00+02:00,1814.1037198497604
2026-10-15 11:30:00+02:00,1864.9656813777983
2026-10-15 11:45:00+02:00,1903.5039606059743
2026-10-15 12:00:00+02:00,1931.8984024226665
2026-10-15 12:15:00+02:00,1948.6289577326445
2026-10-15 12:30:00+02:00,1948.4135434745074
2026-10-15 12:45:00+02:00,1926.8188971877694
2026-10-15 13:00:00+02:00,1881.6515138398295
2026-10-15 13:15:00+02:00,1815.4892910116237
2026-10-15 13:30:00+02:00,1736.312956212165
2026-10-15 13:45:00+02:00,1652.2846498987192
2026-10-15 14:00:00+02:00,1570.0537604661702
2026-10-15 14:15:00+02:00,1492.636328208426
2026-10-15 14:30:00+02:00,1419.0996556882171
2026-10-15 14:45:00+02:00,1347.8347381535646
2026-10-15 15:00:00+02:00,1277.1723969154841
2026-10-15 15:15:00+02:00,1205.065935237129
2026-10-15 15:30:00+02:00,1129.0238105500603
2026-10-15 15:45:00+02:00,1045.3332393419116
2026-10-15 16:00:00+02:00,949.9432165885013
2026-10-15 16:15:00+02:00,842.3730731275162
2026-10-15 16:30:00+02:00,723.7787436553571
2026-10-15 16:45:00+02:00,598.8980474358756
2026-10-15 17:00:00+02:00,475.30922454037625
2026-10-15 17:15:00+02:00,358.71131054613716
2026-10-15 17:30:00+02:00,255.008460265546
2026-10-15 17:45:00+02:00,167.4604023682681
2026-10-15 18:00:00+02:00,96.44644423765365
2026-10-15 18:15:00+02:00,42.386911825411666
2026-10-15 18:30:00+02:00,4.600505859335047
2026-10-15 18:45:00+02:00,0.0
2026-10-15 19:00:00+02:00,0.0
2026-10-15 19:15:00+02:00,0.0
2026-10-15 19:30:00+02:00,0.0
2026-10-15 19:45:00+02:00,0.0
2026-10-15 20:00:00+02:00,0.0
2026-10-15 20:15:00+02:00,0.0
2026-10-15 20:30:00+02:00,0.0
2026-10-15 20:45:00+02:00,0.0
2026-10-15 21:00:00+02:00,0.0
2026-10-15 21:15:00+02:00,0.0
2026-10-15 21:30:00+02:00,0.0
2026-10-15 21:45:00+02:00,0.0
2026-10-15 22:00:00+02:00,0.0
2026-10-15 22:15:00+02:00,0.0
2026-10-15 22:30:00+02:00,0.0
2026-10-15 22:45:00+02:00,0.0
2026-10-15 23:00:00+02:00,0.0
2026-10-15 23:15:00+02:00,0.0
2026-10-15 23:30:00+02:00,0.0
2026-10-15 23:45:00+02:00,0.0
2026-10-16 00:00:00+02:00,0.0
2026-10-16 00:15:00+02:00,0.0
2026-10-16 00:30:00+02:00,0.0
2026-10-16 00:45:00+02:00,0.0
2026-10-16 01:00:00+02:00,0.0
2026-10-16 01:15:00+02:00,0.0
2026-10-16 01:30:00+02:00,0.0
2026-10-16 01:45:00+02:00,0.0
2026-10-16 02:00:00+02:00,0.0
2026-10-16 02:15:00+02:00,0.0
2026-10-16 02:30:00+02:00,0.0
2026-10-16 02:45:00+02:00,0.0
2026-10-16 03:00:00+02:00,0.0
2026-10-16 03:15:00+02:00,0.0
2026-10-16 03:30:00+02:00,0.0
2026-10-16 03:45:00+02:00,0.0
2026-10-16 04:00:00+02:00,0.0
2026-10-16 04:15:00+02:00,0.0
2026-10-16 04:30:00+02:00,0.0
2026-10-16 04:45:00+02:00,0.0
2026-10-16 05:00:00+02:00,0.0
2026-10-16 05:15:00+02:00,0.0
2026-10-16 05:30:00+02:00,0.0
2026-10-16 05:45:00+02:00,0.0
2026-10-16 06:00:00+02:00,0.0
2026-10-16 06:15:00+02:00,0.0
2026-10-16 06:30:00+02:00,0.0
2026-10-16 06:45:00+02:00,57.56866721445152
2026-10-16 07:00:00+02:00,169.77542110910153
2026-10-16 07:15:00+02:00,323.98955493349985
2026-10-16 07:30:00+02:00,506.38432332301795
2026-10-16 07:45:00+02:00,702.9219984462842
2026-10-16 08:00:00+02:00,902.3631333933131
2026-10-16 08:15:00+02:00,1098.3707598459453
2026-10-16 08:30:00+02:00,1291.2566524761894
2026-10-16 08:45:00+02:00,1479.803315719683
2026-10-16 09:00:00+02:00,1660.7883761462556
2026-10-16 09:15:00+02:00,1834.1644824235
2026-10-16 09:30:00+02:00,2001.9261761009693
2026-10-16 09:45:00+02:00,2170.31236182473
2026-10-16 10:00:00+02:00,2347.7165279996725
2026-10-16 10:15:00+02:00,2533.2012690276283
2026-10-16 10:30:00+02:00,2720.081706711997
2026-10-16 10:45:00+02:00,2896.413385031413
2026-10-16 11:00:00+02:00,3047.4732062275007
2026-10-16 11:15:00+02:00,3167.085299896731
2026-10-16 11:30:00+02:00,3255.825301915509
2026-10-16 11:45:00+02:00,3317.521718547905
2026-10-16 12:00:00+02:00,3357.1512143650693
2026-10-16 12:15:00+02:00,3371.6845183434248
2026-10-16 12:30:00+02:00,3348.9907728525127
2026-10-16 12:45:00+02:00,3280.4832078359136
2026-10-16 13:00:00+02:00,3164.0702377974167
2026-10-16 13:15:00+02:00,3006.953766086483
2026-10-16 13:30:00+02:00,2828.1734924356892
2026-10-16 13:45:00+02:00,2645.439758856768
2026-10-16 14:00:00+02:00,2471.6415195279333
2026-10-16 14:15:00+02:00,2313.3442511981925
2026-10-16 14:30:00+02:00,2168.951681597184
2026-10-16 14:45:00+02:00,2036.4488268608748
2026-10-16 15:00:00+02:00,1914.334331348062
2026-10-16 15:15:00+02:00,1798.3952818189632
2026-10-16 15:30:00+02:00,1682.3715426411359
2026-10-16 15:45:00+02:00,1556.0217203914303
2026-10-16 16:00:00+02:00,1407.5584223662338
2026-10-16 16:15:00+02:00,1235.2095499250306
2026-10-16 16:30:00+02:00,1043.0942583795145
2026-10-16 16:45:00+02:00,843.0005838938237
2026-10-16 17:00:00+02:00,651.9526177318129
2026-10-16 17:15:00+02:00,479.89081616955707
2026-10-16 17:30:00+02:00,334.1625201244749
2026-10-16 17:45:00+02:00,216.44231775115333
2026-10-16 18:00:00+02:00,123.19996823582237
2026-10-16 18:15:00+02:00,53.05936810405437
2026-10-16 18:30:00+02:00,4.243173475779134
2026-10-16 18:45:00+02:00,0.0
2026-10-16 19:00:00+02:00,0.0
2026-10-16 19:15:00+02:00,0.0
2026-10-16 19:30:00+02:00,0.0
2026-10-16 19:45:00+02:00,0.0
2026-10-16 20:00:00+02:00,0.0
2026-10-16 20:15:00+02:00,0.0
2026-10-16 20:30:00+02:00,0.0
2026-10-16 20:45:00+02:00,0.0
2026-10-16 21:00:00+02:00,0.0
2026-10-16 21:15:00+02:00,0.0
2026-10-16 21:30:00+02:00,0.0
2026-10-16 21:45:00+02:00,0.0
2026-10-16 22:00:00+02:00,0.0
2026-10-16 22:15:00+02:00,0.0
2026-10-16 22:30:00+02:00,0.0
2026-10-16 22:45:00+02:00,0.0
2026-10-16 23:00:00+02:00,0.0
2026-10-16 23:15:00+02:00,0.0
2026-10-16 23:30:00+02:00,0.0
2026-10-16 23:45:00+02:00,0.0
2026-10-17 00:00:00+02:00,0.0
2026-10-17 00:15:00+02:00,0.0
2026-10-17 00:30:00+02:00,0.0
2026-10-17 00:45:00+02:00,0.0
2026-10-17 01:00:00+02:00,0.0
2026-10-17 01:15:00+02:00,0.0
2026-10-17 01:30:00+02:00,0.0
2026-10-17 01:45:00+02:00,0.0
2026-10-17 02:00:00+02:00,0.0
2026-10-17 02:15:00+02:00,0.0
2026-10-17 02:30:00+02:00,0.0
2026-10-17 02:45:00+02:00,0.0
2026-10-17 03:00:00+02:00,0.0
2026-10-17 03:15:00+02:00,0.0
2026-10-17 03:30:00+02:00,0.0
2026-10-17 03:45:00+02:00,0.0
2026-10-17 04:00:00+02:00,0.0
2026-10-17 04:15:00+02:00,0.0
2026-10-17 04:30:00+02:00,0.0
2026-10-17 04:45:00+02:00,0.0
2026-10-17 05:00:00+02:00,0.0
2026-10-17 05:15:00+02:00,0.0
2026-10-17 05:30:00+02:00,0.0
2026-10-17 05:45:00+02:00,0.0
2026-10-17 06:00:00+02:00,0.0
2026-10-17 06:15:00+02:00,0.0
2026-10-17 06:30:00+02:00,9.854370758709413
2026-10-17 06:45:00+02:00,58.700072905331794
2026-10-17 07:00:00+02:00,133.57613187028122
2026-10-17 07:15:00+02:00,232.8738870429934
2026-10-17 07:30:00+02:00,349.953031898625
2026-10-17 07:45:00+02:00,477.0457768337227
2026-10-17 08:00:00+02:00,606.7159504694312
2026-10-17 08:15:00+02:00,733.7651356255857
2026-10-17 08:30:00+02:00,855.322497959236
2026-10-17 08:45:00+02:00,968.8457154608268
2026-10-17 09:00:00+02:00,1072.204720794338
2026-10-17 09:15:00+02:00,1165.3774744927987
2026-10-17 09:30:00+02:00,1250.5645329771419
2026-10-17 09:45:00+02:00,1331.9860275987044
2026-10-17 10:00:00+02:00,1414.6116359822759
2026-10-17 10:15:00+02:00,1498.8779184649184
2026-10-17 10:30:00+02:00,1582.0935841106286
2026-10-17 10:45:00+02:00,1659.5939722254057
2026-10-17 11:00:00+02:00,1725.7957625698689
2026-10-17 11:15:00+02:00,1778.1010285683283
2026-10-17 11:30:00+02:00,1816.1335765588262
2026-10-17 11:45:00+02:00,1840.5688649266276
2026-10-17 12:00:00+02:00,1852.6121455937896
2026-10-17 12:15:00+02:00,1851.9591628150274
2026-10-17 12:30:00+02:00,1836.7020564727893
2026-10-17 12:45:00+02:00,1805.9721637284172
2026-10-17 13:00:00+02:00,1760.3398693648921
2026-10-17 13:15:00+02:00,1701.4827852225842
2026-10-17 13:30:00+02:00,1632.7742116520667
2026-10-17 13:45:00+02:00,1557.1138404092865
2026-10-17 14:00:00+02:00,1476.4640036099443
2026-10-17 14:15:00+02:00,1392.0392179406208
2026-10-17 14:30:00+02:00,1303.3378691001706
2026-10-17 14:45:00+02:00,1210.5739991349853
2026-10-17 15:00:00+02:00,1114.9422880177083
2026-10-17 15:15:00+02:00,1017.7936171041164
2026-10-17 15:30:00+02:00,921.2341817236213
2026-10-17 15:45:00+02:00,826.0141962088993
2026-10-17 16:00:00+02:00,731.5392321085379
2026-10-17 16:15:00+02:00,637.8739867135074
2026-10-17 16:30:00+02:00,544.1703561435721
2026-10-17 16:45:00+02:00,451.2475858814057
2026-10-17 17:00:00+02:00,361.6709400281378
2026-10-17 17:15:00+02:00,277.7952991140109
2026-10-17 17:30:00+02:00,202.99220115156868
2026-10-17 17:45:00+02:00,138.8504910012484
2026-10-17 18:00:00+02:00,85.02401907552995
2026-10-17 18:15:00+02:00,41.78700529097114
2026-10-17 18:30:00+02:00,9.14913471631818
2026-10-17 18:45:00+02:00,0.0
2026-10-17 19:00:00+02:00,0.0
2026-10-17 19:15:00+02:00,0.0
2026-10-17 19:30:00+02:00,0.0
2026-10-17 19:45:00+02:00,0.0
2026-10-17 20:00:00+02:00,0.0
2026-10-17 20:15:00+02:00,0.0
2026-10-17 20:30:00+02:00,0.0
2026-10-17 20:45:00+02:00,0.0
2026-10-17 21:00:00+02:00,0.0
2026-10-17 21:15:00+02:00,0.0
2026-10-17 21:30:00+02:00,0.0
2026-10-17 21:45:00+02:00,0.0
2026-10-17 22:00:00+02:00,0.0
2026-10-17 22:15:00+02:00,0.0
2026-10-17 22:30:00+02:00,0.0
2026-10-17 22:45:00+02:00,0.0
2026-10-17 23:00:00+02:00,0.0
2026-10-17 23:15:00+02:00,0.0
2026-10-17 23:30:00+02:00,0.0
2026-10-17 23:45:00+02:00,0.0
2026-10-18 00:00:00+02:00,0.0
2026-10-18 00:15:00+02:00,0.0
2026-10-18 00:30:00+02:00,0.0
2026-10-18 00:45:00+02:00,0.0
2026-10-18 01:00:00+02:00,0.0
2026-10-18 01:15:00+02:00,0.0
2026-10-18 01:30:00+02:00,0.0
2026-10-18 01:45:00+02:00,0.0
2026-10-18 02:00:00+02:00,0.0
2026-10-18 02:15:00+02:00,0.0
2026-10-18 02:30:00+02:00,0.0
2026-10-18 02:45:00+02:00,0.0
2026-10-18 03:00:00+02:00,0.0
2026-10-18 03:15:00+02:00,0.0
2026-10-18 03:30:00+02:00,0.0
2026-10-18 03:45:00+02:00,0.0
2026-10-18 04:00:00+02:00,0.0
2026-10-18 04:15:00+02:00,0.0
2026-10-18 04:30:00+02:00,0.0
2026-10-18 04:45:00+02:00,0.0
2026-10-18 05:00:00+02:00,0.0
2026-10-18 05:15:00+02:00,0.0
2026-10-18 05:30:00+02:00,0.0
2026-10-18 05:45:00+02:00,0.0
2026-10-18 06:00:00+02:00,0.0
2026-10-18 06:15:00+02:00,0.0
2026-10-18 06:30:00+02:00,11.11018436290159
2026-10-18 06:45:00+02:00,72.65726340141256
2026-10-18 07:00:00+02:00,167.34158700434108
2026-10-18 07:15:00+02:00,292.26911262365604
2026-10-18 07:30:00+02:00,437.039058413633
2026-10-18 07:45:00+02:00,590.4671983370455
2026-10-18 08:00:00+02:00,742.8248600755312
2026-10-18 08:15:00+02:00,888.2777971678868
2026-10-18 08:30:00+02:00,1025.5358567359308
2026-10-18 08:45:00+02:00,1153.401702084838
2026-10-18 09:00:00+02:00,1270.4292027250817
2026-10-18 09:15:00+02:00,1377.1009091850474
2026-10-18 09:30:00+02:00,1475.45703164204
2026-10-18 09:45:00+02:00,1570.5113870614807
2026-10-18 10:00:00+02:00,1668.8062189636778
2026-10-18 10:15:00+02:00,1771.0616858977587
2026-10-18 10:30:00+02:00,1874.6144274597539
2026-10-18 10:45:00+02:00,1973.1527835892334
2026-10-18 11:00:00+02:00,2058.0805754348567
2026-10-18 11:15:00+02:00,2125.013400024764
2026-10-18 11:30:00+02:00,2171.594272420729
2026-10-18 11:45:00+02:00,2198.4112293171997
2026-10-18 12:00:00+02:00,2208.4858184552763
2026-10-18 12:15:00+02:00,2203.1354909992383
2026-10-18 12:30:00+02:00,2183.4229484573007
2026-10-18 12:45:00+02:00,2150.0076775833727
2026-10-18 13:00:00+02:00,2103.185211105706
2026-10-18 13:15:00+02:00,2043.7841086127034
2026-10-18 13:30:00+02:00,1972.382476465717
2026-10-18 13:45:00+02:00,1890.3986784989295
2026-10-18 14:00:00+02:00,1800.018321376073
2026-10-18 14:15:00+02:00,1703.0142282936129
2026-10-18 14:30:00+02:00,1600.9637376648209
2026-10-18 14:45:00+02:00,1494.7855845248948
2026-10-18 15:00:00+02:00,1384.853868427682
2026-10-18 15:15:00+02:00,1272.4109828928868
2026-10-18 15:30:00+02:00,1159.1064306560343
2026-10-18 15:45:00+02:00,1046.578729592187
2026-10-18 16:00:00+02:00,936.2209166323588
2026-10-18 16:15:00+02:00,828.0226050844824
2026-10-18 16:30:00+02:00,719.726609559347
2026-10-18 16:45:00+02:00,609.6365371272478
2026-10-18 17:00:00+02:00,497.44700985752286
2026-10-18 17:15:00+02:00,385.74026626386984
2026-10-18 17:30:00+02:00,280.4299384572428
2026-10-18 17:45:00+02:00,186.9599377619662
2026-10-18 18:00:00+02:00,109.25186025315776
2026-10-18 18:15:00+02:00,49.2667092167101
2026-10-18 18:30:00+02:00,6.910203632792447
2026-10-18 18:45:00+02:00,0.0
2026-10-18 19:00:00+02:00,0.0
2026-10-18 19:15:00+02:00,0.0
2026-10-18 19:30:00+02:00,0.0
2026-10-18 19:45:00+02:00,0.0
2026-10-18 20:00:00+02:00,0.0
2026-10-18 20:15:00+02:00,0.0
2026-10-18 20:30:00+02:00,0.0
2026-10-18 20:45:00+02:00,0.0
2026-10-18 21:00:00+02:00,0.0
2026-10-18 21:15:00+02:00,0.0
2026-10-18 21:30:00+02:00,0.0
2026-10-18 21:45:00+02:00,0.0
2026-10-18 22:00:00+02:00,0.0
2026-10-18 22:15:00+02:00,0.0
2026-10-18 22:30:00+02:00,0.0
2026-10-18 22:45:00+02:00,0.0
2026-10-18 23:00:00+02:00,0.0
2026-10-18 23:15:00+02:00,0.0
2026-10-18 23:30:00+02:00,0.0
2026-10-18 23:45:00+02:00,0.0
2026-10-19 00:00:00+02:00,0.0
2026-10-19 00:15:00+02:00,0.0
2026-10-19 00:30:00+02:00,0.0
2026-10-19 00:45:00+02:00,0.0
2026-10-19 01:00:00+02:00,0.0
2026-10-19 01:15:00+02:00,0.0
2026-10-19 01:30:00+02:00,0.0
2026-10-19 01:45:00+02:00,0.0
2026-10-19 02:00:00+02:00,0.0
2026-10-19 02:15:00+02:00,0.0
2026-10-19 02:30:00+02:00,0.0
2026-10-19 02:45:00+02:00,0.0
2026-10-19 03:00:00+02:00,0.0
2026-10-19 03:15:00+02:00,0.0
2026-10-19 03:30:00+02:00,0.0
2026-10-19 03:45:00+02:00,0.0
2026-10-19 04:00:00+02:00,0.0
2026-10-19 04:15:00+02:00,0.0
2026-10-19 04:30:00+02:00,0.0
2026-10-19 04:45:00+02:00,0.0
2026-10-19 05:00:00+02:00,0.0
2026-10-19 05:15:00+02:00,0.0
2026-10-19 05:30:00+02:00,0.0
2026-10-19 05:45:00+02:00,0.0
2026-10-19 06:00:00+02:00,0.0
2026-10-19 06:15:00+02:00,0.0
2026-10-19 06:30:00+02:00,11.092649425106037
2026-10-19 06:45:00+02:00,74.94369142979849
2026-10-19 07:00:00+02:00,173.8684426801764
2026-10-19 07:15:00+02:00,307.66616594255794
2026-10-19 07:30:00+02:00,471.5961347723839
2026-10-19 07:45:00+02:00,658.047232134459
2026-10-19 08:00:00+02:00,857.69477318394
2026-10-19 08:15:00+02:00,1061.6782725263454
2026-10-19 08:30:00+02:00,1260.5801859633257
2026-10-19 08:45:00+02:00,1446.0652113792203
2026-10-19 09:00:00+02:00,1612.061185586398
2026-10-19 09:15:00+02:00,1757.3825897475424
2026-10-19 09:30:00+02:00,1886.534325969852
2026-10-19 09:45:00+02:00,2006.5825757081939
2026-10-19 10:00:00+02:00,2125.0645950405974
2026-10-19 10:15:00+02:00,2244.2511332326794
2026-10-19 10:30:00+02:00,2362.8358329550183
2026-10-19 10:45:00+02:00,2477.6894749295325
2026-10-19 11:00:00+02:00,2584.4637184954126
2026-10-19 11:15:00+02:00,2679.14287746565
2026-10-19 11:30:00+02:00,2757.869534703252
2026-10-19 11:45:00+02:00,2816.190196304033
2026-10-19 12:00:00+02:00,2849.563609682806
2026-10-19 12:15:00+02:00,2854.673758571432
2026-10-19 12:30:00+02:00,2827.6844907395507
2026-10-19 12:45:00+02:00,2768.7458031952006
2026-10-19 13:00:00+02:00,2682.197797694435
2026-10-19 13:15:00+02:00,2573.538203791345
2026-10-19 13:30:00+02:00,2451.484296842219
2026-10-19 13:45:00+02:00,2323.5264821322507
2026-10-19 14:00:00+02:00,2194.7611203874762
2026-10-19 14:15:00+02:00,2068.322404843317
2026-10-19 14:30:00+02:00,1944.1797035095626
2026-10-19 14:45:00+02:00,1821.9321355982747
2026-10-19 15:00:00+02:00,1701.2439749930818
2026-10-19 15:15:00+02:00,1580.9407633849203
2026-10-19 15:30:00+02:00,1459.0417524700194
2026-10-19 15:45:00+02:00,1332.041415628301
2026-10-19 16:00:00+02:00,1195.8518845307296
2026-10-19 16:15:00+02:00,1050.0504270014799
2026-10-19 16:30:00+02:00,895.7028903887016
2026-10-19 16:45:00+02:00,737.4495286595918
2026-10-19 17:00:00+02:00,582.868353655077
2026-10-19 17:15:00+02:00,438.02201672569856
2026-10-19 17:30:00+02:00,309.6456853465547
2026-10-19 17:45:00+02:00,201.6458718402611
2026-10-19 18:00:00+02:00,114.71787908967143
2026-10-19 18:15:00+02:00,49.214347368281665
2026-10-19 18:30:00+02:00,4.011675788360205
2026-10-19 18:45:00+02:00,0.0
2026-10-19 19:00:00+02:00,0.0
2026-10-19 19:15:00+02:00,0.0
2026-10-19 19:30:00+02:00,0.0
2026-10-19 19:45:00+02:00,0.0
2026-10-19 20:00:00+02:00,0.0
2026-10-19 20:15:00+02:00,0.0
2026-10-19 20:30:00+02:00,0.0
2026-10-19 20:45:00+02:00,0.0
2026-10-19 21:00:00+02:00,0.0
2026-10-19 21:15:00+02:00,0.0
2026-10-19 21:30:00+02:00,0.0
2026-10-19 21:45:00+02:00,0.0
2026-10-19 22:00:00+02:00,0.0
2026-10-19 22:15:00+02:00,0.0
2026-10-19 22:30:00+02:00,0.0
2026-10-19 22:45:00+02:00,0.0
2026-10-19 23:00:00+02:00,0.0
2026-10-19 23:15:00+02:00,0.0
2026-10-19 23:30:00+02:00,0.0
2026-10-19 23:45:00+02:00,0.0
2026-10-20 00:00:00+02:00,0.0
2026-10-20 00:15:00+02:00,0.0
2026-10-20 00:30:00+02:00,0.0
2026-10-20 00:45:00+02:00,0.0
2026-10-20 01:00:00+02:00,0.0
2026-10-20 01:15:00+02:00,0.0
2026-10-20 01:30:00+02:00,0.0
2026-10-20 01:45:00+02:00,0.0
2026-10-20 02:00:00+02:00,0.0
2026-10-20 02:15:00+02:00,0.0
2026-10-20 02:30:00+02:00,0.0
2026-10-20 02:45:00+02:00,0.0
2026-10-20 03:00:00+02:00,0.0
2026-10-20 03:15:00+02:00,0.0
2026-10-20 03:30:00+02:00,0.0
2026-10-20 03:45:00+02:00,0.0
2026-10-20 04:00:00+02:00,0.0
2026-10-20 04:15:00+02:00,0.0
2026-10-20 04:30:00+02:00,0.0
2026-10-20 04:45:00+02:00,0.0
2026-10-20 05:00:00+02:00,0.0
2026-10-20 05:15:00+02:00,0.0
2026-10-20 05:30:00+02:00,0.0
2026-10-20 05:45:00+02:00,0.0
2026-10-20 06:00:00+02:00,0.0
2026-10-20 06:15:00+02:00,0.0
2026-10-20 06:30:00+02:00,6.395399392287185
2026-10-20 06:45:00+02:00,66.61575121680683
2026-10-20 07:00:00+02:00,161.56680569652315
2026-10-20 07:15:00+02:00,291.45632508846603
2026-10-20 07:30:00+02:00,452.02114341642334
2026-10-20 07:45:00+02:00,636.2443966038321
2026-10-20 08:00:00+02:00,835.4276904942612
2026-10-20 08:15:00+02:00,1040.9852822098592
2026-10-20 08:30:00+02:00,1243.2357086340758
2026-10-20 08:45:00+02:00,1433.6799757923402
2026-10-20 09:00:00+02:00,1606.3782928019898
2026-10-20 09:15:00+02:00,1761.1621817038076
2026-10-20 09:30:00+02:00,1904.931227540827
2026-10-20 09:45:00+02:00,2046.391619649805
2026-10-20 10:00:00+02:00,2193.517935312774
2026-10-20 10:15:00+02:00,2347.9334131004844
2026-10-20 10:30:00+02:00,2506.871123950435
2026-10-20 10:45:00+02:00,2664.8550412535974
2026-10-20 11:00:00+02:00,2814.4338016627044
2026-10-20 11:15:00+02:00,2947.482950257639
2026-10-20 11:30:00+02:00,3054.1041799129484
2026-10-20 11:45:00+02:00,3125.1917902197365
2026-10-20 12:00:00+02:00,3153.93321278807
2026-10-20 12:15:00+02:00,3138.048211523166
2026-10-20 12:30:00+02:00,3078.547300774621
2026-10-20 12:45:00+02:00,2981.600470842717
2026-10-20 13:00:00+02:00,2857.544380099806
2026-10-20 13:15:00+02:00,2715.679087536537
2026-10-20 13:30:00+02:00,2566.703514290727
2026-10-20 13:45:00+02:00,2419.2896749316524
2026-10-20 14:00:00+02:00,2278.9501986101473
2026-10-20 14:15:00+02:00,2148.0485619564615
2026-10-20 14:30:00+02:00,2024.4671681426364
2026-10-20 14:45:00+02:00,1904.3009113310306
2026-10-20 15:00:00+02:00,1783.0896517379235
2026-10-20 15:15:00+02:00,1658.3251896899908
2026-10-20 15:30:00+02:00,1528.7496626691798
2026-10-20 15:45:00+02:00,1392.858079086785
2026-10-20 16:00:00+02:00,1249.1953922410125
2026-10-20 16:15:00+02:00,1098.037244275374
2026-10-20 16:30:00+02:00,939.7869715283808
2026-10-20 16:45:00+02:00,778.0512453911648
2026-10-20 17:00:00+02:00,619.3213099649507
2026-10-20 17:15:00+02:00,469.35192476177684
2026-10-20 17:30:00+02:00,335.1949436161412
2026-10-20 17:45:00+02:00,221.13784152784248
2026-10-20 18:00:00+02:00,128.19935185207504
2026-10-20 18:15:00+02:00,57.07626347735042
2026-10-20 18:30:00+02:00,6.962238550887506
2026-10-20 18:45:00+02:00,0.0
2026-10-20 19:00:00+02:00,0.0
2026-10-20 19:15:00+02:00,0.0
2026-10-20 19:30:00+02:00,0.0
2026-10-20 19:45:00+02:00,0.0
2026-10-20 20:00:00+02:00,0.0
2026-10-20 20:15:00+02:00,0.0
2026-10-20 20:30:00+02:00,0.0
2026-10-20 20:45:00+02:00,0.0
2026-10-20 21:00:00+02:00,0.0
2026-10-20 21:15:00+02:00,0.0
2026-10-20 21:30:00+02:00,0.0
2026-10-20 21:45:00+02:00,0.0
2026-10-20 22:00:00+02:00,0.0
2026-10-20 22:15:00+02:00,0.0
2026-10-20 22:30:00+02:00,0.0
2026-10-20 22:45:00+02:00,0.0
2026-10-20 23:00:00+02:00,0.0
2026-10-20 23:15:00+02:00,0.0
2026-10-20 23:30:00+02:00,0.0
2026-10-20 23:45:00+02:00,0.0
2026-10-21 00:00:00+02:00,0.0
2026-10-21 00:15:00+02:00,0.0
2026-10-21 00:30:00+02:00,0.0
2026-10-21 00:45:00+02:00,0.0
2026-10-21 01:00:00+02:00,0.0
2026-10-21 01:15:00+02:00,0.0
2026-10-21 01:30:00+02:00,0.0
2026-10-21 01:45:00+02:00,0.0
2026-10-21 02:00:00+02:00,0.0
2026-10-21 02:15:00+02:00,0.0
2026-10-21 02:30:00+02:00,0.0
2026-10-21 02:45:00+02:00,0.0
2026-10-21 03:00:00+02:00,0.0
2026-10-21 03:15:00+02:00,0.0
2026-10-21 03:30:00+02:00,0.0
2026-10-21 03:45:00+02:00,0.0
2026-10-21 04:00:00+02:00,0.0
2026-10-21 04:15:00+02:00,0.0
2026-10-21 04:30:00+02:00,0.0
2026-10-21 04:45:00+02:00,0.0
2026-10-21 05:00:00+02:00,0.0
2026-10-21 05:15:00+02:00,0.0
2026-10-21 05:30:00+02:00,0.0
2026-10-21 05:45:00+02:00,0.0
2026-10-21 06:00:00+02:00,0.0
2026-10-21 06:15:00+02:00,0.0
2026-10-21 06:30:00+02:00,1.7694518761993394
2026-10-21 06:45:00+02:00,66.88884384766142
2026-10-21 07:00:00+02:00,171.1958440130398
2026-10-21 07:15:00+02:00,312.9088342171503
2026-10-21 07:30:00+02:00,482.07543720671964
2026-10-21 07:45:00+02:00,667.712998075398
2026-10-21 08:00:00+02:00,860.0729707654004
2026-10-21 08:15:00+02:00,1052.9828435774534
2026-10-21 08:30:00+02:00,1244.7303896208537
2026-10-21 08:45:00+02:00,1432.8398031244676
2026-10-21 09:00:00+02:00,1613.8988804327298
2026-10-21 09:15:00+02:00,1787.2951940380751
2026-10-21 09:30:00+02:00,1954.9143063389274
2026-10-21 09:45:00+02:00,2121.576182279294
2026-10-21 10:00:00+02:00,2293.244035289916
2026-10-21 10:15:00+02:00,2468.5829635811588
2026-10-21 10:30:00+02:00,2641.5707555508507
2026-10-21 10:45:00+02:00,2802.592046064618
2026-10-21 11:00:00+02:00,2940.294463613398
2026-10-21 11:15:00+02:00,3048.9857321213844
2026-10-21 11:30:00+02:00,3127.291366991217
2026-10-21 11:45:00+02:00,3176.5272541791537
2026-10-21 12:00:00+02:00,3199.5205456617214
2026-10-21 12:15:00+02:00,3194.8586532649624
2026-10-21 12:30:00+02:00,3156.217321870534
2026-10-21 12:45:00+02:00,3080.2673713631552
2026-10-21 13:00:00+02:00,2968.1692514150113
2026-10-21 13:15:00+02:00,2826.086974248511
2026-10-21 13:30:00+02:00,2666.8452949946127
2026-10-21 13:45:00+02:00,2502.2367419220814
2026-10-21 14:00:00+02:00,2340.954498283259
2026-10-21 14:15:00+02:00,2188.095036630931
2026-10-21 14:30:00+02:00,2043.8291943910187
2026-10-21 14:45:00+02:00,1907.683529647569
2026-10-21 15:00:00+02:00,1779.1049852096326
2026-10-21 15:15:00+02:00,1655.987799322641
2026-10-21 15:30:00+02:00,1534.9711579145635
2026-10-21 15:45:00+02:00,1409.9239828713987
2026-10-21 16:00:00+02:00,1273.4004718284698
2026-10-21 16:15:00+02:00,1123.6108361916047
2026-10-21 16:30:00+02:00,961.347023430004
2026-10-21 16:45:00+02:00,792.596928751836
2026-10-21 17:00:00+02:00,627.4523424156453
2026-10-21 17:15:00+02:00,473.0564394463534
2026-10-21 17:30:00+02:00,336.6641487665985
2026-10-21 17:45:00+02:00,221.96177013612302
2026-10-21 18:00:00+02:00,128.8192916430584
2026-10-21 18:15:00+02:00,57.50620927899272
2026-10-21 18:30:00+02:00,7.10942918519592
2026-10-21 18:45:00+02:00,0.0
2026-10-21 19:00:00+02:00,0.0
2026-10-21 19:15:00+02:00,0.0
2026-10-21 19:30:00+02:00,0.0
2026-10-21 19:45:00+02:00,0.0
2026-10-21 20:00:00+02:00,0.0
2026-10-21 20:15:00+02:00,0.0
2026-10-21 20:30:00+02:00,0.0
2026-10-21 20:45:00+02:00,0.0
2026-10-21 21:00:00+02:00,0.0
2026-10-21 21:15:00+02:00,0.0
2026-10-21 21:30:00+02:00,0.0
2026-10-21 21:45:00+02:00,0.0
2026-10-21 22:00:00+02:00,0.0
2026-10-21 22:15:00+02:00,0.0
2026-10-21 22:30:00+02:00,0.0
2026-10-21 22:45:00+02:00,0.0
2026-10-21 23:00:00+02:00,0.0
2026-10-21 23:15:00+02:00,0.0
2026-10-21 23:30:00+02:00,0.0
2026-10-21 23:45:00+02:00,0.0
2026-10-22 00:00:00+02:00,0.0
2026-10-22 00:15:00+02:00,0.0
2026-10-22 00:30:00+02:00,0.0
2026-10-22 00:45:00+02:00,0.0
2026-10-22 01:00:00+02:00,0.0
2026-10-22 01:15:00+02:00,0.0
2026-10-22 01:30:00+02:00,0.0
2026-10-22 01:45:00+02:00,0.0
2026-10-22 02:00:00+02:00,0.0
2026-10-22 02:15:00+02:00,0.0
2026-10-22 02:30:00+02:00,0.0
2026-10-22 02:45:00+02:00,0.0
2026-10-22 03:00:00+02:00,0.0
2026-10-22 03:15:00+02:00,0.0
2026-10-22 03:30:00+02:00,0.0
2026-10-22 03:45:00+02:00,0.0
2026-10-22 04:00:00+02:00,0.0
2026-10-22 04:15:00+02:00,0.0
2026-10-22 04:30:00+02:00,0.0
2026-10-22 04:45:00+02:00,0.0
2026-10-22 05:00:00+02:00,0.0
2026-10-22 05:15:00+02:00,0.0
2026-10-22 05:30:00+02:00,0.0
2026-10-22 05:45:00+02:00,0.0
2026-10-22 06:00:00+02:00,0.0
2026-10-22 06:15:00+02:00,0.0
2026-10-22 06:30:00+02:00,1.943852647219505
2026-10-22 06:45:00+02:00,57.23294961674072
2026-10-22 07:00:00+02:00,145.63198359440756
2026-10-22 07:15:00+02:00,265.77827496617846
2026-10-22 07:30:00+02:00,409.81632850311496
2026-10-22 07:45:00+02:00,568.6480328021571
2026-10-22 08:00:00+02:00,733.7107474707306
2026-10-22 08:15:00+02:00,898.7782219718061
2026-10-22 08:30:00+02:00,1060.1763401063133
2026-10-22 08:45:00+02:00,1214.2270202478435
2026-10-22 09:00:00+02:00,1357.533586717904
2026-10-22 09:15:00+02:00,1490.1766036196982
2026-10-22 09:30:00+02:00,1615.8239910146008
2026-10-22 09:45:00+02:00,1740.5939234686446
2026-10-22 10:00:00+02:00,1871.1760414713256
2026-10-22 10:15:00+02:00,2007.871574475026
2026-10-22 10:30:00+02:00,2146.99616100469
2026-10-22 10:45:00+02:00,2281.373041399742
2026-10-22 11:00:00+02:00,2401.594438874014
2026-10-22 11:15:00+02:00,2501.1045571463396
2026-10-22 11:30:00+02:00,2574.4276109756265
2026-10-22 11:45:00+02:00,2618.527197216948
2026-10-22 12:00:00+02:00,2632.918131216748
2026-10-22 12:15:00+02:00,2617.1303313643966
2026-10-22 12:30:00+02:00,2570.940777428074
2026-10-22 12:45:00+02:00,2496.4114936497317
2026-10-22 13:00:00+02:00,2397.836348928817
2026-10-22 13:15:00+02:00,2280.3143190248916
2026-10-22 13:30:00+02:00,2150.3635934219787
2026-10-22 13:45:00+02:00,2014.311537822734
2026-10-22 14:00:00+02:00,1877.5604156663294
2026-10-22 14:15:00+02:00,1743.6767763902167
2026-10-22 14:30:00+02:00,1613.906850129468
2026-10-22 14:45:00+02:00,1488.2016375526089
2026-10-22 15:00:00+02:00,1365.7116425772235
2026-10-22 15:15:00+02:00,1246.4100424477142
2026-10-22 15:30:00+02:00,1130.6995317512553
2026-10-22 15:45:00+02:00,1017.9830784349783
2026-10-22 16:00:00+02:00,906.8455569412916
2026-10-22 16:15:00+02:00,796.4141478639767
2026-10-22 16:30:00+02:00,684.9799338032888
2026-10-22 16:45:00+02:00,572.639877499043
2026-10-22 17:00:00+02:00,461.5632054577135
2026-10-22 17:15:00+02:00,354.68963641706284
2026-10-22 17:30:00+02:00,256.974878834165
2026-10-22 17:45:00+02:00,172.06843315470607
2026-10-22 18:00:00+02:00,101.71452103843954
2026-10-22 18:15:00+02:00,46.94171309884564
2026-10-22 18:30:00+02:00,7.529361358598621
2026-10-22 18:45:00+02:00,0.0
2026-10-22 19:00:00+02:00,0.0
2026-10-22 19:15:00+02:00,0.0
2026-10-22 19:30:00+02:00,0.0
2026-10-22 19:45:00+02:00,0.0
2026-10-22 20:00:00+02:00,0.0
2026-10-22 20:15:00+02:00,0.0
2026-10-22 20:30:00+02:00,0.0
2026-10-22 20:45:00+02:00,0.0
2026-10-22 21:00:00+02:00,0.0
2026-10-22 21:15:00+02:00,0.0
2026-10-22 21:30:00+02:00,0.0
2026-10-22 21:45:00+02:00,0.0
2026-10-22 22:00:00+02:00,0.0
2026-10-22 22:15:00+02:00,0.0
2026-10-22 22:30:00+02:00,0.0
2026-10-22 22:45:00+02:00,0.0
2026-10-22 23:00:00+02:00,0.0
2026-10-22 23:15:00+02:00,0.0
2026-10-22 23:30:00+02:00,0.0
2026-10-22 23:45:00+02:00,0.0
2026-10-23 00:00:00+02:00,0.0
2026-10-23 00:15:00+02:00,0.0
2026-10-23 00:30:00+02:00,0.0
2026-10-23 00:45:00+02:00,0.0
2026-10-23 01:00:00+02:00,0.0
2026-10-23 01:15:00+02:00,0.0
2026-10-23 01:30:00+02:00,0.0
2026-10-23 01:45:00+02:00,0.0
2026-10-23 02:00:00+02:00,0.0
2026-10-23 02:15:00+02:00,0.0
2026-10-23 02:30:00+02:00,0.0
2026-10-23 02:45:00+02:00,0.0
2026-10-23 03:00:00+02:00,0.0
2026-10-23 03:15:00+02:00,0.0
2026-10-23 03:30:00+02:00,0.0
2026-10-23 03:45:00+02:00,0.0
2026-10-23 04:00:00+02:00,0.0
2026-10-23 04:15:00+02:00,0.0
2026-10-23 04:30:00+02:00,0.0
2026-10-23 04:45:00+02:00,0.0
2026-10-23 05:00:00+02:00,0.0
2026-10-23 05:15:00+02:00,0.0
2026-10-23 05:30:00+02:00,0.0
2026-10-23 05:45:00+02:00,0.0
2026-10-23 06:00:00+02:00,0.0
2026-10-23 06:15:00+02:00,0.0
2026-10-23 06:30:00+02:00,0.0
2026-10-23 06:45:00+02:00,40.454801715647044
2026-10-23 07:00:00+02:00,122.81439020151706
2026-10-23 07:15:00+02:00,237.46331418605553
2026-10-23 07:30:00+02:00,376.5466359259186
2026-10-23 07:45:00+02:00,531.1113669122378
2026-10-23 08:00:00+02:00,692.8331614723727
2026-10-23 08:15:00+02:00,855.1791456048313
2026-10-23 08:30:00+02:00,1013.6466157392995
2026-10-23 08:45:00+02:00,1163.5361353233968
2026-10-23 09:00:00+02:00,1300.539983211587
2026-10-23 09:15:00+02:00,1424.9351415280507
2026-10-23 09:30:00+02:00,1541.6048783120023
2026-10-23 09:45:00+02:00,1658.2084991935149
2026-10-23 10:00:00+02:00,1782.9402216901517
2026-10-23 10:15:00+02:00,1916.5560636965379
2026-10-23 10:30:00+02:00,2054.699712221651
2026-10-23 10:45:00+02:00,2189.497021075389
2026-10-23 11:00:00+02:00,2311.136394211827
2026-10-23 11:15:00+02:00,2413.4200698338004
2026-10-23 11:30:00+02:00,2492.1350096666242
2026-10-23 11:45:00+02:00,2545.191171235026
2026-10-23 12:00:00+02:00,2572.515006648487
2026-10-23 12:15:00+02:00,2574.145996712199
2026-10-23 12:30:00+02:00,2550.931395541315
2026-10-23 12:45:00+02:00,2505.161479074321
2026-10-23 13:00:00+02:00,2440.134250640053
2026-10-23 13:15:00+02:00,2357.825706430188
2026-10-23 13:30:00+02:00,2258.663499761866
2026-10-23 13:45:00+02:00,2143.659656524199
2026-10-23 14:00:00+02:00,2014.7962471111316
2026-10-23 14:15:00+02:00,1875.458706575467
2026-10-23 14:30:00+02:00,1730.4292672637798
2026-10-23 14:45:00+02:00,1583.9249533994473
2026-10-23 15:00:00+02:00,1439.141345120388
2026-10-23 15:15:00+02:00,1298.6257427119433
2026-10-23 15:30:00+02:00,1163.737886867924
2026-10-23 15:45:00+02:00,1035.1715590375727
2026-10-23 16:00:00+02:00,913.0796037129548
2026-10-23 16:15:00+02:00,796.879098765046
2026-10-23 16:30:00+02:00,684.3945468491428
2026-10-23 16:45:00+02:00,573.4588104853891
2026-10-23 17:00:00+02:00,462.7485518041811
2026-10-23 17:15:00+02:00,354.1093214485182
2026-10-23 17:30:00+02:00,252.71361294049413
2026-10-23 17:45:00+02:00,163.8330314349177
2026-10-23 18:00:00+02:00,91.70738076655083
2026-10-23 18:15:00+02:00,37.9287808269425
2026-10-23 18:30:00+02:00,1.7569744195057848
2026-10-23 18:45:00+02:00,0.0
2026-10-23 19:00:00+02:00,0.0
2026-10-23 19:15:00+02:00,0.0
2026-10-23 19:30:00+02:00,0.0
2026-10-23 19:45:00+02:00,0.0
2026-10-23 20:00:00+02:00,0.0
2026-10-23 20:15:00+02:00,0.0
2026-10-23 20:30:00+02:00,0.0
2026-10-23 20:45:00+02:00,0.0
2026-10-23 21:00:00+02:00,0.0
2026-10-23 21:15:00+02:00,0.0
2026-10-23 21:30:00+02:00,0.0
2026-10-23 21:45:00+02:00,0.0
2026-10-23 22:00:00+02:00,0.0
2026-10-23 22:15:00+02:00,0.0
2026-10-23 22:30:00+02:00,0.0
2026-10-23 22:45:00+02:00,0.0
2026-10-23 23:00:00+02:00,0.0
2026-10-23 23:15:00+02:00,0.0
2026-10-23 23:30:00+02:00,0.0
2026-10-23 23:45:00+02:00,0.0
2026-10-24 00:00:00+02:00,0.0
2026-10-24 00:15:00+02:00,0.0
2026-10-24 00:30:00+02:00,0.0
2026-10-24 00:45:00+02:00,0.0
2026-10-24 01:00:00+02:00,0.0
2026-10-24 01:15:00+02:00,0.0
2026-10-24 01:30:00+02:00,0.0
2026-10-24 01:45:00+02:00,0.0
