,pro ro wnd ec00 mwh/h cet min15 f 2026-10-04T00:00:00+02:00
2026-10-04 00:00:00+02:00,147.10560282388735
2026-10-04 00:15:00+02:00,149.10611165159187
2026-10-04 00:30:00+02:00,151.10663281264058
2026-10-04 00:45:00+02:00,153.1071663070335
2026-10-04 01:00:00+02:00,155.10771213477065
2026-10-04 01:15:00+02:00,156.516671631749
2026-10-04 01:30:00+02:00,157.9256398140224
2026-10-04 01:45:00+02:00,159.33461668159075
2026-10-04 02:00:00+02:00,175.78129460256852
2026-10-04 02:15:00+02:00,177.82933547624987
2026-10-04 02:30:00+02:00,179.87738897552526
2026-10-04 02:45:00+02:00,181.92545510039477
2026-10-04 03:00:00+02:00,183.97353385085836
2026-10-04 03:15:00+02:00,183.84230631489714
2026-10-04 03:30:00+02:00,183.71107796625338
2026-10-04 03:45:00+02:00,183.57984880492717
2026-10-04 04:00:00+02:00,183.4486188309184
2026-10-04 04:15:00+02:00,179.15014543920307
2026-10-04 04:30:00+02:00,174.85164553876422
2026-10-04 04:45:00+02:00,170.5531191296018
2026-10-04 05:00:00+02:00,166.2545662117159
2026-10-04 05:15:00+02:00,160.0847961307966
2026-10-04 05:30:00+02:00,153.91498800316495
2026-10-04 05:45:00+02:00,147.74514182882086
2026-10-04 06:00:00+02:00,141.5752576077643
2026-10-04 06:15:00+02:00,132.8975709158531
2026-10-04 06:30:00+02:00,124.2198307142401
2026-10-04 06:45:00+02:00,115.5420370029253
2026-10-04 07:00:00+02:00,106.8641897819087
2026-10-04 07:15:00+02:00,98.02865840237278
2026-10-04 07:30:00+02:00,89.1930725411893
2026-10-04 07:45:00+02:00,80.35743219835827
2026-10-04 08:00:00+02:00,71.52173737387969
2026-10-04 08:15:00+02:00,64.05149976357845
2026-10-04 08:30:00+02:00,56.581216091229166
2026-10-04 08:45:00+02:00,49.11088635683183
2026-10-04 09:00:00+02:00,41.64051056038643
2026-10-04 09:15:00+02:00,37.5127394007649
2026-10-04 09:30:00+02:00,33.38494278926891
2026-10-04 09:45:00+02:00,29.257120725898456
2026-10-04 10:00:00+02:00,25.129273210653537
2026-10-04 10:15:00+02:00,24.210178423822953
2026-10-04 10:30:00+02:00,23.29107796961403
2026-10-04 10:45:00+02:00,22.371971848026764
2026-10-04 11:00:00+02:00,21.45286005906116
2026-10-04 11:15:00+02:00,21.900626858927936
2026-10-04 11:30:00+02:00,22.34839641916714
2026-10-04 11:45:00+02:00,22.796168739778782
2026-10-04 12:00:00+02:00,23.243943820762855
2026-10-04 12:15:00+02:00,24.224514724745408
2026-10-04 12:30:00+02:00,25.205091674083555
2026-10-04 12:45:00+02:00,26.185674668777306
2026-10-04 13:00:00+02:00,27.166263708826655
2026-10-04 13:15:00+02:00,28.27299935981989
2026-10-04 13:30:00+02:00,29.37974183389005
2026-10-04 13:45:00+02:00,30.486491131037134
2026-10-04 14:00:00+02:00,31.593247251261136
2026-10-04 14:15:00+02:00,33.13291918233415
2026-10-04 14:30:00+02:00,34.67260060555726
2026-10-04 14:45:00+02:00,36.21229152093046
2026-10-04 15:00:00+02:00,37.75199192845375
2026-10-04 15:15:00+02:00,39.072772484937055
2026-10-04 15:30:00+02:00,40.39356118379199
2026-10-04 15:45:00+02:00,41.71435802501854
2026-10-04 16:00:00+02:00,43.03516300861672
2026-10-04 16:15:00+02:00,43.43488824442766
2026-10-04 16:30:00+02:00,43.83461594384076
2026-10-04 16:45:00+02:00,44.234346106855995
2026-10-04 17:00:00+02:00,44.63407873347339
2026-10-04 17:15:00+02:00,44.05183034638053
2026-10-04 17:30:00+02:00,43.469578368756345
2026-10-04 17:45:00+02:00,42.88732280060083
2026-10-04 18:00:00+02:00,42.30506364191398
2026-10-04 18:15:00+02:00,41.916810545196846
2026-10-04 18:30:00+02:00,41.52855505404371
2026-10-04 18:45:00+02:00,41.14029716845457
2026-10-04 19:00:00+02:00,40.75203688842943
2026-10-04 19:15:00+02:00,41.90316482015506
2026-10-04 19:30:00+02:00,43.05429984787563
2026-10-04 19:45:00+02:00,44.20544197159115
2026-10-04 20:00:00+02:00,45.35659119130161
2026-10-04 20:15:00+02:00,48.54316560221705
2026-10-04 20:30:00+02:00,51.72975965744144
2026-10-04 20:45:00+02:00,54.916373356974766
2026-10-04 21:00:00+02:00,58.10300670081705
2026-10-04 21:15:00+02:00,62.4608097673165
2026-10-04 21:30:00+02:00,66.81863969815394
2026-10-04 21:45:00+02:00,71.17649649332937
2026-10-04 22:00:00+02:00,75.53438015284274
2026-10-04 22:15:00+02:00,79.2811211074618
2026-10-04 22:30:00+02:00,83.02788515866294
2026-10-04 22:45:00+02:00,86.77467230644615
2026-10-04 23:00:00+02:00,90.52148255081141
2026-10-04 23:15:00+02:00,91.76763754945496
2026-10-04 23:30:00+02:00,93.01380022861619
2026-10-04 23:45:00+02:00,94.25997058829512
2026-10-05 00:00:00+02:00,95.50614862849174
2026-10-05 00:15:00+02:00,94.0656968329873
2026-10-05 00:30:00+02:00,92.625236155748
2026-10-05 00:45:00+02:00,91.18476659677385
2026-10-05 01:00:00+02:00,89.74428815606484
2026-10-05 01:15:00+02:00,87.0109847492969
2026-10-05 01:30:00+02:00,84.27766449109878
2026-10-05 01:45:00+02:00,81.54432738147045
2026-10-05 02:00:00+02:00,78.81097342041193
2026-10-05 02:15:00+02:00,76.25177088007115
2026-10-05 02:30:00+02:00,73.69255256196483
2026-10-05 02:45:00+02:00,71.13331846609299
2026-10-05 03:00:00+02:00,68.57406859245563
2026-10-05 03:15:00+02:00,67.0191818477146
2026-10-05 03:30:00+02:00,65.4642855166506
2026-10-05 03:45:00+02:00,63.90937959926362
2026-10-05 04:00:00+02:00,62.354464095553666
2026-10-05 04:15:00+02:00,61.61874477715818
2026-10-05 04:30:00+02:00,60.88302092232966
2026-10-05 04:45:00+02:00,60.14729253106813
2026-10-05 05:00:00+02:00,59.41155960337355
2026-10-05 05:15:00+02:00,58.40281276096471
2026-10-05 05:30:00+02:00,57.39405969921194
2026-10-05 05:45:00+02:00,56.38530041811525
2026-10-05 06:00:00+02:00,55.37653491767463
2026-10-05 06:15:00+02:00,53.18595913036407
2026-10-05 06:30:00+02:00,50.9953698388081
2026-10-05 06:45:00+02:00,48.80476704300675
2026-10-05 07:00:00+02:00,46.614150742960014
2026-10-05 07:15:00+02:00,43.2545016967999
2026-10-05 07:30:00+02:00,39.89483194039026
2026-10-05 07:45:00+02:00,36.5351414737311
2026-10-05 08:00:00+02:00,33.17543029682241
2026-10-05 08:15:00+02:00,30.014372982334866
2026-10-05 08:30:00+02:00,26.85329618224158
2026-10-05 08:45:00+02:00,23.692199896542544
2026-10-05 09:00:00+02:00,20.531084125237765
2026-10-05 09:15:00+02:00,18.928838404944685
2026-10-05 09:30:00+02:00,17.326582808030107
2026-10-05 09:45:00+02:00,15.724317334494032
2026-10-05 10:00:00+02:00,14.122041984336457
2026-10-05 10:15:00+02:00,14.189836714078224
2026-10-05 10:30:00+02:00,14.2576318614328
2026-10-05 10:45:00+02:00,14.325427426400193
2026-10-05 11:00:00+02:00,14.393223408980399
2026-10-05 11:15:00+02:00,15.825117817443685
2026-10-05 11:30:00+02:00,17.257021051603097
2026-10-05 11:45:00+02:00,18.688933111458635
2026-10-05 12:00:00+02:00,20.120853997010297
2026-10-05 12:15:00+02:00,22.242893596116446
2026-10-05 12:30:00+02:00,24.36494627459395
2026-10-05 12:45:00+02:00,26.487012032442802
2026-10-05 13:00:00+02:00,28.609090869663007
2026-10-05 13:15:00+02:00,31.791679174983027
2026-10-05 13:30:00+02:00,34.974287096244424
2026-10-05 13:45:00+02:00,38.1569146334472
2026-10-05 14:00:00+02:00,41.33956178659134
2026-10-05 14:15:00+02:00,45.52355771632073
2026-10-05 14:30:00+02:00,49.70757943379704
2026-10-05 14:45:00+02:00,53.89162693902025
2026-10-05 15:00:00+02:00,58.075700231990375
2026-10-05 15:15:00+02:00,62.026770109986415
2026-10-05 15:30:00+02:00,65.97786433944522
2026-10-05 15:45:00+02:00,69.92898292036679
2026-10-05 16:00:00+02:00,73.88012585275114
2026-10-05 16:15:00+02:00,77.7937941588314
2026-10-05 16:30:00+02:00,81.70748658525096
2026-10-05 16:45:00+02:00,85.62120313200981
2026-10-05 17:00:00+02:00,89.53494379910792
2026-10-05 17:15:00+02:00,93.56269878269384
2026-10-05 17:30:00+02:00,97.59047858918453
2026-10-05 17:45:00+02:00,101.61828321857998
2026-10-05 18:00:00+02:00,105.6461126708802
2026-10-05 18:15:00+02:00,108.84503359781014
2026-10-05 18:30:00+02:00,112.04397423867232
2026-10-05 18:45:00+02:00,115.24293459346671
2026-10-05 19:00:00+02:00,118.44191466219334
2026-10-05 19:15:00+02:00,118.18321812926412
2026-10-05 19:30:00+02:00,117.92451999967831
2026-10-05 19:45:00+02:00,117.6658202734359
2026-10-05 20:00:00+02:00,117.40711895053684
2026-10-05 20:15:00+02:00,114.57581745291073
2026-10-05 20:30:00+02:00,111.74449850329839
2026-10-05 20:45:00+02:00,108.91316210169984
2026-10-05 21:00:00+02:00,106.08180824811507
2026-10-05 21:15:00+02:00,104.38246235317014
2026-10-05 21:30:00+02:00,102.68310598300364
2026-10-05 21:45:00+02:00,100.98373913761554
2026-10-05 22:00:00+02:00,99.28436181700586
2026-10-05 22:15:00+02:00,100.88508178078604
2026-10-05 22:30:00+02:00,102.48581160792634
2026-10-05 22:45:00+02:00,104.08655129842676
2026-10-05 23:00:00+02:00,105.68730085228728
2026-10-05 23:15:00+02:00,108.72737824139125
2026-10-05 23:30:00+02:00,111.76747436427037
2026-10-05 23:45:00+02:00,114.80758922092457
2026-10-06 00:00:00+02:00,117.8477228113539
2026-10-06 00:15:00+02:00,120.27959459161586
2026-10-06 00:30:00+02:00,122.71148135690909
2026-10-06 00:45:00+02:00,125.1433831072336
2026-10-06 01:00:00+02:00,127.57529984258946
2026-10-06 01:15:00+02:00,128.9779782052227
2026-10-06 01:30:00+02:00,130.3806652098278
2026-10-06 01:45:00+02:00,131.78336085640487
2026-10-06 02:00:00+02:00,133.18606514495383
2026-10-06 02:15:00+02:00,132.733162134577
2026-10-06 02:30:00+02:00,132.2802563305649
2026-10-06 02:45:00+02:00,131.82734773291762
2026-10-06 03:00:00+02:00,131.37443634163517
2026-10-06 03:15:00+02:00,130.3188737803987
2026-10-06 03:30:00+02:00,129.26330471163078
2026-10-06 03:45:00+02:00,128.2077291353314
2026-10-06 04:00:00+02:00,127.15214705150058
2026-10-06 04:15:00+02:00,126.42716317938265
2026-10-06 04:30:00+02:00,125.70217483710124
2026-10-06 04:45:00+02:00,124.9771820246563
2026-10-06 05:00:00+02:00,124.25218474204793
2026-10-06 05:15:00+02:00,123.23842067036824
2026-10-06 05:30:00+02:00,122.22465034903493
2026-10-06 05:45:00+02:00,121.21087377804791
2026-10-06 06:00:00+02:00,120.19709095740724
2026-10-06 06:15:00+02:00,115.98378196082372
2026-10-06 06:30:00+02:00,111.7704469978724
2026-10-06 06:45:00+02:00,107.55708606855332
2026-10-06 07:00:00+02:00,103.34369917286642
2026-10-06 07:15:00+02:00,95.47798995357898
2026-10-06 07:30:00+02:00,87.6122322612986
2026-10-06 07:45:00+02:00,79.74642609602529
2026-10-06 08:00:00+02:00,71.88057145775905
2026-10-06 08:15:00+02:00,64.20276605571702
2026-10-06 08:30:00+02:00,56.52491333978636
2026-10-06 08:45:00+02:00,48.84701330996707
2026-10-06 09:00:00+02:00,41.16906596625916
2026-10-06 09:15:00+02:00,36.72684123802088
2026-10-06 09:30:00+02:00,32.2845891352578
2026-10-06 09:45:00+02:00,27.842309657969892
2026-10-06 10:00:00+02:00,23.400002806157175
2026-10-06 10:15:00+02:00,22.306161225972772
2026-10-06 10:30:00+02:00,21.2123129049896
2026-10-06 10:45:00+02:00,20.118457843207647
2026-10-06 11:00:00+02:00,19.024596040626925
2026-10-06 11:15:00+02:00,19.537724003556168
2026-10-06 11:30:00+02:00,20.050855128027933
2026-10-06 11:45:00+02:00,20.563989414042226
2026-10-06 12:00:00+02:00,21.07712686159904
2026-10-06 12:15:00+02:00,23.594505649178767
2026-10-06 12:30:00+02:00,26.111899948300422
2026-10-06 12:45:00+02:00,28.629309758964002
2026-10-06 13:00:00+02:00,31.146735081169517
2026-10-06 13:15:00+02:00,35.209939095358855
2026-10-06 13:30:00+02:00,39.27316814587581
2026-10-06 13:45:00+02:00,43.336422232720366
2026-10-06 14:00:00+02:00,47.399701355892525
2026-10-06 14:15:00+02:00,51.94037653328392
2026-10-06 14:30:00+02:00,56.48107968846294
2026-10-06 14:45:00+02:00,61.0218108214296
2026-10-06 15:00:00+02:00,65.56256993218388
2026-10-06 15:15:00+02:00,68.93168021373101
2026-10-06 15:30:00+02:00,72.30081125352818
2026-10-06 15:45:00+02:00,75.66996305157537
2026-10-06 16:00:00+02:00,79.03913560787258
2026-10-06 16:15:00+02:00,82.6240118693994
2026-10-06 16:30:00+02:00,86.20891021813652
2026-10-06 16:45:00+02:00,89.79383065408396
2026-10-06 17:00:00+02:00,93.37877317724174
2026-10-06 17:15:00+02:00,97.20138408990223
2026-10-06 17:30:00+02:00,101.02401855404557
2026-10-06 17:45:00+02:00,104.84667656967173
2026-10-06 18:00:00+02:00,108.66935813678069
2026-10-06 18:15:00+02:00,111.29429985252813
2026-10-06 18:30:00+02:00,113.91925773975548
2026-10-06 18:45:00+02:00,116.54423179846275
2026-10-06 19:00:00+02:00,119.16922202864993
2026-10-06 19:15:00+02:00,118.48143765209316
2026-10-06 19:30:00+02:00,117.79364903555252
2026-10-06 19:45:00+02:00,117.105856179028
2026-10-06 20:00:00+02:00,116.41805908251962
2026-10-06 20:15:00+02:00,112.33276487454268
2026-10-06 20:30:00+02:00,108.24744549349168
2026-10-06 20:45:00+02:00,104.1621009393666
2026-10-06 21:00:00+02:00,100.07673121216745
2026-10-06 21:15:00+02:00,95.6161295069259
2026-10-06 21:30:00+02:00,91.15550031686412
2026-10-06 21:45:00+02:00,86.69484364198212
2026-10-06 22:00:00+02:00,82.23415948227988
2026-10-06 22:15:00+02:00,78.88384308805601
2026-10-06 22:30:00+02:00,75.53350605035992
2026-10-06 22:45:00+02:00,72.1831483691916
2026-10-06 23:00:00+02:00,68.83277004455105
2026-10-06 23:15:00+02:00,67.75459946176649
2026-10-06 23:30:00+02:00,66.67642223495139
2026-10-06 23:45:00+02:00,65.59823836410578
2026-10-07 00:00:00+02:00,64.52004784922966
2026-10-07 00:15:00+02:00,64.17602961438244
2026-10-07 00:30:00+02:00,63.8320092588037
2026-10-07 00:45:00+02:00,63.48798678249346
2026-10-07 01:00:00+02:00,63.14396218545173
2026-10-07 01:15:00+02:00,62.356700138391666
2026-10-07 01:30:00+02:00,61.56943323984721
2026-10-07 01:45:00+02:00,60.78216148981834
2026-10-07 02:00:00+02:00,59.9948848883051
2026-10-07 02:15:00+02:00,58.42427827406178
2026-10-07 02:30:00+02:00,56.85366198236248
2026-10-07 02:45:00+02:00,55.28303601320724
2026-10-07 03:00:00+02:00,53.71240036659603
2026-10-07 03:15:00+02:00,51.500343927651734
2026-10-07 03:30:00+02:00,49.28827385964388
2026-10-07 03:45:00+02:00,47.07619016257246
2026-10-07 04:00:00+02:00,44.86409283643748
2026-10-07 04:15:00+02:00,43.078732659966334
2026-10-07 04:30:00+02:00,41.29336148352675
2026-10-07 04:45:00+02:00,39.50797930711876
2026-10-07 05:00:00+02:00,37.722586130742336
2026-10-07 05:15:00+02:00,36.558994014355115
2026-10-07 05:30:00+02:00,35.395394728766746
2026-10-07 05:45:00+02:00,34.23178827397724
2026-10-07 06:00:00+02:00,33.06817464998658
2026-10-07 06:15:00+02:00,32.13079325790143
2026-10-07 06:30:00+02:00,31.193406090380023
2026-10-07 06:45:00+02:00,30.256013147422355
2026-10-07 07:00:00+02:00,29.31861442902844
2026-10-07 07:15:00+02:00,28.385714821351467
2026-10-07 07:30:00+02:00,27.452809465990594
2026-10-07 07:45:00+02:00,26.519898362945806
2026-10-07 08:00:00+02:00,25.586981512217108
2026-10-07 08:15:00+02:00,25.487002600203443
2026-10-07 08:30:00+02:00,25.3870230717918
2026-10-07 08:45:00+02:00,25.287042926982185
2026-10-07 09:00:00+02:00,25.187062165774595
2026-10-07 09:15:00+02:00,26.943478805637238
2026-10-07 09:30:00+02:00,28.69990626515915
2026-10-07 09:45:00+02:00,30.45634454434033
2026-10-07 10:00:00+02:00,32.212793643180774
2026-10-07 10:15:00+02:00,35.97452992720227
2026-10-07 10:30:00+02:00,39.736289383930455
2026-10-07 10:45:00+02:00,43.49807201336534
2026-10-07 11:00:00+02:00,47.25987781550692
2026-10-07 11:15:00+02:00,52.978370301007914
2026-10-07 11:30:00+02:00,58.69689801264614
2026-10-07 11:45:00+02:00,64.41546095042158
2026-10-07 12:00:00+02:00,70.13405911433422
2026-10-07 12:15:00+02:00,77.11408864983117
2026-10-07 12:30:00+02:00,84.09416118181696
2026-10-07 12:45:00+02:00,91.07427671029158
2026-10-07 13:00:00+02:00,98.05443523525507
2026-10-07 13:15:00+02:00,106.80530951997015
2026-10-07 13:30:00+02:00,115.5562377085964
2026-10-07 13:45:00+02:00,124.30721980113383
2026-10-07 14:00:00+02:00,133.05825579758238
2026-10-07 14:15:00+02:00,149.52316567637706
2026-10-07 14:30:00+02:00,165.9881769759687
2026-10-07 14:45:00+02:00,182.45328969635744
2026-10-07 15:00:00+02:00,198.91850383754323
2026-10-07 15:15:00+02:00,226.1585635411053
2026-10-07 15:30:00+02:00,253.39879103672817
2026-10-07 15:45:00+02:00,280.63918632441187
2026-10-07 16:00:00+02:00,307.87974940415626
2026-10-07 16:15:00+02:00,347.15724421662003
2026-10-07 16:30:00+02:00,386.43498096540094
2026-10-07 16:45:00+02:00,425.71295965049904
2026-10-07 17:00:00+02:00,464.9911802719143
2026-10-07 17:15:00+02:00,506.0208766714404
2026-10-07 17:30:00+02:00,547.0508257944299
2026-10-07 17:45:00+02:00,588.0810276408826
2026-10-07 18:00:00+02:00,629.1114822107985
2026-10-07 18:15:00+02:00,662.8264414316502
2026-10-07 18:30:00+02:00,696.5416083134103
2026-10-07 18:45:00+02:00,730.2569828560787
2026-10-07 19:00:00+02:00,763.9725650596554
2026-10-07 19:15:00+02:00,780.2836369376821
2026-10-07 19:30:00+02:00,796.5948092707114
2026-10-07 19:45:00+02:00,812.9060820587434
2026-10-07 20:00:00+02:00,829.2174553017778
2026-10-07 20:15:00+02:00,831.5125255457451
2026-10-07 20:30:00+02:00,833.8076099104969
2026-10-07 20:45:00+02:00,836.1027083960336
2026-10-07 21:00:00+02:00,838.3978210023548
2026-10-07 21:15:00+02:00,832.7850763924489
2026-10-07 21:30:00+02:00,827.1722971952922
2026-10-07 21:45:00+02:00,821.5594834108846
2026-10-07 22:00:00+02:00,815.9466350392261
2026-10-07 22:15:00+02:00,808.8707085118508
2026-10-07 22:30:00+02:00,801.7947383858111
2026-10-07 22:45:00+02:00,794.7187246611068
2026-10-07 23:00:00+02:00,787.6426673377377
2026-10-07 23:15:00+02:00,779.1035039836908
2026-10-07 23:30:00+02:00,770.5642880195605
2026-10-07 23:45:00+02:00,762.0250194453467
2026-10-08 00:00:00+02:00,753.4856982610494
2026-10-08 00:15:00+02:00,743.4832434416492
2026-10-08 00:30:00+02:00,733.480727000743
2026-10-08 00:45:00+02:00,723.478148938331
2026-10-08 01:00:00+02:00,713.475509254413
2026-10-08 01:15:00+02:00,710.0683437394664
2026-10-08 01:30:00+02:00,706.6611572257992
2026-10-08 01:45:00+02:00,703.2539497134119
2026-10-08 02:00:00+02:00,699.8467212023044
2026-10-08 02:15:00+02:00,703.0350911247114
2026-10-08 02:30:00+02:00,706.2234806711986
2026-10-08 02:45:00+02:00,709.411889841766
2026-10-08 03:00:00+02:00,712.6003186364134
2026-10-08 03:15:00+02:00,722.3844670403639
2026-10-08 03:30:00+02:00,732.1686756911907
2026-10-08 03:45:00+02:00,741.9529445888938
2026-10-08 04:00:00+02:00,751.7372737334734
2026-10-08 04:15:00+02:00,756.0927202297567
2026-10-08 04:30:00+02:00,760.4481935365675
2026-10-08 04:45:00+02:00,764.803693653906
2026-10-08 05:00:00+02:00,769.1592205817724
2026-10-08 05:15:00+02:00,768.0857637195528
2026-10-08 05:30:00+02:00,767.0123002315073
2026-10-08 05:45:00+02:00,765.9388301176356
2026-10-08 06:00:00+02:00,764.8653533779379
2026-10-08 06:15:00+02:00,758.3627919019245
2026-10-08 06:30:00+02:00,751.8601903637274
2026-10-08 06:45:00+02:00,745.3575487633465
2026-10-08 07:00:00+02:00,738.854867100782
2026-10-08 07:15:00+02:00,734.5938162974712
2026-10-08 07:30:00+02:00,730.332739237707
2026-10-08 07:45:00+02:00,726.0716359214892
2026-10-08 08:00:00+02:00,721.8105063488181
2026-10-08 08:15:00+02:00,719.7910489426291
2026-10-08 08:30:00+02:00,717.7715790857161
2026-10-08 08:45:00+02:00,715.752096778079
2026-10-08 09:00:00+02:00,713.7326020197182
2026-10-08 09:15:00+02:00,713.9548216317179
2026-10-08 09:30:00+02:00,714.177042598728
2026-10-08 09:45:00+02:00,714.3992649207482
2026-10-08 10:00:00+02:00,714.6214885977789
2026-10-08 10:15:00+02:00,724.1799508642523
2026-10-08 10:30:00+02:00,733.7384719824933
2026-10-08 10:45:00+02:00,743.2970519525022
2026-10-08 11:00:00+02:00,752.8556907742789
2026-10-08 11:15:00+02:00,771.750739300092
2026-10-08 11:30:00+02:00,790.6459041744221
2026-10-08 11:45:00+02:00,809.541185397269
2026-10-08 12:00:00+02:00,828.4365829686326
2026-10-08 12:15:00+02:00,856.6685659998159
2026-10-08 12:30:00+02:00,884.9007228762849
2026-10-08 12:45:00+02:00,913.13305359804
2026-10-08 13:00:00+02:00,941.3655581650811
2026-10-08 13:15:00+02:00,972.9472586423029
2026-10-08 13:30:00+02:00,1004.529153588836
2026-10-08 13:45:00+02:00,1036.1112430046808
2026-10-08 14:00:00+02:00,1067.6935268898367
2026-10-08 14:15:00+02:00,1102.6250692881163
2026-10-08 14:30:00+02:00,1137.5568267797375
2026-10-08 14:45:00+02:00,1172.4887993647
2026-10-08 15:00:00+02:00,1207.4209870430038
2026-10-08 15:15:00+02:00,1245.7024944569946
2026-10-08 15:30:00+02:00,1283.984237588353
2026-10-08 15:45:00+02:00,1322.2662164370788
2026-10-08 16:00:00+02:00,1360.5484310031716
2026-10-08 16:15:00+02:00,1392.000701763899
2026-10-08 16:30:00+02:00,1423.4531661817778
2026-10-08 16:45:00+02:00,1454.9058242568076
2026-10-08 17:00:00+02:00,1486.3586759889888
2026-10-08 17:15:00+02:00,1510.9814610382027
2026-10-08 17:30:00+02:00,1535.604397684372
2026-10-08 17:45:00+02:00,1560.227485927497
2026-10-08 18:00:00+02:00,1584.8507257675772
2026-10-08 18:15:00+02:00,1602.6437683669421
2026-10-08 18:30:00+02:00,1620.43692050304
2026-10-08 18:45:00+02:00,1638.2301821758704
2026-10-08 19:00:00+02:00,1656.023553385434
2026-10-08 19:15:00+02:00,1663.9406740232598
2026-10-08 19:30:00+02:00,1671.8578433814823
2026-10-08 19:45:00+02:00,1679.7750614601016
2026-10-08 20:00:00+02:00,1687.6923282591179
2026-10-08 20:15:00+02:00,1685.7331603142306
2026-10-08 20:30:00+02:00,1683.7739802733936
2026-10-08 20:45:00+02:00,1681.8147881366067
2026-10-08 21:00:00+02:00,1679.85558390387
2026-10-08 21:15:00+02:00,1668.0197654734761
2026-10-08 21:30:00+02:00,1656.1838741308043
2026-10-08 21:45:00+02:00,1644.3479098758546
2026-10-08 22:00:00+02:00,1632.5118727086267
2026-10-08 22:15:00+02:00,1621.4934884994307
2026-10-08 22:30:00+02:00,1610.4750364131369
2026-10-08 22:45:00+02:00,1599.4565164497458
2026-10-08 23:00:00+02:00,1588.4379286092567
2026-10-08 23:15:00+02:00,1578.237003572899
2026-10-08 23:30:00+02:00,1568.0360156945912
2026-10-08 23:45:00+02:00,1557.834964974334
2026-10-09 00:00:00+02:00,1547.6338514121273
2026-10-09 00:15:00+02:00,1538.250420728306
2026-10-09 00:30:00+02:00,1528.8669322377136
2026-10-09 00:45:00+02:00,1519.48338594035
2026-10-09 01:00:00+02:00,1510.0997818362148
2026-10-09 01:15:00+02:00,1504.0012821268772
2026-10-09 01:30:00+02:00,1497.9027448385407
2026-10-09 01:45:00+02:00,1491.804169971206
2026-10-09 02:00:00+02:00,1485.7055575248721
2026-10-09 02:15:00+02:00,1482.8921146929292
2026-10-09 02:30:00+02:00,1480.078654509788
2026-10-09 02:45:00+02:00,1477.2651769754493
2026-10-09 03:00:00+02:00,1474.4516820899119
2026-10-09 03:15:00+02:00,1474.9234153648206
2026-10-09 03:30:00+02:00,1475.3951515163183
2026-10-09 03:45:00+02:00,1475.8668905444054
2026-10-09 04:00:00+02:00,1476.3386324490814
2026-10-09 04:15:00+02:00,1469.5065507418296
2026-10-09 04:30:00+02:00,1462.6744269408816
2026-10-09 04:45:00+02:00,1455.8422610462364
2026-10-09 05:00:00+02:00,1449.0100530578948
2026-10-09 05:15:00+02:00,1434.87389409995
2026-10-09 05:30:00+02:00,1420.7376480780695
2026-10-09 05:45:00+02:00,1406.6013149922528
2026-10-09 06:00:00+02:00,1392.4648948425004
2026-10-09 06:15:00+02:00,1371.0243803903527
2026-10-09 06:30:00+02:00,1349.5837339039779
2026-10-09 06:45:00+02:00,1328.142955383376
2026-10-09 07:00:00+02:00,1306.702044828547
2026-10-09 07:15:00+02:00,1285.7967001691502
2026-10-09 07:30:00+02:00,1264.8912267737421
2026-10-09 07:45:00+02:00,1243.985624642323
2026-10-09 08:00:00+02:00,1223.079893774893
2026-10-09 08:15:00+02:00,1202.7097304584124
2026-10-09 08:30:00+02:00,1182.3394417040863
2026-10-09 08:45:00+02:00,1161.9690275119149
2026-10-09 09:00:00+02:00,1141.5984878818977
2026-10-09 09:15:00+02:00,1121.7635291957263
2026-10-09 09:30:00+02:00,1101.9284483698964
2026-10-09 09:45:00+02:00,1082.0932454044082
2026-10-09 10:00:00+02:00,1062.2579202992617
2026-10-09 10:15:00+02:00,1054.2684452290237
2026-10-09 10:30:00+02:00,1046.2789209504049
2026-10-09 10:45:00+02:00,1038.2893474634054
2026-10-09 11:00:00+02:00,1030.2997247680253
2026-10-09 11:15:00+02:00,1034.1561682868119
2026-10-09 11:30:00+02:00,1038.0126355284797
2026-10-09 11:45:00+02:00,1041.869126493028
2026-10-09 12:00:00+02:00,1045.7256411804574
2026-10-09 12:15:00+02:00,1061.4284473970704
2026-10-09 12:30:00+02:00,1077.1313502678665
2026-10-09 12:45:00+02:00,1092.8343497928452
2026-10-09 13:00:00+02:00,1108.537445972006
2026-10-09 13:15:00+02:00,1132.6869853955855
2026-10-09 13:30:00+02:00,1156.8366734724648
2026-10-09 13:45:00+02:00,1180.986510202644
2026-10-09 14:00:00+02:00,1205.1364955861225
2026-10-09 14:15:00+02:00,1237.733083048201
2026-10-09 14:30:00+02:00,1270.3298711627133
2026-10-09 14:45:00+02:00,1302.92685992966
2026-10-09 15:00:00+02:00,1335.5240493490414
2026-10-09 15:15:00+02:00,1376.5679956003385
2026-10-09 15:30:00+02:00,1417.6121945031969
2026-10-09 15:45:00+02:00,1458.6566460576162
2026-10-09 16:00:00+02:00,1499.701350263597
2026-10-09 16:15:00+02:00,1535.6170808797285
2026-10-09 16:30:00+02:00,1571.5330325710022
2026-10-09 16:45:00+02:00,1607.4492053374172
2026-10-09 17:00:00+02:00,1643.3655991789738
2026-10-09 17:15:00+02:00,1674.1529206134235
2026-10-09 17:30:00+02:00,1704.9404315465702
2026-10-09 17:45:00+02:00,1735.7281319784136
2026-10-09 18:00:00+02:00,1766.516021908954
2026-10-09 18:15:00+02:00,1792.1747465110116
2026-10-09 18:30:00+02:00,1817.8336290353325
2026-10-09 18:45:00+02:00,1843.4926694819167
2026-10-09 19:00:00+02:00,1869.1518678507637
2026-10-09 19:15:00+02:00,1878.7557053289238
2026-10-09 19:30:00+02:00,1888.3596018923974
2026-10-09 19:45:00+02:00,1897.963557541185
2026-10-09 20:00:00+02:00,1907.5675722752865
2026-10-09 20:15:00+02:00,1901.115938350653
2026-10-09 20:30:00+02:00,1894.6642646744378
2026-10-09 20:45:00+02:00,1888.2125512466405
2026-10-09 21:00:00+02:00,1881.7607980672624
2026-10-09 21:15:00+02:00,1859.2530900528138
2026-10-09 21:30:00+02:00,1836.7452434498286
2026-10-09 21:45:00+02:00,1814.237258258307
2026-10-09 22:00:00+02:00,1791.7291344782486
2026-10-09 22:15:00+02:00,1791.5552215538921
2026-10-09 22:30:00+02:00,1791.3813075250291
2026-10-09 22:45:00+02:00,1791.2073923916594
2026-10-09 23:00:00+02:00,1791.0334761537833
2026-10-09 23:15:00+02:00,1813.1941751419843
2026-10-09 23:30:00+02:00,1835.355010509659
2026-10-09 23:45:00+02:00,1857.515982256808
2026-10-10 00:00:00+02:00,1879.6770903834304
2026-10-10 00:15:00+02:00,1924.173230327407
2026-10-10 00:30:00+02:00,1968.6696441348633
2026-10-10 00:45:00+02:00,2013.1663318057997
2026-10-10 01:00:00+02:00,2057.6632933402157
2026-10-10 01:15:00+02:00,2088.161213396214
2026-10-10 01:30:00+02:00,2118.6593211429913
2026-10-10 01:45:00+02:00,2149.1576165805473
2026-10-10 02:00:00+02:00,2179.656099708883
2026-10-10 02:15:00+02:00,2196.155281601041
2026-10-10 02:30:00+02:00,2212.6545650112703
2026-10-10 02:45:00+02:00,2229.15394993957
2026-10-10 03:00:00+02:00,2245.6534363859405
2026-10-10 03:15:00+02:00,2248.153366349081
2026-10-10 03:30:00+02:00,2250.6533116576043
2026-10-10 03:45:00+02:00,2253.15327231151
2026-10-10 04:00:00+02:00,2255.653248310799
2026-10-10 04:15:00+02:00,2258.153241089408
2026-10-10 04:30:00+02:00,2260.6532492134083
2026-10-10 04:45:00+02:00,2263.1532726828004
2026-10-10 05:00:00+02:00,2265.653311497584
2026-10-10 05:15:00+02:00,2268.153369359004
2026-10-10 05:30:00+02:00,2270.6534425658383
2026-10-10 05:45:00+02:00,2273.153531118087
2026-10-10 06:00:00+02:00,2275.65363501575
2026-10-10 06:15:00+02:00,2278.153755371003
2026-10-10 06:30:00+02:00,2280.653891071677
2026-10-10 06:45:00+02:00,2283.1540421177724
2026-10-10 07:00:00+02:00,2285.654208509289
2026-10-10 07:15:00+02:00,2269.2664869758883
2026-10-10 07:30:00+02:00,2252.8786645321225
2026-10-10 07:45:00+02:00,2236.490741177991
2026-10-10 08:00:00+02:00,2220.1027169134945
2026-10-10 08:15:00+02:00,2184.82646693496
2026-10-10 08:30:00+02:00,2149.5499997903416
2026-10-10 08:45:00+02:00,2114.2733154796383
2026-10-10 09:00:00+02:00,2078.996414002851
2026-10-10 09:15:00+02:00,2024.8309349916822
2026-10-10 09:30:00+02:00,1970.6651225586907
2026-10-10 09:45:00+02:00,1916.498976703877
2026-10-10 10:00:00+02:00,1862.3324974272407
2026-10-10 10:15:00+02:00,1808.1656882571824
2026-10-10 10:30:00+02:00,1753.9985456653235
2026-10-10 10:45:00+02:00,1699.831069651664
2026-10-10 11:00:00+02:00,1645.6632602162035
2026-10-10 11:15:00+02:00,1591.4951157218095
2026-10-10 11:30:00+02:00,1537.3266378056048
2026-10-10 11:45:00+02:00,1483.1578264675893
2026-10-10 12:00:00+02:00,1428.9886817077634
2026-10-10 12:15:00+02:00,1374.8192003377123
2026-10-10 12:30:00+02:00,1320.649385545831
2026-10-10 12:45:00+02:00,1266.479237332119
2026-10-10 13:00:00+02:00,1212.3087556965772
2026-10-10 13:15:00+02:00,1170.7066096902909
2026-10-10 13:30:00+02:00,1129.1042076171127
2026-10-10 13:45:00+02:00,1087.5015494770423
2026-10-10 14:00:00+02:00,1045.89863527008
2026-10-10 14:15:00+02:00,1016.8642844488345
2026-10-10 14:30:00+02:00,987.8297549156086
2026-10-10 14:45:00+02:00,958.7950466704027
2026-10-10 15:00:00+02:00,929.7601597132165
2026-10-10 15:15:00+02:00,913.2940723385599
2026-10-10 15:30:00+02:00,896.8278836068603
2026-10-10 15:45:00+02:00,880.3615935181176
2026-10-10 16:00:00+02:00,863.895202072332
2026-10-10 16:15:00+02:00,847.4287094685528
2026-10-10 16:30:00+02:00,830.9621155077318
2026-10-10 16:45:00+02:00,814.4954201898689
2026-10-10 17:00:00+02:00,798.0286235149644
2026-10-10 17:15:00+02:00,781.5617255104527
2026-10-10 17:30:00+02:00,765.0947261488994
2026-10-10 17:45:00+02:00,748.6276254303043
2026-10-10 18:00:00+02:00,732.1604233546677
2026-10-10 18:15:00+02:00,715.6931192517467
2026-10-10 18:30:00+02:00,699.2257137917801
2026-10-10 18:45:00+02:00,682.7582069747676
2026-10-10 19:00:00+02:00,666.2905988007094
2026-10-10 19:15:00+02:00,655.8263571456044
2026-10-10 19:30:00+02:00,645.3620510795768
2026-10-10 19:45:00+02:00,634.8976806026262
2026-10-10 20:00:00+02:00,624.4332457147527
2026-10-10 20:15:00+02:00,619.97228787649
2026-10-10 20:30:00+02:00,615.5113025734253
2026-10-10 20:45:00+02:00,611.0502898055588
2026-10-10 21:00:00+02:00,606.5892495728905
2026-10-10 21:15:00+02:00,608.1317988884123
2026-10-10 21:30:00+02:00,609.6743576852635
2026-10-10 21:45:00+02:00,611.2169259634443
2026-10-10 22:00:00+02:00,612.7595037229542
2026-10-10 22:15:00+02:00,614.3020898806159
2026-10-10 22:30:00+02:00,615.8446855196003
2026-10-10 22:45:00+02:00,617.3872906399073
2026-10-10 23:00:00+02:00,618.9299052415372
2026-10-10 23:15:00+02:00,620.4725287370209
2026-10-10 23:30:00+02:00,622.0151617138238
2026-10-10 23:45:00+02:00,623.5578041719457
2026-10-11 00:00:00+02:00,625.1004561113867
2026-10-11 00:15:00+02:00,626.643118450268
2026-10-11 00:30:00+02:00,628.1857902704742
2026-10-11 00:45:00+02:00,629.728471572005
2026-10-11 01:00:00+02:00,631.2711623548605
2026-10-11 01:15:00+02:00,628.5087297605816
2026-10-11 01:30:00+02:00,625.7462801552357
2026-10-11 01:45:00+02:00,622.9838135388229
2026-10-11 02:00:00+02:00,620.2213299113431
2026-10-11 02:15:00+02:00,613.153644861475
2026-10-11 02:30:00+02:00,606.0859163081569
2026-10-11 02:45:00+02:00,599.0181442513895
2026-10-11 03:00:00+02:00,591.9503286911721
2026-10-11 03:15:00+02:00,580.5772302489544
2026-10-11 03:30:00+02:00,569.2040618108919
2026-10-11 03:45:00+02:00,557.8308233769847
2026-10-11 04:00:00+02:00,546.4575149472327
2026-10-11 04:15:00+02:00,535.0841368367431
2026-10-11 04:30:00+02:00,523.7106887304109
2026-10-11 04:45:00+02:00,512.3371706282358
2026-10-11 05:00:00+02:00,500.96358253021776
2026-10-11 05:15:00+02:00,489.5899219641153
2026-10-11 05:30:00+02:00,478.216191402155
2026-10-11 05:45:00+02:00,466.8423908443367
2026-10-11 06:00:00+02:00,455.46852029066014
2026-10-11 06:15:00+02:00,444.0945801149098
2026-10-11 06:30:00+02:00,432.7205699433036
2026-10-11 06:45:00+02:00,421.34648977584175
2026-10-11 07:00:00+02:00,409.97233961252414
2026-10-11 07:15:00+02:00,403.75923714329247
2026-10-11 07:30:00+02:00,397.54609643570467
2026-10-11 07:45:00+02:00,391.33291748976075
2026-10-11 08:00:00+02:00,385.11970030546075
2026-10-11 08:15:00+02:00,384.0676295969034
2026-10-11 08:30:00+02:00,383.01555240751105
2026-10-11 08:45:00+02:00,381.96346873728385
2026-10-11 09:00:00+02:00,380.91137858622176
2026-10-11 09:15:00+02:00,385.0205270193996
2026-10-11 09:30:00+02:00,389.1297007292444
2026-10-11 09:45:00+02:00,393.23889971575596
2026-10-11 10:00:00+02:00,397.3481239789345
2026-10-11 10:15:00+02:00,401.4573743550088
2026-10-11 10:30:00+02:00,405.56665000775524
2026-10-11 10:45:00+02:00,409.6759509371737
2026-10-11 11:00:00+02:00,413.78527714326424
2026-10-11 11:15:00+02:00,417.89462715862743
2026-10-11 11:30:00+02:00,422.0040024506536
2026-10-11 11:45:00+02:00,426.1134030193428
2026-10-11 12:00:00+02:00,430.222828864695
2026-10-11 12:15:00+02:00,434.3322795131105
2026-10-11 12:30:00+02:00,438.4417554381861
2026-10-11 12:45:00+02:00,442.55125663992175
2026-10-11 13:00:00+02:00,446.6607831183175
2026-10-11 13:15:00+02:00,450.65991593473336
2026-10-11 13:30:00+02:00,454.65907334842734
2026-10-11 13:45:00+02:00,458.6582553593994
2026-10-11 14:00:00+02:00,462.6574619676496
2026-10-11 14:15:00+02:00,466.54627398941244
2026-10-11 14:30:00+02:00,470.4351099290781
2026-10-11 14:45:00+02:00,474.3239697866467
2026-10-11 15:00:00+02:00,478.2128535621184
2026-10-11 15:15:00+02:00,481.99133931450206
2026-10-11 15:30:00+02:00,485.76984830540476
2026-10-11 15:45:00+02:00,489.5483805348266
2026-10-11 16:00:00+02:00,493.3269360027677
2026-10-11 16:15:00+02:00,497.1055138424817
2026-10-11 16:30:00+02:00,500.8841149207095
2026-10-11 16:45:00+02:00,504.66273923745115
2026-10-11 17:00:00+02:00,508.4413867927066
2026-10-11 17:15:00+02:00,512.2200575172711
2026-10-11 17:30:00+02:00,515.998751480349
2026-10-11 17:45:00+02:00,519.7774686819404
2026-10-11 18:00:00+02:00,523.5562091220452
2026-10-11 18:15:00+02:00,527.3349730193228
2026-10-11 18:30:00+02:00,531.1137601551152
2026-10-11 18:45:00+02:00,534.8925705294223
2026-10-11 19:00:00+02:00,538.6714041422441
2026-10-11 19:15:00+02:00,542.2119800872753
2026-10-11 19:30:00+02:00,545.7525778048423
2026-10-11 19:45:00+02:00,549.2931972949456
2026-10-11 20:00:00+02:00,552.833838557585
2026-10-11 20:15:00+02:00,556.1362158908128
2026-10-11 20:30:00+02:00,559.4386135305867
2026-10-11 20:45:00+02:00,562.7410314769064
2026-10-11 21:00:00+02:00,566.0434697297723
2026-10-11 21:15:00+02:00,569.1076409284898
2026-10-11 21:30:00+02:00,572.171830967771
2026-10-11 21:45:00+02:00,575.236039847616
2026-10-11 22:00:00+02:00,578.3002675680244
2026-10-11 22:15:00+02:00,581.3645124982602
2026-10-11 22:30:00+02:00,584.4287762690496
2026-10-11 22:45:00+02:00,587.4930588803926
2026-10-11 23:00:00+02:00,590.5573603322891
2026-10-11 23:15:00+02:00,593.6216818613864
2026-10-11 23:30:00+02:00,596.6860222310448
2026-10-11 23:45:00+02:00,599.7503814412645
2026-10-12 00:00:00+02:00,602.8147594920453
2026-10-12 00:15:00+02:00,605.8791556967141
2026-10-12 00:30:00+02:00,608.9435707419399
2026-10-12 00:45:00+02:00,612.0080046277227
2026-10-12 01:00:00+02:00,615.0724573540625
2026-10-12 01:15:00+02:00,613.259074054258
2026-10-12 01:30:00+02:00,611.445679587137
2026-10-12 01:45:00+02:00,609.6322739526994
2026-10-12 02:00:00+02:00,607.8188571509453
2026-10-12 02:15:00+02:00,601.1275166892981
2026-10-12 02:30:00+02:00,594.4361350524755
2026-10-12 02:45:00+02:00,587.7447122404774
2026-10-12 03:00:00+02:00,581.0532482533039
2026-10-12 03:15:00+02:00,569.4837690766406
2026-10-12 03:30:00+02:00,557.9142187169335
2026-10-12 03:45:00+02:00,546.3445971741831
2026-10-12 04:00:00+02:00,534.7749044483892
2026-10-12 04:15:00+02:00,523.2051410435778
2026-10-12 04:30:00+02:00,511.63530645572604
2026-10-12 04:45:00+02:00,500.06540068483395
2026-10-12 05:00:00+02:00,488.4954237309013
2026-10-12 05:15:00+02:00,476.92537383431284
2026-10-12 05:30:00+02:00,465.355252754673
2026-10-12 05:45:00+02:00,453.7850604919819
2026-10-12 06:00:00+02:00,442.2147970462396
2026-10-12 06:15:00+02:00,430.64446165115504
2026-10-12 06:30:00+02:00,419.0740550730146
2026-10-12 06:45:00+02:00,407.50357731181816
2026-10-12 07:00:00+02:00,395.93302836756567
2026-10-12 07:15:00+02:00,388.7677231420839
2026-10-12 07:30:00+02:00,381.6023738324203
2026-10-12 07:45:00+02:00,374.4369804385746
2026-10-12 08:00:00+02:00,367.27154296054704
2026-10-12 08:15:00+02:00,364.5114283755399
2026-10-12 08:30:00+02:00,361.75129680521167
2026-10-12 08:45:00+02:00,358.99114824956257
2026-10-12 09:00:00+02:00,356.23098270859225
2026-10-12 09:15:00+02:00,357.8762212983132
2026-10-12 09:30:00+02:00,359.5214700015738
2026-10-12 09:45:00+02:00,361.1667288183738
2026-10-12 10:00:00+02:00,362.8119977487134
2026-10-12 10:15:00+02:00,364.4572751556779
2026-10-12 10:30:00+02:00,366.1025626761719
2026-10-12 10:45:00+02:00,367.74786031019534
2026-10-12 11:00:00+02:00,369.3931680577482
2026-10-12 11:15:00+02:00,371.038486482218
2026-10-12 11:30:00+02:00,372.6838150202207
2026-10-12 11:45:00+02:00,374.3291536717564
2026-10-12 12:00:00+02:00,375.97450243682505
2026-10-12 12:15:00+02:00,377.61986197925427
2026-10-12 12:30:00+02:00,379.2652316352205
2026-10-12 12:45:00+02:00,380.9106114047238
2026-10-12 13:00:00+02:00,382.5560012877641
2026-10-12 13:15:00+02:00,388.83787907225144
2026-10-12 13:30:00+02:00,395.119795489021
2026-10-12 13:45:00+02:00,401.4017505380728
2026-10-12 14:00:00+02:00,407.6837442194069
2026-10-12 14:15:00+02:00,418.60231123384096
2026-10-12 14:30:00+02:00,429.52094539930175
2026-10-12 14:45:00+02:00,440.4396467157893
2026-10-12 15:00:00+02:00,451.3584151833037
2026-10-12 15:15:00+02:00,466.91384391586416
2026-10-12 15:30:00+02:00,482.46936831820426
2026-10-12 15:45:00+02:00,498.0249883903242
2026-10-12 16:00:00+02:00,513.5807041322239
2026-10-12 16:15:00+02:00,529.1365141825313
2026-10-12 16:30:00+02:00,544.69241990261
2026-10-12 16:45:00+02:00,560.24842129246
2026-10-12 17:00:00+02:00,575.8045183520815
2026-10-12 17:15:00+02:00,591.360712456179
2026-10-12 17:30:00+02:00,606.9170022300565
2026-10-12 17:45:00+02:00,622.4733876737137
2026-10-12 18:00:00+02:00,638.0298687871506
2026-10-12 18:15:00+02:00,653.5864431337465
2026-10-12 18:30:00+02:00,669.1431131501072
2026-10-12 18:45:00+02:00,684.6998788362326
2026-10-12 19:00:00+02:00,700.256740192123
2026-10-12 19:15:00+02:00,713.4772689219975
2026-10-12 19:30:00+02:00,726.6978789514428
2026-10-12 19:45:00+02:00,739.918570280459
2026-10-12 20:00:00+02:00,753.1393429090458
2026-10-12 20:15:00+02:00,764.0237321710542
2026-10-12 20:30:00+02:00,774.9081883623923
2026-10-12 20:45:00+02:00,785.7927114830601
2026-10-12 21:00:00+02:00,796.6773015330576
2026-10-12 21:15:00+02:00,805.2254686572885
2026-10-12 21:30:00+02:00,813.7736883406301
2026-10-12 21:45:00+02:00,822.3219605830822
2026-10-12 22:00:00+02:00,830.8702853846448
2026-10-12 22:15:00+02:00,839.4186626797074
2026-10-12 22:30:00+02:00,847.9670925338802
2026-10-12 22:45:00+02:00,856.5155749471631
2026-10-12 23:00:00+02:00,865.0641099195565
2026-10-12 23:15:00+02:00,873.6126994647299
2026-10-12 23:30:00+02:00,882.161341569026
2026-10-12 23:45:00+02:00,890.710036232445
2026-10-13 00:00:00+02:00,899.2587834549863
2026-10-13 00:15:00+02:00,907.8075843660567
2026-10-13 00:30:00+02:00,916.3564378362566
2026-10-13 00:45:00+02:00,924.9053438655861
2026-10-13 01:00:00+02:00,933.4543024540451
2026-10-13 01:15:00+02:00,937.8188875691872
2026-10-13 01:30:00+02:00,942.1834995090603
2026-10-13 01:45:00+02:00,946.548138273665
2026-10-13 02:00:00+02:00,950.9128038630007
2026-10-13 02:15:00+02:00,951.0930202450609
2026-10-13 02:30:00+02:00,951.2732377174633
2026-10-13 02:45:00+02:00,951.4534562802074
2026-10-13 03:00:00+02:00,951.6336759332936
2026-10-13 03:15:00+02:00,947.6293707627996
2026-10-13 03:30:00+02:00,943.6250409482682
2026-10-13 03:45:00+02:00,939.6206864896993
2026-10-13 04:00:00+02:00,935.6163073870928
2026-10-13 04:15:00+02:00,931.611904967185
2026-10-13 04:30:00+02:00,927.6074779032479
2026-10-13 04:45:00+02:00,923.6030261952814
2026-10-13 05:00:00+02:00,919.5985498432854
2026-10-13 05:15:00+02:00,915.5940475403414
2026-10-13 05:30:00+02:00,911.58952059336
2026-10-13 05:45:00+02:00,907.5849690023413
2026-10-13 06:00:00+02:00,903.5803927672849
2026-10-13 06:15:00+02:00,899.5757925701396
2026-10-13 06:30:00+02:00,895.5711677289609
2026-10-13 06:45:00+02:00,891.5665182437491
2026-10-13 07:00:00+02:00,887.561844114504
2026-10-13 07:15:00+02:00,884.5601110785025
2026-10-13 07:30:00+02:00,881.5583595662945
2026-10-13 07:45:00+02:00,878.5565895778801
2026-10-13 08:00:00+02:00,875.5548011132593
2026-10-13 08:15:00+02:00,873.5559732251172
2026-10-13 08:30:00+02:00,871.5571330286016
2026-10-13 08:45:00+02:00,869.5582805237124
2026-10-13 09:00:00+02:00,867.5594157104496
2026-10-13 09:15:00+02:00,866.5635270271987
2026-10-13 09:30:00+02:00,865.5676322033888
2026-10-13 09:45:00+02:00,864.5717312390201
2026-10-13 10:00:00+02:00,863.5758241340926
2026-10-13 10:15:00+02:00,862.5799109306486
2026-10-13 10:30:00+02:00,861.5839915866459
2026-10-13 10:45:00+02:00,860.5880661020847
2026-10-13 11:00:00+02:00,859.5921344769648
2026-10-13 11:15:00+02:00,858.5961971722924
2026-10-13 11:30:00+02:00,857.6002537270639
2026-10-13 11:45:00+02:00,856.6043041412797
2026-10-13 12:00:00+02:00,855.6083484149399
2026-10-13 12:15:00+02:00,854.6123876280925
2026-10-13 12:30:00+02:00,853.6164207006959
2026-10-13 12:45:00+02:00,852.6204476327501
2026-10-13 13:00:00+02:00,851.6244684242553
2026-10-13 13:15:00+02:00,848.0980988477227
2026-10-13 13:30:00+02:00,844.571707570967
2026-10-13 13:45:00+02:00,841.0452945939877
2026-10-13 14:00:00+02:00,837.5188599167853
2026-10-13 14:15:00+02:00,831.4619875111591
2026-10-13 14:30:00+02:00,825.4050778456312
2026-10-13 14:45:00+02:00,819.3481309202018
2026-10-13 15:00:00+02:00,813.2911467348707
2026-10-13 15:15:00+02:00,804.7036782670089
2026-10-13 15:30:00+02:00,796.1161569795677
2026-10-13 15:45:00+02:00,787.5285828725473
2026-10-13 16:00:00+02:00,778.9409559459478
2026-10-13 16:15:00+02:00,770.3532739493158
2026-10-13 16:30:00+02:00,761.7655391330908
2026-10-13 16:45:00+02:00,753.1777514972729
2026-10-13 17:00:00+02:00,744.5899110418617
2026-10-13 17:15:00+02:00,736.0020188271882
2026-10-13 17:30:00+02:00,727.4140737929283
2026-10-13 17:45:00+02:00,718.826075939082
2026-10-13 18:00:00+02:00,710.2380252656492
2026-10-13 18:15:00+02:00,701.6499221033184
2026-10-13 18:30:00+02:00,693.061766121403
2026-10-13 18:45:00+02:00,684.4735573199033
2026-10-13 19:00:00+02:00,675.8852956988193
2026-10-13 19:15:00+02:00,666.367333389691
2026-10-13 19:30:00+02:00,656.84931254487
2026-10-13 19:45:00+02:00,647.3312331643561
2026-10-13 20:00:00+02:00,637.8130952481492
2026-10-13 20:15:00+02:00,627.3652360055851
2026-10-13 20:30:00+02:00,616.9173125111981
2026-10-13 20:45:00+02:00,606.4693247649884
2026-10-13 21:00:00+02:00,596.0212727669558
2026-10-13 21:15:00+02:00,584.6434830119382
2026-10-13 21:30:00+02:00,573.2656232889724
2026-10-13 21:45:00+02:00,561.8876935980584
2026-10-13 22:00:00+02:00,550.509693939196
2026-10-13 22:15:00+02:00,539.1316256614373
2026-10-13 22:30:00+02:00,527.7534874157386
2026-10-13 22:45:00+02:00,516.3752792020999
2026-10-13 23:00:00+02:00,504.99700102052134
2026-10-13 23:15:00+02:00,493.6186535507285
2026-10-13 23:30:00+02:00,482.2402361129999
2026-10-13 23:45:00+02:00,470.86174870733555
2026-10-14 00:00:00+02:00,459.4831913337353
2026-10-14 00:15:00+02:00,448.10456406529784
2026-10-14 00:30:00+02:00,436.7258668289251
2026-10-14 00:45:00+02:00,425.347099624617
2026-10-14 01:00:00+02:00,413.96826245237355
2026-10-14 01:15:00+02:00,404.44028696363756
2026-10-14 01:30:00+02:00,394.9122528869154
2026-10-14 01:45:00+02:00,385.38416022220696
2026-10-14 02:00:00+02:00,375.8560089695123
2026-10-14 02:15:00+02:00,368.1787552219159
2026-10-14 02:30:00+02:00,360.5014542662926
2026-10-14 02:45:00+02:00,352.8241061026425
2026-10-14 03:00:00+02:00,345.14671073096565
2026-10-14 03:15:00+02:00,339.3202469638555
2026-10-14 03:30:00+02:00,333.4937473686777
2026-10-14 03:45:00+02:00,327.66721194543237
2026-10-14 04:00:00+02:00,321.84064069411943
2026-10-14 04:15:00+02:00,316.0140336927661
2026-10-14 04:30:00+02:00,310.1873908633457
2026-10-14 04:45:00+02:00,304.36071220585814
2026-10-14 05:00:00+02:00,298.53399772030343
2026-10-14 05:15:00+02:00,292.70724824692
2026-10-14 05:30:00+02:00,286.8804629454746
2026-10-14 05:45:00+02:00,281.0536418159673
2026-10-14 06:00:00+02:00,275.22678485839805
2026-10-14 06:15:00+02:00,269.3998917937235
2026-10-14 06:30:00+02:00,263.5729629009853
2026-10-14 06:45:00+02:00,257.74599818018345
2026-10-14 07:00:00+02:00,251.9189976313179
2026-10-14 07:15:00+02:00,251.27184238291963
2026-10-14 07:30:00+02:00,250.62468315119645
2026-10-14 07:45:00+02:00,249.97751993614838
2026-10-14 08:00:00+02:00,249.33035273777537
2026-10-14 08:15:00+02:00,253.8631269101069
2026-10-14 08:30:00+02:00,258.39592894385555
2026-10-14 08:45:00+02:00,262.9287588390214
2026-10-14 09:00:00+02:00,267.4616165956043
2026-10-14 09:15:00+02:00,277.1745115592958
2026-10-14 09:30:00+02:00,286.8874662291483
2026-10-14 09:45:00+02:00,296.60048060516186
2026-10-14 10:00:00+02:00,306.31355468733653
2026-10-14 10:15:00+02:00,316.0266880427397
2026-10-14 10:30:00+02:00,325.73988110430133
2026-10-14 10:45:00+02:00,335.45313387202134
2026-10-14 11:00:00+02:00,345.16644634589966
2026-10-14 11:15:00+02:00,354.8798189228338
2026-10-14 11:30:00+02:00,364.5932512059288
2026-10-14 11:45:00+02:00,374.30674319518465
2026-10-14 12:00:00+02:00,384.0202948906013
2026-10-14 12:15:00+02:00,393.73390624421353
2026-10-14 12:30:00+02:00,403.4475773039863
2026-10-14 12:45:00+02:00,413.16130806991964
2026-10-14 13:00:00+02:00,422.87509854201346
2026-10-14 13:15:00+02:00,436.5006882679826
2026-10-14 13:30:00+02:00,450.1263617468291
2026-10-14 13:45:00+02:00,463.75211897855297
2026-10-14 14:00:00+02:00,477.37795996315424
2026-10-14 14:15:00+02:00,494.9156717641771
2026-10-14 14:30:00+02:00,512.4534913647907
2026-10-14 14:45:00+02:00,529.9914187649949
2026-10-14 15:00:00+02:00,547.5294539647898
2026-10-14 15:15:00+02:00,568.9794339589847
2026-10-14 15:30:00+02:00,590.4295457994949
2026-10-14 15:45:00+02:00,611.8797894863203
2026-10-14 16:00:00+02:00,633.3301650194611
2026-10-14 16:15:00+02:00,654.7806711115287
2026-10-14 16:30:00+02:00,676.2313090499038
2026-10-14 16:45:00+02:00,697.6820788345862
2026-10-14 17:00:00+02:00,719.132980465576
2026-10-14 17:15:00+02:00,740.5840137068434
2026-10-14 17:30:00+02:00,762.0351787944169
2026-10-14 17:45:00+02:00,783.4864757282961
2026-10-14 18:00:00+02:00,804.9379045084812
2026-10-14 18:15:00+02:00,826.3894673768914
2026-10-14 18:30:00+02:00,847.8411620916212
2026-10-14 18:45:00+02:00,869.2929886526707
2026-10-14 19:00:00+02:00,890.7449470600399
2026-10-14 19:15:00+02:00,910.3099234029364
2026-10-14 19:30:00+02:00,929.8750199923142
2026-10-14 19:45:00+02:00,949.4402368281735
2026-10-14 20:00:00+02:00,969.0055739105139
2026-10-14 20:15:00+02:00,986.6838967408498
2026-10-14 20:30:00+02:00,1004.3623282178446
2026-10-14 20:45:00+02:00,1022.0408683414986
2026-10-14 21:00:00+02:00,1039.7195171118115
2026-10-14 21:15:00+02:00,1055.5111112991383
2026-10-14 21:30:00+02:00,1071.302802533268
2026-10-14 21:45:00+02:00,1087.0945908142005
2026-10-14 22:00:00+02:00,1102.8864761419352
2026-10-14 22:15:00+02:00,1118.6784640277456
2026-10-14 22:30:00+02:00,1134.4705489603925
2026-10-14 22:45:00+02:00,1150.262730939876
2026-10-14 23:00:00+02:00,1166.0550099661957
2026-10-14 23:15:00+02:00,1181.847380078737
2026-10-14 23:30:00+02:00,1197.639847238078
2026-10-14 23:45:00+02:00,1213.4324114442188
2026-10-15 00:00:00+02:00,1229.2250726971595
2026-10-15 00:15:00+02:00,1245.0178330575238
2026-10-15 00:30:00+02:00,1260.8106904647007
2026-10-15 00:45:00+02:00,1276.60364491869
2026-10-15 01:00:00+02:00,1292.3966964194917
2026-10-15 01:15:00+02:00,1300.4220864277127
2026-10-15 01:30:00+02:00,1308.4475257388883
2026-10-15 01:45:00+02:00,1316.4730143530185
2026-10-15 02:00:00+02:00,1324.4985522701038
2026-10-15 02:15:00+02:00,1324.7562912612068
2026-10-15 02:30:00+02:00,1325.0140318114427
2026-10-15 02:45:00+02:00,1325.2717739208113
2026-10-15 03:00:00+02:00,1325.529517589313
2026-10-15 03:15:00+02:00,1318.0193177486033
2026-10-15 03:30:00+02:00,1310.5090717231958
2026-10-15 03:45:00+02:00,1302.9987795130912
2026-10-15 04:00:00+02:00,1295.488441118289
2026-10-15 04:15:00+02:00,1287.9780543934592
2026-10-15 04:30:00+02:00,1280.4676214839183
2026-10-15 04:45:00+02:00,1272.9571423896668
2026-10-15 05:00:00+02:00,1265.4466171107047
2026-10-15 05:15:00+02:00,1257.9360454703342
2026-10-15 05:30:00+02:00,1250.4254276452518
2026-10-15 05:45:00+02:00,1242.9147636354583
2026-10-15 06:00:00+02:00,1235.4040534409523
2026-10-15 06:15:00+02:00,1227.8932958836797
2026-10-15 06:30:00+02:00,1220.382492141688
2026-10-15 06:45:00+02:00,1212.8716422149773
2026-10-15 07:00:00+02:00,1205.3607461035479
2026-10-15 07:15:00+02:00,1204.887278865088
2026-10-15 07:30:00+02:00,1204.4138086939524
2026-10-15 07:45:00+02:00,1203.9403355901406
2026-10-15 08:00:00+02:00,1203.4668595536534
2026-10-15 08:15:00+02:00,1210.0309414367869
2026-10-15 08:30:00+02:00,1216.5950636392831
2026-10-15 08:45:00+02:00,1223.159226161142
2026-10-15 09:00:00+02:00,1229.723429002364
2026-10-15 09:15:00+02:00,1243.325316154187
2026-10-15 09:30:00+02:00,1256.9272868773905
2026-10-15 09:45:00+02:00,1270.5293411719751
2026-10-15 10:00:00+02:00,1284.1314790379406
2026-10-15 10:15:00+02:00,1297.7337008297068
2026-10-15 10:30:00+02:00,1311.3360061928563
2026-10-15 10:45:00+02:00,1324.938395127389
2026-10-15 11:00:00+02:00,1338.5408676333043
2026-10-15 11:15:00+02:00,1352.1434237874473
2026-10-15 11:30:00+02:00,1365.7460635129737
2026-10-15 11:45:00+02:00,1379.3487868098837
2026-10-15 12:00:00+02:00,1392.9515936781772
2026-10-15 12:15:00+02:00,1406.5544835365515
2026-10-15 12:30:00+02:00,1420.157456966306
2026-10-15 12:45:00+02:00,1433.7605139674404
2026-10-15 13:00:00+02:00,1447.3636545399545
2026-10-15 13:15:00+02:00,1463.8385361468765
2026-10-15 13:30:00+02:00,1480.31351897297
2026-10-15 13:45:00+02:00,1496.7886030182349
2026-10-15 14:00:00+02:00,1513.2637882826716
2026-10-15 14:15:00+02:00,1532.6107671926707
2026-10-15 14:30:00+02:00,1551.9578649696305
2026-10-15 14:45:00+02:00,1571.305081613552
2026-10-15 15:00:00+02:00,1590.652417124434
2026-10-15 15:15:00+02:00,1612.87159966279
2026-10-15 15:30:00+02:00,1635.0909187158993
2026-10-15 15:45:00+02:00,1657.3103742837616
2026-10-15 16:00:00+02:00,1679.529966366377
2026-10-15 16:15:00+02:00,1701.749696399413
2026-10-15 16:30:00+02:00,1723.969562947211
2026-10-15 16:45:00+02:00,1746.189566009771
2026-10-15 17:00:00+02:00,1768.409705587093
2026-10-15 17:15:00+02:00,1790.6299827968699
2026-10-15 17:30:00+02:00,1812.850396521416
2026-10-15 17:45:00+02:00,1835.0709467607307
2026-10-15 18:00:00+02:00,1857.2916335148145
2026-10-15 18:15:00+02:00,1879.5124576442201
2026-10-15 18:30:00+02:00,1901.7334182884
2026-10-15 18:45:00+02:00,1923.9545154473535
2026-10-15 19:00:00+02:00,1946.175749121082
2026-10-15 19:15:00+02:00,1961.5590551643895
2026-10-15 19:30:00+02:00,1976.9424557021969
2026-10-15 19:45:00+02:00,1992.3259507345058
2026-10-15 20:00:00+02:00,2007.7095402613152
2026-10-15 20:15:00+02:00,2016.255070904453
2026-10-15 20:30:00+02:00,2024.8006540217866
2026-10-15 20:45:00+02:00,2033.3462896133158
2026-10-15 21:00:00+02:00,2041.8919776790399
2026-10-15 21:15:00+02:00,2043.599483024117
2026-10-15 21:30:00+02:00,2045.3069988230982
2026-10-15 21:45:00+02:00,2047.0145250759838
2026-10-15 22:00:00+02:00,2048.7220617827725
2026-10-15 22:15:00+02:00,2050.4296085883234
2026-10-15 22:30:00+02:00,2052.1371658477756
2026-10-15 22:45:00+02:00,2053.8447335611295
2026-10-15 23:00:00+02:00,2055.5523117283856
2026-10-15 23:15:00+02:00,2057.2598994283917
2026-10-15 23:30:00+02:00,2058.967497582294
2026-10-15 23:45:00+02:00,2060.6751061900923
2026-10-16 00:00:00+02:00,2062.3827252517867
2026-10-16 00:15:00+02:00,2064.090357554529
2026-10-16 00:30:00+02:00,2065.7980003111843
2026-10-16 00:45:00+02:00,2067.5056535217536
2026-10-16 01:00:00+02:00,2069.213317186235
2026-10-16 01:15:00+02:00,2060.7036505382457
2026-10-16 01:30:00+02:00,2052.1939315626887
2026-10-16 01:45:00+02:00,2043.6841602595634
2026-10-16 02:00:00+02:00,2035.17433662887
2026-10-16 02:15:00+02:00,2016.446999367042
2026-10-16 02:30:00+02:00,1997.7195469961957
2026-10-16 02:45:00+02:00,1978.9919795163312
2026-10-16 03:00:00+02:00,1960.264296927448
2026-10-16 03:15:00+02:00,1931.3189028024342
2026-10-16 03:30:00+02:00,1902.3733307868931
2026-10-16 03:45:00+02:00,1873.427580880824
2026-10-16 04:00:00+02:00,1844.4816530842277
2026-10-16 04:15:00+02:00,1815.5355458051386
2026-10-16 04:30:00+02:00,1786.5892606355123
2026-10-16 04:45:00+02:00,1757.6427975753488
2026-10-16 05:00:00+02:00,1728.696156624648
2026-10-16 05:15:00+02:00,1699.7493383720764
2026-10-16 05:30:00+02:00,1670.8023422289712
2026-10-16 05:45:00+02:00,1641.855168195332
2026-10-16 06:00:00+02:00,1612.9078162711596
2026-10-16 06:15:00+02:00,1583.9602878431913
2026-10-16 06:30:00+02:00,1555.0125815246977
2026-10-16 06:45:00+02:00,1526.064697315679
2026-10-16 07:00:00+02:00,1497.1166352161351
2026-10-16 07:15:00+02:00,1483.3710809319184
2026-10-16 07:30:00+02:00,1469.625442164725
2026-10-16 07:45:00+02:00,1455.879718914555
2026-10-16 08:00:00+02:00,1442.133911181409
2026-10-16 08:15:00+02:00,1443.590890964988
2026-10-16 08:30:00+02:00,1445.047879673136
2026-10-16 08:45:00+02:00,1446.5048773058536
2026-10-16 09:00:00+02:00,1447.9618838631402
2026-10-16 09:15:00+02:00,1464.6219573818605
2026-10-16 09:30:00+02:00,1481.2821332326907
2026-10-16 09:45:00+02:00,1497.9424114156309
2026-10-16 10:00:00+02:00,1514.6027919306812
2026-10-16 10:15:00+02:00,1531.2632759507144
2026-10-16 10:30:00+02:00,1547.923862302865
2026-10-16 10:45:00+02:00,1564.5845509871326
2026-10-16 11:00:00+02:00,1581.245342003517
2026-10-16 11:15:00+02:00,1597.90623722868
2026-10-16 11:30:00+02:00,1614.5672347859718
2026-10-16 11:45:00+02:00,1631.228334675392
2026-10-16 12:00:00+02:00,1647.8895368969409
2026-10-16 12:15:00+02:00,1664.5508419270145
2026-10-16 12:30:00+02:00,1681.2122492892197
2026-10-16 12:45:00+02:00,1697.873758983557
2026-10-16 13:00:00+02:00,1714.5353710100253
2026-10-16 13:15:00+02:00,1738.2328060148945
2026-10-16 13:30:00+02:00,1761.9303865772158
2026-10-16 13:45:00+02:00,1785.6281126969895
2026-10-16 14:00:00+02:00,1809.3259843742162
2026-10-16 14:15:00+02:00,1840.059805756417
2026-10-16 14:30:00+02:00,1870.7938159213732
2026-10-16 14:45:00+02:00,1901.5280148690845
2026-10-16 15:00:00+02:00,1932.2624025995513
2026-10-16 15:15:00+02:00,1970.0328682257061
2026-10-16 15:30:00+02:00,2007.8035658599101
2026-10-16 15:45:00+02:00,2045.5744955021632
2026-10-16 16:00:00+02:00,2083.345657152465
2026-10-16 16:15:00+02:00,2121.1170542766545
2026-10-16 16:30:00+02:00,2158.888683408915
2026-10-16 16:45:00+02:00,2196.660544549245
2026-10-16 17:00:00+02:00,2234.432637697645
2026-10-16 17:15:00+02:00,2272.2049668176933
2026-10-16 17:30:00+02:00,2309.977527945836
2026-10-16 17:45:00+02:00,2347.750321082073
2026-10-16 18:00:00+02:00,2385.5233462264046
2026-10-16 18:15:00+02:00,2423.2966064642883
2026-10-16 18:30:00+02:00,2461.070098710285
2026-10-16 18:45:00+02:00,2498.8438229643957
2026-10-16 19:00:00+02:00,2536.6177792266194
2026-10-16 19:15:00+02:00,2558.1606220614067
2026-10-16 19:30:00+02:00,2579.7035971912255
2026-10-16 19:45:00+02:00,2601.2467046160746
2026-10-16 20:00:00+02:00,2622.789944335955
2026-10-16 20:15:00+02:00,2628.101761748527
2026-10-16 20:30:00+02:00,2633.413611742988
2026-10-16 20:45:00+02:00,2638.7254943193375
2026-10-16 21:00:00+02:00,2644.0374094775752
2026-10-16 21:15:00+02:00,2633.117614044142
2026-10-16 21:30:00+02:00,2622.197751479522
2026-10-16 21:45:00+02:00,2611.2778217837144
2026-10-16 22:00:00+02:00,2600.35782495672
2026-10-16 22:15:00+02:00,2589.4377594112225
2026-10-16 22:30:00+02:00,2578.5176267345278
2026-10-16 22:45:00+02:00,2567.5974269266367
2026-10-16 23:00:00+02:00,2556.677159987548
2026-10-16 23:15:00+02:00,2545.7568333789955
2026-10-16 23:30:00+02:00,2534.8364396392913
2026-10-16 23:45:00+02:00,2523.9159787684366
2026-10-17 00:00:00+02:00,2512.9954507664306
2026-10-17 00:15:00+02:00,2502.0748563051816
2026-10-17 00:30:00+02:00,2491.154194712785
2026-10-17 00:45:00+02:00,2480.2334659892417
2026-10-17 01:00:00+02:00,2469.312670134552
2026-10-17 01:15:00+02:00,2457.264935971086
2026-10-17 01:30:00+02:00,2445.217127754341
2026-10-17 01:45:00+02:00,2433.169245484317
2026-10-17 02:00:00+02:00,2421.121289161014
2026-10-17 02:15:00+02:00,2407.9463713709106
2026-10-17 02:30:00+02:00,2394.7713726053817
2026-10-17 02:45:00+02:00,2381.5962928644267
2026-10-17 03:00:00+02:00,2368.4211321480457
2026-10-17 03:15:00+02:00,2354.1189938386206
2026-10-17 03:30:00+02:00,2339.8167676316516
2026-10-17 03:45:00+02:00,2325.514453527139
2026-10-17 04:00:00+02:00,2311.2120515250817
2026-10-17 04:15:00+02:00,2296.9095622695227
2026-10-17 04:30:00+02:00,2282.6069851164234
2026-10-17 04:45:00+02:00,2268.304320065784
2026-10-17 05:00:00+02:00,2254.001567117605
2026-10-17 05:15:00+02:00,2239.698726570923
2026-10-17 05:30:00+02:00,2225.3957981267035
2026-10-17 05:45:00+02:00,2211.0927817849447
2026-10-17 06:00:00+02:00,2196.7896775456484
2026-10-17 06:15:00+02:00,2182.4864844304593
2026-10-17 06:30:00+02:00,2168.1832034177255
2026-10-17 06:45:00+02:00,2153.8798345074483
2026-10-17 07:00:00+02:00,2139.576377699627
2026-10-17 07:15:00+02:00,2122.6519236772037
2026-10-17 07:30:00+02:00,2105.727365658729
2026-10-17 07:45:00+02:00,2088.802703644204
2026-10-17 08:00:00+02:00,2071.877937633629
2026-10-17 08:15:00+02:00,2052.332122962754
2026-10-17 08:30:00+02:00,2032.7861881973033
2026-10-17 08:45:00+02:00,2013.2401333372757
2026-10-17 09:00:00+02:00,1993.693958382671
2026-10-17 09:15:00+02:00,1971.5266904499997
2026-10-17 09:30:00+02:00,1949.35928632425
2026-10-17 09:45:00+02:00,1927.1917460054224
2026-10-17 10:00:00+02:00,1905.0240694935162
2026-10-17 10:15:00+02:00,1882.856252869234
2026-10-17 10:30:00+02:00,1860.6883000518492
2026-10-17 10:45:00+02:00,1838.520211041363
2026-10-17 11:00:00+02:00,1816.3519858377738
2026-10-17 11:15:00+02:00,1794.183630094709
2026-10-17 11:30:00+02:00,1772.015138158577
2026-10-17 11:45:00+02:00,1749.846510029377
2026-10-17 12:00:00+02:00,1727.6777457071098
2026-10-17 12:15:00+02:00,1705.5088422170948
2026-10-17 12:30:00+02:00,1683.3398025339943
2026-10-17 12:45:00+02:00,1661.1706266578076
2026-10-17 13:00:00+02:00,1639.001314588535
2026-10-17 13:15:00+02:00,1615.2095810965388
2026-10-17 13:30:00+02:00,1591.4177014475692
2026-10-17 13:45:00+02:00,1567.6256756416271
2026-10-17 14:00:00+02:00,1543.8335036787118
2026-10-17 14:15:00+02:00,1518.4188765620684
2026-10-17 14:30:00+02:00,1493.0040933245414
2026-10-17 14:45:00+02:00,1467.5891539661309
2026-10-17 15:00:00+02:00,1442.1740584868364
2026-10-17 15:15:00+02:00,1415.1364848742396
2026-10-17 15:30:00+02:00,1388.098745176891
2026-10-17 15:45:00+02:00,1361.0608393947903
2026-10-17 16:00:00+02:00,1334.0227675279377
2026-10-17 16:15:00+02:00,1306.9845293281503
2026-10-17 16:30:00+02:00,1279.9461250436095
2026-10-17 16:45:00+02:00,1252.9075546743152
2026-10-17 17:00:00+02:00,1225.8688182202675
2026-10-17 17:15:00+02:00,1198.829919938323
2026-10-17 17:30:00+02:00,1171.7908555716513
2026-10-17 17:45:00+02:00,1144.7516251202521
2026-10-17 18:00:00+02:00,1117.7122285841258
2026-10-17 18:15:00+02:00,1090.6726647157873
2026-10-17 18:30:00+02:00,1063.6329347627138
2026-10-17 18:45:00+02:00,1036.5930387249055
2026-10-17 19:00:00+02:00,1009.5529766023619
2026-10-17 19:15:00+02:00,986.6855098415319
2026-10-17 19:30:00+02:00,963.8179026226935
2026-10-17 19:45:00+02:00,940.9501549458464
2026-10-17 20:00:00+02:00,918.0822668109912
2026-10-17 20:15:00+02:00,899.3870491791921
2026-10-17 20:30:00+02:00,880.6917167161004
2026-10-17 20:45:00+02:00,861.9962694217162
2026-10-17 21:00:00+02:00,843.3007072960395
2026-10-17 21:15:00+02:00,828.7778955514256
2026-10-17 21:30:00+02:00,814.2549946022536
2026-10-17 21:45:00+02:00,799.7320044485235
2026-10-17 22:00:00+02:00,785.2089250902351
2026-10-17 22:15:00+02:00,770.6857558048571
2026-10-17 22:30:00+02:00,756.1624973149162
2026-10-17 22:45:00+02:00,741.6391496204129
2026-10-17 23:00:00+02:00,727.115712721347
2026-10-17 23:15:00+02:00,712.592188346624
2026-10-17 23:30:00+02:00,698.068574767349
2026-10-17 23:45:00+02:00,683.5448719835218
2026-10-18 00:00:00+02:00,669.0210799951427
2026-10-18 00:15:00+02:00,654.4971983071239
2026-10-18 00:30:00+02:00,639.97322741455
2026-10-18 00:45:00+02:00,625.4491673174211
2026-10-18 01:00:00+02:00,610.925018015737
2026-10-18 01:15:00+02:00,601.7238687232039
2026-10-18 01:30:00+02:00,592.5226629150918
2026-10-18 01:45:00+02:00,583.3214005914009
2026-10-18 02:00:00+02:00,574.1200817521309
2026-10-18 02:15:00+02:00,570.2418571779873
2026-10-18 02:30:00+02:00,566.3636087772176
2026-10-18 02:45:00+02:00,562.4853365498216
2026-10-18 03:00:00+02:00,558.6070404957992
2026-10-18 03:15:00+02:00,560.0519401680782
2026-10-18 03:30:00+02:00,561.4968487027045
2026-10-18 03:45:00+02:00,562.9417660996779
2026-10-18 04:00:00+02:00,564.3866923589987
2026-10-18 04:15:00+02:00,565.8316261881729
2026-10-18 04:30:00+02:00,567.2765688796864
2026-10-18 04:45:00+02:00,568.7215204335394
2026-10-18 05:00:00+02:00,570.1664808497314
2026-10-18 05:15:00+02:00,571.6114518812035
2026-10-18 05:30:00+02:00,573.0564317750257
2026-10-18 05:45:00+02:00,574.501420531198
2026-10-18 06:00:00+02:00,575.9464181497204
2026-10-18 06:15:00+02:00,577.3914252142052
2026-10-18 06:30:00+02:00,578.8364411410438
2026-10-18 06:45:00+02:00,580.281465930236
2026-10-18 07:00:00+02:00,581.7264995817818
2026-10-18 07:15:00+02:00,589.6010532836526
2026-10-18 07:30:00+02:00,597.4756553284573
2026-10-18 07:45:00+02:00,605.3503057161959
2026-10-18 08:00:00+02:00,613.2250044468683
2026-10-18 08:15:00+02:00,627.5293411299012
2026-10-18 08:30:00+02:00,641.8337656364452
2026-10-18 08:45:00+02:00,656.1382779664997
2026-10-18 09:00:00+02:00,670.4428781200651
2026-10-18 09:15:00+02:00,691.1772359491919
2026-10-18 09:30:00+02:00,711.9117210824141
2026-10-18 09:45:00+02:00,732.646333519732
2026-10-18 10:00:00+02:00,753.3810732611455
2026-10-18 10:15:00+02:00,774.1159404971404
2026-10-18 10:30:00+02:00,794.850935037232
2026-10-18 10:45:00+02:00,815.5860568814203
2026-10-18 11:00:00+02:00,836.3213060297052
2026-10-18 11:15:00+02:00,857.056680903276
2026-10-18 11:30:00+02:00,877.7921830809336
2026-10-18 11:45:00+02:00,898.5278125626783
2026-10-18 12:00:00+02:00,919.26356934851
2026-10-18 12:15:00+02:00,939.9994531846174
2026-10-18 12:30:00+02:00,960.7354643248102
2026-10-18 12:45:00+02:00,981.4716027690886
2026-10-18 13:00:00+02:00,1002.2078685174524
2026-10-18 13:15:00+02:00,1015.2622792474709
2026-10-18 13:30:00+02:00,1028.3167701136388
2026-10-18 13:45:00+02:00,1041.3713411159563
2026-10-18 14:00:00+02:00,1054.4259922544231
2026-10-18 14:15:00+02:00,1059.7986485728172
2026-10-18 14:30:00+02:00,1065.171337859435
2026-10-18 14:45:00+02:00,1070.5440601142764
2026-10-18 15:00:00+02:00,1075.9168153373419
2026-10-18 15:15:00+02:00,1073.6074339926176
2026-10-18 15:30:00+02:00,1071.29803844819
2026-10-18 15:45:00+02:00,1068.988628704059
2026-10-18 16:00:00+02:00,1066.6792047602246
2026-10-18 16:15:00+02:00,1064.3697663802452
2026-10-18 16:30:00+02:00,1062.060313800561
2026-10-18 16:45:00+02:00,1059.750847021172
2026-10-18 17:00:00+02:00,1057.4413660420782
2026-10-18 17:15:00+02:00,1055.1318689714099
2026-10-18 17:30:00+02:00,1052.822357701025
2026-10-18 17:45:00+02:00,1050.5128322309242
2026-10-18 18:00:00+02:00,1048.203292561107
2026-10-18 18:15:00+02:00,1045.8937380094612
2026-10-18 18:30:00+02:00,1043.5841692580955
2026-10-18 18:45:00+02:00,1041.2745863070088
2026-10-18 19:00:00+02:00,1038.9649891562015
2026-10-18 19:15:00+02:00,1032.7189970908234
2026-10-18 19:30:00+02:00,1026.472966657839
2026-10-18 19:45:00+02:00,1020.2268978572474
2026-10-18 20:00:00+02:00,1013.9807906890491
2026-10-18 20:15:00+02:00,1003.7982215172193
2026-10-18 20:30:00+02:00,993.6155898099296
2026-10-18 20:45:00+02:00,983.4328955671804
2026-10-18 21:00:00+02:00,973.2501387889714
2026-10-18 21:15:00+02:00,959.130842891154
2026-10-18 21:30:00+02:00,945.0114602899955
2026-10-18 21:45:00+02:00,930.8919909854959
2026-10-18 22:00:00+02:00,916.7724349776555
2026-10-18 22:15:00+02:00,902.6527915284358
2026-10-18 22:30:00+02:00,888.5330613758707
2026-10-18 22:45:00+02:00,874.4132445199601
2026-10-18 23:00:00+02:00,860.293340960704
2026-10-18 23:15:00+02:00,846.1733490323878
2026-10-18 23:30:00+02:00,832.0532704007162
2026-10-18 23:45:00+02:00,817.9331050656888
2026-10-19 00:00:00+02:00,803.8128530273057
2026-10-19 00:15:00+02:00,789.6925135322118
2026-10-19 00:30:00+02:00,775.5720873337575
2026-10-19 00:45:00+02:00,761.451574431943
2026-10-19 01:00:00+02:00,747.3309748267682
2026-10-19 01:15:00+02:00,733.2102917305056
2026-10-19 01:30:00+02:00,719.0895219309025
2026-10-19 01:45:00+02:00,704.9686654279587
2026-10-19 02:00:00+02:00,690.8477222216743
