air_temp,ghi,azimuth,cloud_opacity,dewpoint_temp,relative_humidity,zenith,period_end,period
10,195,-133,1.5,7,84.1,76,2025-11-09T07:00:00Z,PT15M
10,231,-136,0,7.1,82.5,74,2025-11-09T07:15:00Z,PT15M
10,259,-139,1.4,7.2,81,73,2025-11-09T07:30:00Z,PT15M
11,279,-142,4.6,7.3,79.6,71,2025-11-09T07:45:00Z,PT15M
11,297,-146,7.2,7.4,78.1,69,2025-11-09T08:00:00Z,PT15M
11,313,-149,9.5,7.4,76.9,68,2025-11-09T08:15:00Z,PT15M
12,323,-153,12.2,7.6,75.8,67,2025-11-09T08:30:00Z,PT15M
12,335,-157,13.7,7.7,74.7,66,2025-11-09T08:45:00Z,PT15M
12,344,-161,15.1,7.8,73.6,65,2025-11-09T09:00:00Z,PT15M
13,350,-165,16.3,7.8,72.6,64,2025-11-09T09:15:00Z,PT15M
13,356,-168,17,7.8,71.8,63,2025-11-09T09:30:00Z,PT15M
13,361,-172,17.2,7.9,71,63,2025-11-09T09:45:00Z,PT15M
13,363,-177,17.5,7.9,70.2,63,2025-11-09T10:00:00Z,PT15M
13,364,179,17.4,7.9,69.3,63,2025-11-09T10:15:00Z,PT15M
14,365,175,16.7,7.8,68.4,63,2025-11-09T10:30:00Z,PT15M
14,365,171,15.8,7.7,67.5,63,2025-11-09T10:45:00Z,PT15M
14,362,167,14.8,7.6,66.6,64,2025-11-09T11:00:00Z,PT15M
14,356,163,13.9,7.5,65.8,64,2025-11-09T11:15:00Z,PT15M
14,345,160,13.2,7.4,64.9,65,2025-11-09T11:30:00Z,PT15M
14,332,156,12.6,7.3,64,66,2025-11-09T11:45:00Z,PT15M
14,316,152,12.1,7.2,63.2,67,2025-11-09T12:00:00Z,PT15M
14,294,148,12.2,7.1,62.7,69,2025-11-09T12:15:00Z,PT15M
14,269,145,13.2,7,62.6,70,2025-11-09T12:30:00Z,PT15M
14,241,141,14.2,6.9,62.4,71,2025-11-09T12:45:00Z,PT15M
14,212,138,15.2,6.8,62.3,73,2025-11-09T13:00:00Z,PT15M
14,184,135,15.8,6.8,62.9,75,2025-11-09T13:15:00Z,PT15M
14,154,132,16.3,6.9,64.3,77,2025-11-09T13:30:00Z,PT15M
13,125,129,16.8,7,65.7,79,2025-11-09T13:45:00Z,PT15M
13,95,126,17.3,7.1,67.1,81,2025-11-09T14:00:00Z,PT15M
13,67,123,17.6,7,68.8,83,2025-11-09T14:15:00Z,PT15M
12,41,120,17.2,6.9,70.9,85,2025-11-09T14:30:00Z,PT15M
12,18,117,16.8,6.8,73,88,2025-11-09T14:45:00Z,PT15M
11,2,114,16.3,6.7,75.2,90,2025-11-09T15:00:00Z,PT15M
11,0,112,16.1,6.6,76.7,92,2025-11-09T15:15:00Z,PT15M
10,0,109,16.1,6.5,77.4,95,2025-11-09T15:30:00Z,PT15M
10,0,106,16.1,6.5,78.2,97,2025-11-09T15:45:00Z,PT15M
10,0,104,16.1,6.4,79,100,2025-11-09T16:00:00Z,PT15M
10,0,101,16.6,6.4,79.7,102,2025-11-09T16:15:00Z,PT15M
10,0,99,17.4,6.4,80.4,105,2025-11-09T16:30:00Z,PT15M
9,0,96,18.3,6.3,81.1,107,2025-11-09T16:45:00Z,PT15M
9,0,93,19.1,6.3,81.7,110,2025-11-09T17:00:00Z,PT15M
9,0,91,19.9,6.3,82.1,113,2025-11-09T17:15:00Z,PT15M
9,0,88,20.8,6.2,82.3,115,2025-11-09T17:30:00Z,PT15M
9,0,85,21.6,6.2,82.4,118,2025-11-09T17:45:00Z,PT15M
9,0,82,22.4,6.1,82.5,120,2025-11-09T18:00:00Z,PT15M
9,0,79,23.2,6.1,82.7,123,2025-11-09T18:15:00Z,PT15M
9,0,76,24.1,6.1,83,125,2025-11-09T18:30:00Z,PT15M
9,0,73,24.9,6,83.3,128,2025-11-09T18:45:00Z,PT15M
9,0,70,25.7,6,83.6,130,2025-11-09T19:00:00Z,PT15M
9,0,66,25.9,6,83.8,133,2025-11-09T19:15:00Z,PT15M
9,0,62,25.5,6,83.9,135,2025-11-09T19:30:00Z,PT15M
9,0,58,25.1,5.9,84.1,137,2025-11-09T19:45:00Z,PT15M
8,0,54,24.7,5.9,84.2,140,2025-11-09T20:00:00Z,PT15M
8,0,49,25.1,5.9,84.6,142,2025-11-09T20:15:00Z,PT15M
8,0,44,26.3,5.9,85.1,143,2025-11-09T20:30:00Z,PT15M
8,0,39,27.5,5.8,85.7,145,2025-11-09T20:45:00Z,PT15M
8,0,33,28.7,5.8,86.3,147,2025-11-09T21:00:00Z,PT15M
8,0,27,29.6,5.8,86.7,148,2025-11-09T21:15:00Z,PT15M
8,0,20,30.4,5.7,86.8,149,2025-11-09T21:30:00Z,PT15M
8,0,13,31.2,5.7,86.9,150,2025-11-09T21:45:00Z,PT15M
8,0,6,32,5.6,87.1,150,2025-11-09T22:00:00Z,PT15M
8,0,-1,33.3,5.6,87.3,150,2025-11-09T22:15:00Z,PT15M
7,0,-8,35.2,5.5,87.6,150,2025-11-09T22:30:00Z,PT15M
7,0,-15,37,5.5,87.9,150,2025-11-09T22:45:00Z,PT15M
7,0,-22,38.9,5.4,88.2,149,2025-11-09T23:00:00Z,PT15M
7,0,-29,41.2,5.4,88.5,148,2025-11-09T23:15:00Z,PT15M
7,0,-35,44,5.4,88.8,146,2025-11-09T23:30:00Z,PT15M
7,0,-41,46.7,5.3,89.1,145,2025-11-09T23:45:00Z,PT15M
7,0,-46,49.4,5.3,89.4,143,2025-11-10,PT15M
7,0,-51,51,5.3,89.5,141,2025-11-10T00:15:00Z,PT15M
7,0,-55,51.7,5.2,89.5,139,2025-11-10T00:30:00Z,PT15M
7,0,-60,52.3,5.2,89.5,137,2025-11-10T00:45:00Z,PT15M
7,0,-64,53,5.1,89.5,135,2025-11-10T01:00:00Z,PT15M
7,0,-67,53.4,5.1,89.5,132,2025-11-10T01:15:00Z,PT15M
7,0,-71,53.7,5,89.5,130,2025-11-10T01:30:00Z,PT15M
7,0,-74,54.1,5,89.5,127,2025-11-10T01:45:00Z,PT15M
7,0,-77,54.4,4.9,89.5,125,2025-11-10T02:00:00Z,PT15M
7,0,-80,54.7,4.9,89.7,122,2025-11-10T02:15:00Z,PT15M
6,0,-83,55,4.9,90,120,2025-11-10T02:30:00Z,PT15M
6,0,-86,55.3,4.9,90.3,117,2025-11-10T02:45:00Z,PT15M
6,0,-89,55.6,4.9,90.6,115,2025-11-10T03:00:00Z,PT15M
6,0,-92,56.2,4.9,90.8,112,2025-11-10T03:15:00Z,PT15M
6,0,-94,57.1,5,91,109,2025-11-10T03:30:00Z,PT15M
6,0,-97,58,5,91.2,107,2025-11-10T03:45:00Z,PT15M
6,0,-99,58.9,5.1,91.3,104,2025-11-10T04:00:00Z,PT15M
6,0,-102,59.8,5.1,91.3,102,2025-11-10T04:15:00Z,PT15M
7,0,-105,60.7,5.2,91.2,99,2025-11-10T04:30:00Z,PT15M
7,0,-107,61.5,5.2,91,97,2025-11-10T04:45:00Z,PT15M
7,0,-110,62.4,5.3,90.9,94,2025-11-10T05:00:00Z,PT15M
7,0,-113,63.1,5.3,90.5,92,2025-11-10T05:15:00Z,PT15M
7,2,-115,63.6,5.4,89.9,89,2025-11-10T05:30:00Z,PT15M
7,8,-118,64.2,5.4,89.2,87,2025-11-10T05:45:00Z,PT15M
7,17,-121,64.7,5.5,88.6,85,2025-11-10T06:00:00Z,PT15M
7,26,-124,66.3,5.5,88.3,83,2025-11-10T06:15:00Z,PT15M
7,36,-127,66.5,5.6,88.4,80,2025-11-10T06:30:00Z,PT15M
8,48,-130,66.2,5.7,88.4,78,2025-11-10T06:45:00Z,PT15M
8,59,-133,66,5.8,88.4,77,2025-11-10T07:00:00Z,PT15M
8,70,-136,65.8,5.8,88.1,75,2025-11-10T07:15:00Z,PT15M
8,79,-139,66.3,5.8,87.5,73,2025-11-10T07:30:00Z,PT15M
8,87,-143,66.9,5.9,86.9,71,2025-11-10T07:45:00Z,PT15M
8,94,-146,67.7,5.9,86.3,70,2025-11-10T08:00:00Z,PT15M
8,100,-150,68.3,5.9,86.2,68,2025-11-10T08:15:00Z,PT15M
8,106,-153,68.7,6,86.5,67,2025-11-10T08:30:00Z,PT15M
8,110,-157,69.3,6,86.8,66,2025-11-10T08:45:00Z,PT15M
8,112,-161,70,6.1,87.1,65,2025-11-10T09:00:00Z,PT15M
8,116,-165,70,6.1,86,64,2025-11-10T09:15:00Z,PT15M
9,123,-169,69.2,6,83.5,64,2025-11-10T09:30:00Z,PT15M
9,128,-173,68.4,6,81.1,63,2025-11-10T09:45:00Z,PT15M
9,133,-177,67.6,5.9,78.8,63,2025-11-10T10:00:00Z,PT15M
10,136,179,67,5.9,77.1,63,2025-11-10T10:15:00Z,PT15M
10,137,175,66.5,5.9,76,63,2025-11-10T10:30:00Z,PT15M
10,137,171,66.1,5.9,74.9,63,2025-11-10T10:45:00Z,PT15M
10,136,167,65.7,5.9,73.7,64,2025-11-10T11:00:00Z,PT15M
11,132,164,65.8,5.9,73.1,65,2025-11-10T11:15:00Z,PT15M
11,125,160,66.3,6,73,65,2025-11-10T11:30:00Z,PT15M
11,116,156,67.1,6,72.9,66,2025-11-10T11:45:00Z,PT15M
11,107,152,68,6.1,72.8,67,2025-11-10T12:00:00Z,PT15M
11,98,149,68.5,6.2,73.5,69,2025-11-10T12:15:00Z,PT15M
11,90,145,68.6,6.2,75,70,2025-11-10T12:30:00Z,PT15M
10,81,142,68.8,6.4,76.5,72,2025-11-10T12:45:00Z,PT15M
10,71,138,69.1,6.4,78.1,73,2025-11-10T13:00:00Z,PT15M
10,61,135,69.1,6.5,79.4,75,2025-11-10T13:15:00Z,PT15M
10,50,132,69.8,6.6,80.5,77,2025-11-10T13:30:00Z,PT15M
10,39,129,70.8,6.6,81.6,79,2025-11-10T13:45:00Z,PT15M
10,28,126,72,6.7,82.7,81,2025-11-10T14:00:00Z,PT15M
9,21,123,69,6.8,84.3,83,2025-11-10T14:15:00Z,PT15M
9,16,120,60,6.8,86.5,85,2025-11-10T14:30:00Z,PT15M
9,8,117,49.9,7,88.7,88,2025-11-10T14:45:00Z,PT15M
8,1,115,38.5,7,91,90,2025-11-10T15:00:00Z,PT15M
8,0,112,32.5,7.1,92.5,92,2025-11-10T15:15:00Z,PT15M
8,0,109,32.9,7.2,93.1,95,2025-11-10T15:30:00Z,PT15M
8,0,107,33.3,7.2,93.7,97,2025-11-10T15:45:00Z,PT15M
8,0,104,33.7,7.3,94.4,100,2025-11-10T16:00:00Z,PT15M
8,0,101,33.9,7.3,94.6,102,2025-11-10T16:15:00Z,PT15M
8,0,99,33.9,7.2,94.5,105,2025-11-10T16:30:00Z,PT15M
8,0,96,33.9,7.2,94.3,108,2025-11-10T16:45:00Z,PT15M
8,0,94,33.9,7.1,94.1,110,2025-11-10T17:00:00Z,PT15M
8,0,91,34.2,7.1,94,113,2025-11-10T17:15:00Z,PT15M
8,0,88,35,7.1,94,115,2025-11-10T17:30:00Z,PT15M
8,0,86,35.7,7.1,94,118,2025-11-10T17:45:00Z,PT15M
8,0,83,36.5,7.1,94,121,2025-11-10T18:00:00Z,PT15M
8,0,80,36.8,7.1,94,123,2025-11-10T18:15:00Z,PT15M
8,0,77,36.8,7.1,93.8,126,2025-11-10T18:30:00Z,PT15M
8,0,73,36.8,7,93.6,128,2025-11-10T18:45:00Z,PT15M
8,0,70,36.8,7,93.5,131,2025-11-10T19:00:00Z,PT15M
8,0,66,36.7,7,93.4,133,2025-11-10T19:15:00Z,PT15M
8,0,63,36.3,7,93.4,135,2025-11-10T19:30:00Z,PT15M
8,0,59,35.9,7,93.4,138,2025-11-10T19:45:00Z,PT15M
8,0,54,35.6,7,93.4,140,2025-11-10T20:00:00Z,PT15M
8,0,50,35.4,7,93.5,142,2025-11-10T20:15:00Z,PT15M
8,0,45,35.4,7,93.6,144,2025-11-10T20:30:00Z,PT15M
8,0,39,35.4,7,93.8,145,2025-11-10T20:45:00Z,PT15M
8,0,33,35.4,7,94,147,2025-11-10T21:00:00Z,PT15M
8,0,27,35.4,7,94,148,2025-11-10T21:15:00Z,PT15M
8,0,20,35.4,7,94,149,2025-11-10T21:30:00Z,PT15M
8,0,14,35.4,6.9,94,150,2025-11-10T21:45:00Z,PT15M
8,0,6,35.4,6.9,94,151,2025-11-10T22:00:00Z,PT15M
8,0,-1,35.6,6.9,94.2,151,2025-11-10T22:15:00Z,PT15M
8,0,-8,35.9,6.9,94.5,150,2025-11-10T22:30:00Z,PT15M
8,0,-15,36.3,7,94.8,150,2025-11-10T22:45:00Z,PT15M
8,0,-22,36.7,7,95.2,149,2025-11-10T23:00:00Z,PT15M
8,0,-29,36.8,7,95.4,148,2025-11-10T23:15:00Z,PT15M
8,0,-35,36.8,7,95.6,147,2025-11-10T23:30:00Z,PT15M
8,0,-41,36.8,7,95.7,145,2025-11-10T23:45:00Z,PT15M
8,0,-46,36.8,7,95.9,143,2025-11-11,PT15M
8,0,-51,41.2,7,96,141,2025-11-11T00:15:00Z,PT15M
8,0,-56,49.4,7,96,139,2025-11-11T00:30:00Z,PT15M
8,0,-60,57,7,96,137,2025-11-11T00:45:00Z,PT15M
8,0,-64,63.9,7,96,135,2025-11-11T01:00:00Z,PT15M
8,0,-67,66.9,7,96,132,2025-11-11T01:15:00Z,PT15M
8,0,-71,66.3,7,96,130,2025-11-11T01:30:00Z,PT15M
8,0,-74,65.8,7,96,128,2025-11-11T01:45:00Z,PT15M
8,0,-78,65.3,7,96,125,2025-11-11T02:00:00Z,PT15M
8,0,-81,64.9,7,96,122,2025-11-11T02:15:00Z,PT15M
8,0,-83,64.6,7,96,120,2025-11-11T02:30:00Z,PT15M
8,0,-86,64.3,7.1,96,117,2025-11-11T02:45:00Z,PT15M
8,0,-89,64,7.1,96,115,2025-11-11T03:00:00Z,PT15M
8,0,-92,64,7.1,95.9,112,2025-11-11T03:15:00Z,PT15M
8,0,-94,64.3,7.1,95.7,110,2025-11-11T03:30:00Z,PT15M
8,0,-97,64.6,7,95.6,107,2025-11-11T03:45:00Z,PT15M
8,0,-100,64.9,7,95.4,104,2025-11-11T04:00:00Z,PT15M
8,0,-102,65,7,95.2,102,2025-11-11T04:15:00Z,PT15M
8,0,-105,65,6.9,95.1,99,2025-11-11T04:30:00Z,PT15M
8,0,-107,65,6.9,94.9,97,2025-11-11T04:45:00Z,PT15M
8,0,-110,65,6.8,94.8,94,2025-11-11T05:00:00Z,PT15M
8,0,-113,64.9,6.8,94.4,92,2025-11-11T05:15:00Z,PT15M
8,1,-115,64.6,6.7,93.9,90,2025-11-11T05:30:00Z,PT15M
8,8,-118,64.3,6.6,93.5,87,2025-11-11T05:45:00Z,PT15M
8,18,-121,64,6.5,93,85,2025-11-11T06:00:00Z,PT15M
8,28,-124,64.9,6.4,92.1,83,2025-11-11T06:15:00Z,PT15M
8,39,-127,64.7,6.2,90.8,81,2025-11-11T06:30:00Z,PT15M
8,53,-130,63.8,6.1,89.6,79,2025-11-11T06:45:00Z,PT15M
8,66,-133,63,5.9,88.4,77,2025-11-11T07:00:00Z,PT15M
8,81,-136,61.8,5.7,86.9,75,2025-11-11T07:15:00Z,PT15M
8,94,-139,61.2,5.5,85.1,73,2025-11-11T07:30:00Z,PT15M
8,106,-143,60.9,5.2,83.3,72,2025-11-11T07:45:00Z,PT15M
8,117,-146,60.7,5,81.6,70,2025-11-11T08:00:00Z,PT15M
8,128,-150,60.5,4.8,79.9,69,2025-11-11T08:15:00Z,PT15M
8,138,-153,60.2,4.7,78.1,67,2025-11-11T08:30:00Z,PT15M
9,147,-157,60,4.6,76.4,66,2025-11-11T08:45:00Z,PT15M
9,154,-161,59.9,4.5,74.7,65,2025-11-11T09:00:00Z,PT15M
9,162,-165,59.3,4.3,73.1,65,2025-11-11T09:15:00Z,PT15M
9,171,-169,58.2,4.2,71.5,64,2025-11-11T09:30:00Z,PT15M
9,179,-172,57.1,4.1,69.9,64,2025-11-11T09:45:00Z,PT15M
10,185,-176,56.1,4,68.4,63,2025-11-11T10:00:00Z,PT15M
10,190,179,55.1,3.9,67,63,2025-11-11T10:15:00Z,PT15M
10,194,175,54.1,3.8,65.7,63,2025-11-11T10:30:00Z,PT15M
10,195,171,53.2,3.7,64.5,64,2025-11-11T10:45:00Z,PT15M
10,195,168,52.3,3.6,63.3,64,2025-11-11T11:00:00Z,PT15M
10,192,164,51.6,3.6,62.5,65,2025-11-11T11:15:00Z,PT15M
11,186,160,51.3,3.5,62,66,2025-11-11T11:30:00Z,PT15M
11,178,156,51.1,3.5,61.4,67,2025-11-11T11:45:00Z,PT15M
11,168,152,51.1,3.4,60.9,68,2025-11-11T12:00:00Z,PT15M
11,158,149,50.5,3.4,60.6,69,2025-11-11T12:15:00Z,PT15M
11,149,145,49.4,3.4,60.6,70,2025-11-11T12:30:00Z,PT15M
11,137,142,48.3,3.3,60.6,72,2025-11-11T12:45:00Z,PT15M
11,124,138,47.2,3.3,60.6,74,2025-11-11T13:00:00Z,PT15M
11,109,135,46.5,3.4,61.2,75,2025-11-11T13:15:00Z,PT15M
10,90,132,47,3.5,62.5,77,2025-11-11T13:30:00Z,PT15M
10,71,129,47.5,3.6,63.8,79,2025-11-11T13:45:00Z,PT15M
10,53,126,47.8,3.6,65.1,81,2025-11-11T14:00:00Z,PT15M
10,37,123,46.9,3.7,66.6,83,2025-11-11T14:15:00Z,PT15M
9,23,120,44.5,3.7,68.3,86,2025-11-11T14:30:00Z,PT15M
9,9,118,42.1,3.6,70.1,88,2025-11-11T14:45:00Z,PT15M
8,1,115,39.6,3.6,71.8,90,2025-11-11T15:00:00Z,PT15M
8,0,112,38.3,3.6,73,93,2025-11-11T15:15:00Z,PT15M
8,0,110,38.3,3.6,73.5,95,2025-11-11T15:30:00Z,PT15M
8,0,107,38.3,3.6,74,98,2025-11-11T15:45:00Z,PT15M
8,0,104,38.3,3.6,74.5,100,2025-11-11T16:00:00Z,PT15M
8,0,102,38.3,3.6,74.9,103,2025-11-11T16:15:00Z,PT15M
8,0,99,38.3,3.6,75.2,105,2025-11-11T16:30:00Z,PT15M
8,0,97,38.3,3.7,75.4,108,2025-11-11T16:45:00Z,PT15M
8,0,94,38.3,3.7,75.7,110,2025-11-11T17:00:00Z,PT15M
8,0,91,38.1,3.7,76,113,2025-11-11T17:15:00Z,PT15M
8,0,89,37.8,3.7,76.4,116,2025-11-11T17:30:00Z,PT15M
8,0,86,37.4,3.8,76.8,118,2025-11-11T17:45:00Z,PT15M
8,0,83,37,3.8,77.2,121,2025-11-11T18:00:00Z,PT15M
7,0,80,36.7,3.8,77.7,123,2025-11-11T18:15:00Z,PT15M
7,0,77,36.3,3.8,78.2,126,2025-11-11T18:30:00Z,PT15M
7,0,74,35.9,3.8,78.7,128,2025-11-11T18:45:00Z,PT15M
7,0,70,35.6,3.8,79.3,131,2025-11-11T19:00:00Z,PT15M
7,0,67,35.4,3.8,79.9,133,2025-11-11T19:15:00Z,PT15M
7,0,63,35.4,3.8,80.6,136,2025-11-11T19:30:00Z,PT15M
7,0,59,35.4,3.7,81.3,138,2025-11-11T19:45:00Z,PT15M
7,0,55,35.4,3.7,81.9,140,2025-11-11T20:00:00Z,PT15M
7,0,50,35.7,3.7,82.4,142,2025-11-11T20:15:00Z,PT15M
6,0,45,36.5,3.6,82.5,144,2025-11-11T20:30:00Z,PT15M
6,0,39,37.2,3.6,82.6,146,2025-11-11T20:45:00Z,PT15M
6,0,34,38,3.5,82.8,147,2025-11-11T21:00:00Z,PT15M
6,0,27,38.5,3.5,83,149,2025-11-11T21:15:00Z,PT15M
6,0,21,38.9,3.5,83.3,150,2025-11-11T21:30:00Z,PT15M
6,0,14,39.2,3.4,83.6,150,2025-11-11T21:45:00Z,PT15M
6,0,6,39.6,3.4,83.8,151,2025-11-11T22:00:00Z,PT15M
6,0,-1,40.3,3.4,84.1,151,2025-11-11T22:15:00Z,PT15M
6,0,-8,41.4,3.3,84.2,151,2025-11-11T22:30:00Z,PT15M
6,0,-15,42.4,3.2,84.3,150,2025-11-11T22:45:00Z,PT15M
6,0,-22,43.5,3.1,84.5,149,2025-11-11T23:00:00Z,PT15M
5,0,-29,43.8,3.1,84.7,148,2025-11-11T23:15:00Z,PT15M
5,0,-35,43.5,3,85,147,2025-11-11T23:30:00Z,PT15M
5,0,-41,43.1,2.8,85.2,145,2025-11-11T23:45:00Z,PT15M
5,0,-46,42.8,2.8,85.5,144,2025-11-12,PT15M
5,0,-51,42.6,2.7,85.8,142,2025-11-12T00:15:00Z,PT15M
5,0,-56,42.6,2.6,86.1,140,2025-11-12T00:30:00Z,PT15M
5,0,-60,42.6,2.6,86.4,137,2025-11-12T00:45:00Z,PT15M
5,0,-64,42.6,2.5,86.7,135,2025-11-12T01:00:00Z,PT15M
4,0,-68,42.6,2.5,87,133,2025-11-12T01:15:00Z,PT15M
4,0,-71,42.6,2.4,87.3,130,2025-11-12T01:30:00Z,PT15M
4,0,-75,42.6,2.4,87.6,128,2025-11-12T01:45:00Z,PT15M
4,0,-78,42.6,2.3,87.9,125,2025-11-12T02:00:00Z,PT15M
4,0,-81,43,2.3,87.9,123,2025-11-12T02:15:00Z,PT15M
4,0,-84,43.7,2.2,87.6,120,2025-11-12T02:30:00Z,PT15M
4,0,-87,44.4,2.2,87.3,118,2025-11-12T02:45:00Z,PT15M
4,0,-89,45,2.1,87,115,2025-11-12T03:00:00Z,PT15M
4,0,-92,45.9,2.1,86.6,112,2025-11-12T03:15:00Z,PT15M
4,0,-95,46.9,2.1,86.1,110,2025-11-12T03:30:00Z,PT15M
4,0,-97,47.9,2.2,85.7,107,2025-11-12T03:45:00Z,PT15M
4,0,-100,48.9,2.2,85.2,105,2025-11-12T04:00:00Z,PT15M
5,0,-102,49.9,2.2,84.7,102,2025-11-12T04:15:00Z,PT15M
5,0,-105,50.9,2.2,84.1,100,2025-11-12T04:30:00Z,PT15M
5,0,-108,51.8,2.3,83.6,97,2025-11-12T04:45:00Z,PT15M
5,0,-110,52.8,2.3,83,95,2025-11-12T05:00:00Z,PT15M
5,0,-113,53.3,2.3,82.5,92,2025-11-12T05:15:00Z,PT15M
5,1,-116,53.3,2.3,82.3,90,2025-11-12T05:30:00Z,PT15M
5,9,-118,53.3,2.3,82,88,2025-11-12T05:45:00Z,PT15M
5,21,-121,53.3,2.3,81.7,85,2025-11-12T06:00:00Z,PT15M
5,35,-124,53.1,2.3,80.9,83,2025-11-12T06:15:00Z,PT15M
6,53,-127,50.6,2.3,79.7,81,2025-11-12T06:30:00Z,PT15M
6,74,-130,47.5,2.4,78.4,79,2025-11-12T06:45:00Z,PT15M
6,97,-133,44.4,2.4,77.2,77,2025-11-12T07:00:00Z,PT15M
6,121,-136,41.8,2.4,75.8,75,2025-11-12T07:15:00Z,PT15M
7,142,-139,40.5,2.4,74.1,73,2025-11-12T07:30:00Z,PT15M
7,163,-143,39.6,2.4,72.5,72,2025-11-12T07:45:00Z,PT15M
7,182,-146,38.7,2.4,70.9,70,2025-11-12T08:00:00Z,PT15M
8,200,-150,38.1,2.4,69.7,69,2025-11-12T08:15:00Z,PT15M
8,216,-153,37.6,2.5,68.9,68,2025-11-12T08:30:00Z,PT15M
8,230,-157,37.3,2.5,68.1,67,2025-11-12T08:45:00Z,PT15M
8,242,-161,37,2.6,67.3,66,2025-11-12T09:00:00Z,PT15M
9,251,-165,37,2.6,66.5,65,2025-11-12T09:15:00Z,PT15M
9,256,-169,37.4,2.7,65.9,64,2025-11-12T09:30:00Z,PT15M
9,259,-172,37.8,2.7,65.2,64,2025-11-12T09:45:00Z,PT15M
9,260,-176,38.2,2.8,64.6,64,2025-11-12T10:00:00Z,PT15M
9,260,180,38.3,2.8,63.9,64,2025-11-12T10:15:00Z,PT15M
9,260,176,38.1,2.8,63.3,64,2025-11-12T10:30:00Z,PT15M
10,257,172,37.9,2.8,62.7,64,2025-11-12T10:45:00Z,PT15M
10,252,168,37.8,2.8,62,64,2025-11-12T11:00:00Z,PT15M
10,246,164,37.4,2.8,61.5,65,2025-11-12T11:15:00Z,PT15M
10,238,160,37.1,2.8,61,66,2025-11-12T11:30:00Z,PT15M
10,227,156,36.9,2.7,60.4,67,2025-11-12T11:45:00Z,PT15M
10,215,152,36.7,2.7,59.9,68,2025-11-12T12:00:00Z,PT15M
10,202,149,36.1,2.7,59.6,69,2025-11-12T12:15:00Z,PT15M
10,188,145,35,2.6,59.5,71,2025-11-12T12:30:00Z,PT15M
10,173,142,33.8,2.6,59.4,72,2025-11-12T12:45:00Z,PT15M
10,155,139,32.6,2.5,59.3,74,2025-11-12T13:00:00Z,PT15M
10,135,135,32,2.5,59.9,76,2025-11-12T13:15:00Z,PT15M
10,113,132,32.3,2.6,61.2,78,2025-11-12T13:30:00Z,PT15M
10,90,129,32.5,2.7,62.6,79,2025-11-12T13:45:00Z,PT15M
9,68,126,32.5,2.8,64,82,2025-11-12T14:00:00Z,PT15M
9,48,123,31,2.7,65.5,84,2025-11-12T14:15:00Z,PT15M
8,28,121,28.3,2.6,67.2,86,2025-11-12T14:30:00Z,PT15M
8,11,118,25.5,2.4,68.9,88,2025-11-12T14:45:00Z,PT15M
7,0,115,22.6,2.3,70.6,90,2025-11-12T15:00:00Z,PT15M
7,0,112,22,2.2,71.8,93,2025-11-12T15:15:00Z,PT15M
7,0,110,23.6,2.1,72.4,95,2025-11-12T15:30:00Z,PT15M
7,0,107,25.3,2,73,98,2025-11-12T15:45:00Z,PT15M
6,0,105,26.9,1.9,73.6,100,2025-11-12T16:00:00Z,PT15M
6,0,102,28.3,1.9,74.1,103,2025-11-12T16:15:00Z,PT15M
6,0,99,29.4,1.9,74.3,105,2025-11-12T16:30:00Z,PT15M
6,0,97,30.6,1.8,74.6,108,2025-11-12T16:45:00Z,PT15M
6,0,94,31.8,1.8,74.8,110,2025-11-12T17:00:00Z,PT15M
6,0,91,33.1,1.8,75.2,113,2025-11-12T17:15:00Z,PT15M
6,0,89,34.6,1.8,75.5,116,2025-11-12T17:30:00Z,PT15M
6,0,86,36.1,1.7,75.9,118,2025-11-12T17:45:00Z,PT15M
6,0,83,37.6,1.7,76.3,121,2025-11-12T18:00:00Z,PT15M
6,0,80,38.3,1.7,76.7,123,2025-11-12T18:15:00Z,PT15M
5,0,77,38.3,1.7,76.9,126,2025-11-12T18:30:00Z,PT15M
5,0,74,38.3,1.6,77.2,128,2025-11-12T18:45:00Z,PT15M
5,0,71,38.3,1.6,77.4,131,2025-11-12T19:00:00Z,PT15M
5,0,67,38.3,1.6,77.8,133,2025-11-12T19:15:00Z,PT15M
5,0,63,38.3,1.6,78.2,136,2025-11-12T19:30:00Z,PT15M
5,0,59,38.3,1.6,78.6,138,2025-11-12T19:45:00Z,PT15M
5,0,55,38.3,1.6,79,140,2025-11-12T20:00:00Z,PT15M
5,0,50,38.3,1.6,79.4,142,2025-11-12T20:15:00Z,PT15M
5,0,45,38.3,1.6,79.8,144,2025-11-12T20:30:00Z,PT15M
5,0,40,38.3,1.6,80.3,146,2025-11-12T20:45:00Z,PT15M
5,0,34,38.3,1.6,80.7,147,2025-11-12T21:00:00Z,PT15M
5,0,28,38.1,1.6,81,149,2025-11-12T21:15:00Z,PT15M
5,0,21,37.8,1.6,81.3,150,2025-11-12T21:30:00Z,PT15M
4,0,14,37.4,1.5,81.6,151,2025-11-12T21:45:00Z,PT15M
4,0,7,37,1.5,81.9,151,2025-11-12T22:00:00Z,PT15M
4,0,-1,36.7,1.5,82.2,151,2025-11-12T22:15:00Z,PT15M
4,0,-8,36.3,1.5,82.4,151,2025-11-12T22:30:00Z,PT15M
4,0,-16,35.9,1.5,82.7,151,2025-11-12T22:45:00Z,PT15M
4,0,-23,35.6,1.5,83,150,2025-11-12T23:00:00Z,PT15M
4,0,-29,35.2,1.5,83.2,149,2025-11-12T23:15:00Z,PT15M
4,0,-35,34.8,1.5,83.4,147,2025-11-12T23:30:00Z,PT15M
4,0,-41,34.4,1.4,83.5,146,2025-11-12T23:45:00Z,PT15M
4,0,-46,34,1.4,83.7,144,2025-11-13,PT15M
4,0,-51,33.9,1.4,83.8,142,2025-11-13T00:15:00Z,PT15M
4,0,-56,33.9,1.4,84,140,2025-11-13T00:30:00Z,PT15M
4,0,-60,33.9,1.4,84.1,138,2025-11-13T00:45:00Z,PT15M
4,0,-64,33.9,1.4,84.3,135,2025-11-13T01:00:00Z,PT15M
4,0,-68,34,1.4,84.5,133,2025-11-13T01:15:00Z,PT15M
4,0,-71,34.4,1.4,84.8,130,2025-11-13T01:30:00Z,PT15M
4,0,-75,34.8,1.4,85.1,128,2025-11-13T01:45:00Z,PT15M
4,0,-78,35.2,1.4,85.4,125,2025-11-13T02:00:00Z,PT15M
4,0,-81,35.4,1.4,85.6,123,2025-11-13T02:15:00Z,PT15M
4,0,-84,35.4,1.4,85.8,120,2025-11-13T02:30:00Z,PT15M
4,0,-87,35.4,1.3,85.9,118,2025-11-13T02:45:00Z,PT15M
3,0,-89,35.4,1.3,86,115,2025-11-13T03:00:00Z,PT15M
3,0,-92,35.6,1.3,86.2,113,2025-11-13T03:15:00Z,PT15M
3,0,-95,35.9,1.3,86.3,110,2025-11-13T03:30:00Z,PT15M
3,0,-97,36.3,1.2,86.5,107,2025-11-13T03:45:00Z,PT15M
3,0,-100,36.7,1.2,86.6,105,2025-11-13T04:00:00Z,PT15M
3,0,-103,36.7,1.2,86.8,102,2025-11-13T04:15:00Z,PT15M
3,0,-105,36.3,1.1,86.9,100,2025-11-13T04:30:00Z,PT15M
3,0,-108,35.9,1.1,87.1,97,2025-11-13T04:45:00Z,PT15M
3,0,-110,35.6,1,87.2,95,2025-11-13T05:00:00Z,PT15M
3,0,-113,35.4,1,87.2,92,2025-11-13T05:15:00Z,PT15M
3,1,-116,35.4,1.1,86.9,90,2025-11-13T05:30:00Z,PT15M
3,12,-118,35.4,1.1,86.6,88,2025-11-13T05:45:00Z,PT15M
3,29,-121,35.4,1.2,86.3,86,2025-11-13T06:00:00Z,PT15M
4,49,-124,35,1.2,85,83,2025-11-13T06:15:00Z,PT15M
4,72,-127,32.9,1.4,82.8,81,2025-11-13T06:30:00Z,PT15M
5,98,-130,30.1,1.5,80.7,79,2025-11-13T06:45:00Z,PT15M
5,126,-133,27.5,1.6,78.6,77,2025-11-13T07:00:00Z,PT15M
5,155,-136,25.2,1.6,76.6,75,2025-11-13T07:15:00Z,PT15M
6,181,-139,23.9,1.7,74.8,74,2025-11-13T07:30:00Z,PT15M
6,206,-143,23,1.8,73,72,2025-11-13T07:45:00Z,PT15M
7,230,-146,22.1,1.9,71.3,71,2025-11-13T08:00:00Z,PT15M
7,252,-150,21.3,2,69.8,69,2025-11-13T08:15:00Z,PT15M
8,272,-153,20.5,2.1,68.5,68,2025-11-13T08:30:00Z,PT15M
8,290,-157,19.8,2.2,67.3,67,2025-11-13T08:45:00Z,PT15M
8,306,-161,19.2,2.2,66.1,66,2025-11-13T09:00:00Z,PT15M
9,322,-165,18.1,2.3,65,65,2025-11-13T09:15:00Z,PT15M
9,337,-169,16.7,2.4,64.2,65,2025-11-13T09:30:00Z,PT15M
9,350,-172,15.2,2.4,63.3,64,2025-11-13T09:45:00Z,PT15M
9,360,-176,13.9,2.5,62.5,64,2025-11-13T10:00:00Z,PT15M
10,367,180,12.6,2.5,61.8,64,2025-11-13T10:15:00Z,PT15M
10,370,176,11.6,2.5,61.2,64,2025-11-13T10:30:00Z,PT15M
10,370,172,10.5,2.6,60.5,64,2025-11-13T10:45:00Z,PT15M
10,367,168,9.4,2.6,59.9,65,2025-11-13T11:00:00Z,PT15M
10,360,164,8.4,2.6,59.5,65,2025-11-13T11:15:00Z,PT15M
10,351,160,7.4,2.6,59.1,66,2025-11-13T11:30:00Z,PT15M
10,338,156,6.4,2.7,58.7,67,2025-11-13T11:45:00Z,PT15M
11,322,153,5.4,2.7,58.3,68,2025-11-13T12:00:00Z,PT15M
11,301,149,5.1,2.7,58.2,70,2025-11-13T12:15:00Z,PT15M
11,275,146,5.5,2.7,58.2,71,2025-11-13T12:30:00Z,PT15M
11,247,142,6,2.7,58.3,72,2025-11-13T12:45:00Z,PT15M
11,217,139,6.6,2.7,58.4,74,2025-11-13T13:00:00Z,PT15M
10,186,136,7.1,2.8,59.3,76,2025-11-13T13:15:00Z,PT15M
10,154,132,7.7,2.8,60.9,78,2025-11-13T13:30:00Z,PT15M
10,122,129,8.3,3,62.6,80,2025-11-13T13:45:00Z,PT15M
10,91,126,8.9,3.1,64.3,82,2025-11-13T14:00:00Z,PT15M
9,61,124,9.1,3.1,66,84,2025-11-13T14:15:00Z,PT15M
9,34,121,9.1,3,67.5,86,2025-11-13T14:30:00Z,PT15M
8,12,118,9.1,2.9,69.1,88,2025-11-13T14:45:00Z,PT15M
8,0,115,9.1,2.8,70.8,91,2025-11-13T15:00:00Z,PT15M
8,0,113,9.1,2.8,72,93,2025-11-13T15:15:00Z,PT15M
7,0,110,9.1,2.8,72.7,95,2025-11-13T15:30:00Z,PT15M
7,0,107,9.1,2.7,73.5,98,2025-11-13T15:45:00Z,PT15M
7,0,105,9.1,2.7,74.2,100,2025-11-13T16:00:00Z,PT15M
7,0,102,9.4,2.7,74.8,103,2025-11-13T16:15:00Z,PT15M
7,0,100,9.8,2.7,75.2,105,2025-11-13T16:30:00Z,PT15M
7,0,97,10.3,2.7,75.6,108,2025-11-13T16:45:00Z,PT15M
7,0,94,10.7,2.7,76,111,2025-11-13T17:00:00Z,PT15M
7,0,92,11.1,2.7,76.2,113,2025-11-13T17:15:00Z,PT15M
7,0,89,11.6,2.7,76.4,116,2025-11-13T17:30:00Z,PT15M
7,0,86,12,2.6,76.5,118,2025-11-13T17:45:00Z,PT15M
6,0,83,12.5,2.6,76.6,121,2025-11-13T18:00:00Z,PT15M
6,0,80,12.5,2.6,77,124,2025-11-13T18:15:00Z,PT15M
6,0,77,12,2.6,77.7,126,2025-11-13T18:30:00Z,PT15M
6,0,74,11.6,2.5,78.3,129,2025-11-13T18:45:00Z,PT15M
6,0,71,11.1,2.5,79,131,2025-11-13T19:00:00Z,PT15M
6,0,67,10.7,2.5,79.6,134,2025-11-13T19:15:00Z,PT15M
6,0,64,10.3,2.5,80.2,136,2025-11-13T19:30:00Z,PT15M
6,0,60,9.8,2.5,80.7,138,2025-11-13T19:45:00Z,PT15M
5,0,55,9.4,2.5,81.3,140,2025-11-13T20:00:00Z,PT15M
5,0,51,9.4,2.5,81.7,142,2025-11-13T20:15:00Z,PT15M
5,0,45,9.8,2.5,82,144,2025-11-13T20:30:00Z,PT15M
5,0,40,10.3,2.4,82.3,146,2025-11-13T20:45:00Z,PT15M
5,0,34,10.7,2.4,82.6,148,2025-11-13T21:00:00Z,PT15M
5,0,28,10.7,2.4,82.8,149,2025-11-13T21:15:00Z,PT15M
5,0,21,10.3,2.3,82.9,150,2025-11-13T21:30:00Z,PT15M
5,0,14,9.8,2.3,83,151,2025-11-13T21:45:00Z,PT15M
5,0,7,9.4,2.2,83.2,151,2025-11-13T22:00:00Z,PT15M
5,0,-1,9.1,2.2,83.2,152,2025-11-13T22:15:00Z,PT15M
5,0,-8,9.1,2.1,83,151,2025-11-13T22:30:00Z,PT15M
5,0,-16,9.1,2,82.9,151,2025-11-13T22:45:00Z,PT15M
5,0,-23,9.1,1.9,82.7,150,2025-11-13T23:00:00Z,PT15M
5,0,-29,8.7,1.9,82.7,149,2025-11-13T23:15:00Z,PT15M
5,0,-35,7.8,1.9,82.9,147,2025-11-13T23:30:00Z,PT15M
5,0,-41,6.9,1.8,83,146,2025-11-13T23:45:00Z,PT15M
4,0,-47,6,1.8,83.1,144,2025-11-14,PT15M
4,0,-52,5.3,1.8,83.2,142,2025-11-14T00:15:00Z,PT15M
4,0,-56,4.9,1.7,83.3,140,2025-11-14T00:30:00Z,PT15M
4,0,-60,4.4,1.7,83.3,138,2025-11-14T00:45:00Z,PT15M
4,0,-64,3.9,1.6,83.4,135,2025-11-14T01:00:00Z,PT15M
4,0,-68,3.5,1.5,83.4,133,2025-11-14T01:15:00Z,PT15M
4,0,-72,3,1.5,83.4,131,2025-11-14T01:30:00Z,PT15M
4,0,-75,2.6,1.4,83.5,128,2025-11-14T01:45:00Z,PT15M
4,0,-78,2.1,1.4,83.5,126,2025-11-14T02:00:00Z,PT15M
4,0,-81,1.9,1.3,83.6,123,2025-11-14T02:15:00Z,PT15M
4,0,-84,1.9,1.2,83.6,121,2025-11-14T02:30:00Z,PT15M
4,0,-87,1.9,1.2,83.6,118,2025-11-14T02:45:00Z,PT15M
4,0,-90,1.9,1.1,83.7,115,2025-11-14T03:00:00Z,PT15M
4,0,-92,1.9,1.1,83.7,113,2025-11-14T03:15:00Z,PT15M
4,0,-95,1.9,1.1,83.6,110,2025-11-14T03:30:00Z,PT15M
4,0,-98,1.9,1.1,83.5,108,2025-11-14T03:45:00Z,PT15M
4,0,-100,1.9,1,83.4,105,2025-11-14T04:00:00Z,PT15M
4,0,-103,1.9,1,83.3,103,2025-11-14T04:15:00Z,PT15M
4,0,-105,1.9,1,83.2,100,2025-11-14T04:30:00Z,PT15M
4,0,-108,1.9,1,83.1,98,2025-11-14T04:45:00Z,PT15M
4,0,-111,1.9,1,83,95,2025-11-14T05:00:00Z,PT15M
4,0,-113,1.9,1,82.9,93,2025-11-14T05:15:00Z,PT15M
4,1,-116,1.9,0.9,82.8,90,2025-11-14T05:30:00Z,PT15M
4,16,-119,1.9,0.9,82.7,88,2025-11-14T05:45:00Z,PT15M
4,41,-121,1.9,0.9,82.6,86,2025-11-14T06:00:00Z,PT15M
4,71,-124,1.9,0.9,81.3,84,2025-11-14T06:15:00Z,PT15M
4,103,-127,1.8,1,78.9,81,2025-11-14T06:30:00Z,PT15M
5,136,-130,1.7,1,76.6,79,2025-11-14T06:45:00Z,PT15M
5,169,-133,1.5,1,74.4,78,2025-11-14T07:00:00Z,PT15M
6,201,-136,1.4,1.1,72.2,76,2025-11-14T07:15:00Z,PT15M
6,232,-140,1.4,1.1,70.1,74,2025-11-14T07:30:00Z,PT15M
7,261,-143,1.3,1.2,68.1,72,2025-11-14T07:45:00Z,PT15M
7,289,-146,1.3,1.2,66.2,71,2025-11-14T08:00:00Z,PT15M
8,315,-150,1.2,1.3,64.3,69,2025-11-14T08:15:00Z,PT15M
8,338,-153,1.2,1.3,62.5,68,2025-11-14T08:30:00Z,PT15M
9,358,-157,1.2,1.3,60.7,67,2025-11-14T08:45:00Z,PT15M
9,375,-161,1.2,1.4,59,66,2025-11-14T09:00:00Z,PT15M
9,390,-165,1.1,1.4,57.7,65,2025-11-14T09:15:00Z,PT15M
10,401,-169,1.1,1.4,56.7,65,2025-11-14T09:30:00Z,PT15M
10,409,-172,1.1,1.4,55.8,64,2025-11-14T09:45:00Z,PT15M
10,415,-176,1.1,1.3,54.8,64,2025-11-14T10:00:00Z,PT15M
10,417,180,1.1,1.3,53.9,64,2025-11-14T10:15:00Z,PT15M
11,417,176,1.1,1.3,53,64,2025-11-14T10:30:00Z,PT15M
11,412,172,1.1,1.3,52.1,65,2025-11-14T10:45:00Z,PT15M
11,403,168,1.1,1.3,51.3,65,2025-11-14T11:00:00Z,PT15M
11,391,164,1,1.3,50.4,66,2025-11-14T11:15:00Z,PT15M
11,377,160,0.7,1.2,49.6,66,2025-11-14T11:30:00Z,PT15M
12,360,156,0.4,1.2,48.8,67,2025-11-14T11:45:00Z,PT15M
12,341,153,0.2,1.2,48,68,2025-11-14T12:00:00Z,PT15M
12,318,149,0,1.2,48.1,70,2025-11-14T12:15:00Z,PT15M
12,292,146,0,1.2,49.1,71,2025-11-14T12:30:00Z,PT15M
11,263,142,0,1.2,50.2,73,2025-11-14T12:45:00Z,PT15M
11,232,139,0,1.2,51.3,74,2025-11-14T13:00:00Z,PT15M
11,199,136,0,1.2,52.4,76,2025-11-14T13:15:00Z,PT15M
10,165,133,0,1.2,53.6,78,2025-11-14T13:30:00Z,PT15M
10,131,130,0,1.3,54.8,80,2025-11-14T13:45:00Z,PT15M
10,97,127,0,1.3,56,82,2025-11-14T14:00:00Z,PT15M
9,65,124,0,1.3,57.2,84,2025-11-14T14:15:00Z,PT15M
9,36,121,0,1.3,58.5,86,2025-11-14T14:30:00Z,PT15M
9,11,118,0,1.3,59.8,89,2025-11-14T14:45:00Z,PT15M
8,0,115,0,1.3,61.1,91,2025-11-14T15:00:00Z,PT15M
8,0,113,0,1.3,62,93,2025-11-14T15:15:00Z,PT15M
8,0,110,0,1.2,62.4,96,2025-11-14T15:30:00Z,PT15M
8,0,108,0,1.2,62.8,98,2025-11-14T15:45:00Z,PT15M
8,0,105,0,1.2,63.2,101,2025-11-14T16:00:00Z,PT15M
8,0,102,0,1.2,63.7,103,2025-11-14T16:15:00Z,PT15M
8,0,100,0,1.1,64.1,106,2025-11-14T16:30:00Z,PT15M
7,0,97,0,1.1,64.5,108,2025-11-14T16:45:00Z,PT15M
7,0,95,0,1,65,111,2025-11-14T17:00:00Z,PT15M
7,0,92,0,1,65.4,113,2025-11-14T17:15:00Z,PT15M
7,0,89,0,1,65.8,116,2025-11-14T17:30:00Z,PT15M
7,0,87,0,1,66.3,119,2025-11-14T17:45:00Z,PT15M
7,0,84,0,0.9,66.7,121,2025-11-14T18:00:00Z,PT15M
7,0,81,0,0.9,67.1,124,2025-11-14T18:15:00Z,PT15M
7,0,78,0,0.8,67.3,126,2025-11-14T18:30:00Z,PT15M
6,0,75,0,0.8,67.5,129,2025-11-14T18:45:00Z,PT15M
6,0,71,0,0.8,67.8,131,2025-11-14T19:00:00Z,PT15M
6,0,68,0,0.8,68,134,2025-11-14T19:15:00Z,PT15M
6,0,64,0,0.7,68.2,136,2025-11-14T19:30:00Z,PT15M
6,0,60,0,0.7,68.4,138,2025-11-14T19:45:00Z,PT15M
6,0,56,0,0.6,68.7,141,2025-11-14T20:00:00Z,PT15M
6,0,51,0,0.6,68.9,143,2025-11-14T20:15:00Z,PT15M
6,0,46,0,0.6,69.1,145,2025-11-14T20:30:00Z,PT15M
6,0,40,0,0.6,69.4,146,2025-11-14T20:45:00Z,PT15M
6,0,34,0,0.5,69.6,148,2025-11-14T21:00:00Z,PT15M
6,0,28,0,0.5,69.8,149,2025-11-14T21:15:00Z,PT15M
6,0,21,0,0.4,69.9,150,2025-11-14T21:30:00Z,PT15M
5,0,14,0,0.4,70.1,151,2025-11-14T21:45:00Z,PT15M
5,0,7,0,0.4,70.3,152,2025-11-14T22:00:00Z,PT15M
5,0,-1,0,0.3,70.4,152,2025-11-14T22:15:00Z,PT15M
5,0,-8,0,0.3,70.6,152,2025-11-14T22:30:00Z,PT15M
5,0,-16,0,0.3,70.7,151,2025-11-14T22:45:00Z,PT15M
5,0,-23,0,0.2,70.9,150,2025-11-14T23:00:00Z,PT15M
5,0,-29,0,0.2,71,149,2025-11-14T23:15:00Z,PT15M
5,0,-36,0,0.2,71.2,148,2025-11-14T23:30:00Z,PT15M
5,0,-41,0,0.2,71.4,146,2025-11-14T23:45:00Z,PT15M
5,0,-47,0,0.1,71.5,144,2025-11-15,PT15M
5,0,-52,0,0.1,71.6,142,2025-11-15T00:15:00Z,PT15M
5,0,-56,0,0,71.6,140,2025-11-15T00:30:00Z,PT15M
5,0,-61,0,-0,71.7,138,2025-11-15T00:45:00Z,PT15M
5,0,-65,0,-0,71.7,136,2025-11-15T01:00:00Z,PT15M
5,0,-68,0,-0.1,71.7,133,2025-11-15T01:15:00Z,PT15M
5,0,-72,0,-0.1,71.8,131,2025-11-15T01:30:00Z,PT15M
5,0,-75,0,-0.2,71.8,128,2025-11-15T01:45:00Z,PT15M
4,0,-78,0,-0.2,71.9,126,2025-11-15T02:00:00Z,PT15M
4,0,-81,0,-0.3,71.9,123,2025-11-15T02:15:00Z,PT15M
4,0,-84,0,-0.3,71.9,121,2025-11-15T02:30:00Z,PT15M
4,0,-87,0,-0.3,72,118,2025-11-15T02:45:00Z,PT15M
4,0,-90,0,-0.4,72,116,2025-11-15T03:00:00Z,PT15M
4,0,-93,0,-0.4,71.9,113,2025-11-15T03:15:00Z,PT15M
4,0,-95,0,-0.4,71.8,110,2025-11-15T03:30:00Z,PT15M
4,0,-98,0,-0.5,71.7,108,2025-11-15T03:45:00Z,PT15M
4,0,-100,0,-0.5,71.5,105,2025-11-15T04:00:00Z,PT15M
4,0,-103,0,-0.5,71.4,103,2025-11-15T04:15:00Z,PT15M
4,0,-106,0,-0.5,71.3,100,2025-11-15T04:30:00Z,PT15M
4,0,-108,0,-0.6,71.2,98,2025-11-15T04:45:00Z,PT15M
4,0,-111,0,-0.6,71,95,2025-11-15T05:00:00Z,PT15M
4,0,-113,0,-0.6,70.9,93,2025-11-15T05:15:00Z,PT15M
4,0,-116,0,-0.6,70.8,91,2025-11-15T05:30:00Z,PT15M
4,14,-119,0,-0.7,70.6,88,2025-11-15T05:45:00Z,PT15M
4,40,-122,0,-0.7,70.5,86,2025-11-15T06:00:00Z,PT15M
5,70,-124,0,-0.7,69.3,84,2025-11-15T06:15:00Z,PT15M
5,102,-127,0,-0.6,67.1,82,2025-11-15T06:30:00Z,PT15M
6,136,-130,0,-0.6,65,80,2025-11-15T06:45:00Z,PT15M
6,170,-133,0,-0.5,62.9,78,2025-11-15T07:00:00Z,PT15M
7,203,-136,0,-0.4,60.9,76,2025-11-15T07:15:00Z,PT15M
7,234,-140,0,-0.4,59,74,2025-11-15T07:30:00Z,PT15M
8,264,-143,0,-0.3,57.2,73,2025-11-15T07:45:00Z,PT15M
8,293,-146,0,-0.3,55.4,71,2025-11-15T08:00:00Z,PT15M
9,319,-150,0,-0.2,53.7,70,2025-11-15T08:15:00Z,PT15M
9,342,-153,0,-0.1,52.1,68,2025-11-15T08:30:00Z,PT15M
10,363,-157,0,-0.1,50.5,67,2025-11-15T08:45:00Z,PT15M
10,380,-161,0,-0,48.9,66,2025-11-15T09:00:00Z,PT15M
11,395,-165,0,-0,47.7,66,2025-11-15T09:15:00Z,PT15M
11,406,-169,0,-0,46.7,65,2025-11-15T09:30:00Z,PT15M
11,415,-172,0,-0,45.7,65,2025-11-15T09:45:00Z,PT15M
12,421,-176,0,-0,44.8,64,2025-11-15T10:00:00Z,PT15M
12,424,180,0,-0,43.8,64,2025-11-15T10:15:00Z,PT15M
12,423,176,0,-0,42.9,64,2025-11-15T10:30:00Z,PT15M
13,419,172,0,-0.1,42,65,2025-11-15T10:45:00Z,PT15M
13,410,168,0,-0.1,41.2,65,2025-11-15T11:00:00Z,PT15M
13,398,164,0,-0.1,40.3,66,2025-11-15T11:15:00Z,PT15M
13,383,160,0,-0.1,39.5,67,2025-11-15T11:30:00Z,PT15M
14,365,157,0,-0.1,38.7,68,2025-11-15T11:45:00Z,PT15M
14,345,153,0,-0.1,37.9,69,2025-11-15T12:00:00Z,PT15M
14,321,149,0,-0.1,38,70,2025-11-15T12:15:00Z,PT15M
14,296,146,0,-0.1,38.9,71,2025-11-15T12:30:00Z,PT15M
13,267,142,0,-0.1,39.8,73,2025-11-15T12:45:00Z,PT15M
13,236,139,0,-0.1,40.8,75,2025-11-15T13:00:00Z,PT15M
13,204,136,0,-0.1,41.8,76,2025-11-15T13:15:00Z,PT15M
12,170,133,0,-0.1,42.8,78,2025-11-15T13:30:00Z,PT15M
12,136,130,0,-0.1,43.8,80,2025-11-15T13:45:00Z,PT15M
12,101,127,0,-0.1,44.9,82,2025-11-15T14:00:00Z,PT15M
11,67,124,0,-0.1,46,84,2025-11-15T14:15:00Z,PT15M
11,37,121,0,-0.1,47.2,86,2025-11-15T14:30:00Z,PT15M
10,11,118,0,-0.1,48.3,89,2025-11-15T14:45:00Z,PT15M
10,0,116,0,-0.1,49.5,91,2025-11-15T15:00:00Z,PT15M
10,0,113,0,-0.1,50.4,93,2025-11-15T15:15:00Z,PT15M
10,0,110,0,-0.1,50.9,96,2025-11-15T15:30:00Z,PT15M
9,0,108,0,-0.1,51.4,98,2025-11-15T15:45:00Z,PT15M
9,0,105,0,-0.2,51.9,101,2025-11-15T16:00:00Z,PT15M
9,0,103,0,-0.2,52.4,103,2025-11-15T16:15:00Z,PT15M
9,0,100,0,-0.2,53,106,2025-11-15T16:30:00Z,PT15M
9,0,97,0,-0.2,53.5,108,2025-11-15T16:45:00Z,PT15M
9,0,95,0,-0.2,54,111,2025-11-15T17:00:00Z,PT15M
8,0,92,0,-0.2,54.6,114,2025-11-15T17:15:00Z,PT15M
8,0,90,0,-0.3,55.1,116,2025-11-15T17:30:00Z,PT15M
8,0,87,0,-0.3,55.7,119,2025-11-15T17:45:00Z,PT15M
8,0,84,0,-0.3,56.3,121,2025-11-15T18:00:00Z,PT15M
8,0,81,0,-0.3,56.7,124,2025-11-15T18:15:00Z,PT15M
8,0,78,0,-0.3,57,126,2025-11-15T18:30:00Z,PT15M
8,0,75,0,-0.3,57.3,129,2025-11-15T18:45:00Z,PT15M
8,0,71,0,-0.3,57.6,131,2025-11-15T19:00:00Z,PT15M
8,0,68,0,-0.3,57.9,134,2025-11-15T19:15:00Z,PT15M
7,0,64,0,-0.3,58.2,136,2025-11-15T19:30:00Z,PT15M
7,0,60,0,-0.3,58.5,139,2025-11-15T19:45:00Z,PT15M
7,0,56,0,-0.3,58.8,141,2025-11-15T20:00:00Z,PT15M
7,0,51,0,-0.3,59.1,143,2025-11-15T20:15:00Z,PT15M
7,0,46,0,-0.3,59.4,145,2025-11-15T20:30:00Z,PT15M
7,0,41,0,-0.3,59.7,147,2025-11-15T20:45:00Z,PT15M
7,0,35,0,-0.3,60,148,2025-11-15T21:00:00Z,PT15M
7,0,28,0.5,-0.3,60.2,150,2025-11-15T21:15:00Z,PT15M
7,0,22,1.4,-0.3,60.3,151,2025-11-15T21:30:00Z,PT15M
7,0,14,2.3,-0.4,60.4,151,2025-11-15T21:45:00Z,PT15M
7,0,7,3.3,-0.4,60.5,152,2025-11-15T22:00:00Z,PT15M
7,0,-1,3.9,-0.4,60.6,152,2025-11-15T22:15:00Z,PT15M
7,0,-8,4.4,-0.4,60.7,152,2025-11-15T22:30:00Z,PT15M
7,0,-16,4.9,-0.5,60.8,151,2025-11-15T22:45:00Z,PT15M
7,0,-23,5.3,-0.5,60.9,150,2025-11-15T23:00:00Z,PT15M
7,0,-29,6,-0.5,61,149,2025-11-15T23:15:00Z,PT15M
6,0,-36,6.9,-0.5,61.1,148,2025-11-15T23:30:00Z,PT15M
6,0,-42,7.8,-0.6,61.2,146,2025-11-15T23:45:00Z,PT15M
6,0,-47,8.7,-0.6,61.3,145,2025-11-16,PT15M
6,0,-52,9.8,-0.6,61.3,143,2025-11-16T00:15:00Z,PT15M
6,0,-57,11.1,-0.6,61.3,140,2025-11-16T00:30:00Z,PT15M
6,0,-61,12.5,-0.7,61.3,138,2025-11-16T00:45:00Z,PT15M
6,0,-65,13.8,-0.7,61.3,136,2025-11-16T01:00:00Z,PT15M
6,0,-69,15.1,-0.7,61.3,134,2025-11-16T01:15:00Z,PT15M
6,0,-72,16.3,-0.7,61.3,131,2025-11-16T01:30:00Z,PT15M
6,0,-75,17.6,-0.8,61.3,129,2025-11-16T01:45:00Z,PT15M
6,0,-79,18.9,-0.8,61.3,126,2025-11-16T02:00:00Z,PT15M
6,0,-82,20.1,-0.8,61.3,124,2025-11-16T02:15:00Z,PT15M
6,0,-84,21.4,-0.8,61.3,121,2025-11-16T02:30:00Z,PT15M
6,0,-87,22.6,-0.9,61.3,118,2025-11-16T02:45:00Z,PT15M
6,0,-90,23.8,-0.9,61.3,116,2025-11-16T03:00:00Z,PT15M
6,0,-93,25.1,-0.9,61.2,113,2025-11-16T03:15:00Z,PT15M
6,0,-95,26.3,-0.9,61,111,2025-11-16T03:30:00Z,PT15M
6,0,-98,27.5,-0.9,60.8,108,2025-11-16T03:45:00Z,PT15M
6,0,-101,28.7,-0.9,60.6,105,2025-11-16T04:00:00Z,PT15M
6,0,-103,29.8,-0.9,60.5,103,2025-11-16T04:15:00Z,PT15M
6,0,-106,31,-0.9,60.3,100,2025-11-16T04:30:00Z,PT15M
6,0,-108,32.1,-0.8,60.1,98,2025-11-16T04:45:00Z,PT15M
6,0,-111,33.3,-0.8,60,96,2025-11-16T05:00:00Z,PT15M
6,0,-114,34.2,-0.8,59.8,93,2025-11-16T05:15:00Z,PT15M
7,0,-116,35,-0.8,59.6,91,2025-11-16T05:30:00Z,PT15M
7,8,-119,35.7,-0.8,59.5,88,2025-11-16T05:45:00Z,PT15M
7,23,-122,36.5,-0.8,59.3,86,2025-11-16T06:00:00Z,PT15M
7,41,-125,37,-0.7,58.6,84,2025-11-16T06:15:00Z,PT15M
7,61,-127,36.7,-0.6,57.5,82,2025-11-16T06:30:00Z,PT15M
8,84,-130,34.9,-0.5,56.3,80,2025-11-16T06:45:00Z,PT15M
8,108,-133,33,-0.4,55.2,78,2025-11-16T07:00:00Z,PT15M
