<?xml version="1.0" encoding="UTF-8"?>
<Balancing_MarketDocument xmlns="urn:iec62325.351:tc57wg16:451-6:balancingdocument:4:4">
  <mRID>dcdbe9f0a47c44b2b6048ba123392fa1</mRID>
  <revisionNumber>1</revisionNumber>
  <type>A85</type>
  <process.processType>A16</process.processType>
  <sender_MarketParticipant.mRID codingScheme="A01">10X1001A1001A450</sender_MarketParticipant.mRID>
  <sender_MarketParticipant.marketRole.type>A32</sender_MarketParticipant.marketRole.type>
  <receiver_MarketParticipant.mRID codingScheme="A01">10X1001A1001A450</receiver_MarketParticipant.mRID>
  <receiver_MarketParticipant.marketRole.type>A33</receiver_MarketParticipant.marketRole.type>
  <createdDateTime>2026-01-26T09:46:54Z</createdDateTime>
  <docStatus><value>A01</value></docStatus>
  <area_Domain.mRID codingScheme="A01">10YRO-TEL------P</area_Domain.mRID>
  <period.timeInterval>
    <start>2026-01-24T23:00Z</start>
    <end>2026-01-26T09:30Z</end>
  </period.timeInterval>
    <TimeSeries>
      <mRID>1</mRID>
      <businessType>A19</businessType>
      <currency_Unit.name>RON</currency_Unit.name>
      <price_Measure_Unit.name>MWH</price_Measure_Unit.name>
      <curveType>A03</curveType>
        <Period>
          <timeInterval>
            <start>2026-01-24T23:00Z</start>
            <end>2026-01-26T09:30Z</end>
          </timeInterval>
          <resolution>PT15M</resolution>
            <Point>
              <position>1</position>
              <imbalance_Price.amount>2248.102</imbalance_Price.amount>
              <imbalance_Price.category>A04</imbalance_Price.category>
            </Point>
            <Point>
              <position>2</position>
              <imbalance_Price.amount>3488.888</imbalance_Price.amount>
              <imbalance_Price.category>A04</imbalance_Price.category>
            </Point>
            <Point>
              <position>3</position>
              <imbalance_Price.amount>1051.123</imbalance_Price.amount>
              <imbalance_Price.category>A04</imbalance_Price.category>
            </Point>
            <Point>
              <position>4</position>
              <imbalance_Price.amount>968.736</imbalance_Price.amount>
              <imbalance_Price.category>A04</imbalance_Price.category>
            </Point>
            <Point>
              <position>5</position>
              <imbalance_Price.amount>3093.694</imbalance_Price.amount>
              <imbalance_Price.category>A04</imbalance_Price.category>
            </Point>
            <Point>
              <position>6</position>
              <imbalance_Price.amount>999</imbalance_Price.amount>
              <imbalance_Price.category>A04</imbalance_Price.category>
            </Point>
            <Point>
              <position>7</position>
              <imbalance_Price.amount>1259.7</imbalance_Price.amount>
              <imbalance_Price.category>A04</imbalance_Price.category>
            </Point>
            <Point>
              <position>8</position>
              <imbalance_Price.amount>1120.606</imbalance_Price.amount>
              <imbalance_Price.category>A04</imbalance_Price.category>
            </Point>
            <Point>
              <position>9</position>
              <imbalance_Price.amount>3144.2</imbalance_Price.amount>
              <imbalance_Price.category>A04</imbalance_Price.category>
            </Point>
            <Point>
              <position>10</position>
              <imbalance_Price.amount>3776.242</imbalance_Price.amount>
              <imbalance_Price.category>A04</imbalance_Price.category>
            </Point>
            <Point>
              <position>11</position>
              <imbalance_Price.amount>990.655</imbalance_Price.amount>
              <imbalance_Price.category>A04</imbalance_Price.category>
            </Point>
            <Point>
              <position>12</position>
              <imbalance_Price.amount>988.524</imbalance_Price.amount>
              <imbalance_Price.category>A04</imbalance_Price.category>
            </Point>
            <Point>
              <position>13</position>
              <imbalance_Price.amount>906.899</imbalance_Price.amount>
              <imbalance_Price.category>A04</imbalance_Price.category>
            </Point>
            <Point>
              <position>14</position>
              <imbalance_Price.amount>280.495</imbalance_Price.amount>
              <imbalance_Price.category>A04</imbalance_Price.category>
            </Point>
            <Point>
              <position>15</position>
              <imbalance_Price.amount>700</imbalance_Price.amount>
              <imbalance_Price.category>A04</imbalance_Price.category>
            </Point>
            <Point>
              <position>16</position>
              <imbalance_Price.amount>994.302</imbalance_Price.amount>
              <imbalance_Price.category>A04</imbalance_Price.category>
            </Point>
            <Point>
              <position>17</position>
              <imbalance_Price.amount>1683.445</imbalance_Price.amount>
              <imbalance_Price.category>A04</imbalance_Price.category>
            </Point>
            <Point>
              <position>18</position>
              <imbalance_Price.amount>998.253</imbalance_Price.amount>
              <imbalance_Price.category>A04</imbalance_Price.category>
            </Point>
            <Point>
              <position>19</position>
              <imbalance_Price.amount>2190.136</imbalance_Price.amount>
              <imbalance_Price.category>A04</imbalance_Price.category>
            </Point>
            <Point>
              <position>20</position>
              <imbalance_Price.amount>1393.768</imbalance_Price.amount>
              <imbalance_Price.category>A04</imbalance_Price.category>
            </Point>
            <Point>
              <position>21</position>
              <imbalance_Price.amount>4512.617</imbalance_Price.amount>
              <imbalance_Price.category>A04</imbalance_Price.category>
            </Point>
            <Point>
              <position>22</position>
              <imbalance_Price.amount>2624.426</imbalance_Price.amount>
              <imbalance_Price.category>A04</imbalance_Price.category>
            </Point>
            <Point>
              <position>23</position>
              <imbalance_Price.amount>404.364</imbalance_Price.amount>
              <imbalance_Price.category>A04</imbalance_Price.category>
            </Point>
            <Point>
              <position>24</position>
              <imbalance_Price.amount>973.712</imbalance_Price.amount>
              <imbalance_Price.category>A04</imbalance_Price.category>
            </Point>
            <Point>
              <position>25</position>
              <imbalance_Price.amount>973.1</imbalance_Price.amount>
              <imbalance_Price.category>A04</imbalance_Price.category>
            </Point>
            <Point>
              <position>26</position>
              <imbalance_Price.amount>978.689</imbalance_Price.amount>
              <imbalance_Price.category>A04</imbalance_Price.category>
            </Point>
            <Point>
              <position>27</position>
              <imbalance_Price.amount>974.176</imbalance_Price.amount>
              <imbalance_Price.category>A04</imbalance_Price.category>
            </Point>
            <Point>
              <position>28</position>
              <imbalance_Price.amount>973.294</imbalance_Price.amount>
              <imbalance_Price.category>A04</imbalance_Price.category>
            </Point>
            <Point>
              <position>29</position>
              <imbalance_Price.amount>995.57</imbalance_Price.amount>
              <imbalance_Price.category>A04</imbalance_Price.category>
            </Point>
            <Point>
              <position>30</position>
              <imbalance_Price.amount>994.631</imbalance_Price.amount>
              <imbalance_Price.category>A04</imbalance_Price.category>
            </Point>
            <Point>
              <position>31</position>
              <imbalance_Price.amount>995.573</imbalance_Price.amount>
              <imbalance_Price.category>A04</imbalance_Price.category>
            </Point>
            <Point>
              <position>32</position>
              <imbalance_Price.amount>994.443</imbalance_Price.amount>
              <imbalance_Price.category>A04</imbalance_Price.category>
            </Point>
            <Point>
              <position>33</position>
              <imbalance_Price.amount>1052.858</imbalance_Price.amount>
              <imbalance_Price.category>A04</imbalance_Price.category>
            </Point>
            <Point>
              <position>34</position>
              <imbalance_Price.amount>1057.66</imbalance_Price.amount>
              <imbalance_Price.category>A04</imbalance_Price.category>
            </Point>
            <Point>
              <position>35</position>
              <imbalance_Price.amount>1057.653</imbalance_Price.amount>
              <imbalance_Price.category>A04</imbalance_Price.category>
            </Point>
            <Point>
              <position>36</position>
              <imbalance_Price.amount>998.363</imbalance_Price.amount>
              <imbalance_Price.category>A04</imbalance_Price.category>
            </Point>
            <Point>
              <position>37</position>
              <imbalance_Price.amount>999.088</imbalance_Price.amount>
              <imbalance_Price.category>A04</imbalance_Price.category>
            </Point>
            <Point>
              <position>38</position>
              <imbalance_Price.amount>997.626</imbalance_Price.amount>
              <imbalance_Price.category>A04</imbalance_Price.category>
            </Point>
            <Point>
              <position>39</position>
              <imbalance_Price.amount>950.108</imbalance_Price.amount>
              <imbalance_Price.category>A04</imbalance_Price.category>
            </Point>
            <Point>
              <position>40</position>
              <imbalance_Price.amount>1352.611</imbalance_Price.amount>
              <imbalance_Price.category>A04</imbalance_Price.category>
            </Point>
            <Point>
              <position>41</position>
              <imbalance_Price.amount>4650.889</imbalance_Price.amount>
              <imbalance_Price.category>A04</imbalance_Price.category>
            </Point>
            <Point>
              <position>42</position>
              <imbalance_Price.amount>5206.321</imbalance_Price.amount>
              <imbalance_Price.category>A04</imbalance_Price.category>
            </Point>
            <Point>
              <position>43</position>
              <imbalance_Price.amount>3661.66</imbalance_Price.amount>
              <imbalance_Price.category>A04</imbalance_Price.category>
            </Point>
            <Point>
              <position>44</position>
              <imbalance_Price.amount>6239.599</imbalance_Price.amount>
              <imbalance_Price.category>A04</imbalance_Price.category>
            </Point>
            <Point>
              <position>45</position>
              <imbalance_Price.amount>1155.773</imbalance_Price.amount>
              <imbalance_Price.category>A04</imbalance_Price.category>
            </Point>
            <Point>
              <position>46</position>
              <imbalance_Price.amount>1020.927</imbalance_Price.amount>
              <imbalance_Price.category>A04</imbalance_Price.category>
            </Point>
            <Point>
              <position>47</position>
              <imbalance_Price.amount>1016.237</imbalance_Price.amount>
              <imbalance_Price.category>A04</imbalance_Price.category>
            </Point>
            <Point>
              <position>48</position>
              <imbalance_Price.amount>1016.097</imbalance_Price.amount>
              <imbalance_Price.category>A04</imbalance_Price.category>
            </Point>
            <Point>
              <position>49</position>
              <imbalance_Price.amount>1457.177</imbalance_Price.amount>
              <imbalance_Price.category>A04</imbalance_Price.category>
            </Point>
            <Point>
              <position>50</position>
              <imbalance_Price.amount>1108.156</imbalance_Price.amount>
              <imbalance_Price.category>A04</imbalance_Price.category>
            </Point>
            <Point>
              <position>51</position>
              <imbalance_Price.amount>1107.905</imbalance_Price.amount>
              <imbalance_Price.category>A04</imbalance_Price.category>
            </Point>
            <Point>
              <position>52</position>
              <imbalance_Price.amount>1108.302</imbalance_Price.amount>
              <imbalance_Price.category>A04</imbalance_Price.category>
            </Point>
            <Point>
              <position>53</position>
              <imbalance_Price.amount>1098.081</imbalance_Price.amount>
              <imbalance_Price.category>A04</imbalance_Price.category>
            </Point>
            <Point>
              <position>54</position>
              <imbalance_Price.amount>1098.81</imbalance_Price.amount>
              <imbalance_Price.category>A04</imbalance_Price.category>
            </Point>
            <Point>
              <position>55</position>
              <imbalance_Price.amount>1098.746</imbalance_Price.amount>
              <imbalance_Price.category>A04</imbalance_Price.category>
            </Point>
            <Point>
              <position>56</position>
              <imbalance_Price.amount>1096.705</imbalance_Price.amount>
              <imbalance_Price.category>A04</imbalance_Price.category>
            </Point>
            <Point>
              <position>57</position>
              <imbalance_Price.amount>1108.911</imbalance_Price.amount>
              <imbalance_Price.category>A04</imbalance_Price.category>
            </Point>
            <Point>
              <position>58</position>
              <imbalance_Price.amount>1111.013</imbalance_Price.amount>
              <imbalance_Price.category>A04</imbalance_Price.category>
            </Point>
            <Point>
              <position>59</position>
              <imbalance_Price.amount>1109.841</imbalance_Price.amount>
              <imbalance_Price.category>A04</imbalance_Price.category>
            </Point>
            <Point>
              <position>60</position>
              <imbalance_Price.amount>1109.981</imbalance_Price.amount>
              <imbalance_Price.category>A04</imbalance_Price.category>
            </Point>
            <Point>
              <position>61</position>
              <imbalance_Price.amount>311.583</imbalance_Price.amount>
              <imbalance_Price.category>A04</imbalance_Price.category>
            </Point>
            <Point>
              <position>62</position>
              <imbalance_Price.amount>411.612</imbalance_Price.amount>
              <imbalance_Price.category>A04</imbalance_Price.category>
            </Point>
            <Point>
              <position>63</position>
              <imbalance_Price.amount>931.985</imbalance_Price.amount>
              <imbalance_Price.category>A04</imbalance_Price.category>
            </Point>
            <Point>
              <position>64</position>
              <imbalance_Price.amount>847.623</imbalance_Price.amount>
              <imbalance_Price.category>A04</imbalance_Price.category>
            </Point>
            <Point>
              <position>65</position>
              <imbalance_Price.amount>362.121</imbalance_Price.amount>
              <imbalance_Price.category>A04</imbalance_Price.category>
            </Point>
            <Point>
              <position>66</position>
              <imbalance_Price.amount>412</imbalance_Price.amount>
              <imbalance_Price.category>A04</imbalance_Price.category>
            </Point>
            <Point>
              <position>69</position>
              <imbalance_Price.amount>886.304</imbalance_Price.amount>
              <imbalance_Price.category>A04</imbalance_Price.category>
            </Point>
            <Point>
              <position>70</position>
              <imbalance_Price.amount>939.075</imbalance_Price.amount>
              <imbalance_Price.category>A04</imbalance_Price.category>
            </Point>
            <Point>
              <position>71</position>
              <imbalance_Price.amount>1095.367</imbalance_Price.amount>
              <imbalance_Price.category>A04</imbalance_Price.category>
            </Point>
            <Point>
              <position>72</position>
              <imbalance_Price.amount>1095.656</imbalance_Price.amount>
              <imbalance_Price.category>A04</imbalance_Price.category>
            </Point>
            <Point>
              <position>73</position>
              <imbalance_Price.amount>5604.618</imbalance_Price.amount>
              <imbalance_Price.category>A04</imbalance_Price.category>
            </Point>
            <Point>
              <position>74</position>
              <imbalance_Price.amount>4570.41</imbalance_Price.amount>
              <imbalance_Price.category>A04</imbalance_Price.category>
            </Point>
            <Point>
              <position>75</position>
              <imbalance_Price.amount>1138.949</imbalance_Price.amount>
              <imbalance_Price.category>A04</imbalance_Price.category>
            </Point>
            <Point>
              <position>76</position>
              <imbalance_Price.amount>1130.2</imbalance_Price.amount>
              <imbalance_Price.category>A04</imbalance_Price.category>
            </Point>
            <Point>
              <position>77</position>
              <imbalance_Price.amount>1116.326</imbalance_Price.amount>
              <imbalance_Price.category>A04</imbalance_Price.category>
            </Point>
            <Point>
              <position>78</position>
              <imbalance_Price.amount>1119.357</imbalance_Price.amount>
              <imbalance_Price.category>A04</imbalance_Price.category>
            </Point>
            <Point>
              <position>79</position>
              <imbalance_Price.amount>1113.11</imbalance_Price.amount>
              <imbalance_Price.category>A04</imbalance_Price.category>
            </Point>
            <Point>
              <position>80</position>
              <imbalance_Price.amount>310.663</imbalance_Price.amount>
              <imbalance_Price.category>A04</imbalance_Price.category>
            </Point>
            <Point>
              <position>81</position>
              <imbalance_Price.amount>381.98</imbalance_Price.amount>
              <imbalance_Price.category>A04</imbalance_Price.category>
            </Point>
            <Point>
              <position>82</position>
              <imbalance_Price.amount>403.716</imbalance_Price.amount>
              <imbalance_Price.category>A04</imbalance_Price.category>
            </Point>
            <Point>
              <position>83</position>
              <imbalance_Price.amount>244.929</imbalance_Price.amount>
              <imbalance_Price.category>A04</imbalance_Price.category>
            </Point>
            <Point>
              <position>84</position>
              <imbalance_Price.amount>-1542.491</imbalance_Price.amount>
              <imbalance_Price.category>A04</imbalance_Price.category>
            </Point>
            <Point>
              <position>85</position>
              <imbalance_Price.amount>-987.466</imbalance_Price.amount>
              <imbalance_Price.category>A04</imbalance_Price.category>
            </Point>
            <Point>
              <position>86</position>
              <imbalance_Price.amount>17.76</imbalance_Price.amount>
              <imbalance_Price.category>A04</imbalance_Price.category>
            </Point>
            <Point>
              <position>87</position>
              <imbalance_Price.amount>0.564</imbalance_Price.amount>
              <imbalance_Price.category>A04</imbalance_Price.category>
            </Point>
            <Point>
              <position>88</position>
              <imbalance_Price.amount>1876.633</imbalance_Price.amount>
              <imbalance_Price.category>A04</imbalance_Price.category>
            </Point>
            <Point>
              <position>89</position>
              <imbalance_Price.amount>5552.372</imbalance_Price.amount>
              <imbalance_Price.category>A04</imbalance_Price.category>
            </Point>
            <Point>
              <position>90</position>
              <imbalance_Price.amount>6910.281</imbalance_Price.amount>
              <imbalance_Price.category>A04</imbalance_Price.category>
            </Point>
            <Point>
              <position>91</position>
              <imbalance_Price.amount>1012.907</imbalance_Price.amount>
              <imbalance_Price.category>A04</imbalance_Price.category>
            </Point>
            <Point>
              <position>92</position>
              <imbalance_Price.amount>1015.761</imbalance_Price.amount>
              <imbalance_Price.category>A04</imbalance_Price.category>
            </Point>
            <Point>
              <position>93</position>
              <imbalance_Price.amount>980.32</imbalance_Price.amount>
              <imbalance_Price.category>A04</imbalance_Price.category>
            </Point>
            <Point>
              <position>94</position>
              <imbalance_Price.amount>979.96</imbalance_Price.amount>
              <imbalance_Price.category>A04</imbalance_Price.category>
            </Point>
            <Point>
              <position>95</position>
              <imbalance_Price.amount>981.213</imbalance_Price.amount>
              <imbalance_Price.category>A04</imbalance_Price.category>
            </Point>
            <Point>
              <position>96</position>
              <imbalance_Price.amount>981.3</imbalance_Price.amount>
              <imbalance_Price.category>A04</imbalance_Price.category>
            </Point>
            <Point>
              <position>97</position>
              <imbalance_Price.amount>978.158</imbalance_Price.amount>
              <imbalance_Price.category>A04</imbalance_Price.category>
            </Point>
            <Point>
              <position>98</position>
              <imbalance_Price.amount>972.878</imbalance_Price.amount>
              <imbalance_Price.category>A04</imbalance_Price.category>
            </Point>
            <Point>
              <position>99</position>
              <imbalance_Price.amount>974.646</imbalance_Price.amount>
              <imbalance_Price.category>A04</imbalance_Price.category>
            </Point>
            <Point>
              <position>100</position>
              <imbalance_Price.amount>974.967</imbalance_Price.amount>
              <imbalance_Price.category>A04</imbalance_Price.category>
            </Point>
            <Point>
              <position>101</position>
              <imbalance_Price.amount>962.918</imbalance_Price.amount>
              <imbalance_Price.category>A04</imbalance_Price.category>
            </Point>
            <Point>
              <position>102</position>
              <imbalance_Price.amount>963.035</imbalance_Price.amount>
              <imbalance_Price.category>A04</imbalance_Price.category>
            </Point>
            <Point>
              <position>103</position>
              <imbalance_Price.amount>962.562</imbalance_Price.amount>
              <imbalance_Price.category>A04</imbalance_Price.category>
            </Point>
            <Point>
              <position>104</position>
              <imbalance_Price.amount>962.104</imbalance_Price.amount>
              <imbalance_Price.category>A04</imbalance_Price.category>
            </Point>
            <Point>
              <position>105</position>
              <imbalance_Price.amount>949.885</imbalance_Price.amount>
              <imbalance_Price.category>A04</imbalance_Price.category>
            </Point>
            <Point>
              <position>106</position>
              <imbalance_Price.amount>950.2</imbalance_Price.amount>
              <imbalance_Price.category>A04</imbalance_Price.category>
            </Point>
            <Point>
              <position>107</position>
              <imbalance_Price.amount>950.185</imbalance_Price.amount>
              <imbalance_Price.category>A04</imbalance_Price.category>
            </Point>
            <Point>
              <position>108</position>
              <imbalance_Price.amount>950.2</imbalance_Price.amount>
              <imbalance_Price.category>A04</imbalance_Price.category>
            </Point>
            <Point>
              <position>109</position>
              <imbalance_Price.amount>938.25</imbalance_Price.amount>
              <imbalance_Price.category>A04</imbalance_Price.category>
            </Point>
            <Point>
              <position>110</position>
              <imbalance_Price.amount>160.627</imbalance_Price.amount>
              <imbalance_Price.category>A04</imbalance_Price.category>
            </Point>
            <Point>
              <position>111</position>
              <imbalance_Price.amount>264.271</imbalance_Price.amount>
              <imbalance_Price.category>A04</imbalance_Price.category>
            </Point>
            <Point>
              <position>112</position>
              <imbalance_Price.amount>720.69</imbalance_Price.amount>
              <imbalance_Price.category>A04</imbalance_Price.category>
            </Point>
            <Point>
              <position>113</position>
              <imbalance_Price.amount>803.164</imbalance_Price.amount>
              <imbalance_Price.category>A04</imbalance_Price.category>
            </Point>
            <Point>
              <position>114</position>
              <imbalance_Price.amount>268.179</imbalance_Price.amount>
              <imbalance_Price.category>A04</imbalance_Price.category>
            </Point>
            <Point>
              <position>115</position>
              <imbalance_Price.amount>754.768</imbalance_Price.amount>
              <imbalance_Price.category>A04</imbalance_Price.category>
            </Point>
            <Point>
              <position>116</position>
              <imbalance_Price.amount>708.681</imbalance_Price.amount>
              <imbalance_Price.category>A04</imbalance_Price.category>
            </Point>
            <Point>
              <position>117</position>
              <imbalance_Price.amount>828.736</imbalance_Price.amount>
              <imbalance_Price.category>A04</imbalance_Price.category>
            </Point>
            <Point>
              <position>118</position>
              <imbalance_Price.amount>1009.898</imbalance_Price.amount>
              <imbalance_Price.category>A04</imbalance_Price.category>
            </Point>
            <Point>
              <position>119</position>
              <imbalance_Price.amount>1010.41</imbalance_Price.amount>
              <imbalance_Price.category>A04</imbalance_Price.category>
            </Point>
            <Point>
              <position>121</position>
              <imbalance_Price.amount>-259.14</imbalance_Price.amount>
              <imbalance_Price.category>A04</imbalance_Price.category>
            </Point>
            <Point>
              <position>122</position>
              <imbalance_Price.amount>106.076</imbalance_Price.amount>
              <imbalance_Price.category>A04</imbalance_Price.category>
            </Point>
            <Point>
              <position>123</position>
              <imbalance_Price.amount>57.454</imbalance_Price.amount>
              <imbalance_Price.category>A04</imbalance_Price.category>
            </Point>
            <Point>
              <position>124</position>
              <imbalance_Price.amount>-4495.184</imbalance_Price.amount>
              <imbalance_Price.category>A04</imbalance_Price.category>
            </Point>
            <Point>
              <position>125</position>
              <imbalance_Price.amount>-5582.418</imbalance_Price.amount>
              <imbalance_Price.category>A04</imbalance_Price.category>
            </Point>
            <Point>
              <position>126</position>
              <imbalance_Price.amount>312.539</imbalance_Price.amount>
              <imbalance_Price.category>A04</imbalance_Price.category>
            </Point>
            <Point>
              <position>127</position>
              <imbalance_Price.amount>410</imbalance_Price.amount>
              <imbalance_Price.category>A04</imbalance_Price.category>
            </Point>
            <Point>
              <position>128</position>
              <imbalance_Price.amount>815.454</imbalance_Price.amount>
              <imbalance_Price.category>A04</imbalance_Price.category>
            </Point>
            <Point>
              <position>129</position>
              <imbalance_Price.amount>410</imbalance_Price.amount>
              <imbalance_Price.category>A04</imbalance_Price.category>
            </Point>
            <Point>
              <position>130</position>
              <imbalance_Price.amount>1367.847</imbalance_Price.amount>
              <imbalance_Price.category>A04</imbalance_Price.category>
            </Point>
            <Point>
              <position>131</position>
              <imbalance_Price.amount>3454.829</imbalance_Price.amount>
              <imbalance_Price.category>A04</imbalance_Price.category>
            </Point>
            <Point>
              <position>132</position>
              <imbalance_Price.amount>5680.556</imbalance_Price.amount>
              <imbalance_Price.category>A04</imbalance_Price.category>
            </Point>
            <Point>
              <position>133</position>
              <imbalance_Price.amount>5757.002</imbalance_Price.amount>
              <imbalance_Price.category>A04</imbalance_Price.category>
            </Point>
            <Point>
              <position>134</position>
              <imbalance_Price.amount>1665.633</imbalance_Price.amount>
              <imbalance_Price.category>A04</imbalance_Price.category>
            </Point>
            <Point>
              <position>135</position>
              <imbalance_Price.amount>2590.7</imbalance_Price.amount>
              <imbalance_Price.category>A04</imbalance_Price.category>
            </Point>
            <Point>
              <position>136</position>
              <imbalance_Price.amount>1407.331</imbalance_Price.amount>
              <imbalance_Price.category>A04</imbalance_Price.category>
            </Point>
            <Point>
              <position>137</position>
              <imbalance_Price.amount>1400.869</imbalance_Price.amount>
              <imbalance_Price.category>A04</imbalance_Price.category>
            </Point>
            <Point>
              <position>138</position>
              <imbalance_Price.amount>1400.99</imbalance_Price.amount>
              <imbalance_Price.category>A04</imbalance_Price.category>
            </Point>
        </Period>
    </TimeSeries>
    <TimeSeries>
      <mRID>2</mRID>
      <businessType>A19</businessType>
      <currency_Unit.name>RON</currency_Unit.name>
      <price_Measure_Unit.name>MWH</price_Measure_Unit.name>
      <curveType>A03</curveType>
        <Period>
          <timeInterval>
            <start>2026-01-24T23:00Z</start>
            <end>2026-01-26T09:30Z</end>
          </timeInterval>
          <resolution>PT15M</resolution>
            <Point>
              <position>1</position>
              <imbalance_Price.amount>2248.102</imbalance_Price.amount>
              <imbalance_Price.category>A05</imbalance_Price.category>
            </Point>
            <Point>
              <position>2</position>
              <imbalance_Price.amount>3488.888</imbalance_Price.amount>
              <imbalance_Price.category>A05</imbalance_Price.category>
            </Point>
            <Point>
              <position>3</position>
              <imbalance_Price.amount>1051.123</imbalance_Price.amount>
              <imbalance_Price.category>A05</imbalance_Price.category>
            </Point>
            <Point>
              <position>4</position>
              <imbalance_Price.amount>968.736</imbalance_Price.amount>
              <imbalance_Price.category>A05</imbalance_Price.category>
            </Point>
            <Point>
              <position>5</position>
              <imbalance_Price.amount>3093.694</imbalance_Price.amount>
              <imbalance_Price.category>A05</imbalance_Price.category>
            </Point>
            <Point>
              <position>6</position>
              <imbalance_Price.amount>999</imbalance_Price.amount>
              <imbalance_Price.category>A05</imbalance_Price.category>
            </Point>
            <Point>
              <position>7</position>
              <imbalance_Price.amount>1259.7</imbalance_Price.amount>
              <imbalance_Price.category>A05</imbalance_Price.category>
            </Point>
            <Point>
              <position>8</position>
              <imbalance_Price.amount>1120.606</imbalance_Price.amount>
              <imbalance_Price.category>A05</imbalance_Price.category>
            </Point>
            <Point>
              <position>9</position>
              <imbalance_Price.amount>3144.2</imbalance_Price.amount>
              <imbalance_Price.category>A05</imbalance_Price.category>
            </Point>
            <Point>
              <position>10</position>
              <imbalance_Price.amount>3776.242</imbalance_Price.amount>
              <imbalance_Price.category>A05</imbalance_Price.category>
            </Point>
            <Point>
              <position>11</position>
              <imbalance_Price.amount>990.655</imbalance_Price.amount>
              <imbalance_Price.category>A05</imbalance_Price.category>
            </Point>
            <Point>
              <position>12</position>
              <imbalance_Price.amount>988.524</imbalance_Price.amount>
              <imbalance_Price.category>A05</imbalance_Price.category>
            </Point>
            <Point>
              <position>13</position>
              <imbalance_Price.amount>906.899</imbalance_Price.amount>
              <imbalance_Price.category>A05</imbalance_Price.category>
            </Point>
            <Point>
              <position>14</position>
              <imbalance_Price.amount>280.495</imbalance_Price.amount>
              <imbalance_Price.category>A05</imbalance_Price.category>
            </Point>
            <Point>
              <position>15</position>
              <imbalance_Price.amount>700</imbalance_Price.amount>
              <imbalance_Price.category>A05</imbalance_Price.category>
            </Point>
            <Point>
              <position>16</position>
              <imbalance_Price.amount>994.302</imbalance_Price.amount>
              <imbalance_Price.category>A05</imbalance_Price.category>
            </Point>
            <Point>
              <position>17</position>
              <imbalance_Price.amount>1683.445</imbalance_Price.amount>
              <imbalance_Price.category>A05</imbalance_Price.category>
            </Point>
            <Point>
              <position>18</position>
              <imbalance_Price.amount>998.253</imbalance_Price.amount>
              <imbalance_Price.category>A05</imbalance_Price.category>
            </Point>
            <Point>
              <position>19</position>
              <imbalance_Price.amount>2190.136</imbalance_Price.amount>
              <imbalance_Price.category>A05</imbalance_Price.category>
            </Point>
            <Point>
              <position>20</position>
              <imbalance_Price.amount>1393.768</imbalance_Price.amount>
              <imbalance_Price.category>A05</imbalance_Price.category>
            </Point>
            <Point>
              <position>21</position>
              <imbalance_Price.amount>4512.617</imbalance_Price.amount>
              <imbalance_Price.category>A05</imbalance_Price.category>
            </Point>
            <Point>
              <position>22</position>
              <imbalance_Price.amount>2624.426</imbalance_Price.amount>
              <imbalance_Price.category>A05</imbalance_Price.category>
            </Point>
            <Point>
              <position>23</position>
              <imbalance_Price.amount>404.364</imbalance_Price.amount>
              <imbalance_Price.category>A05</imbalance_Price.category>
            </Point>
            <Point>
              <position>24</position>
              <imbalance_Price.amount>973.712</imbalance_Price.amount>
              <imbalance_Price.category>A05</imbalance_Price.category>
            </Point>
            <Point>
              <position>25</position>
              <imbalance_Price.amount>973.1</imbalance_Price.amount>
              <imbalance_Price.category>A05</imbalance_Price.category>
            </Point>
            <Point>
              <position>26</position>
              <imbalance_Price.amount>978.689</imbalance_Price.amount>
              <imbalance_Price.category>A05</imbalance_Price.category>
            </Point>
            <Point>
              <position>27</position>
              <imbalance_Price.amount>974.176</imbalance_Price.amount>
              <imbalance_Price.category>A05</imbalance_Price.category>
            </Point>
            <Point>
              <position>28</position>
              <imbalance_Price.amount>973.294</imbalance_Price.amount>
              <imbalance_Price.category>A05</imbalance_Price.category>
            </Point>
            <Point>
              <position>29</position>
              <imbalance_Price.amount>995.57</imbalance_Price.amount>
              <imbalance_Price.category>A05</imbalance_Price.category>
            </Point>
            <Point>
              <position>30</position>
              <imbalance_Price.amount>994.631</imbalance_Price.amount>
              <imbalance_Price.category>A05</imbalance_Price.category>
            </Point>
            <Point>
              <position>31</position>
              <imbalance_Price.amount>995.573</imbalance_Price.amount>
              <imbalance_Price.category>A05</imbalance_Price.category>
            </Point>
            <Point>
              <position>32</position>
              <imbalance_Price.amount>994.443</imbalance_Price.amount>
              <imbalance_Price.category>A05</imbalance_Price.category>
            </Point>
            <Point>
              <position>33</position>
              <imbalance_Price.amount>1052.858</imbalance_Price.amount>
              <imbalance_Price.category>A05</imbalance_Price.category>
            </Point>
            <Point>
              <position>34</position>
              <imbalance_Price.amount>1057.66</imbalance_Price.amount>
              <imbalance_Price.category>A05</imbalance_Price.category>
            </Point>
            <Point>
              <position>35</position>
              <imbalance_Price.amount>1057.653</imbalance_Price.amount>
              <imbalance_Price.category>A05</imbalance_Price.category>
            </Point>
            <Point>
              <position>36</position>
              <imbalance_Price.amount>998.363</imbalance_Price.amount>
              <imbalance_Price.category>A05</imbalance_Price.category>
            </Point>
            <Point>
              <position>37</position>
              <imbalance_Price.amount>999.088</imbalance_Price.amount>
              <imbalance_Price.category>A05</imbalance_Price.category>
            </Point>
            <Point>
              <position>38</position>
              <imbalance_Price.amount>997.626</imbalance_Price.amount>
              <imbalance_Price.category>A05</imbalance_Price.category>
            </Point>
            <Point>
              <position>39</position>
              <imbalance_Price.amount>950.108</imbalance_Price.amount>
              <imbalance_Price.category>A05</imbalance_Price.category>
            </Point>
            <Point>
              <position>40</position>
              <imbalance_Price.amount>1352.611</imbalance_Price.amount>
              <imbalance_Price.category>A05</imbalance_Price.category>
            </Point>
            <Point>
              <position>41</position>
              <imbalance_Price.amount>4650.889</imbalance_Price.amount>
              <imbalance_Price.category>A05</imbalance_Price.category>
            </Point>
            <Point>
              <position>42</position>
              <imbalance_Price.amount>5206.321</imbalance_Price.amount>
              <imbalance_Price.category>A05</imbalance_Price.category>
            </Point>
            <Point>
              <position>43</position>
              <imbalance_Price.amount>3661.66</imbalance_Price.amount>
              <imbalance_Price.category>A05</imbalance_Price.category>
            </Point>
            <Point>
              <position>44</position>
              <imbalance_Price.amount>6239.599</imbalance_Price.amount>
              <imbalance_Price.category>A05</imbalance_Price.category>
            </Point>
            <Point>
              <position>45</position>
              <imbalance_Price.amount>1155.773</imbalance_Price.amount>
              <imbalance_Price.category>A05</imbalance_Price.category>
            </Point>
            <Point>
              <position>46</position>
              <imbalance_Price.amount>1020.927</imbalance_Price.amount>
              <imbalance_Price.category>A05</imbalance_Price.category>
            </Point>
            <Point>
              <position>47</position>
              <imbalance_Price.amount>1016.237</imbalance_Price.amount>
              <imbalance_Price.category>A05</imbalance_Price.category>
            </Point>
            <Point>
              <position>48</position>
              <imbalance_Price.amount>1016.097</imbalance_Price.amount>
              <imbalance_Price.category>A05</imbalance_Price.category>
            </Point>
            <Point>
              <position>49</position>
              <imbalance_Price.amount>1457.177</imbalance_Price.amount>
              <imbalance_Price.category>A05</imbalance_Price.category>
            </Point>
            <Point>
              <position>50</position>
              <imbalance_Price.amount>1108.156</imbalance_Price.amount>
              <imbalance_Price.category>A05</imbalance_Price.category>
            </Point>
            <Point>
              <position>51</position>
              <imbalance_Price.amount>1107.905</imbalance_Price.amount>
              <imbalance_Price.category>A05</imbalance_Price.category>
            </Point>
            <Point>
              <position>52</position>
              <imbalance_Price.amount>1108.302</imbalance_Price.amount>
              <imbalance_Price.category>A05</imbalance_Price.category>
            </Point>
            <Point>
              <position>53</position>
              <imbalance_Price.amount>1098.081</imbalance_Price.amount>
              <imbalance_Price.category>A05</imbalance_Price.category>
            </Point>
            <Point>
              <position>54</position>
              <imbalance_Price.amount>1098.81</imbalance_Price.amount>
              <imbalance_Price.category>A05</imbalance_Price.category>
            </Point>
            <Point>
              <position>55</position>
              <imbalance_Price.amount>1098.746</imbalance_Price.amount>
              <imbalance_Price.category>A05</imbalance_Price.category>
            </Point>
            <Point>
              <position>56</position>
              <imbalance_Price.amount>1096.705</imbalance_Price.amount>
              <imbalance_Price.category>A05</imbalance_Price.category>
            </Point>
            <Point>
              <position>57</position>
              <imbalance_Price.amount>1108.911</imbalance_Price.amount>
              <imbalance_Price.category>A05</imbalance_Price.category>
            </Point>
            <Point>
              <position>58</position>
              <imbalance_Price.amount>1111.013</imbalance_Price.amount>
              <imbalance_Price.category>A05</imbalance_Price.category>
            </Point>
            <Point>
              <position>59</position>
              <imbalance_Price.amount>1109.841</imbalance_Price.amount>
              <imbalance_Price.category>A05</imbalance_Price.category>
            </Point>
            <Point>
              <position>60</position>
              <imbalance_Price.amount>1109.981</imbalance_Price.amount>
              <imbalance_Price.category>A05</imbalance_Price.category>
            </Point>
            <Point>
              <position>61</position>
              <imbalance_Price.amount>311.583</imbalance_Price.amount>
              <imbalance_Price.category>A05</imbalance_Price.category>
            </Point>
            <Point>
              <position>62</position>
              <imbalance_Price.amount>411.612</imbalance_Price.amount>
              <imbalance_Price.category>A05</imbalance_Price.category>
            </Point>
            <Point>
              <position>63</position>
              <imbalance_Price.amount>931.985</imbalance_Price.amount>
              <imbalance_Price.category>A05</imbalance_Price.category>
            </Point>
            <Point>
              <position>64</position>
              <imbalance_Price.amount>847.623</imbalance_Price.amount>
              <imbalance_Price.category>A05</imbalance_Price.category>
            </Point>
            <Point>
              <position>65</position>
              <imbalance_Price.amount>362.121</imbalance_Price.amount>
              <imbalance_Price.category>A05</imbalance_Price.category>
            </Point>
            <Point>
              <position>66</position>
              <imbalance_Price.amount>412</imbalance_Price.amount>
              <imbalance_Price.category>A05</imbalance_Price.category>
            </Point>
            <Point>
              <position>69</position>
              <imbalance_Price.amount>886.304</imbalance_Price.amount>
              <imbalance_Price.category>A05</imbalance_Price.category>
            </Point>
            <Point>
              <position>70</position>
              <imbalance_Price.amount>939.075</imbalance_Price.amount>
              <imbalance_Price.category>A05</imbalance_Price.category>
            </Point>
            <Point>
              <position>71</position>
              <imbalance_Price.amount>1095.367</imbalance_Price.amount>
              <imbalance_Price.category>A05</imbalance_Price.category>
            </Point>
            <Point>
              <position>72</position>
              <imbalance_Price.amount>1095.656</imbalance_Price.amount>
              <imbalance_Price.category>A05</imbalance_Price.category>
            </Point>
            <Point>
              <position>73</position>
              <imbalance_Price.amount>5604.618</imbalance_Price.amount>
              <imbalance_Price.category>A05</imbalance_Price.category>
            </Point>
            <Point>
              <position>74</position>
              <imbalance_Price.amount>4570.41</imbalance_Price.amount>
              <imbalance_Price.category>A05</imbalance_Price.category>
            </Point>
            <Point>
              <position>75</position>
              <imbalance_Price.amount>1138.949</imbalance_Price.amount>
              <imbalance_Price.category>A05</imbalance_Price.category>
            </Point>
            <Point>
              <position>76</position>
              <imbalance_Price.amount>1130.2</imbalance_Price.amount>
              <imbalance_Price.category>A05</imbalance_Price.category>
            </Point>
            <Point>
              <position>77</position>
              <imbalance_Price.amount>1116.326</imbalance_Price.amount>
              <imbalance_Price.category>A05</imbalance_Price.category>
            </Point>
            <Point>
              <position>78</position>
              <imbalance_Price.amount>1119.357</imbalance_Price.amount>
              <imbalance_Price.category>A05</imbalance_Price.category>
            </Point>
            <Point>
              <position>79</position>
              <imbalance_Price.amount>1113.11</imbalance_Price.amount>
              <imbalance_Price.category>A05</imbalance_Price.category>
            </Point>
            <Point>
              <position>80</position>
              <imbalance_Price.amount>310.663</imbalance_Price.amount>
              <imbalance_Price.category>A05</imbalance_Price.category>
            </Point>
            <Point>
              <position>81</position>
              <imbalance_Price.amount>381.98</imbalance_Price.amount>
              <imbalance_Price.category>A05</imbalance_Price.category>
            </Point>
            <Point>
              <position>82</position>
              <imbalance_Price.amount>403.716</imbalance_Price.amount>
              <imbalance_Price.category>A05</imbalance_Price.category>
            </Point>
            <Point>
              <position>83</position>
              <imbalance_Price.amount>244.929</imbalance_Price.amount>
              <imbalance_Price.category>A05</imbalance_Price.category>
            </Point>
            <Point>
              <position>84</position>
              <imbalance_Price.amount>-1542.491</imbalance_Price.amount>
              <imbalance_Price.category>A05</imbalance_Price.category>
            </Point>
            <Point>
              <position>85</position>
              <imbalance_Price.amount>-987.466</imbalance_Price.amount>
              <imbalance_Price.category>A05</imbalance_Price.category>
            </Point>
            <Point>
              <position>86</position>
              <imbalance_Price.amount>17.76</imbalance_Price.amount>
              <imbalance_Price.category>A05</imbalance_Price.category>
            </Point>
            <Point>
              <position>87</position>
              <imbalance_Price.amount>0.564</imbalance_Price.amount>
              <imbalance_Price.category>A05</imbalance_Price.category>
            </Point>
            <Point>
              <position>88</position>
              <imbalance_Price.amount>1876.633</imbalance_Price.amount>
              <imbalance_Price.category>A05</imbalance_Price.category>
            </Point>
            <Point>
              <position>89</position>
              <imbalance_Price.amount>5552.372</imbalance_Price.amount>
              <imbalance_Price.category>A05</imbalance_Price.category>
            </Point>
            <Point>
              <position>90</position>
              <imbalance_Price.amount>6910.281</imbalance_Price.amount>
              <imbalance_Price.category>A05</imbalance_Price.category>
            </Point>
            <Point>
              <position>91</position>
              <imbalance_Price.amount>1012.907</imbalance_Price.amount>
              <imbalance_Price.category>A05</imbalance_Price.category>
            </Point>
            <Point>
              <position>92</position>
              <imbalance_Price.amount>1015.761</imbalance_Price.amount>
              <imbalance_Price.category>A05</imbalance_Price.category>
            </Point>
            <Point>
              <position>93</position>
              <imbalance_Price.amount>980.32</imbalance_Price.amount>
              <imbalance_Price.category>A05</imbalance_Price.category>
            </Point>
            <Point>
              <position>94</position>
              <imbalance_Price.amount>979.96</imbalance_Price.amount>
              <imbalance_Price.category>A05</imbalance_Price.category>
            </Point>
            <Point>
              <position>95</position>
              <imbalance_Price.amount>981.213</imbalance_Price.amount>
              <imbalance_Price.category>A05</imbalance_Price.category>
            </Point>
            <Point>
              <position>96</position>
              <imbalance_Price.amount>981.3</imbalance_Price.amount>
              <imbalance_Price.category>A05</imbalance_Price.category>
            </Point>
            <Point>
              <position>97</position>
              <imbalance_Price.amount>978.158</imbalance_Price.amount>
              <imbalance_Price.category>A05</imbalance_Price.category>
            </Point>
            <Point>
              <position>98</position>
              <imbalance_Price.amount>972.878</imbalance_Price.amount>
              <imbalance_Price.category>A05</imbalance_Price.category>
            </Point>
            <Point>
              <position>99</position>
              <imbalance_Price.amount>974.646</imbalance_Price.amount>
              <imbalance_Price.category>A05</imbalance_Price.category>
            </Point>
            <Point>
              <position>100</position>
              <imbalance_Price.amount>974.967</imbalance_Price.amount>
              <imbalance_Price.category>A05</imbalance_Price.category>
            </Point>
            <Point>
              <position>101</position>
              <imbalance_Price.amount>962.918</imbalance_Price.amount>
              <imbalance_Price.category>A05</imbalance_Price.category>
            </Point>
            <Point>
              <position>102</position>
              <imbalance_Price.amount>963.035</imbalance_Price.amount>
              <imbalance_Price.category>A05</imbalance_Price.category>
            </Point>
            <Point>
              <position>103</position>
              <imbalance_Price.amount>962.562</imbalance_Price.amount>
              <imbalance_Price.category>A05</imbalance_Price.category>
            </Point>
            <Point>
              <position>104</position>
              <imbalance_Price.amount>962.104</imbalance_Price.amount>
              <imbalance_Price.category>A05</imbalance_Price.category>
            </Point>
            <Point>
              <position>105</position>
              <imbalance_Price.amount>949.885</imbalance_Price.amount>
              <imbalance_Price.category>A05</imbalance_Price.category>
            </Point>
            <Point>
              <position>106</position>
              <imbalance_Price.amount>950.2</imbalance_Price.amount>
              <imbalance_Price.category>A05</imbalance_Price.category>
            </Point>
            <Point>
              <position>107</position>
              <imbalance_Price.amount>950.185</imbalance_Price.amount>
              <imbalance_Price.category>A05</imbalance_Price.category>
            </Point>
            <Point>
              <position>108</position>
              <imbalance_Price.amount>950.2</imbalance_Price.amount>
              <imbalance_Price.category>A05</imbalance_Price.category>
            </Point>
            <Point>
              <position>109</position>
              <imbalance_Price.amount>938.25</imbalance_Price.amount>
              <imbalance_Price.category>A05</imbalance_Price.category>
            </Point>
            <Point>
              <position>110</position>
              <imbalance_Price.amount>160.627</imbalance_Price.amount>
              <imbalance_Price.category>A05</imbalance_Price.category>
            </Point>
            <Point>
              <position>111</position>
              <imbalance_Price.amount>264.271</imbalance_Price.amount>
              <imbalance_Price.category>A05</imbalance_Price.category>
            </Point>
            <Point>
              <position>112</position>
              <imbalance_Price.amount>720.69</imbalance_Price.amount>
              <imbalance_Price.category>A05</imbalance_Price.category>
            </Point>
            <Point>
              <position>113</position>
              <imbalance_Price.amount>803.164</imbalance_Price.amount>
              <imbalance_Price.category>A05</imbalance_Price.category>
            </Point>
            <Point>
              <position>114</position>
              <imbalance_Price.amount>268.179</imbalance_Price.amount>
              <imbalance_Price.category>A05</imbalance_Price.category>
            </Point>
            <Point>
              <position>115</position>
              <imbalance_Price.amount>754.768</imbalance_Price.amount>
              <imbalance_Price.category>A05</imbalance_Price.category>
            </Point>
            <Point>
              <position>116</position>
              <imbalance_Price.amount>708.681</imbalance_Price.amount>
              <imbalance_Price.category>A05</imbalance_Price.category>
            </Point>
            <Point>
              <position>117</position>
              <imbalance_Price.amount>828.736</imbalance_Price.amount>
              <imbalance_Price.category>A05</imbalance_Price.category>
            </Point>
            <Point>
              <position>118</position>
              <imbalance_Price.amount>1009.898</imbalance_Price.amount>
              <imbalance_Price.category>A05</imbalance_Price.category>
            </Point>
            <Point>
              <position>119</position>
              <imbalance_Price.amount>1010.41</imbalance_Price.amount>
              <imbalance_Price.category>A05</imbalance_Price.category>
            </Point>
            <Point>
              <position>121</position>
              <imbalance_Price.amount>-259.14</imbalance_Price.amount>
              <imbalance_Price.category>A05</imbalance_Price.category>
            </Point>
            <Point>
              <position>122</position>
              <imbalance_Price.amount>106.076</imbalance_Price.amount>
              <imbalance_Price.category>A05</imbalance_Price.category>
            </Point>
            <Point>
              <position>123</position>
              <imbalance_Price.amount>57.454</imbalance_Price.amount>
              <imbalance_Price.category>A05</imbalance_Price.category>
            </Point>
            <Point>
              <position>124</position>
              <imbalance_Price.amount>-4495.184</imbalance_Price.amount>
              <imbalance_Price.category>A05</imbalance_Price.category>
            </Point>
            <Point>
              <position>125</position>
              <imbalance_Price.amount>-5582.418</imbalance_Price.amount>
              <imbalance_Price.category>A05</imbalance_Price.category>
            </Point>
            <Point>
              <position>126</position>
              <imbalance_Price.amount>312.539</imbalance_Price.amount>
              <imbalance_Price.category>A05</imbalance_Price.category>
            </Point>
            <Point>
              <position>127</position>
              <imbalance_Price.amount>410</imbalance_Price.amount>
              <imbalance_Price.category>A05</imbalance_Price.category>
            </Point>
            <Point>
              <position>128</position>
              <imbalance_Price.amount>815.454</imbalance_Price.amount>
              <imbalance_Price.category>A05</imbalance_Price.category>
            </Point>
            <Point>
              <position>129</position>
              <imbalance_Price.amount>410</imbalance_Price.amount>
              <imbalance_Price.category>A05</imbalance_Price.category>
            </Point>
            <Point>
              <position>130</position>
              <imbalance_Price.amount>1367.847</imbalance_Price.amount>
              <imbalance_Price.category>A05</imbalance_Price.category>
            </Point>
            <Point>
              <position>131</position>
              <imbalance_Price.amount>3454.829</imbalance_Price.amount>
              <imbalance_Price.category>A05</imbalance_Price.category>
            </Point>
            <Point>
              <position>132</position>
              <imbalance_Price.amount>5680.556</imbalance_Price.amount>
              <imbalance_Price.category>A05</imbalance_Price.category>
            </Point>
            <Point>
              <position>133</position>
              <imbalance_Price.amount>5757.002</imbalance_Price.amount>
              <imbalance_Price.category>A05</imbalance_Price.category>
            </Point>
            <Point>
              <position>134</position>
              <imbalance_Price.amount>1665.633</imbalance_Price.amount>
              <imbalance_Price.category>A05</imbalance_Price.category>
            </Point>
            <Point>
              <position>135</position>
              <imbalance_Price.amount>2590.7</imbalance_Price.amount>
              <imbalance_Price.category>A05</imbalance_Price.category>
            </Point>
            <Point>
              <position>136</position>
              <imbalance_Price.amount>1407.331</imbalance_Price.amount>
              <imbalance_Price.category>A05</imbalance_Price.category>
            </Point>
            <Point>
              <position>137</position>
              <imbalance_Price.amount>1400.869</imbalance_Price.amount>
              <imbalance_Price.category>A05</imbalance_Price.category>
            </Point>
            <Point>
              <position>138</position>
              <imbalance_Price.amount>1400.99</imbalance_Price.amount>
              <imbalance_Price.category>A05</imbalance_Price.category>
            </Point>
        </Period>
    </TimeSeries>
</Balancing_MarketDocument>