<?xml version="1.0" encoding="UTF-8"?>
<Balancing_MarketDocument xmlns="urn:iec62325.351:tc57wg16:451-6:balancingdocument:4:4">
  <mRID>5bb587ffa68641e4a96583868c977c56</mRID>
  <revisionNumber>1</revisionNumber>
  <type>A85</type>
  <process.processType>A16</process.processType>
  <sender_MarketParticipant.mRID codingScheme="A01">10X1001A1001A450</sender_MarketParticipant.mRID>
  <sender_MarketParticipant.marketRole.type>A32</sender_MarketParticipant.marketRole.type>
  <receiver_MarketParticipant.mRID codingScheme="A01">10X1001A1001A450</receiver_MarketParticipant.mRID>
  <receiver_MarketParticipant.marketRole.type>A33</receiver_MarketParticipant.marketRole.type>
  <createdDateTime>2026-02-18T06:26:26Z</createdDateTime>
  <docStatus><value>A01</value></docStatus>
  <area_Domain.mRID codingScheme="A01">10YRO-TEL------P</area_Domain.mRID>
  <period.timeInterval>
    <start>2026-02-16T23:00Z</start>
    <end>2026-02-18T06:00Z</end>
  </period.timeInterval>
    <TimeSeries>
      <mRID>1</mRID>
      <businessType>A19</businessType>
      <currency_Unit.name>RON</currency_Unit.name>
      <price_Measure_Unit.name>MWH</price_Measure_Unit.name>
      <curveType>A03</curveType>
        <Period>
          <timeInterval>
            <start>2026-02-16T23:00Z</start>
            <end>2026-02-18T06:00Z</end>
          </timeInterval>
          <resolution>PT15M</resolution>
            <Point>
              <position>1</position>
              <imbalance_Price.amount>915.3</imbalance_Price.amount>
              <imbalance_Price.category>A04</imbalance_Price.category>
            </Point>
            <Point>
              <position>2</position>
              <imbalance_Price.amount>1972.376</imbalance_Price.amount>
              <imbalance_Price.category>A04</imbalance_Price.category>
            </Point>
            <Point>
              <position>3</position>
              <imbalance_Price.amount>932.272</imbalance_Price.amount>
              <imbalance_Price.category>A04</imbalance_Price.category>
            </Point>
            <Point>
              <position>4</position>
              <imbalance_Price.amount>1013.184</imbalance_Price.amount>
              <imbalance_Price.category>A04</imbalance_Price.category>
            </Point>
            <Point>
              <position>5</position>
              <imbalance_Price.amount>907.541</imbalance_Price.amount>
              <imbalance_Price.category>A04</imbalance_Price.category>
            </Point>
            <Point>
              <position>6</position>
              <imbalance_Price.amount>1502.3</imbalance_Price.amount>
              <imbalance_Price.category>A04</imbalance_Price.category>
            </Point>
            <Point>
              <position>7</position>
              <imbalance_Price.amount>892.365</imbalance_Price.amount>
              <imbalance_Price.category>A04</imbalance_Price.category>
            </Point>
            <Point>
              <position>8</position>
              <imbalance_Price.amount>893.853</imbalance_Price.amount>
              <imbalance_Price.category>A04</imbalance_Price.category>
            </Point>
            <Point>
              <position>9</position>
              <imbalance_Price.amount>892.88</imbalance_Price.amount>
              <imbalance_Price.category>A04</imbalance_Price.category>
            </Point>
            <Point>
              <position>10</position>
              <imbalance_Price.amount>905.541</imbalance_Price.amount>
              <imbalance_Price.category>A04</imbalance_Price.category>
            </Point>
            <Point>
              <position>11</position>
              <imbalance_Price.amount>907.803</imbalance_Price.amount>
              <imbalance_Price.category>A04</imbalance_Price.category>
            </Point>
            <Point>
              <position>12</position>
              <imbalance_Price.amount>909.889</imbalance_Price.amount>
              <imbalance_Price.category>A04</imbalance_Price.category>
            </Point>
            <Point>
              <position>13</position>
              <imbalance_Price.amount>999.636</imbalance_Price.amount>
              <imbalance_Price.category>A04</imbalance_Price.category>
            </Point>
            <Point>
              <position>14</position>
              <imbalance_Price.amount>913.837</imbalance_Price.amount>
              <imbalance_Price.category>A04</imbalance_Price.category>
            </Point>
            <Point>
              <position>15</position>
              <imbalance_Price.amount>908.192</imbalance_Price.amount>
              <imbalance_Price.category>A04</imbalance_Price.category>
            </Point>
            <Point>
              <position>16</position>
              <imbalance_Price.amount>904.309</imbalance_Price.amount>
              <imbalance_Price.category>A04</imbalance_Price.category>
            </Point>
            <Point>
              <position>17</position>
              <imbalance_Price.amount>1555.439</imbalance_Price.amount>
              <imbalance_Price.category>A04</imbalance_Price.category>
            </Point>
            <Point>
              <position>18</position>
              <imbalance_Price.amount>1105.107</imbalance_Price.amount>
              <imbalance_Price.category>A04</imbalance_Price.category>
            </Point>
            <Point>
              <position>19</position>
              <imbalance_Price.amount>909.206</imbalance_Price.amount>
              <imbalance_Price.category>A04</imbalance_Price.category>
            </Point>
            <Point>
              <position>20</position>
              <imbalance_Price.amount>914.396</imbalance_Price.amount>
              <imbalance_Price.category>A04</imbalance_Price.category>
            </Point>
            <Point>
              <position>21</position>
              <imbalance_Price.amount>935.986</imbalance_Price.amount>
              <imbalance_Price.category>A04</imbalance_Price.category>
            </Point>
            <Point>
              <position>22</position>
              <imbalance_Price.amount>934.99</imbalance_Price.amount>
              <imbalance_Price.category>A04</imbalance_Price.category>
            </Point>
            <Point>
              <position>23</position>
              <imbalance_Price.amount>1022.932</imbalance_Price.amount>
              <imbalance_Price.category>A04</imbalance_Price.category>
            </Point>
            <Point>
              <position>24</position>
              <imbalance_Price.amount>959.304</imbalance_Price.amount>
              <imbalance_Price.category>A04</imbalance_Price.category>
            </Point>
            <Point>
              <position>25</position>
              <imbalance_Price.amount>979.927</imbalance_Price.amount>
              <imbalance_Price.category>A04</imbalance_Price.category>
            </Point>
            <Point>
              <position>26</position>
              <imbalance_Price.amount>783.98</imbalance_Price.amount>
              <imbalance_Price.category>A04</imbalance_Price.category>
            </Point>
            <Point>
              <position>27</position>
              <imbalance_Price.amount>679.864</imbalance_Price.amount>
              <imbalance_Price.category>A04</imbalance_Price.category>
            </Point>
            <Point>
              <position>28</position>
              <imbalance_Price.amount>632.882</imbalance_Price.amount>
              <imbalance_Price.category>A04</imbalance_Price.category>
            </Point>
            <Point>
              <position>29</position>
              <imbalance_Price.amount>3145.203</imbalance_Price.amount>
              <imbalance_Price.category>A04</imbalance_Price.category>
            </Point>
            <Point>
              <position>30</position>
              <imbalance_Price.amount>971.51</imbalance_Price.amount>
              <imbalance_Price.category>A04</imbalance_Price.category>
            </Point>
            <Point>
              <position>31</position>
              <imbalance_Price.amount>1085.708</imbalance_Price.amount>
              <imbalance_Price.category>A04</imbalance_Price.category>
            </Point>
            <Point>
              <position>32</position>
              <imbalance_Price.amount>371.791</imbalance_Price.amount>
              <imbalance_Price.category>A04</imbalance_Price.category>
            </Point>
            <Point>
              <position>33</position>
              <imbalance_Price.amount>311.912</imbalance_Price.amount>
              <imbalance_Price.category>A04</imbalance_Price.category>
            </Point>
            <Point>
              <position>34</position>
              <imbalance_Price.amount>400</imbalance_Price.amount>
              <imbalance_Price.category>A04</imbalance_Price.category>
            </Point>
            <Point>
              <position>35</position>
              <imbalance_Price.amount>772.449</imbalance_Price.amount>
              <imbalance_Price.category>A04</imbalance_Price.category>
            </Point>
            <Point>
              <position>36</position>
              <imbalance_Price.amount>358.542</imbalance_Price.amount>
              <imbalance_Price.category>A04</imbalance_Price.category>
            </Point>
            <Point>
              <position>37</position>
              <imbalance_Price.amount>1139.139</imbalance_Price.amount>
              <imbalance_Price.category>A04</imbalance_Price.category>
            </Point>
            <Point>
              <position>38</position>
              <imbalance_Price.amount>4816.128</imbalance_Price.amount>
              <imbalance_Price.category>A04</imbalance_Price.category>
            </Point>
            <Point>
              <position>39</position>
              <imbalance_Price.amount>1074.685</imbalance_Price.amount>
              <imbalance_Price.category>A04</imbalance_Price.category>
            </Point>
            <Point>
              <position>40</position>
              <imbalance_Price.amount>1212.905</imbalance_Price.amount>
              <imbalance_Price.category>A04</imbalance_Price.category>
            </Point>
            <Point>
              <position>41</position>
              <imbalance_Price.amount>1022.454</imbalance_Price.amount>
              <imbalance_Price.category>A04</imbalance_Price.category>
            </Point>
            <Point>
              <position>42</position>
              <imbalance_Price.amount>1014.531</imbalance_Price.amount>
              <imbalance_Price.category>A04</imbalance_Price.category>
            </Point>
            <Point>
              <position>43</position>
              <imbalance_Price.amount>1017.91</imbalance_Price.amount>
              <imbalance_Price.category>A04</imbalance_Price.category>
            </Point>
            <Point>
              <position>44</position>
              <imbalance_Price.amount>1751.459</imbalance_Price.amount>
              <imbalance_Price.category>A04</imbalance_Price.category>
            </Point>
            <Point>
              <position>45</position>
              <imbalance_Price.amount>972.847</imbalance_Price.amount>
              <imbalance_Price.category>A04</imbalance_Price.category>
            </Point>
            <Point>
              <position>46</position>
              <imbalance_Price.amount>996</imbalance_Price.amount>
              <imbalance_Price.category>A04</imbalance_Price.category>
            </Point>
            <Point>
              <position>47</position>
              <imbalance_Price.amount>399.641</imbalance_Price.amount>
              <imbalance_Price.category>A04</imbalance_Price.category>
            </Point>
            <Point>
              <position>48</position>
              <imbalance_Price.amount>246.983</imbalance_Price.amount>
              <imbalance_Price.category>A04</imbalance_Price.category>
            </Point>
            <Point>
              <position>49</position>
              <imbalance_Price.amount>255.807</imbalance_Price.amount>
              <imbalance_Price.category>A04</imbalance_Price.category>
            </Point>
            <Point>
              <position>50</position>
              <imbalance_Price.amount>226.85</imbalance_Price.amount>
              <imbalance_Price.category>A04</imbalance_Price.category>
            </Point>
            <Point>
              <position>51</position>
              <imbalance_Price.amount>746.621</imbalance_Price.amount>
              <imbalance_Price.category>A04</imbalance_Price.category>
            </Point>
            <Point>
              <position>52</position>
              <imbalance_Price.amount>332.579</imbalance_Price.amount>
              <imbalance_Price.category>A04</imbalance_Price.category>
            </Point>
            <Point>
              <position>53</position>
              <imbalance_Price.amount>813.612</imbalance_Price.amount>
              <imbalance_Price.category>A04</imbalance_Price.category>
            </Point>
            <Point>
              <position>54</position>
              <imbalance_Price.amount>759.895</imbalance_Price.amount>
              <imbalance_Price.category>A04</imbalance_Price.category>
            </Point>
            <Point>
              <position>55</position>
              <imbalance_Price.amount>804.039</imbalance_Price.amount>
              <imbalance_Price.category>A04</imbalance_Price.category>
            </Point>
            <Point>
              <position>56</position>
              <imbalance_Price.amount>862.037</imbalance_Price.amount>
              <imbalance_Price.category>A04</imbalance_Price.category>
            </Point>
            <Point>
              <position>57</position>
              <imbalance_Price.amount>3585.469</imbalance_Price.amount>
              <imbalance_Price.category>A04</imbalance_Price.category>
            </Point>
            <Point>
              <position>58</position>
              <imbalance_Price.amount>1332.565</imbalance_Price.amount>
              <imbalance_Price.category>A04</imbalance_Price.category>
            </Point>
            <Point>
              <position>59</position>
              <imbalance_Price.amount>711.474</imbalance_Price.amount>
              <imbalance_Price.category>A04</imbalance_Price.category>
            </Point>
            <Point>
              <position>60</position>
              <imbalance_Price.amount>857.192</imbalance_Price.amount>
              <imbalance_Price.category>A04</imbalance_Price.category>
            </Point>
            <Point>
              <position>61</position>
              <imbalance_Price.amount>827.135</imbalance_Price.amount>
              <imbalance_Price.category>A04</imbalance_Price.category>
            </Point>
            <Point>
              <position>62</position>
              <imbalance_Price.amount>500</imbalance_Price.amount>
              <imbalance_Price.category>A04</imbalance_Price.category>
            </Point>
            <Point>
              <position>64</position>
              <imbalance_Price.amount>343.971</imbalance_Price.amount>
              <imbalance_Price.category>A04</imbalance_Price.category>
            </Point>
            <Point>
              <position>65</position>
              <imbalance_Price.amount>289.382</imbalance_Price.amount>
              <imbalance_Price.category>A04</imbalance_Price.category>
            </Point>
            <Point>
              <position>66</position>
              <imbalance_Price.amount>443.83</imbalance_Price.amount>
              <imbalance_Price.category>A04</imbalance_Price.category>
            </Point>
            <Point>
              <position>67</position>
              <imbalance_Price.amount>780.529</imbalance_Price.amount>
              <imbalance_Price.category>A04</imbalance_Price.category>
            </Point>
            <Point>
              <position>68</position>
              <imbalance_Price.amount>851.141</imbalance_Price.amount>
              <imbalance_Price.category>A04</imbalance_Price.category>
            </Point>
            <Point>
              <position>69</position>
              <imbalance_Price.amount>984.669</imbalance_Price.amount>
              <imbalance_Price.category>A04</imbalance_Price.category>
            </Point>
            <Point>
              <position>70</position>
              <imbalance_Price.amount>980.658</imbalance_Price.amount>
              <imbalance_Price.category>A04</imbalance_Price.category>
            </Point>
            <Point>
              <position>71</position>
              <imbalance_Price.amount>794.732</imbalance_Price.amount>
              <imbalance_Price.category>A04</imbalance_Price.category>
            </Point>
            <Point>
              <position>72</position>
              <imbalance_Price.amount>796.395</imbalance_Price.amount>
              <imbalance_Price.category>A04</imbalance_Price.category>
            </Point>
            <Point>
              <position>73</position>
              <imbalance_Price.amount>807.912</imbalance_Price.amount>
              <imbalance_Price.category>A04</imbalance_Price.category>
            </Point>
            <Point>
              <position>74</position>
              <imbalance_Price.amount>882.883</imbalance_Price.amount>
              <imbalance_Price.category>A04</imbalance_Price.category>
            </Point>
            <Point>
              <position>75</position>
              <imbalance_Price.amount>769.962</imbalance_Price.amount>
              <imbalance_Price.category>A04</imbalance_Price.category>
            </Point>
            <Point>
              <position>76</position>
              <imbalance_Price.amount>277.807</imbalance_Price.amount>
              <imbalance_Price.category>A04</imbalance_Price.category>
            </Point>
            <Point>
              <position>77</position>
              <imbalance_Price.amount>599</imbalance_Price.amount>
              <imbalance_Price.category>A04</imbalance_Price.category>
            </Point>
            <Point>
              <position>78</position>
              <imbalance_Price.amount>709.898</imbalance_Price.amount>
              <imbalance_Price.category>A04</imbalance_Price.category>
            </Point>
            <Point>
              <position>79</position>
              <imbalance_Price.amount>258.394</imbalance_Price.amount>
              <imbalance_Price.category>A04</imbalance_Price.category>
            </Point>
            <Point>
              <position>80</position>
              <imbalance_Price.amount>867.422</imbalance_Price.amount>
              <imbalance_Price.category>A04</imbalance_Price.category>
            </Point>
            <Point>
              <position>81</position>
              <imbalance_Price.amount>832.479</imbalance_Price.amount>
              <imbalance_Price.category>A04</imbalance_Price.category>
            </Point>
            <Point>
              <position>82</position>
              <imbalance_Price.amount>790.203</imbalance_Price.amount>
              <imbalance_Price.category>A04</imbalance_Price.category>
            </Point>
            <Point>
              <position>83</position>
              <imbalance_Price.amount>305.855</imbalance_Price.amount>
              <imbalance_Price.category>A04</imbalance_Price.category>
            </Point>
            <Point>
              <position>84</position>
              <imbalance_Price.amount>668.811</imbalance_Price.amount>
              <imbalance_Price.category>A04</imbalance_Price.category>
            </Point>
            <Point>
              <position>85</position>
              <imbalance_Price.amount>890.74</imbalance_Price.amount>
              <imbalance_Price.category>A04</imbalance_Price.category>
            </Point>
            <Point>
              <position>86</position>
              <imbalance_Price.amount>878.145</imbalance_Price.amount>
              <imbalance_Price.category>A04</imbalance_Price.category>
            </Point>
            <Point>
              <position>87</position>
              <imbalance_Price.amount>869.127</imbalance_Price.amount>
              <imbalance_Price.category>A04</imbalance_Price.category>
            </Point>
            <Point>
              <position>88</position>
              <imbalance_Price.amount>867.617</imbalance_Price.amount>
              <imbalance_Price.category>A04</imbalance_Price.category>
            </Point>
            <Point>
              <position>89</position>
              <imbalance_Price.amount>2295.746</imbalance_Price.amount>
              <imbalance_Price.category>A04</imbalance_Price.category>
            </Point>
            <Point>
              <position>90</position>
              <imbalance_Price.amount>1200.973</imbalance_Price.amount>
              <imbalance_Price.category>A04</imbalance_Price.category>
            </Point>
            <Point>
              <position>91</position>
              <imbalance_Price.amount>818.171</imbalance_Price.amount>
              <imbalance_Price.category>A04</imbalance_Price.category>
            </Point>
            <Point>
              <position>92</position>
              <imbalance_Price.amount>816.037</imbalance_Price.amount>
              <imbalance_Price.category>A04</imbalance_Price.category>
            </Point>
            <Point>
              <position>93</position>
              <imbalance_Price.amount>992.722</imbalance_Price.amount>
              <imbalance_Price.category>A04</imbalance_Price.category>
            </Point>
            <Point>
              <position>94</position>
              <imbalance_Price.amount>727.223</imbalance_Price.amount>
              <imbalance_Price.category>A04</imbalance_Price.category>
            </Point>
            <Point>
              <position>95</position>
              <imbalance_Price.amount>875.752</imbalance_Price.amount>
              <imbalance_Price.category>A04</imbalance_Price.category>
            </Point>
            <Point>
              <position>96</position>
              <imbalance_Price.amount>716.834</imbalance_Price.amount>
              <imbalance_Price.category>A04</imbalance_Price.category>
            </Point>
            <Point>
              <position>97</position>
              <imbalance_Price.amount>507.022</imbalance_Price.amount>
              <imbalance_Price.category>A04</imbalance_Price.category>
            </Point>
            <Point>
              <position>98</position>
              <imbalance_Price.amount>510.951</imbalance_Price.amount>
              <imbalance_Price.category>A04</imbalance_Price.category>
            </Point>
            <Point>
              <position>99</position>
              <imbalance_Price.amount>548.38</imbalance_Price.amount>
              <imbalance_Price.category>A04</imbalance_Price.category>
            </Point>
            <Point>
              <position>100</position>
              <imbalance_Price.amount>507.036</imbalance_Price.amount>
              <imbalance_Price.category>A04</imbalance_Price.category>
            </Point>
            <Point>
              <position>101</position>
              <imbalance_Price.amount>542.023</imbalance_Price.amount>
              <imbalance_Price.category>A04</imbalance_Price.category>
            </Point>
            <Point>
              <position>102</position>
              <imbalance_Price.amount>539.59</imbalance_Price.amount>
              <imbalance_Price.category>A04</imbalance_Price.category>
            </Point>
            <Point>
              <position>103</position>
              <imbalance_Price.amount>588.087</imbalance_Price.amount>
              <imbalance_Price.category>A04</imbalance_Price.category>
            </Point>
            <Point>
              <position>104</position>
              <imbalance_Price.amount>507.676</imbalance_Price.amount>
              <imbalance_Price.category>A04</imbalance_Price.category>
            </Point>
            <Point>
              <position>105</position>
              <imbalance_Price.amount>533.218</imbalance_Price.amount>
              <imbalance_Price.category>A04</imbalance_Price.category>
            </Point>
            <Point>
              <position>106</position>
              <imbalance_Price.amount>511.908</imbalance_Price.amount>
              <imbalance_Price.category>A04</imbalance_Price.category>
            </Point>
            <Point>
              <position>107</position>
              <imbalance_Price.amount>510.078</imbalance_Price.amount>
              <imbalance_Price.category>A04</imbalance_Price.category>
            </Point>
            <Point>
              <position>108</position>
              <imbalance_Price.amount>510.03</imbalance_Price.amount>
              <imbalance_Price.category>A04</imbalance_Price.category>
            </Point>
            <Point>
              <position>109</position>
              <imbalance_Price.amount>588.39</imbalance_Price.amount>
              <imbalance_Price.category>A04</imbalance_Price.category>
            </Point>
            <Point>
              <position>110</position>
              <imbalance_Price.amount>734.651</imbalance_Price.amount>
              <imbalance_Price.category>A04</imbalance_Price.category>
            </Point>
            <Point>
              <position>111</position>
              <imbalance_Price.amount>834.208</imbalance_Price.amount>
              <imbalance_Price.category>A04</imbalance_Price.category>
            </Point>
            <Point>
              <position>112</position>
              <imbalance_Price.amount>563.012</imbalance_Price.amount>
              <imbalance_Price.category>A04</imbalance_Price.category>
            </Point>
            <Point>
              <position>113</position>
              <imbalance_Price.amount>525.74</imbalance_Price.amount>
              <imbalance_Price.category>A04</imbalance_Price.category>
            </Point>
            <Point>
              <position>114</position>
              <imbalance_Price.amount>525.748</imbalance_Price.amount>
              <imbalance_Price.category>A04</imbalance_Price.category>
            </Point>
            <Point>
              <position>115</position>
              <imbalance_Price.amount>1105.406</imbalance_Price.amount>
              <imbalance_Price.category>A04</imbalance_Price.category>
            </Point>
            <Point>
              <position>116</position>
              <imbalance_Price.amount>627.355</imbalance_Price.amount>
              <imbalance_Price.category>A04</imbalance_Price.category>
            </Point>
            <Point>
              <position>117</position>
              <imbalance_Price.amount>830.521</imbalance_Price.amount>
              <imbalance_Price.category>A04</imbalance_Price.category>
            </Point>
            <Point>
              <position>118</position>
              <imbalance_Price.amount>834.886</imbalance_Price.amount>
              <imbalance_Price.category>A04</imbalance_Price.category>
            </Point>
            <Point>
              <position>119</position>
              <imbalance_Price.amount>826.25</imbalance_Price.amount>
              <imbalance_Price.category>A04</imbalance_Price.category>
            </Point>
            <Point>
              <position>120</position>
              <imbalance_Price.amount>821.918</imbalance_Price.amount>
              <imbalance_Price.category>A04</imbalance_Price.category>
            </Point>
            <Point>
              <position>121</position>
              <imbalance_Price.amount>1000</imbalance_Price.amount>
              <imbalance_Price.category>A04</imbalance_Price.category>
            </Point>
            <Point>
              <position>122</position>
              <imbalance_Price.amount>999.599</imbalance_Price.amount>
              <imbalance_Price.category>A04</imbalance_Price.category>
            </Point>
            <Point>
              <position>123</position>
              <imbalance_Price.amount>998.82</imbalance_Price.amount>
              <imbalance_Price.category>A04</imbalance_Price.category>
            </Point>
            <Point>
              <position>124</position>
              <imbalance_Price.amount>999.968</imbalance_Price.amount>
              <imbalance_Price.category>A04</imbalance_Price.category>
            </Point>
        </Period>
    </TimeSeries>
    <TimeSeries>
      <mRID>2</mRID>
      <businessType>A19</businessType>
      <currency_Unit.name>RON</currency_Unit.name>
      <price_Measure_Unit.name>MWH</price_Measure_Unit.name>
      <curveType>A03</curveType>
        <Period>
          <timeInterval>
            <start>2026-02-16T23:00Z</start>
            <end>2026-02-18T06:00Z</end>
          </timeInterval>
          <resolution>PT15M</resolution>
            <Point>
              <position>1</position>
              <imbalance_Price.amount>915.3</imbalance_Price.amount>
              <imbalance_Price.category>A05</imbalance_Price.category>
            </Point>
            <Point>
              <position>2</position>
              <imbalance_Price.amount>1972.376</imbalance_Price.amount>
              <imbalance_Price.category>A05</imbalance_Price.category>
            </Point>
            <Point>
              <position>3</position>
              <imbalance_Price.amount>932.272</imbalance_Price.amount>
              <imbalance_Price.category>A05</imbalance_Price.category>
            </Point>
            <Point>
              <position>4</position>
              <imbalance_Price.amount>1013.184</imbalance_Price.amount>
              <imbalance_Price.category>A05</imbalance_Price.category>
            </Point>
            <Point>
              <position>5</position>
              <imbalance_Price.amount>907.541</imbalance_Price.amount>
              <imbalance_Price.category>A05</imbalance_Price.category>
            </Point>
            <Point>
              <position>6</position>
              <imbalance_Price.amount>1502.3</imbalance_Price.amount>
              <imbalance_Price.category>A05</imbalance_Price.category>
            </Point>
            <Point>
              <position>7</position>
              <imbalance_Price.amount>892.365</imbalance_Price.amount>
              <imbalance_Price.category>A05</imbalance_Price.category>
            </Point>
            <Point>
              <position>8</position>
              <imbalance_Price.amount>893.853</imbalance_Price.amount>
              <imbalance_Price.category>A05</imbalance_Price.category>
            </Point>
            <Point>
              <position>9</position>
              <imbalance_Price.amount>892.88</imbalance_Price.amount>
              <imbalance_Price.category>A05</imbalance_Price.category>
            </Point>
            <Point>
              <position>10</position>
              <imbalance_Price.amount>905.541</imbalance_Price.amount>
              <imbalance_Price.category>A05</imbalance_Price.category>
            </Point>
            <Point>
              <position>11</position>
              <imbalance_Price.amount>907.803</imbalance_Price.amount>
              <imbalance_Price.category>A05</imbalance_Price.category>
            </Point>
            <Point>
              <position>12</position>
              <imbalance_Price.amount>909.889</imbalance_Price.amount>
              <imbalance_Price.category>A05</imbalance_Price.category>
            </Point>
            <Point>
              <position>13</position>
              <imbalance_Price.amount>999.636</imbalance_Price.amount>
              <imbalance_Price.category>A05</imbalance_Price.category>
            </Point>
            <Point>
              <position>14</position>
              <imbalance_Price.amount>913.837</imbalance_Price.amount>
              <imbalance_Price.category>A05</imbalance_Price.category>
            </Point>
            <Point>
              <position>15</position>
              <imbalance_Price.amount>908.192</imbalance_Price.amount>
              <imbalance_Price.category>A05</imbalance_Price.category>
            </Point>
            <Point>
              <position>16</position>
              <imbalance_Price.amount>904.309</imbalance_Price.amount>
              <imbalance_Price.category>A05</imbalance_Price.category>
            </Point>
            <Point>
              <position>17</position>
              <imbalance_Price.amount>1555.439</imbalance_Price.amount>
              <imbalance_Price.category>A05</imbalance_Price.category>
            </Point>
            <Point>
              <position>18</position>
              <imbalance_Price.amount>1105.107</imbalance_Price.amount>
              <imbalance_Price.category>A05</imbalance_Price.category>
            </Point>
            <Point>
              <position>19</position>
              <imbalance_Price.amount>909.206</imbalance_Price.amount>
              <imbalance_Price.category>A05</imbalance_Price.category>
            </Point>
            <Point>
              <position>20</position>
              <imbalance_Price.amount>914.396</imbalance_Price.amount>
              <imbalance_Price.category>A05</imbalance_Price.category>
            </Point>
            <Point>
              <position>21</position>
              <imbalance_Price.amount>935.986</imbalance_Price.amount>
              <imbalance_Price.category>A05</imbalance_Price.category>
            </Point>
            <Point>
              <position>22</position>
              <imbalance_Price.amount>934.99</imbalance_Price.amount>
              <imbalance_Price.category>A05</imbalance_Price.category>
            </Point>
            <Point>
              <position>23</position>
              <imbalance_Price.amount>1022.932</imbalance_Price.amount>
              <imbalance_Price.category>A05</imbalance_Price.category>
            </Point>
            <Point>
              <position>24</position>
              <imbalance_Price.amount>959.304</imbalance_Price.amount>
              <imbalance_Price.category>A05</imbalance_Price.category>
            </Point>
            <Point>
              <position>25</position>
              <imbalance_Price.amount>979.927</imbalance_Price.amount>
              <imbalance_Price.category>A05</imbalance_Price.category>
            </Point>
            <Point>
              <position>26</position>
              <imbalance_Price.amount>783.98</imbalance_Price.amount>
              <imbalance_Price.category>A05</imbalance_Price.category>
            </Point>
            <Point>
              <position>27</position>
              <imbalance_Price.amount>679.864</imbalance_Price.amount>
              <imbalance_Price.category>A05</imbalance_Price.category>
            </Point>
            <Point>
              <position>28</position>
              <imbalance_Price.amount>632.882</imbalance_Price.amount>
              <imbalance_Price.category>A05</imbalance_Price.category>
            </Point>
            <Point>
              <position>29</position>
              <imbalance_Price.amount>3145.203</imbalance_Price.amount>
              <imbalance_Price.category>A05</imbalance_Price.category>
            </Point>
            <Point>
              <position>30</position>
              <imbalance_Price.amount>971.51</imbalance_Price.amount>
              <imbalance_Price.category>A05</imbalance_Price.category>
            </Point>
            <Point>
              <position>31</position>
              <imbalance_Price.amount>1085.708</imbalance_Price.amount>
              <imbalance_Price.category>A05</imbalance_Price.category>
            </Point>
            <Point>
              <position>32</position>
              <imbalance_Price.amount>371.791</imbalance_Price.amount>
              <imbalance_Price.category>A05</imbalance_Price.category>
            </Point>
            <Point>
              <position>33</position>
              <imbalance_Price.amount>311.912</imbalance_Price.amount>
              <imbalance_Price.category>A05</imbalance_Price.category>
            </Point>
            <Point>
              <position>34</position>
              <imbalance_Price.amount>400</imbalance_Price.amount>
              <imbalance_Price.category>A05</imbalance_Price.category>
            </Point>
            <Point>
              <position>35</position>
              <imbalance_Price.amount>772.449</imbalance_Price.amount>
              <imbalance_Price.category>A05</imbalance_Price.category>
            </Point>
            <Point>
              <position>36</position>
              <imbalance_Price.amount>358.542</imbalance_Price.amount>
              <imbalance_Price.category>A05</imbalance_Price.category>
            </Point>
            <Point>
              <position>37</position>
              <imbalance_Price.amount>1139.139</imbalance_Price.amount>
              <imbalance_Price.category>A05</imbalance_Price.category>
            </Point>
            <Point>
              <position>38</position>
              <imbalance_Price.amount>4816.128</imbalance_Price.amount>
              <imbalance_Price.category>A05</imbalance_Price.category>
            </Point>
            <Point>
              <position>39</position>
              <imbalance_Price.amount>1074.685</imbalance_Price.amount>
              <imbalance_Price.category>A05</imbalance_Price.category>
            </Point>
            <Point>
              <position>40</position>
              <imbalance_Price.amount>1212.905</imbalance_Price.amount>
              <imbalance_Price.category>A05</imbalance_Price.category>
            </Point>
            <Point>
              <position>41</position>
              <imbalance_Price.amount>1022.454</imbalance_Price.amount>
              <imbalance_Price.category>A05</imbalance_Price.category>
            </Point>
            <Point>
              <position>42</position>
              <imbalance_Price.amount>1014.531</imbalance_Price.amount>
              <imbalance_Price.category>A05</imbalance_Price.category>
            </Point>
            <Point>
              <position>43</position>
              <imbalance_Price.amount>1017.91</imbalance_Price.amount>
              <imbalance_Price.category>A05</imbalance_Price.category>
            </Point>
            <Point>
              <position>44</position>
              <imbalance_Price.amount>1751.459</imbalance_Price.amount>
              <imbalance_Price.category>A05</imbalance_Price.category>
            </Point>
            <Point>
              <position>45</position>
              <imbalance_Price.amount>972.847</imbalance_Price.amount>
              <imbalance_Price.category>A05</imbalance_Price.category>
            </Point>
            <Point>
              <position>46</position>
              <imbalance_Price.amount>996</imbalance_Price.amount>
              <imbalance_Price.category>A05</imbalance_Price.category>
            </Point>
            <Point>
              <position>47</position>
              <imbalance_Price.amount>399.641</imbalance_Price.amount>
              <imbalance_Price.category>A05</imbalance_Price.category>
            </Point>
            <Point>
              <position>48</position>
              <imbalance_Price.amount>246.983</imbalance_Price.amount>
              <imbalance_Price.category>A05</imbalance_Price.category>
            </Point>
            <Point>
              <position>49</position>
              <imbalance_Price.amount>255.807</imbalance_Price.amount>
              <imbalance_Price.category>A05</imbalance_Price.category>
            </Point>
            <Point>
              <position>50</position>
              <imbalance_Price.amount>226.85</imbalance_Price.amount>
              <imbalance_Price.category>A05</imbalance_Price.category>
            </Point>
            <Point>
              <position>51</position>
              <imbalance_Price.amount>746.621</imbalance_Price.amount>
              <imbalance_Price.category>A05</imbalance_Price.category>
            </Point>
            <Point>
              <position>52</position>
              <imbalance_Price.amount>332.579</imbalance_Price.amount>
              <imbalance_Price.category>A05</imbalance_Price.category>
            </Point>
            <Point>
              <position>53</position>
              <imbalance_Price.amount>813.612</imbalance_Price.amount>
              <imbalance_Price.category>A05</imbalance_Price.category>
            </Point>
            <Point>
              <position>54</position>
              <imbalance_Price.amount>759.895</imbalance_Price.amount>
              <imbalance_Price.category>A05</imbalance_Price.category>
            </Point>
            <Point>
              <position>55</position>
              <imbalance_Price.amount>804.039</imbalance_Price.amount>
              <imbalance_Price.category>A05</imbalance_Price.category>
            </Point>
            <Point>
              <position>56</position>
              <imbalance_Price.amount>862.037</imbalance_Price.amount>
              <imbalance_Price.category>A05</imbalance_Price.category>
            </Point>
            <Point>
              <position>57</position>
              <imbalance_Price.amount>3585.469</imbalance_Price.amount>
              <imbalance_Price.category>A05</imbalance_Price.category>
            </Point>
            <Point>
              <position>58</position>
              <imbalance_Price.amount>1332.565</imbalance_Price.amount>
              <imbalance_Price.category>A05</imbalance_Price.category>
            </Point>
            <Point>
              <position>59</position>
              <imbalance_Price.amount>711.474</imbalance_Price.amount>
              <imbalance_Price.category>A05</imbalance_Price.category>
            </Point>
            <Point>
              <position>60</position>
              <imbalance_Price.amount>857.192</imbalance_Price.amount>
              <imbalance_Price.category>A05</imbalance_Price.category>
            </Point>
            <Point>
              <position>61</position>
              <imbalance_Price.amount>827.135</imbalance_Price.amount>
              <imbalance_Price.category>A05</imbalance_Price.category>
            </Point>
            <Point>
              <position>62</position>
              <imbalance_Price.amount>500</imbalance_Price.amount>
              <imbalance_Price.category>A05</imbalance_Price.category>
            </Point>
            <Point>
              <position>64</position>
              <imbalance_Price.amount>343.971</imbalance_Price.amount>
              <imbalance_Price.category>A05</imbalance_Price.category>
            </Point>
            <Point>
              <position>65</position>
              <imbalance_Price.amount>289.382</imbalance_Price.amount>
              <imbalance_Price.category>A05</imbalance_Price.category>
            </Point>
            <Point>
              <position>66</position>
              <imbalance_Price.amount>443.83</imbalance_Price.amount>
              <imbalance_Price.category>A05</imbalance_Price.category>
            </Point>
            <Point>
              <position>67</position>
              <imbalance_Price.amount>780.529</imbalance_Price.amount>
              <imbalance_Price.category>A05</imbalance_Price.category>
            </Point>
            <Point>
              <position>68</position>
              <imbalance_Price.amount>851.141</imbalance_Price.amount>
              <imbalance_Price.category>A05</imbalance_Price.category>
            </Point>
            <Point>
              <position>69</position>
              <imbalance_Price.amount>984.669</imbalance_Price.amount>
              <imbalance_Price.category>A05</imbalance_Price.category>
            </Point>
            <Point>
              <position>70</position>
              <imbalance_Price.amount>980.658</imbalance_Price.amount>
              <imbalance_Price.category>A05</imbalance_Price.category>
            </Point>
            <Point>
              <position>71</position>
              <imbalance_Price.amount>794.732</imbalance_Price.amount>
              <imbalance_Price.category>A05</imbalance_Price.category>
            </Point>
            <Point>
              <position>72</position>
              <imbalance_Price.amount>796.395</imbalance_Price.amount>
              <imbalance_Price.category>A05</imbalance_Price.category>
            </Point>
            <Point>
              <position>73</position>
              <imbalance_Price.amount>807.912</imbalance_Price.amount>
              <imbalance_Price.category>A05</imbalance_Price.category>
            </Point>
            <Point>
              <position>74</position>
              <imbalance_Price.amount>882.883</imbalance_Price.amount>
              <imbalance_Price.category>A05</imbalance_Price.category>
            </Point>
            <Point>
              <position>75</position>
              <imbalance_Price.amount>769.962</imbalance_Price.amount>
              <imbalance_Price.category>A05</imbalance_Price.category>
            </Point>
            <Point>
              <position>76</position>
              <imbalance_Price.amount>277.807</imbalance_Price.amount>
              <imbalance_Price.category>A05</imbalance_Price.category>
            </Point>
            <Point>
              <position>77</position>
              <imbalance_Price.amount>599</imbalance_Price.amount>
              <imbalance_Price.category>A05</imbalance_Price.category>
            </Point>
            <Point>
              <position>78</position>
              <imbalance_Price.amount>709.898</imbalance_Price.amount>
              <imbalance_Price.category>A05</imbalance_Price.category>
            </Point>
            <Point>
              <position>79</position>
              <imbalance_Price.amount>258.394</imbalance_Price.amount>
              <imbalance_Price.category>A05</imbalance_Price.category>
            </Point>
            <Point>
              <position>80</position>
              <imbalance_Price.amount>867.422</imbalance_Price.amount>
              <imbalance_Price.category>A05</imbalance_Price.category>
            </Point>
            <Point>
              <position>81</position>
              <imbalance_Price.amount>832.479</imbalance_Price.amount>
              <imbalance_Price.category>A05</imbalance_Price.category>
            </Point>
            <Point>
              <position>82</position>
              <imbalance_Price.amount>790.203</imbalance_Price.amount>
              <imbalance_Price.category>A05</imbalance_Price.category>
            </Point>
            <Point>
              <position>83</position>
              <imbalance_Price.amount>305.855</imbalance_Price.amount>
              <imbalance_Price.category>A05</imbalance_Price.category>
            </Point>
            <Point>
              <position>84</position>
              <imbalance_Price.amount>668.811</imbalance_Price.amount>
              <imbalance_Price.category>A05</imbalance_Price.category>
            </Point>
            <Point>
              <position>85</position>
              <imbalance_Price.amount>890.74</imbalance_Price.amount>
              <imbalance_Price.category>A05</imbalance_Price.category>
            </Point>
            <Point>
              <position>86</position>
              <imbalance_Price.amount>878.145</imbalance_Price.amount>
              <imbalance_Price.category>A05</imbalance_Price.category>
            </Point>
            <Point>
              <position>87</position>
              <imbalance_Price.amount>869.127</imbalance_Price.amount>
              <imbalance_Price.category>A05</imbalance_Price.category>
            </Point>
            <Point>
              <position>88</position>
              <imbalance_Price.amount>867.617</imbalance_Price.amount>
              <imbalance_Price.category>A05</imbalance_Price.category>
            </Point>
            <Point>
              <position>89</position>
              <imbalance_Price.amount>2295.746</imbalance_Price.amount>
              <imbalance_Price.category>A05</imbalance_Price.category>
            </Point>
            <Point>
              <position>90</position>
              <imbalance_Price.amount>1200.973</imbalance_Price.amount>
              <imbalance_Price.category>A05</imbalance_Price.category>
            </Point>
            <Point>
              <position>91</position>
              <imbalance_Price.amount>818.171</imbalance_Price.amount>
              <imbalance_Price.category>A05</imbalance_Price.category>
            </Point>
            <Point>
              <position>92</position>
              <imbalance_Price.amount>816.037</imbalance_Price.amount>
              <imbalance_Price.category>A05</imbalance_Price.category>
            </Point>
            <Point>
              <position>93</position>
              <imbalance_Price.amount>992.722</imbalance_Price.amount>
              <imbalance_Price.category>A05</imbalance_Price.category>
            </Point>
            <Point>
              <position>94</position>
              <imbalance_Price.amount>727.223</imbalance_Price.amount>
              <imbalance_Price.category>A05</imbalance_Price.category>
            </Point>
            <Point>
              <position>95</position>
              <imbalance_Price.amount>875.752</imbalance_Price.amount>
              <imbalance_Price.category>A05</imbalance_Price.category>
            </Point>
            <Point>
              <position>96</position>
              <imbalance_Price.amount>716.834</imbalance_Price.amount>
              <imbalance_Price.category>A05</imbalance_Price.category>
            </Point>
            <Point>
              <position>97</position>
              <imbalance_Price.amount>507.022</imbalance_Price.amount>
              <imbalance_Price.category>A05</imbalance_Price.category>
            </Point>
            <Point>
              <position>98</position>
              <imbalance_Price.amount>510.951</imbalance_Price.amount>
              <imbalance_Price.category>A05</imbalance_Price.category>
            </Point>
            <Point>
              <position>99</position>
              <imbalance_Price.amount>548.38</imbalance_Price.amount>
              <imbalance_Price.category>A05</imbalance_Price.category>
            </Point>
            <Point>
              <position>100</position>
              <imbalance_Price.amount>507.036</imbalance_Price.amount>
              <imbalance_Price.category>A05</imbalance_Price.category>
            </Point>
            <Point>
              <position>101</position>
              <imbalance_Price.amount>542.023</imbalance_Price.amount>
              <imbalance_Price.category>A05</imbalance_Price.category>
            </Point>
            <Point>
              <position>102</position>
              <imbalance_Price.amount>539.59</imbalance_Price.amount>
              <imbalance_Price.category>A05</imbalance_Price.category>
            </Point>
            <Point>
              <position>103</position>
              <imbalance_Price.amount>588.087</imbalance_Price.amount>
              <imbalance_Price.category>A05</imbalance_Price.category>
            </Point>
            <Point>
              <position>104</position>
              <imbalance_Price.amount>507.676</imbalance_Price.amount>
              <imbalance_Price.category>A05</imbalance_Price.category>
            </Point>
            <Point>
              <position>105</position>
              <imbalance_Price.amount>533.218</imbalance_Price.amount>
              <imbalance_Price.category>A05</imbalance_Price.category>
            </Point>
            <Point>
              <position>106</position>
              <imbalance_Price.amount>511.908</imbalance_Price.amount>
              <imbalance_Price.category>A05</imbalance_Price.category>
            </Point>
            <Point>
              <position>107</position>
              <imbalance_Price.amount>510.078</imbalance_Price.amount>
              <imbalance_Price.category>A05</imbalance_Price.category>
            </Point>
            <Point>
              <position>108</position>
              <imbalance_Price.amount>510.03</imbalance_Price.amount>
              <imbalance_Price.category>A05</imbalance_Price.category>
            </Point>
            <Point>
              <position>109</position>
              <imbalance_Price.amount>588.39</imbalance_Price.amount>
              <imbalance_Price.category>A05</imbalance_Price.category>
            </Point>
            <Point>
              <position>110</position>
              <imbalance_Price.amount>734.651</imbalance_Price.amount>
              <imbalance_Price.category>A05</imbalance_Price.category>
            </Point>
            <Point>
              <position>111</position>
              <imbalance_Price.amount>834.208</imbalance_Price.amount>
              <imbalance_Price.category>A05</imbalance_Price.category>
            </Point>
            <Point>
              <position>112</position>
              <imbalance_Price.amount>563.012</imbalance_Price.amount>
              <imbalance_Price.category>A05</imbalance_Price.category>
            </Point>
            <Point>
              <position>113</position>
              <imbalance_Price.amount>525.74</imbalance_Price.amount>
              <imbalance_Price.category>A05</imbalance_Price.category>
            </Point>
            <Point>
              <position>114</position>
              <imbalance_Price.amount>525.748</imbalance_Price.amount>
              <imbalance_Price.category>A05</imbalance_Price.category>
            </Point>
            <Point>
              <position>115</position>
              <imbalance_Price.amount>1105.406</imbalance_Price.amount>
              <imbalance_Price.category>A05</imbalance_Price.category>
            </Point>
            <Point>
              <position>116</position>
              <imbalance_Price.amount>627.355</imbalance_Price.amount>
              <imbalance_Price.category>A05</imbalance_Price.category>
            </Point>
            <Point>
              <position>117</position>
              <imbalance_Price.amount>830.521</imbalance_Price.amount>
              <imbalance_Price.category>A05</imbalance_Price.category>
            </Point>
            <Point>
              <position>118</position>
              <imbalance_Price.amount>834.886</imbalance_Price.amount>
              <imbalance_Price.category>A05</imbalance_Price.category>
            </Point>
            <Point>
              <position>119</position>
              <imbalance_Price.amount>826.25</imbalance_Price.amount>
              <imbalance_Price.category>A05</imbalance_Price.category>
            </Point>
            <Point>
              <position>120</position>
              <imbalance_Price.amount>821.918</imbalance_Price.amount>
              <imbalance_Price.category>A05</imbalance_Price.category>
            </Point>
            <Point>
              <position>121</position>
              <imbalance_Price.amount>1000</imbalance_Price.amount>
              <imbalance_Price.category>A05</imbalance_Price.category>
            </Point>
            <Point>
              <position>122</position>
              <imbalance_Price.amount>999.599</imbalance_Price.amount>
              <imbalance_Price.category>A05</imbalance_Price.category>
            </Point>
            <Point>
              <position>123</position>
              <imbalance_Price.amount>998.82</imbalance_Price.amount>
              <imbalance_Price.category>A05</imbalance_Price.category>
            </Point>
            <Point>
              <position>124</position>
              <imbalance_Price.amount>999.968</imbalance_Price.amount>
              <imbalance_Price.category>A05</imbalance_Price.category>
            </Point>
        </Period>
    </TimeSeries>
</Balancing_MarketDocument>