<?xml version="1.0" encoding="UTF-8"?>
<Balancing_MarketDocument xmlns="urn:iec62325.351:tc57wg16:451-6:balancingdocument:4:4">
	<mRID>f05b1bfa81c84c7bac5aea5d64a09b63</mRID>
	<revisionNumber>1</revisionNumber>
    <type>A85</type>
	<process.processType>A16</process.processType>
	<sender_MarketParticipant.mRID codingScheme="A01">10X1001A1001A450</sender_MarketParticipant.mRID>
	<sender_MarketParticipant.marketRole.type>A32</sender_MarketParticipant.marketRole.type>
	<receiver_MarketParticipant.mRID codingScheme="A01">10X1001A1001A450</receiver_MarketParticipant.mRID>
	<receiver_MarketParticipant.marketRole.type>A33</receiver_MarketParticipant.marketRole.type>
	<createdDateTime>2025-06-13T04:29:10Z</createdDateTime>
	<docStatus><value>A01</value></docStatus>
	<area_Domain.mRID codingScheme="A01">10YRO-TEL------P</area_Domain.mRID>
	<period.timeInterval>
		<start>2025-06-11T23:00Z</start>
		<end>2025-06-13T04:00Z</end>
	</period.timeInterval>
	<TimeSeries>
		<mRID>1</mRID>
		<businessType>A19</businessType>
		<currency_Unit.name>RON</currency_Unit.name>
		<price_Measure_Unit.name>MWH</price_Measure_Unit.name>
		<curveType>A01</curveType>
		<Period>
			<timeInterval>
				<start>2025-06-11T23:00Z</start>
				<end>2025-06-12T21:00Z</end>
			</timeInterval>
			<resolution>PT15M</resolution>
			<Point>
				<position>1</position>
				<imbalance_Price.amount>895.19</imbalance_Price.amount>
				<imbalance_Price.category>A04</imbalance_Price.category>
			</Point>
			<Point>
				<position>2</position>
				<imbalance_Price.amount>900.98</imbalance_Price.amount>
				<imbalance_Price.category>A04</imbalance_Price.category>
			</Point>
			<Point>
				<position>3</position>
				<imbalance_Price.amount>892.79</imbalance_Price.amount>
				<imbalance_Price.category>A04</imbalance_Price.category>
			</Point>
			<Point>
				<position>4</position>
				<imbalance_Price.amount>901.29</imbalance_Price.amount>
				<imbalance_Price.category>A04</imbalance_Price.category>
			</Point>
			<Point>
				<position>5</position>
				<imbalance_Price.amount>872.96</imbalance_Price.amount>
				<imbalance_Price.category>A04</imbalance_Price.category>
			</Point>
			<Point>
				<position>6</position>
				<imbalance_Price.amount>45.91</imbalance_Price.amount>
				<imbalance_Price.category>A04</imbalance_Price.category>
			</Point>
			<Point>
				<position>7</position>
				<imbalance_Price.amount>-2759.47</imbalance_Price.amount>
				<imbalance_Price.category>A04</imbalance_Price.category>
			</Point>
			<Point>
				<position>8</position>
				<imbalance_Price.amount>-949.93</imbalance_Price.amount>
				<imbalance_Price.category>A04</imbalance_Price.category>
			</Point>
			<Point>
				<position>9</position>
				<imbalance_Price.amount>156.66</imbalance_Price.amount>
				<imbalance_Price.category>A04</imbalance_Price.category>
			</Point>
			<Point>
				<position>10</position>
				<imbalance_Price.amount>192.91</imbalance_Price.amount>
				<imbalance_Price.category>A04</imbalance_Price.category>
			</Point>
			<Point>
				<position>11</position>
				<imbalance_Price.amount>198.39</imbalance_Price.amount>
				<imbalance_Price.category>A04</imbalance_Price.category>
			</Point>
			<Point>
				<position>12</position>
				<imbalance_Price.amount>333.11</imbalance_Price.amount>
				<imbalance_Price.category>A04</imbalance_Price.category>
			</Point>
			<Point>
				<position>13</position>
				<imbalance_Price.amount>308.23</imbalance_Price.amount>
				<imbalance_Price.category>A04</imbalance_Price.category>
			</Point>
			<Point>
				<position>14</position>
				<imbalance_Price.amount>279.20</imbalance_Price.amount>
				<imbalance_Price.category>A04</imbalance_Price.category>
			</Point>
			<Point>
				<position>15</position>
				<imbalance_Price.amount>151.05</imbalance_Price.amount>
				<imbalance_Price.category>A04</imbalance_Price.category>
			</Point>
			<Point>
				<position>16</position>
				<imbalance_Price.amount>268.89</imbalance_Price.amount>
				<imbalance_Price.category>A04</imbalance_Price.category>
			</Point>
			<Point>
				<position>17</position>
				<imbalance_Price.amount>129.62</imbalance_Price.amount>
				<imbalance_Price.category>A04</imbalance_Price.category>
			</Point>
			<Point>
				<position>18</position>
				<imbalance_Price.amount>111.84</imbalance_Price.amount>
				<imbalance_Price.category>A04</imbalance_Price.category>
			</Point>
			<Point>
				<position>19</position>
				<imbalance_Price.amount>176.72</imbalance_Price.amount>
				<imbalance_Price.category>A04</imbalance_Price.category>
			</Point>
			<Point>
				<position>20</position>
				<imbalance_Price.amount>341.44</imbalance_Price.amount>
				<imbalance_Price.category>A04</imbalance_Price.category>
			</Point>
			<Point>
				<position>21</position>
				<imbalance_Price.amount>251.46</imbalance_Price.amount>
				<imbalance_Price.category>A04</imbalance_Price.category>
			</Point>
			<Point>
				<position>22</position>
				<imbalance_Price.amount>251.06</imbalance_Price.amount>
				<imbalance_Price.category>A04</imbalance_Price.category>
			</Point>
			<Point>
				<position>23</position>
				<imbalance_Price.amount>253.03</imbalance_Price.amount>
				<imbalance_Price.category>A04</imbalance_Price.category>
			</Point>
			<Point>
				<position>24</position>
				<imbalance_Price.amount>240.95</imbalance_Price.amount>
				<imbalance_Price.category>A04</imbalance_Price.category>
			</Point>
			<Point>
				<position>25</position>
				<imbalance_Price.amount>132.23</imbalance_Price.amount>
				<imbalance_Price.category>A04</imbalance_Price.category>
			</Point>
			<Point>
				<position>26</position>
				<imbalance_Price.amount>153.46</imbalance_Price.amount>
				<imbalance_Price.category>A04</imbalance_Price.category>
			</Point>
			<Point>
				<position>27</position>
				<imbalance_Price.amount>55.82</imbalance_Price.amount>
				<imbalance_Price.category>A04</imbalance_Price.category>
			</Point>
			<Point>
				<position>28</position>
				<imbalance_Price.amount>58.43</imbalance_Price.amount>
				<imbalance_Price.category>A04</imbalance_Price.category>
			</Point>
			<Point>
				<position>29</position>
				<imbalance_Price.amount>1.20</imbalance_Price.amount>
				<imbalance_Price.category>A04</imbalance_Price.category>
			</Point>
			<Point>
				<position>30</position>
				<imbalance_Price.amount>16.46</imbalance_Price.amount>
				<imbalance_Price.category>A04</imbalance_Price.category>
			</Point>
			<Point>
				<position>31</position>
				<imbalance_Price.amount>16.03</imbalance_Price.amount>
				<imbalance_Price.category>A04</imbalance_Price.category>
			</Point>
			<Point>
				<position>32</position>
				<imbalance_Price.amount>9.00</imbalance_Price.amount>
				<imbalance_Price.category>A04</imbalance_Price.category>
			</Point>
			<Point>
				<position>33</position>
				<imbalance_Price.amount>18.56</imbalance_Price.amount>
				<imbalance_Price.category>A04</imbalance_Price.category>
			</Point>
			<Point>
				<position>34</position>
				<imbalance_Price.amount>16.47</imbalance_Price.amount>
				<imbalance_Price.category>A04</imbalance_Price.category>
			</Point>
			<Point>
				<position>35</position>
				<imbalance_Price.amount>-967.19</imbalance_Price.amount>
				<imbalance_Price.category>A04</imbalance_Price.category>
			</Point>
			<Point>
				<position>36</position>
				<imbalance_Price.amount>-1389.55</imbalance_Price.amount>
				<imbalance_Price.category>A04</imbalance_Price.category>
			</Point>
			<Point>
				<position>37</position>
				<imbalance_Price.amount>0.10</imbalance_Price.amount>
				<imbalance_Price.category>A04</imbalance_Price.category>
			</Point>
			<Point>
				<position>38</position>
				<imbalance_Price.amount>9.80</imbalance_Price.amount>
				<imbalance_Price.category>A04</imbalance_Price.category>
			</Point>
			<Point>
				<position>39</position>
				<imbalance_Price.amount>7.60</imbalance_Price.amount>
				<imbalance_Price.category>A04</imbalance_Price.category>
			</Point>
			<Point>
				<position>40</position>
				<imbalance_Price.amount>-246.51</imbalance_Price.amount>
				<imbalance_Price.category>A04</imbalance_Price.category>
			</Point>
			<Point>
				<position>41</position>
				<imbalance_Price.amount>15.91</imbalance_Price.amount>
				<imbalance_Price.category>A04</imbalance_Price.category>
			</Point>
			<Point>
				<position>42</position>
				<imbalance_Price.amount>7.09</imbalance_Price.amount>
				<imbalance_Price.category>A04</imbalance_Price.category>
			</Point>
			<Point>
				<position>43</position>
				<imbalance_Price.amount>6.81</imbalance_Price.amount>
				<imbalance_Price.category>A04</imbalance_Price.category>
			</Point>
			<Point>
				<position>44</position>
				<imbalance_Price.amount>0.10</imbalance_Price.amount>
				<imbalance_Price.category>A04</imbalance_Price.category>
			</Point>
			<Point>
				<position>45</position>
				<imbalance_Price.amount>3.81</imbalance_Price.amount>
				<imbalance_Price.category>A04</imbalance_Price.category>
			</Point>
			<Point>
				<position>46</position>
				<imbalance_Price.amount>10.35</imbalance_Price.amount>
				<imbalance_Price.category>A04</imbalance_Price.category>
			</Point>
			<Point>
				<position>47</position>
				<imbalance_Price.amount>6.85</imbalance_Price.amount>
				<imbalance_Price.category>A04</imbalance_Price.category>
			</Point>
			<Point>
				<position>48</position>
				<imbalance_Price.amount>12.47</imbalance_Price.amount>
				<imbalance_Price.category>A04</imbalance_Price.category>
			</Point>
			<Point>
				<position>49</position>
				<imbalance_Price.amount>28.75</imbalance_Price.amount>
				<imbalance_Price.category>A04</imbalance_Price.category>
			</Point>
			<Point>
				<position>50</position>
				<imbalance_Price.amount>-608.62</imbalance_Price.amount>
				<imbalance_Price.category>A04</imbalance_Price.category>
			</Point>
			<Point>
				<position>51</position>
				<imbalance_Price.amount>2.64</imbalance_Price.amount>
				<imbalance_Price.category>A04</imbalance_Price.category>
			</Point>
			<Point>
				<position>52</position>
				<imbalance_Price.amount>-573.73</imbalance_Price.amount>
				<imbalance_Price.category>A04</imbalance_Price.category>
			</Point>
			<Point>
				<position>53</position>
				<imbalance_Price.amount>-45.31</imbalance_Price.amount>
				<imbalance_Price.category>A04</imbalance_Price.category>
			</Point>
			<Point>
				<position>54</position>
				<imbalance_Price.amount>8.72</imbalance_Price.amount>
				<imbalance_Price.category>A04</imbalance_Price.category>
			</Point>
			<Point>
				<position>55</position>
				<imbalance_Price.amount>2.08</imbalance_Price.amount>
				<imbalance_Price.category>A04</imbalance_Price.category>
			</Point>
			<Point>
				<position>56</position>
				<imbalance_Price.amount>3.25</imbalance_Price.amount>
				<imbalance_Price.category>A04</imbalance_Price.category>
			</Point>
			<Point>
				<position>57</position>
				<imbalance_Price.amount>-21.12</imbalance_Price.amount>
				<imbalance_Price.category>A04</imbalance_Price.category>
			</Point>
			<Point>
				<position>58</position>
				<imbalance_Price.amount>6.51</imbalance_Price.amount>
				<imbalance_Price.category>A04</imbalance_Price.category>
			</Point>
			<Point>
				<position>59</position>
				<imbalance_Price.amount>0.96</imbalance_Price.amount>
				<imbalance_Price.category>A04</imbalance_Price.category>
			</Point>
			<Point>
				<position>60</position>
				<imbalance_Price.amount>2812.23</imbalance_Price.amount>
				<imbalance_Price.category>A04</imbalance_Price.category>
			</Point>
			<Point>
				<position>61</position>
				<imbalance_Price.amount>-1.58</imbalance_Price.amount>
				<imbalance_Price.category>A04</imbalance_Price.category>
			</Point>
			<Point>
				<position>62</position>
				<imbalance_Price.amount>159.56</imbalance_Price.amount>
				<imbalance_Price.category>A04</imbalance_Price.category>
			</Point>
			<Point>
				<position>63</position>
				<imbalance_Price.amount>42.87</imbalance_Price.amount>
				<imbalance_Price.category>A04</imbalance_Price.category>
			</Point>
			<Point>
				<position>64</position>
				<imbalance_Price.amount>597.92</imbalance_Price.amount>
				<imbalance_Price.category>A04</imbalance_Price.category>
			</Point>
			<Point>
				<position>65</position>
				<imbalance_Price.amount>3.40</imbalance_Price.amount>
				<imbalance_Price.category>A04</imbalance_Price.category>
			</Point>
			<Point>
				<position>66</position>
				<imbalance_Price.amount>9.72</imbalance_Price.amount>
				<imbalance_Price.category>A04</imbalance_Price.category>
			</Point>
			<Point>
				<position>67</position>
				<imbalance_Price.amount>1.79</imbalance_Price.amount>
				<imbalance_Price.category>A04</imbalance_Price.category>
			</Point>
			<Point>
				<position>68</position>
				<imbalance_Price.amount>0.60</imbalance_Price.amount>
				<imbalance_Price.category>A04</imbalance_Price.category>
			</Point>
			<Point>
				<position>69</position>
				<imbalance_Price.amount>260.00</imbalance_Price.amount>
				<imbalance_Price.category>A04</imbalance_Price.category>
			</Point>
			<Point>
				<position>70</position>
				<imbalance_Price.amount>254.49</imbalance_Price.amount>
				<imbalance_Price.category>A04</imbalance_Price.category>
			</Point>
			<Point>
				<position>71</position>
				<imbalance_Price.amount>4362.52</imbalance_Price.amount>
				<imbalance_Price.category>A04</imbalance_Price.category>
			</Point>
			<Point>
				<position>72</position>
				<imbalance_Price.amount>6674.23</imbalance_Price.amount>
				<imbalance_Price.category>A04</imbalance_Price.category>
			</Point>
			<Point>
				<position>73</position>
				<imbalance_Price.amount>251.00</imbalance_Price.amount>
				<imbalance_Price.category>A04</imbalance_Price.category>
			</Point>
			<Point>
				<position>74</position>
				<imbalance_Price.amount>251.00</imbalance_Price.amount>
				<imbalance_Price.category>A04</imbalance_Price.category>
			</Point>
			<Point>
				<position>75</position>
				<imbalance_Price.amount>5757.91</imbalance_Price.amount>
				<imbalance_Price.category>A04</imbalance_Price.category>
			</Point>
			<Point>
				<position>76</position>
				<imbalance_Price.amount>5868.89</imbalance_Price.amount>
				<imbalance_Price.category>A04</imbalance_Price.category>
			</Point>
			<Point>
				<position>77</position>
				<imbalance_Price.amount>2736.51</imbalance_Price.amount>
				<imbalance_Price.category>A04</imbalance_Price.category>
			</Point>
			<Point>
				<position>78</position>
				<imbalance_Price.amount>1479.84</imbalance_Price.amount>
				<imbalance_Price.category>A04</imbalance_Price.category>
			</Point>
			<Point>
				<position>79</position>
				<imbalance_Price.amount>1763.17</imbalance_Price.amount>
				<imbalance_Price.category>A04</imbalance_Price.category>
			</Point>
			<Point>
				<position>80</position>
				<imbalance_Price.amount>366.98</imbalance_Price.amount>
				<imbalance_Price.category>A04</imbalance_Price.category>
			</Point>
			<Point>
				<position>81</position>
				<imbalance_Price.amount>5941.22</imbalance_Price.amount>
				<imbalance_Price.category>A04</imbalance_Price.category>
			</Point>
			<Point>
				<position>82</position>
				<imbalance_Price.amount>3365.48</imbalance_Price.amount>
				<imbalance_Price.category>A04</imbalance_Price.category>
			</Point>
			<Point>
				<position>83</position>
				<imbalance_Price.amount>195.68</imbalance_Price.amount>
				<imbalance_Price.category>A04</imbalance_Price.category>
			</Point>
			<Point>
				<position>84</position>
				<imbalance_Price.amount>233.45</imbalance_Price.amount>
				<imbalance_Price.category>A04</imbalance_Price.category>
			</Point>
			<Point>
				<position>85</position>
				<imbalance_Price.amount>5556.45</imbalance_Price.amount>
				<imbalance_Price.category>A04</imbalance_Price.category>
			</Point>
			<Point>
				<position>86</position>
				<imbalance_Price.amount>5200.37</imbalance_Price.amount>
				<imbalance_Price.category>A04</imbalance_Price.category>
			</Point>
			<Point>
				<position>87</position>
				<imbalance_Price.amount>753.80</imbalance_Price.amount>
				<imbalance_Price.category>A04</imbalance_Price.category>
			</Point>
			<Point>
				<position>88</position>
				<imbalance_Price.amount>267.23</imbalance_Price.amount>
				<imbalance_Price.category>A04</imbalance_Price.category>
			</Point>
		</Period>
	</TimeSeries>
	<TimeSeries>
		<mRID>2</mRID>
		<businessType>A19</businessType>
		<currency_Unit.name>RON</currency_Unit.name>
		<price_Measure_Unit.name>MWH</price_Measure_Unit.name>
		<curveType>A01</curveType>
		<Period>
			<timeInterval>
				<start>2025-06-11T23:00Z</start>
				<end>2025-06-12T21:00Z</end>
			</timeInterval>
			<resolution>PT15M</resolution>
			<Point>
				<position>1</position>
				<imbalance_Price.amount>895.19</imbalance_Price.amount>
				<imbalance_Price.category>A05</imbalance_Price.category>
			</Point>
			<Point>
				<position>2</position>
				<imbalance_Price.amount>900.98</imbalance_Price.amount>
				<imbalance_Price.category>A05</imbalance_Price.category>
			</Point>
			<Point>
				<position>3</position>
				<imbalance_Price.amount>892.79</imbalance_Price.amount>
				<imbalance_Price.category>A05</imbalance_Price.category>
			</Point>
			<Point>
				<position>4</position>
				<imbalance_Price.amount>901.29</imbalance_Price.amount>
				<imbalance_Price.category>A05</imbalance_Price.category>
			</Point>
			<Point>
				<position>5</position>
				<imbalance_Price.amount>872.96</imbalance_Price.amount>
				<imbalance_Price.category>A05</imbalance_Price.category>
			</Point>
			<Point>
				<position>6</position>
				<imbalance_Price.amount>45.91</imbalance_Price.amount>
				<imbalance_Price.category>A05</imbalance_Price.category>
			</Point>
			<Point>
				<position>7</position>
				<imbalance_Price.amount>-2759.47</imbalance_Price.amount>
				<imbalance_Price.category>A05</imbalance_Price.category>
			</Point>
			<Point>
				<position>8</position>
				<imbalance_Price.amount>-949.93</imbalance_Price.amount>
				<imbalance_Price.category>A05</imbalance_Price.category>
			</Point>
			<Point>
				<position>9</position>
				<imbalance_Price.amount>156.66</imbalance_Price.amount>
				<imbalance_Price.category>A05</imbalance_Price.category>
			</Point>
			<Point>
				<position>10</position>
				<imbalance_Price.amount>192.91</imbalance_Price.amount>
				<imbalance_Price.category>A05</imbalance_Price.category>
			</Point>
			<Point>
				<position>11</position>
				<imbalance_Price.amount>198.39</imbalance_Price.amount>
				<imbalance_Price.category>A05</imbalance_Price.category>
			</Point>
			<Point>
				<position>12</position>
				<imbalance_Price.amount>333.11</imbalance_Price.amount>
				<imbalance_Price.category>A05</imbalance_Price.category>
			</Point>
			<Point>
				<position>13</position>
				<imbalance_Price.amount>308.23</imbalance_Price.amount>
				<imbalance_Price.category>A05</imbalance_Price.category>
			</Point>
			<Point>
				<position>14</position>
				<imbalance_Price.amount>279.20</imbalance_Price.amount>
				<imbalance_Price.category>A05</imbalance_Price.category>
			</Point>
			<Point>
				<position>15</position>
				<imbalance_Price.amount>151.05</imbalance_Price.amount>
				<imbalance_Price.category>A05</imbalance_Price.category>
			</Point>
			<Point>
				<position>16</position>
				<imbalance_Price.amount>268.89</imbalance_Price.amount>
				<imbalance_Price.category>A05</imbalance_Price.category>
			</Point>
			<Point>
				<position>17</position>
				<imbalance_Price.amount>129.62</imbalance_Price.amount>
				<imbalance_Price.category>A05</imbalance_Price.category>
			</Point>
			<Point>
				<position>18</position>
				<imbalance_Price.amount>111.84</imbalance_Price.amount>
				<imbalance_Price.category>A05</imbalance_Price.category>
			</Point>
			<Point>
				<position>19</position>
				<imbalance_Price.amount>176.72</imbalance_Price.amount>
				<imbalance_Price.category>A05</imbalance_Price.category>
			</Point>
			<Point>
				<position>20</position>
				<imbalance_Price.amount>341.44</imbalance_Price.amount>
				<imbalance_Price.category>A05</imbalance_Price.category>
			</Point>
			<Point>
				<position>21</position>
				<imbalance_Price.amount>251.46</imbalance_Price.amount>
				<imbalance_Price.category>A05</imbalance_Price.category>
			</Point>
			<Point>
				<position>22</position>
				<imbalance_Price.amount>251.06</imbalance_Price.amount>
				<imbalance_Price.category>A05</imbalance_Price.category>
			</Point>
			<Point>
				<position>23</position>
				<imbalance_Price.amount>253.03</imbalance_Price.amount>
				<imbalance_Price.category>A05</imbalance_Price.category>
			</Point>
			<Point>
				<position>24</position>
				<imbalance_Price.amount>240.95</imbalance_Price.amount>
				<imbalance_Price.category>A05</imbalance_Price.category>
			</Point>
			<Point>
				<position>25</position>
				<imbalance_Price.amount>132.23</imbalance_Price.amount>
				<imbalance_Price.category>A05</imbalance_Price.category>
			</Point>
			<Point>
				<position>26</position>
				<imbalance_Price.amount>153.46</imbalance_Price.amount>
				<imbalance_Price.category>A05</imbalance_Price.category>
			</Point>
			<Point>
				<position>27</position>
				<imbalance_Price.amount>55.82</imbalance_Price.amount>
				<imbalance_Price.category>A05</imbalance_Price.category>
			</Point>
			<Point>
				<position>28</position>
				<imbalance_Price.amount>58.43</imbalance_Price.amount>
				<imbalance_Price.category>A05</imbalance_Price.category>
			</Point>
			<Point>
				<position>29</position>
				<imbalance_Price.amount>1.20</imbalance_Price.amount>
				<imbalance_Price.category>A05</imbalance_Price.category>
			</Point>
			<Point>
				<position>30</position>
				<imbalance_Price.amount>16.46</imbalance_Price.amount>
				<imbalance_Price.category>A05</imbalance_Price.category>
			</Point>
			<Point>
				<position>31</position>
				<imbalance_Price.amount>16.03</imbalance_Price.amount>
				<imbalance_Price.category>A05</imbalance_Price.category>
			</Point>
			<Point>
				<position>32</position>
				<imbalance_Price.amount>9.00</imbalance_Price.amount>
				<imbalance_Price.category>A05</imbalance_Price.category>
			</Point>
			<Point>
				<position>33</position>
				<imbalance_Price.amount>18.56</imbalance_Price.amount>
				<imbalance_Price.category>A05</imbalance_Price.category>
			</Point>
			<Point>
				<position>34</position>
				<imbalance_Price.amount>16.47</imbalance_Price.amount>
				<imbalance_Price.category>A05</imbalance_Price.category>
			</Point>
			<Point>
				<position>35</position>
				<imbalance_Price.amount>-967.19</imbalance_Price.amount>
				<imbalance_Price.category>A05</imbalance_Price.category>
			</Point>
			<Point>
				<position>36</position>
				<imbalance_Price.amount>-1389.55</imbalance_Price.amount>
				<imbalance_Price.category>A05</imbalance_Price.category>
			</Point>
			<Point>
				<position>37</position>
				<imbalance_Price.amount>0.10</imbalance_Price.amount>
				<imbalance_Price.category>A05</imbalance_Price.category>
			</Point>
			<Point>
				<position>38</position>
				<imbalance_Price.amount>9.80</imbalance_Price.amount>
				<imbalance_Price.category>A05</imbalance_Price.category>
			</Point>
			<Point>
				<position>39</position>
				<imbalance_Price.amount>7.60</imbalance_Price.amount>
				<imbalance_Price.category>A05</imbalance_Price.category>
			</Point>
			<Point>
				<position>40</position>
				<imbalance_Price.amount>-246.51</imbalance_Price.amount>
				<imbalance_Price.category>A05</imbalance_Price.category>
			</Point>
			<Point>
				<position>41</position>
				<imbalance_Price.amount>15.91</imbalance_Price.amount>
				<imbalance_Price.category>A05</imbalance_Price.category>
			</Point>
			<Point>
				<position>42</position>
				<imbalance_Price.amount>7.09</imbalance_Price.amount>
				<imbalance_Price.category>A05</imbalance_Price.category>
			</Point>
			<Point>
				<position>43</position>
				<imbalance_Price.amount>6.81</imbalance_Price.amount>
				<imbalance_Price.category>A05</imbalance_Price.category>
			</Point>
			<Point>
				<position>44</position>
				<imbalance_Price.amount>0.10</imbalance_Price.amount>
				<imbalance_Price.category>A05</imbalance_Price.category>
			</Point>
			<Point>
				<position>45</position>
				<imbalance_Price.amount>3.81</imbalance_Price.amount>
				<imbalance_Price.category>A05</imbalance_Price.category>
			</Point>
			<Point>
				<position>46</position>
				<imbalance_Price.amount>10.35</imbalance_Price.amount>
				<imbalance_Price.category>A05</imbalance_Price.category>
			</Point>
			<Point>
				<position>47</position>
				<imbalance_Price.amount>6.85</imbalance_Price.amount>
				<imbalance_Price.category>A05</imbalance_Price.category>
			</Point>
			<Point>
				<position>48</position>
				<imbalance_Price.amount>12.47</imbalance_Price.amount>
				<imbalance_Price.category>A05</imbalance_Price.category>
			</Point>
			<Point>
				<position>49</position>
				<imbalance_Price.amount>28.75</imbalance_Price.amount>
				<imbalance_Price.category>A05</imbalance_Price.category>
			</Point>
			<Point>
				<position>50</position>
				<imbalance_Price.amount>-608.62</imbalance_Price.amount>
				<imbalance_Price.category>A05</imbalance_Price.category>
			</Point>
			<Point>
				<position>51</position>
				<imbalance_Price.amount>2.64</imbalance_Price.amount>
				<imbalance_Price.category>A05</imbalance_Price.category>
			</Point>
			<Point>
				<position>52</position>
				<imbalance_Price.amount>-573.73</imbalance_Price.amount>
				<imbalance_Price.category>A05</imbalance_Price.category>
			</Point>
			<Point>
				<position>53</position>
				<imbalance_Price.amount>-45.31</imbalance_Price.amount>
				<imbalance_Price.category>A05</imbalance_Price.category>
			</Point>
			<Point>
				<position>54</position>
				<imbalance_Price.amount>8.72</imbalance_Price.amount>
				<imbalance_Price.category>A05</imbalance_Price.category>
			</Point>
			<Point>
				<position>55</position>
				<imbalance_Price.amount>2.08</imbalance_Price.amount>
				<imbalance_Price.category>A05</imbalance_Price.category>
			</Point>
			<Point>
				<position>56</position>
				<imbalance_Price.amount>3.25</imbalance_Price.amount>
				<imbalance_Price.category>A05</imbalance_Price.category>
			</Point>
			<Point>
				<position>57</position>
				<imbalance_Price.amount>-21.12</imbalance_Price.amount>
				<imbalance_Price.category>A05</imbalance_Price.category>
			</Point>
			<Point>
				<position>58</position>
				<imbalance_Price.amount>6.51</imbalance_Price.amount>
				<imbalance_Price.category>A05</imbalance_Price.category>
			</Point>
			<Point>
				<position>59</position>
				<imbalance_Price.amount>0.96</imbalance_Price.amount>
				<imbalance_Price.category>A05</imbalance_Price.category>
			</Point>
			<Point>
				<position>60</position>
				<imbalance_Price.amount>2812.23</imbalance_Price.amount>
				<imbalance_Price.category>A05</imbalance_Price.category>
			</Point>
			<Point>
				<position>61</position>
				<imbalance_Price.amount>-1.58</imbalance_Price.amount>
				<imbalance_Price.category>A05</imbalance_Price.category>
			</Point>
			<Point>
				<position>62</position>
				<imbalance_Price.amount>159.56</imbalance_Price.amount>
				<imbalance_Price.category>A05</imbalance_Price.category>
			</Point>
			<Point>
				<position>63</position>
				<imbalance_Price.amount>42.87</imbalance_Price.amount>
				<imbalance_Price.category>A05</imbalance_Price.category>
			</Point>
			<Point>
				<position>64</position>
				<imbalance_Price.amount>597.92</imbalance_Price.amount>
				<imbalance_Price.category>A05</imbalance_Price.category>
			</Point>
			<Point>
				<position>65</position>
				<imbalance_Price.amount>3.40</imbalance_Price.amount>
				<imbalance_Price.category>A05</imbalance_Price.category>
			</Point>
			<Point>
				<position>66</position>
				<imbalance_Price.amount>9.72</imbalance_Price.amount>
				<imbalance_Price.category>A05</imbalance_Price.category>
			</Point>
			<Point>
				<position>67</position>
				<imbalance_Price.amount>1.79</imbalance_Price.amount>
				<imbalance_Price.category>A05</imbalance_Price.category>
			</Point>
			<Point>
				<position>68</position>
				<imbalance_Price.amount>0.60</imbalance_Price.amount>
				<imbalance_Price.category>A05</imbalance_Price.category>
			</Point>
			<Point>
				<position>69</position>
				<imbalance_Price.amount>260.00</imbalance_Price.amount>
				<imbalance_Price.category>A05</imbalance_Price.category>
			</Point>
			<Point>
				<position>70</position>
				<imbalance_Price.amount>254.49</imbalance_Price.amount>
				<imbalance_Price.category>A05</imbalance_Price.category>
			</Point>
			<Point>
				<position>71</position>
				<imbalance_Price.amount>4362.52</imbalance_Price.amount>
				<imbalance_Price.category>A05</imbalance_Price.category>
			</Point>
			<Point>
				<position>72</position>
				<imbalance_Price.amount>6674.23</imbalance_Price.amount>
				<imbalance_Price.category>A05</imbalance_Price.category>
			</Point>
			<Point>
				<position>73</position>
				<imbalance_Price.amount>251.00</imbalance_Price.amount>
				<imbalance_Price.category>A05</imbalance_Price.category>
			</Point>
			<Point>
				<position>74</position>
				<imbalance_Price.amount>251.00</imbalance_Price.amount>
				<imbalance_Price.category>A05</imbalance_Price.category>
			</Point>
			<Point>
				<position>75</position>
				<imbalance_Price.amount>5757.91</imbalance_Price.amount>
				<imbalance_Price.category>A05</imbalance_Price.category>
			</Point>
			<Point>
				<position>76</position>
				<imbalance_Price.amount>5868.89</imbalance_Price.amount>
				<imbalance_Price.category>A05</imbalance_Price.category>
			</Point>
			<Point>
				<position>77</position>
				<imbalance_Price.amount>2736.51</imbalance_Price.amount>
				<imbalance_Price.category>A05</imbalance_Price.category>
			</Point>
			<Point>
				<position>78</position>
				<imbalance_Price.amount>1479.84</imbalance_Price.amount>
				<imbalance_Price.category>A05</imbalance_Price.category>
			</Point>
			<Point>
				<position>79</position>
				<imbalance_Price.amount>1763.17</imbalance_Price.amount>
				<imbalance_Price.category>A05</imbalance_Price.category>
			</Point>
			<Point>
				<position>80</position>
				<imbalance_Price.amount>366.98</imbalance_Price.amount>
				<imbalance_Price.category>A05</imbalance_Price.category>
			</Point>
			<Point>
				<position>81</position>
				<imbalance_Price.amount>5941.22</imbalance_Price.amount>
				<imbalance_Price.category>A05</imbalance_Price.category>
			</Point>
			<Point>
				<position>82</position>
				<imbalance_Price.amount>3365.48</imbalance_Price.amount>
				<imbalance_Price.category>A05</imbalance_Price.category>
			</Point>
			<Point>
				<position>83</position>
				<imbalance_Price.amount>195.68</imbalance_Price.amount>
				<imbalance_Price.category>A05</imbalance_Price.category>
			</Point>
			<Point>
				<position>84</position>
				<imbalance_Price.amount>233.45</imbalance_Price.amount>
				<imbalance_Price.category>A05</imbalance_Price.category>
			</Point>
			<Point>
				<position>85</position>
				<imbalance_Price.amount>5556.45</imbalance_Price.amount>
				<imbalance_Price.category>A05</imbalance_Price.category>
			</Point>
			<Point>
				<position>86</position>
				<imbalance_Price.amount>5200.37</imbalance_Price.amount>
				<imbalance_Price.category>A05</imbalance_Price.category>
			</Point>
			<Point>
				<position>87</position>
				<imbalance_Price.amount>753.80</imbalance_Price.amount>
				<imbalance_Price.category>A05</imbalance_Price.category>
			</Point>
			<Point>
				<position>88</position>
				<imbalance_Price.amount>267.23</imbalance_Price.amount>
				<imbalance_Price.category>A05</imbalance_Price.category>
			</Point>
		</Period>
	</TimeSeries>
	<TimeSeries>
		<mRID>3</mRID>
		<businessType>A19</businessType>
		<currency_Unit.name>RON</currency_Unit.name>
		<price_Measure_Unit.name>MWH</price_Measure_Unit.name>
		<curveType>A01</curveType>
		<Period>
			<timeInterval>
				<start>2025-06-12T21:00Z</start>
				<end>2025-06-13T04:00Z</end>
			</timeInterval>
			<resolution>PT15M</resolution>
			<Point>
				<position>1</position>
				<imbalance_Price.amount>975.61</imbalance_Price.amount>
				<imbalance_Price.category>A04</imbalance_Price.category>
			</Point>
			<Point>
				<position>2</position>
				<imbalance_Price.amount>287.97</imbalance_Price.amount>
				<imbalance_Price.category>A04</imbalance_Price.category>
			</Point>
			<Point>
				<position>3</position>
				<imbalance_Price.amount>213.81</imbalance_Price.amount>
				<imbalance_Price.category>A04</imbalance_Price.category>
			</Point>
			<Point>
				<position>4</position>
				<imbalance_Price.amount>56.97</imbalance_Price.amount>
				<imbalance_Price.category>A04</imbalance_Price.category>
			</Point>
			<Point>
				<position>5</position>
				<imbalance_Price.amount>181.66</imbalance_Price.amount>
				<imbalance_Price.category>A04</imbalance_Price.category>
			</Point>
			<Point>
				<position>6</position>
				<imbalance_Price.amount>650.00</imbalance_Price.amount>
				<imbalance_Price.category>A04</imbalance_Price.category>
			</Point>
			<Point>
				<position>7</position>
				<imbalance_Price.amount>650.00</imbalance_Price.amount>
				<imbalance_Price.category>A04</imbalance_Price.category>
			</Point>
			<Point>
				<position>8</position>
				<imbalance_Price.amount>347.03</imbalance_Price.amount>
				<imbalance_Price.category>A04</imbalance_Price.category>
			</Point>
			<Point>
				<position>9</position>
				<imbalance_Price.amount>853.37</imbalance_Price.amount>
				<imbalance_Price.category>A04</imbalance_Price.category>
			</Point>
			<Point>
				<position>10</position>
				<imbalance_Price.amount>726.88</imbalance_Price.amount>
				<imbalance_Price.category>A04</imbalance_Price.category>
			</Point>
			<Point>
				<position>11</position>
				<imbalance_Price.amount>708.85</imbalance_Price.amount>
				<imbalance_Price.category>A04</imbalance_Price.category>
			</Point>
			<Point>
				<position>12</position>
				<imbalance_Price.amount>656.77</imbalance_Price.amount>
				<imbalance_Price.category>A04</imbalance_Price.category>
			</Point>
			<Point>
				<position>13</position>
				<imbalance_Price.amount>680.25</imbalance_Price.amount>
				<imbalance_Price.category>A04</imbalance_Price.category>
			</Point>
			<Point>
				<position>14</position>
				<imbalance_Price.amount>692.29</imbalance_Price.amount>
				<imbalance_Price.category>A04</imbalance_Price.category>
			</Point>
			<Point>
				<position>15</position>
				<imbalance_Price.amount>650.00</imbalance_Price.amount>
				<imbalance_Price.category>A04</imbalance_Price.category>
			</Point>
			<Point>
				<position>16</position>
				<imbalance_Price.amount>650.00</imbalance_Price.amount>
				<imbalance_Price.category>A04</imbalance_Price.category>
			</Point>
			<Point>
				<position>17</position>
				<imbalance_Price.amount>679.76</imbalance_Price.amount>
				<imbalance_Price.category>A04</imbalance_Price.category>
			</Point>
			<Point>
				<position>18</position>
				<imbalance_Price.amount>656.60</imbalance_Price.amount>
				<imbalance_Price.category>A04</imbalance_Price.category>
			</Point>
			<Point>
				<position>19</position>
				<imbalance_Price.amount>813.73</imbalance_Price.amount>
				<imbalance_Price.category>A04</imbalance_Price.category>
			</Point>
			<Point>
				<position>20</position>
				<imbalance_Price.amount>661.73</imbalance_Price.amount>
				<imbalance_Price.category>A04</imbalance_Price.category>
			</Point>
			<Point>
				<position>21</position>
				<imbalance_Price.amount>686.46</imbalance_Price.amount>
				<imbalance_Price.category>A04</imbalance_Price.category>
			</Point>
			<Point>
				<position>22</position>
				<imbalance_Price.amount>697.10</imbalance_Price.amount>
				<imbalance_Price.category>A04</imbalance_Price.category>
			</Point>
			<Point>
				<position>23</position>
				<imbalance_Price.amount>650.00</imbalance_Price.amount>
				<imbalance_Price.category>A04</imbalance_Price.category>
			</Point>
			<Point>
				<position>24</position>
				<imbalance_Price.amount>672.67</imbalance_Price.amount>
				<imbalance_Price.category>A04</imbalance_Price.category>
			</Point>
			<Point>
				<position>25</position>
				<imbalance_Price.amount>848.32</imbalance_Price.amount>
				<imbalance_Price.category>A04</imbalance_Price.category>
			</Point>
			<Point>
				<position>26</position>
				<imbalance_Price.amount>224.10</imbalance_Price.amount>
				<imbalance_Price.category>A04</imbalance_Price.category>
			</Point>
			<Point>
				<position>27</position>
				<imbalance_Price.amount>686.80</imbalance_Price.amount>
				<imbalance_Price.category>A04</imbalance_Price.category>
			</Point>
			<Point>
				<position>28</position>
				<imbalance_Price.amount>687.54</imbalance_Price.amount>
				<imbalance_Price.category>A04</imbalance_Price.category>
			</Point>
		</Period>
	</TimeSeries>
	<TimeSeries>
		<mRID>4</mRID>
		<businessType>A19</businessType>
		<currency_Unit.name>RON</currency_Unit.name>
		<price_Measure_Unit.name>MWH</price_Measure_Unit.name>
		<curveType>A01</curveType>
		<Period>
			<timeInterval>
				<start>2025-06-12T21:00Z</start>
				<end>2025-06-13T04:00Z</end>
			</timeInterval>
			<resolution>PT15M</resolution>
			<Point>
				<position>1</position>
				<imbalance_Price.amount>975.61</imbalance_Price.amount>
				<imbalance_Price.category>A05</imbalance_Price.category>
			</Point>
			<Point>
				<position>2</position>
				<imbalance_Price.amount>287.97</imbalance_Price.amount>
				<imbalance_Price.category>A05</imbalance_Price.category>
			</Point>
			<Point>
				<position>3</position>
				<imbalance_Price.amount>213.81</imbalance_Price.amount>
				<imbalance_Price.category>A05</imbalance_Price.category>
			</Point>
			<Point>
				<position>4</position>
				<imbalance_Price.amount>56.97</imbalance_Price.amount>
				<imbalance_Price.category>A05</imbalance_Price.category>
			</Point>
			<Point>
				<position>5</position>
				<imbalance_Price.amount>181.66</imbalance_Price.amount>
				<imbalance_Price.category>A05</imbalance_Price.category>
			</Point>
			<Point>
				<position>6</position>
				<imbalance_Price.amount>650.00</imbalance_Price.amount>
				<imbalance_Price.category>A05</imbalance_Price.category>
			</Point>
			<Point>
				<position>7</position>
				<imbalance_Price.amount>650.00</imbalance_Price.amount>
				<imbalance_Price.category>A05</imbalance_Price.category>
			</Point>
			<Point>
				<position>8</position>
				<imbalance_Price.amount>347.03</imbalance_Price.amount>
				<imbalance_Price.category>A05</imbalance_Price.category>
			</Point>
			<Point>
				<position>9</position>
				<imbalance_Price.amount>853.37</imbalance_Price.amount>
				<imbalance_Price.category>A05</imbalance_Price.category>
			</Point>
			<Point>
				<position>10</position>
				<imbalance_Price.amount>726.88</imbalance_Price.amount>
				<imbalance_Price.category>A05</imbalance_Price.category>
			</Point>
			<Point>
				<position>11</position>
				<imbalance_Price.amount>708.85</imbalance_Price.amount>
				<imbalance_Price.category>A05</imbalance_Price.category>
			</Point>
			<Point>
				<position>12</position>
				<imbalance_Price.amount>656.77</imbalance_Price.amount>
				<imbalance_Price.category>A05</imbalance_Price.category>
			</Point>
			<Point>
				<position>13</position>
				<imbalance_Price.amount>680.25</imbalance_Price.amount>
				<imbalance_Price.category>A05</imbalance_Price.category>
			</Point>
			<Point>
				<position>14</position>
				<imbalance_Price.amount>692.29</imbalance_Price.amount>
				<imbalance_Price.category>A05</imbalance_Price.category>
			</Point>
			<Point>
				<position>15</position>
				<imbalance_Price.amount>650.00</imbalance_Price.amount>
				<imbalance_Price.category>A05</imbalance_Price.category>
			</Point>
			<Point>
				<position>16</position>
				<imbalance_Price.amount>650.00</imbalance_Price.amount>
				<imbalance_Price.category>A05</imbalance_Price.category>
			</Point>
			<Point>
				<position>17</position>
				<imbalance_Price.amount>679.76</imbalance_Price.amount>
				<imbalance_Price.category>A05</imbalance_Price.category>
			</Point>
			<Point>
				<position>18</position>
				<imbalance_Price.amount>656.60</imbalance_Price.amount>
				<imbalance_Price.category>A05</imbalance_Price.category>
			</Point>
			<Point>
				<position>19</position>
				<imbalance_Price.amount>813.73</imbalance_Price.amount>
				<imbalance_Price.category>A05</imbalance_Price.category>
			</Point>
			<Point>
				<position>20</position>
				<imbalance_Price.amount>661.73</imbalance_Price.amount>
				<imbalance_Price.category>A05</imbalance_Price.category>
			</Point>
			<Point>
				<position>21</position>
				<imbalance_Price.amount>686.46</imbalance_Price.amount>
				<imbalance_Price.category>A05</imbalance_Price.category>
			</Point>
			<Point>
				<position>22</position>
				<imbalance_Price.amount>697.10</imbalance_Price.amount>
				<imbalance_Price.category>A05</imbalance_Price.category>
			</Point>
			<Point>
				<position>23</position>
				<imbalance_Price.amount>650.00</imbalance_Price.amount>
				<imbalance_Price.category>A05</imbalance_Price.category>
			</Point>
			<Point>
				<position>24</position>
				<imbalance_Price.amount>672.67</imbalance_Price.amount>
				<imbalance_Price.category>A05</imbalance_Price.category>
			</Point>
			<Point>
				<position>25</position>
				<imbalance_Price.amount>848.32</imbalance_Price.amount>
				<imbalance_Price.category>A05</imbalance_Price.category>
			</Point>
			<Point>
				<position>26</position>
				<imbalance_Price.amount>224.10</imbalance_Price.amount>
				<imbalance_Price.category>A05</imbalance_Price.category>
			</Point>
			<Point>
				<position>27</position>
				<imbalance_Price.amount>686.80</imbalance_Price.amount>
				<imbalance_Price.category>A05</imbalance_Price.category>
			</Point>
			<Point>
				<position>28</position>
				<imbalance_Price.amount>687.54</imbalance_Price.amount>
				<imbalance_Price.category>A05</imbalance_Price.category>
			</Point>
		</Period>
	</TimeSeries>
</Balancing_MarketDocument>
