<?xml version="1.0" encoding="UTF-8"?>
<Balancing_MarketDocument xmlns="urn:iec62325.351:tc57wg16:451-6:balancingdocument:4:4">
  <mRID>796246b89cd24000b33631bbb36d7e1c</mRID>
  <revisionNumber>1</revisionNumber>
  <type>A85</type>
  <process.processType>A16</process.processType>
  <sender_MarketParticipant.mRID codingScheme="A01">10X1001A1001A450</sender_MarketParticipant.mRID>
  <sender_MarketParticipant.marketRole.type>A32</sender_MarketParticipant.marketRole.type>
  <receiver_MarketParticipant.mRID codingScheme="A01">10X1001A1001A450</receiver_MarketParticipant.mRID>
  <receiver_MarketParticipant.marketRole.type>A33</receiver_MarketParticipant.marketRole.type>
  <createdDateTime>2025-10-24T05:47:10Z</createdDateTime>
  <docStatus><value>A01</value></docStatus>
  <area_Domain.mRID codingScheme="A01">10YRO-TEL------P</area_Domain.mRID>
  <period.timeInterval>
    <start>2025-10-22T23:00Z</start>
    <end>2025-10-24T05:30Z</end>
  </period.timeInterval>
    <TimeSeries>
      <mRID>1</mRID>
      <businessType>A19</businessType>
      <currency_Unit.name>RON</currency_Unit.name>
      <price_Measure_Unit.name>MWH</price_Measure_Unit.name>
      <curveType>A03</curveType>
        <Period>
          <timeInterval>
            <start>2025-10-22T23:00Z</start>
            <end>2025-10-24T05:30Z</end>
          </timeInterval>
          <resolution>PT15M</resolution>
            <Point>
              <position>1</position>
              <imbalance_Price.amount>1377.672</imbalance_Price.amount>
              <imbalance_Price.category>A04</imbalance_Price.category>
            </Point>
            <Point>
              <position>2</position>
              <imbalance_Price.amount>795.409</imbalance_Price.amount>
              <imbalance_Price.category>A04</imbalance_Price.category>
            </Point>
            <Point>
              <position>3</position>
              <imbalance_Price.amount>858.666</imbalance_Price.amount>
              <imbalance_Price.category>A04</imbalance_Price.category>
            </Point>
            <Point>
              <position>4</position>
              <imbalance_Price.amount>796.915</imbalance_Price.amount>
              <imbalance_Price.category>A04</imbalance_Price.category>
            </Point>
            <Point>
              <position>5</position>
              <imbalance_Price.amount>339.237</imbalance_Price.amount>
              <imbalance_Price.category>A04</imbalance_Price.category>
            </Point>
            <Point>
              <position>6</position>
              <imbalance_Price.amount>795.02</imbalance_Price.amount>
              <imbalance_Price.category>A04</imbalance_Price.category>
            </Point>
            <Point>
              <position>7</position>
              <imbalance_Price.amount>883.475</imbalance_Price.amount>
              <imbalance_Price.category>A04</imbalance_Price.category>
            </Point>
            <Point>
              <position>8</position>
              <imbalance_Price.amount>798.035</imbalance_Price.amount>
              <imbalance_Price.category>A04</imbalance_Price.category>
            </Point>
            <Point>
              <position>9</position>
              <imbalance_Price.amount>809.567</imbalance_Price.amount>
              <imbalance_Price.category>A04</imbalance_Price.category>
            </Point>
            <Point>
              <position>10</position>
              <imbalance_Price.amount>834.001</imbalance_Price.amount>
              <imbalance_Price.category>A04</imbalance_Price.category>
            </Point>
            <Point>
              <position>11</position>
              <imbalance_Price.amount>1875.36</imbalance_Price.amount>
              <imbalance_Price.category>A04</imbalance_Price.category>
            </Point>
            <Point>
              <position>12</position>
              <imbalance_Price.amount>4317.264</imbalance_Price.amount>
              <imbalance_Price.category>A04</imbalance_Price.category>
            </Point>
            <Point>
              <position>13</position>
              <imbalance_Price.amount>1381.47</imbalance_Price.amount>
              <imbalance_Price.category>A04</imbalance_Price.category>
            </Point>
            <Point>
              <position>14</position>
              <imbalance_Price.amount>802.811</imbalance_Price.amount>
              <imbalance_Price.category>A04</imbalance_Price.category>
            </Point>
            <Point>
              <position>15</position>
              <imbalance_Price.amount>913.826</imbalance_Price.amount>
              <imbalance_Price.category>A04</imbalance_Price.category>
            </Point>
            <Point>
              <position>16</position>
              <imbalance_Price.amount>915.355</imbalance_Price.amount>
              <imbalance_Price.category>A04</imbalance_Price.category>
            </Point>
            <Point>
              <position>17</position>
              <imbalance_Price.amount>1054.01</imbalance_Price.amount>
              <imbalance_Price.category>A04</imbalance_Price.category>
            </Point>
            <Point>
              <position>18</position>
              <imbalance_Price.amount>5545.343</imbalance_Price.amount>
              <imbalance_Price.category>A04</imbalance_Price.category>
            </Point>
            <Point>
              <position>19</position>
              <imbalance_Price.amount>5210.969</imbalance_Price.amount>
              <imbalance_Price.category>A04</imbalance_Price.category>
            </Point>
            <Point>
              <position>20</position>
              <imbalance_Price.amount>3532.228</imbalance_Price.amount>
              <imbalance_Price.category>A04</imbalance_Price.category>
            </Point>
            <Point>
              <position>21</position>
              <imbalance_Price.amount>2616.082</imbalance_Price.amount>
              <imbalance_Price.category>A04</imbalance_Price.category>
            </Point>
            <Point>
              <position>22</position>
              <imbalance_Price.amount>3714.815</imbalance_Price.amount>
              <imbalance_Price.category>A04</imbalance_Price.category>
            </Point>
            <Point>
              <position>23</position>
              <imbalance_Price.amount>1833.422</imbalance_Price.amount>
              <imbalance_Price.category>A04</imbalance_Price.category>
            </Point>
            <Point>
              <position>24</position>
              <imbalance_Price.amount>1328.71</imbalance_Price.amount>
              <imbalance_Price.category>A04</imbalance_Price.category>
            </Point>
            <Point>
              <position>25</position>
              <imbalance_Price.amount>1184.568</imbalance_Price.amount>
              <imbalance_Price.category>A04</imbalance_Price.category>
            </Point>
            <Point>
              <position>26</position>
              <imbalance_Price.amount>1188.601</imbalance_Price.amount>
              <imbalance_Price.category>A04</imbalance_Price.category>
            </Point>
            <Point>
              <position>27</position>
              <imbalance_Price.amount>1176.213</imbalance_Price.amount>
              <imbalance_Price.category>A04</imbalance_Price.category>
            </Point>
            <Point>
              <position>28</position>
              <imbalance_Price.amount>1188.212</imbalance_Price.amount>
              <imbalance_Price.category>A04</imbalance_Price.category>
            </Point>
            <Point>
              <position>29</position>
              <imbalance_Price.amount>1786.072</imbalance_Price.amount>
              <imbalance_Price.category>A04</imbalance_Price.category>
            </Point>
            <Point>
              <position>30</position>
              <imbalance_Price.amount>2717.793</imbalance_Price.amount>
              <imbalance_Price.category>A04</imbalance_Price.category>
            </Point>
            <Point>
              <position>31</position>
              <imbalance_Price.amount>1734.57</imbalance_Price.amount>
              <imbalance_Price.category>A04</imbalance_Price.category>
            </Point>
            <Point>
              <position>32</position>
              <imbalance_Price.amount>1569.409</imbalance_Price.amount>
              <imbalance_Price.category>A04</imbalance_Price.category>
            </Point>
            <Point>
              <position>33</position>
              <imbalance_Price.amount>3888.358</imbalance_Price.amount>
              <imbalance_Price.category>A04</imbalance_Price.category>
            </Point>
            <Point>
              <position>34</position>
              <imbalance_Price.amount>1132.135</imbalance_Price.amount>
              <imbalance_Price.category>A04</imbalance_Price.category>
            </Point>
            <Point>
              <position>35</position>
              <imbalance_Price.amount>1076.636</imbalance_Price.amount>
              <imbalance_Price.category>A04</imbalance_Price.category>
            </Point>
            <Point>
              <position>36</position>
              <imbalance_Price.amount>1173.591</imbalance_Price.amount>
              <imbalance_Price.category>A04</imbalance_Price.category>
            </Point>
            <Point>
              <position>37</position>
              <imbalance_Price.amount>984.699</imbalance_Price.amount>
              <imbalance_Price.category>A04</imbalance_Price.category>
            </Point>
            <Point>
              <position>38</position>
              <imbalance_Price.amount>925.556</imbalance_Price.amount>
              <imbalance_Price.category>A04</imbalance_Price.category>
            </Point>
            <Point>
              <position>39</position>
              <imbalance_Price.amount>930.025</imbalance_Price.amount>
              <imbalance_Price.category>A04</imbalance_Price.category>
            </Point>
            <Point>
              <position>40</position>
              <imbalance_Price.amount>1002.606</imbalance_Price.amount>
              <imbalance_Price.category>A04</imbalance_Price.category>
            </Point>
            <Point>
              <position>41</position>
              <imbalance_Price.amount>856.369</imbalance_Price.amount>
              <imbalance_Price.category>A04</imbalance_Price.category>
            </Point>
            <Point>
              <position>42</position>
              <imbalance_Price.amount>856.52</imbalance_Price.amount>
              <imbalance_Price.category>A04</imbalance_Price.category>
            </Point>
            <Point>
              <position>43</position>
              <imbalance_Price.amount>929.119</imbalance_Price.amount>
              <imbalance_Price.category>A04</imbalance_Price.category>
            </Point>
            <Point>
              <position>44</position>
              <imbalance_Price.amount>1164.314</imbalance_Price.amount>
              <imbalance_Price.category>A04</imbalance_Price.category>
            </Point>
            <Point>
              <position>45</position>
              <imbalance_Price.amount>349.53</imbalance_Price.amount>
              <imbalance_Price.category>A04</imbalance_Price.category>
            </Point>
            <Point>
              <position>46</position>
              <imbalance_Price.amount>245.741</imbalance_Price.amount>
              <imbalance_Price.category>A04</imbalance_Price.category>
            </Point>
            <Point>
              <position>47</position>
              <imbalance_Price.amount>110.233</imbalance_Price.amount>
              <imbalance_Price.category>A04</imbalance_Price.category>
            </Point>
            <Point>
              <position>48</position>
              <imbalance_Price.amount>-120.695</imbalance_Price.amount>
              <imbalance_Price.category>A04</imbalance_Price.category>
            </Point>
            <Point>
              <position>49</position>
              <imbalance_Price.amount>-4.527</imbalance_Price.amount>
              <imbalance_Price.category>A04</imbalance_Price.category>
            </Point>
            <Point>
              <position>50</position>
              <imbalance_Price.amount>7.07</imbalance_Price.amount>
              <imbalance_Price.category>A04</imbalance_Price.category>
            </Point>
            <Point>
              <position>51</position>
              <imbalance_Price.amount>22.381</imbalance_Price.amount>
              <imbalance_Price.category>A04</imbalance_Price.category>
            </Point>
            <Point>
              <position>52</position>
              <imbalance_Price.amount>52.113</imbalance_Price.amount>
              <imbalance_Price.category>A04</imbalance_Price.category>
            </Point>
            <Point>
              <position>53</position>
              <imbalance_Price.amount>27.331</imbalance_Price.amount>
              <imbalance_Price.category>A04</imbalance_Price.category>
            </Point>
            <Point>
              <position>54</position>
              <imbalance_Price.amount>0.2</imbalance_Price.amount>
              <imbalance_Price.category>A04</imbalance_Price.category>
            </Point>
            <Point>
              <position>55</position>
              <imbalance_Price.amount>390</imbalance_Price.amount>
              <imbalance_Price.category>A04</imbalance_Price.category>
            </Point>
            <Point>
              <position>56</position>
              <imbalance_Price.amount>289.458</imbalance_Price.amount>
              <imbalance_Price.category>A04</imbalance_Price.category>
            </Point>
            <Point>
              <position>57</position>
              <imbalance_Price.amount>321.205</imbalance_Price.amount>
              <imbalance_Price.category>A04</imbalance_Price.category>
            </Point>
            <Point>
              <position>58</position>
              <imbalance_Price.amount>777.193</imbalance_Price.amount>
              <imbalance_Price.category>A04</imbalance_Price.category>
            </Point>
            <Point>
              <position>59</position>
              <imbalance_Price.amount>796.049</imbalance_Price.amount>
              <imbalance_Price.category>A04</imbalance_Price.category>
            </Point>
            <Point>
              <position>60</position>
              <imbalance_Price.amount>795.168</imbalance_Price.amount>
              <imbalance_Price.category>A04</imbalance_Price.category>
            </Point>
            <Point>
              <position>61</position>
              <imbalance_Price.amount>362.609</imbalance_Price.amount>
              <imbalance_Price.category>A04</imbalance_Price.category>
            </Point>
            <Point>
              <position>62</position>
              <imbalance_Price.amount>1022.627</imbalance_Price.amount>
              <imbalance_Price.category>A04</imbalance_Price.category>
            </Point>
            <Point>
              <position>63</position>
              <imbalance_Price.amount>1023.725</imbalance_Price.amount>
              <imbalance_Price.category>A04</imbalance_Price.category>
            </Point>
            <Point>
              <position>64</position>
              <imbalance_Price.amount>1138.132</imbalance_Price.amount>
              <imbalance_Price.category>A04</imbalance_Price.category>
            </Point>
            <Point>
              <position>65</position>
              <imbalance_Price.amount>1094.31</imbalance_Price.amount>
              <imbalance_Price.category>A04</imbalance_Price.category>
            </Point>
            <Point>
              <position>66</position>
              <imbalance_Price.amount>1094.262</imbalance_Price.amount>
              <imbalance_Price.category>A04</imbalance_Price.category>
            </Point>
            <Point>
              <position>67</position>
              <imbalance_Price.amount>389.146</imbalance_Price.amount>
              <imbalance_Price.category>A04</imbalance_Price.category>
            </Point>
            <Point>
              <position>68</position>
              <imbalance_Price.amount>342.667</imbalance_Price.amount>
              <imbalance_Price.category>A04</imbalance_Price.category>
            </Point>
            <Point>
              <position>69</position>
              <imbalance_Price.amount>834.098</imbalance_Price.amount>
              <imbalance_Price.category>A04</imbalance_Price.category>
            </Point>
            <Point>
              <position>70</position>
              <imbalance_Price.amount>390</imbalance_Price.amount>
              <imbalance_Price.category>A04</imbalance_Price.category>
            </Point>
            <Point>
              <position>71</position>
              <imbalance_Price.amount>370.75</imbalance_Price.amount>
              <imbalance_Price.category>A04</imbalance_Price.category>
            </Point>
            <Point>
              <position>72</position>
              <imbalance_Price.amount>318.51</imbalance_Price.amount>
              <imbalance_Price.category>A04</imbalance_Price.category>
            </Point>
            <Point>
              <position>73</position>
              <imbalance_Price.amount>390</imbalance_Price.amount>
              <imbalance_Price.category>A04</imbalance_Price.category>
            </Point>
            <Point>
              <position>74</position>
              <imbalance_Price.amount>1083.751</imbalance_Price.amount>
              <imbalance_Price.category>A04</imbalance_Price.category>
            </Point>
            <Point>
              <position>75</position>
              <imbalance_Price.amount>1133.383</imbalance_Price.amount>
              <imbalance_Price.category>A04</imbalance_Price.category>
            </Point>
            <Point>
              <position>76</position>
              <imbalance_Price.amount>1021.799</imbalance_Price.amount>
              <imbalance_Price.category>A04</imbalance_Price.category>
            </Point>
            <Point>
              <position>77</position>
              <imbalance_Price.amount>787.833</imbalance_Price.amount>
              <imbalance_Price.category>A04</imbalance_Price.category>
            </Point>
            <Point>
              <position>78</position>
              <imbalance_Price.amount>881.814</imbalance_Price.amount>
              <imbalance_Price.category>A04</imbalance_Price.category>
            </Point>
            <Point>
              <position>79</position>
              <imbalance_Price.amount>348.226</imbalance_Price.amount>
              <imbalance_Price.category>A04</imbalance_Price.category>
            </Point>
            <Point>
              <position>80</position>
              <imbalance_Price.amount>390</imbalance_Price.amount>
              <imbalance_Price.category>A04</imbalance_Price.category>
            </Point>
            <Point>
              <position>81</position>
              <imbalance_Price.amount>1111.381</imbalance_Price.amount>
              <imbalance_Price.category>A04</imbalance_Price.category>
            </Point>
            <Point>
              <position>82</position>
              <imbalance_Price.amount>3174.306</imbalance_Price.amount>
              <imbalance_Price.category>A04</imbalance_Price.category>
            </Point>
            <Point>
              <position>83</position>
              <imbalance_Price.amount>3225.629</imbalance_Price.amount>
              <imbalance_Price.category>A04</imbalance_Price.category>
            </Point>
            <Point>
              <position>84</position>
              <imbalance_Price.amount>847.17</imbalance_Price.amount>
              <imbalance_Price.category>A04</imbalance_Price.category>
            </Point>
            <Point>
              <position>85</position>
              <imbalance_Price.amount>799.97</imbalance_Price.amount>
              <imbalance_Price.category>A04</imbalance_Price.category>
            </Point>
            <Point>
              <position>86</position>
              <imbalance_Price.amount>799.777</imbalance_Price.amount>
              <imbalance_Price.category>A04</imbalance_Price.category>
            </Point>
            <Point>
              <position>87</position>
              <imbalance_Price.amount>390</imbalance_Price.amount>
              <imbalance_Price.category>A04</imbalance_Price.category>
            </Point>
            <Point>
              <position>88</position>
              <imbalance_Price.amount>799.933</imbalance_Price.amount>
              <imbalance_Price.category>A04</imbalance_Price.category>
            </Point>
            <Point>
              <position>89</position>
              <imbalance_Price.amount>317.71</imbalance_Price.amount>
              <imbalance_Price.category>A04</imbalance_Price.category>
            </Point>
            <Point>
              <position>90</position>
              <imbalance_Price.amount>319.452</imbalance_Price.amount>
              <imbalance_Price.category>A04</imbalance_Price.category>
            </Point>
            <Point>
              <position>91</position>
              <imbalance_Price.amount>799.755</imbalance_Price.amount>
              <imbalance_Price.category>A04</imbalance_Price.category>
            </Point>
            <Point>
              <position>92</position>
              <imbalance_Price.amount>316.081</imbalance_Price.amount>
              <imbalance_Price.category>A04</imbalance_Price.category>
            </Point>
            <Point>
              <position>93</position>
              <imbalance_Price.amount>330.317</imbalance_Price.amount>
              <imbalance_Price.category>A04</imbalance_Price.category>
            </Point>
            <Point>
              <position>94</position>
              <imbalance_Price.amount>591.929</imbalance_Price.amount>
              <imbalance_Price.category>A04</imbalance_Price.category>
            </Point>
            <Point>
              <position>95</position>
              <imbalance_Price.amount>390</imbalance_Price.amount>
              <imbalance_Price.category>A04</imbalance_Price.category>
            </Point>
            <Point>
              <position>96</position>
              <imbalance_Price.amount>698.832</imbalance_Price.amount>
              <imbalance_Price.category>A04</imbalance_Price.category>
            </Point>
            <Point>
              <position>97</position>
              <imbalance_Price.amount>849.7</imbalance_Price.amount>
              <imbalance_Price.category>A04</imbalance_Price.category>
            </Point>
            <Point>
              <position>98</position>
              <imbalance_Price.amount>791.659</imbalance_Price.amount>
              <imbalance_Price.category>A04</imbalance_Price.category>
            </Point>
            <Point>
              <position>99</position>
              <imbalance_Price.amount>867.689</imbalance_Price.amount>
              <imbalance_Price.category>A04</imbalance_Price.category>
            </Point>
            <Point>
              <position>100</position>
              <imbalance_Price.amount>735.471</imbalance_Price.amount>
              <imbalance_Price.category>A04</imbalance_Price.category>
            </Point>
            <Point>
              <position>101</position>
              <imbalance_Price.amount>651.494</imbalance_Price.amount>
              <imbalance_Price.category>A04</imbalance_Price.category>
            </Point>
            <Point>
              <position>102</position>
              <imbalance_Price.amount>734.412</imbalance_Price.amount>
              <imbalance_Price.category>A04</imbalance_Price.category>
            </Point>
            <Point>
              <position>103</position>
              <imbalance_Price.amount>745.56</imbalance_Price.amount>
              <imbalance_Price.category>A04</imbalance_Price.category>
            </Point>
            <Point>
              <position>104</position>
              <imbalance_Price.amount>660.006</imbalance_Price.amount>
              <imbalance_Price.category>A04</imbalance_Price.category>
            </Point>
            <Point>
              <position>105</position>
              <imbalance_Price.amount>688.287</imbalance_Price.amount>
              <imbalance_Price.category>A04</imbalance_Price.category>
            </Point>
            <Point>
              <position>106</position>
              <imbalance_Price.amount>688.852</imbalance_Price.amount>
              <imbalance_Price.category>A04</imbalance_Price.category>
            </Point>
            <Point>
              <position>107</position>
              <imbalance_Price.amount>688.92</imbalance_Price.amount>
              <imbalance_Price.category>A04</imbalance_Price.category>
            </Point>
            <Point>
              <position>108</position>
              <imbalance_Price.amount>650</imbalance_Price.amount>
              <imbalance_Price.category>A04</imbalance_Price.category>
            </Point>
            <Point>
              <position>111</position>
              <imbalance_Price.amount>190.043</imbalance_Price.amount>
              <imbalance_Price.category>A04</imbalance_Price.category>
            </Point>
            <Point>
              <position>112</position>
              <imbalance_Price.amount>204.201</imbalance_Price.amount>
              <imbalance_Price.category>A04</imbalance_Price.category>
            </Point>
            <Point>
              <position>113</position>
              <imbalance_Price.amount>551.02</imbalance_Price.amount>
              <imbalance_Price.category>A04</imbalance_Price.category>
            </Point>
            <Point>
              <position>114</position>
              <imbalance_Price.amount>744.006</imbalance_Price.amount>
              <imbalance_Price.category>A04</imbalance_Price.category>
            </Point>
            <Point>
              <position>115</position>
              <imbalance_Price.amount>749.826</imbalance_Price.amount>
              <imbalance_Price.category>A04</imbalance_Price.category>
            </Point>
            <Point>
              <position>116</position>
              <imbalance_Price.amount>793.131</imbalance_Price.amount>
              <imbalance_Price.category>A04</imbalance_Price.category>
            </Point>
            <Point>
              <position>117</position>
              <imbalance_Price.amount>275.296</imbalance_Price.amount>
              <imbalance_Price.category>A04</imbalance_Price.category>
            </Point>
            <Point>
              <position>118</position>
              <imbalance_Price.amount>266.538</imbalance_Price.amount>
              <imbalance_Price.category>A04</imbalance_Price.category>
            </Point>
            <Point>
              <position>119</position>
              <imbalance_Price.amount>337.333</imbalance_Price.amount>
              <imbalance_Price.category>A04</imbalance_Price.category>
            </Point>
            <Point>
              <position>120</position>
              <imbalance_Price.amount>400</imbalance_Price.amount>
              <imbalance_Price.category>A04</imbalance_Price.category>
            </Point>
            <Point>
              <position>121</position>
              <imbalance_Price.amount>336.316</imbalance_Price.amount>
              <imbalance_Price.category>A04</imbalance_Price.category>
            </Point>
            <Point>
              <position>122</position>
              <imbalance_Price.amount>742.714</imbalance_Price.amount>
              <imbalance_Price.category>A04</imbalance_Price.category>
            </Point>
        </Period>
    </TimeSeries>
    <TimeSeries>
      <mRID>2</mRID>
      <businessType>A19</businessType>
      <currency_Unit.name>RON</currency_Unit.name>
      <price_Measure_Unit.name>MWH</price_Measure_Unit.name>
      <curveType>A03</curveType>
        <Period>
          <timeInterval>
            <start>2025-10-22T23:00Z</start>
            <end>2025-10-24T05:30Z</end>
          </timeInterval>
          <resolution>PT15M</resolution>
            <Point>
              <position>1</position>
              <imbalance_Price.amount>1377.672</imbalance_Price.amount>
              <imbalance_Price.category>A05</imbalance_Price.category>
            </Point>
            <Point>
              <position>2</position>
              <imbalance_Price.amount>795.409</imbalance_Price.amount>
              <imbalance_Price.category>A05</imbalance_Price.category>
            </Point>
            <Point>
              <position>3</position>
              <imbalance_Price.amount>858.666</imbalance_Price.amount>
              <imbalance_Price.category>A05</imbalance_Price.category>
            </Point>
            <Point>
              <position>4</position>
              <imbalance_Price.amount>796.915</imbalance_Price.amount>
              <imbalance_Price.category>A05</imbalance_Price.category>
            </Point>
            <Point>
              <position>5</position>
              <imbalance_Price.amount>339.237</imbalance_Price.amount>
              <imbalance_Price.category>A05</imbalance_Price.category>
            </Point>
            <Point>
              <position>6</position>
              <imbalance_Price.amount>795.02</imbalance_Price.amount>
              <imbalance_Price.category>A05</imbalance_Price.category>
            </Point>
            <Point>
              <position>7</position>
              <imbalance_Price.amount>883.475</imbalance_Price.amount>
              <imbalance_Price.category>A05</imbalance_Price.category>
            </Point>
            <Point>
              <position>8</position>
              <imbalance_Price.amount>798.035</imbalance_Price.amount>
              <imbalance_Price.category>A05</imbalance_Price.category>
            </Point>
            <Point>
              <position>9</position>
              <imbalance_Price.amount>809.567</imbalance_Price.amount>
              <imbalance_Price.category>A05</imbalance_Price.category>
            </Point>
            <Point>
              <position>10</position>
              <imbalance_Price.amount>834.001</imbalance_Price.amount>
              <imbalance_Price.category>A05</imbalance_Price.category>
            </Point>
            <Point>
              <position>11</position>
              <imbalance_Price.amount>1875.36</imbalance_Price.amount>
              <imbalance_Price.category>A05</imbalance_Price.category>
            </Point>
            <Point>
              <position>12</position>
              <imbalance_Price.amount>4317.264</imbalance_Price.amount>
              <imbalance_Price.category>A05</imbalance_Price.category>
            </Point>
            <Point>
              <position>13</position>
              <imbalance_Price.amount>1381.47</imbalance_Price.amount>
              <imbalance_Price.category>A05</imbalance_Price.category>
            </Point>
            <Point>
              <position>14</position>
              <imbalance_Price.amount>802.811</imbalance_Price.amount>
              <imbalance_Price.category>A05</imbalance_Price.category>
            </Point>
            <Point>
              <position>15</position>
              <imbalance_Price.amount>913.826</imbalance_Price.amount>
              <imbalance_Price.category>A05</imbalance_Price.category>
            </Point>
            <Point>
              <position>16</position>
              <imbalance_Price.amount>915.355</imbalance_Price.amount>
              <imbalance_Price.category>A05</imbalance_Price.category>
            </Point>
            <Point>
              <position>17</position>
              <imbalance_Price.amount>1054.01</imbalance_Price.amount>
              <imbalance_Price.category>A05</imbalance_Price.category>
            </Point>
            <Point>
              <position>18</position>
              <imbalance_Price.amount>5545.343</imbalance_Price.amount>
              <imbalance_Price.category>A05</imbalance_Price.category>
            </Point>
            <Point>
              <position>19</position>
              <imbalance_Price.amount>5210.969</imbalance_Price.amount>
              <imbalance_Price.category>A05</imbalance_Price.category>
            </Point>
            <Point>
              <position>20</position>
              <imbalance_Price.amount>3532.228</imbalance_Price.amount>
              <imbalance_Price.category>A05</imbalance_Price.category>
            </Point>
            <Point>
              <position>21</position>
              <imbalance_Price.amount>2616.082</imbalance_Price.amount>
              <imbalance_Price.category>A05</imbalance_Price.category>
            </Point>
            <Point>
              <position>22</position>
              <imbalance_Price.amount>3714.815</imbalance_Price.amount>
              <imbalance_Price.category>A05</imbalance_Price.category>
            </Point>
            <Point>
              <position>23</position>
              <imbalance_Price.amount>1833.422</imbalance_Price.amount>
              <imbalance_Price.category>A05</imbalance_Price.category>
            </Point>
            <Point>
              <position>24</position>
              <imbalance_Price.amount>1328.71</imbalance_Price.amount>
              <imbalance_Price.category>A05</imbalance_Price.category>
            </Point>
            <Point>
              <position>25</position>
              <imbalance_Price.amount>1184.568</imbalance_Price.amount>
              <imbalance_Price.category>A05</imbalance_Price.category>
            </Point>
            <Point>
              <position>26</position>
              <imbalance_Price.amount>1188.601</imbalance_Price.amount>
              <imbalance_Price.category>A05</imbalance_Price.category>
            </Point>
            <Point>
              <position>27</position>
              <imbalance_Price.amount>1176.213</imbalance_Price.amount>
              <imbalance_Price.category>A05</imbalance_Price.category>
            </Point>
            <Point>
              <position>28</position>
              <imbalance_Price.amount>1188.212</imbalance_Price.amount>
              <imbalance_Price.category>A05</imbalance_Price.category>
            </Point>
            <Point>
              <position>29</position>
              <imbalance_Price.amount>1786.072</imbalance_Price.amount>
              <imbalance_Price.category>A05</imbalance_Price.category>
            </Point>
            <Point>
              <position>30</position>
              <imbalance_Price.amount>2717.793</imbalance_Price.amount>
              <imbalance_Price.category>A05</imbalance_Price.category>
            </Point>
            <Point>
              <position>31</position>
              <imbalance_Price.amount>1734.57</imbalance_Price.amount>
              <imbalance_Price.category>A05</imbalance_Price.category>
            </Point>
            <Point>
              <position>32</position>
              <imbalance_Price.amount>1569.409</imbalance_Price.amount>
              <imbalance_Price.category>A05</imbalance_Price.category>
            </Point>
            <Point>
              <position>33</position>
              <imbalance_Price.amount>3888.358</imbalance_Price.amount>
              <imbalance_Price.category>A05</imbalance_Price.category>
            </Point>
            <Point>
              <position>34</position>
              <imbalance_Price.amount>1132.135</imbalance_Price.amount>
              <imbalance_Price.category>A05</imbalance_Price.category>
            </Point>
            <Point>
              <position>35</position>
              <imbalance_Price.amount>1076.636</imbalance_Price.amount>
              <imbalance_Price.category>A05</imbalance_Price.category>
            </Point>
            <Point>
              <position>36</position>
              <imbalance_Price.amount>1173.591</imbalance_Price.amount>
              <imbalance_Price.category>A05</imbalance_Price.category>
            </Point>
            <Point>
              <position>37</position>
              <imbalance_Price.amount>984.699</imbalance_Price.amount>
              <imbalance_Price.category>A05</imbalance_Price.category>
            </Point>
            <Point>
              <position>38</position>
              <imbalance_Price.amount>925.556</imbalance_Price.amount>
              <imbalance_Price.category>A05</imbalance_Price.category>
            </Point>
            <Point>
              <position>39</position>
              <imbalance_Price.amount>930.025</imbalance_Price.amount>
              <imbalance_Price.category>A05</imbalance_Price.category>
            </Point>
            <Point>
              <position>40</position>
              <imbalance_Price.amount>1002.606</imbalance_Price.amount>
              <imbalance_Price.category>A05</imbalance_Price.category>
            </Point>
            <Point>
              <position>41</position>
              <imbalance_Price.amount>856.369</imbalance_Price.amount>
              <imbalance_Price.category>A05</imbalance_Price.category>
            </Point>
            <Point>
              <position>42</position>
              <imbalance_Price.amount>856.52</imbalance_Price.amount>
              <imbalance_Price.category>A05</imbalance_Price.category>
            </Point>
            <Point>
              <position>43</position>
              <imbalance_Price.amount>929.119</imbalance_Price.amount>
              <imbalance_Price.category>A05</imbalance_Price.category>
            </Point>
            <Point>
              <position>44</position>
              <imbalance_Price.amount>1164.314</imbalance_Price.amount>
              <imbalance_Price.category>A05</imbalance_Price.category>
            </Point>
            <Point>
              <position>45</position>
              <imbalance_Price.amount>349.53</imbalance_Price.amount>
              <imbalance_Price.category>A05</imbalance_Price.category>
            </Point>
            <Point>
              <position>46</position>
              <imbalance_Price.amount>245.741</imbalance_Price.amount>
              <imbalance_Price.category>A05</imbalance_Price.category>
            </Point>
            <Point>
              <position>47</position>
              <imbalance_Price.amount>110.233</imbalance_Price.amount>
              <imbalance_Price.category>A05</imbalance_Price.category>
            </Point>
            <Point>
              <position>48</position>
              <imbalance_Price.amount>-120.695</imbalance_Price.amount>
              <imbalance_Price.category>A05</imbalance_Price.category>
            </Point>
            <Point>
              <position>49</position>
              <imbalance_Price.amount>-4.527</imbalance_Price.amount>
              <imbalance_Price.category>A05</imbalance_Price.category>
            </Point>
            <Point>
              <position>50</position>
              <imbalance_Price.amount>7.07</imbalance_Price.amount>
              <imbalance_Price.category>A05</imbalance_Price.category>
            </Point>
            <Point>
              <position>51</position>
              <imbalance_Price.amount>22.381</imbalance_Price.amount>
              <imbalance_Price.category>A05</imbalance_Price.category>
            </Point>
            <Point>
              <position>52</position>
              <imbalance_Price.amount>52.113</imbalance_Price.amount>
              <imbalance_Price.category>A05</imbalance_Price.category>
            </Point>
            <Point>
              <position>53</position>
              <imbalance_Price.amount>27.331</imbalance_Price.amount>
              <imbalance_Price.category>A05</imbalance_Price.category>
            </Point>
            <Point>
              <position>54</position>
              <imbalance_Price.amount>0.2</imbalance_Price.amount>
              <imbalance_Price.category>A05</imbalance_Price.category>
            </Point>
            <Point>
              <position>55</position>
              <imbalance_Price.amount>390</imbalance_Price.amount>
              <imbalance_Price.category>A05</imbalance_Price.category>
            </Point>
            <Point>
              <position>56</position>
              <imbalance_Price.amount>289.458</imbalance_Price.amount>
              <imbalance_Price.category>A05</imbalance_Price.category>
            </Point>
            <Point>
              <position>57</position>
              <imbalance_Price.amount>321.205</imbalance_Price.amount>
              <imbalance_Price.category>A05</imbalance_Price.category>
            </Point>
            <Point>
              <position>58</position>
              <imbalance_Price.amount>777.193</imbalance_Price.amount>
              <imbalance_Price.category>A05</imbalance_Price.category>
            </Point>
            <Point>
              <position>59</position>
              <imbalance_Price.amount>796.049</imbalance_Price.amount>
              <imbalance_Price.category>A05</imbalance_Price.category>
            </Point>
            <Point>
              <position>60</position>
              <imbalance_Price.amount>795.168</imbalance_Price.amount>
              <imbalance_Price.category>A05</imbalance_Price.category>
            </Point>
            <Point>
              <position>61</position>
              <imbalance_Price.amount>362.609</imbalance_Price.amount>
              <imbalance_Price.category>A05</imbalance_Price.category>
            </Point>
            <Point>
              <position>62</position>
              <imbalance_Price.amount>1022.627</imbalance_Price.amount>
              <imbalance_Price.category>A05</imbalance_Price.category>
            </Point>
            <Point>
              <position>63</position>
              <imbalance_Price.amount>1023.725</imbalance_Price.amount>
              <imbalance_Price.category>A05</imbalance_Price.category>
            </Point>
            <Point>
              <position>64</position>
              <imbalance_Price.amount>1138.132</imbalance_Price.amount>
              <imbalance_Price.category>A05</imbalance_Price.category>
            </Point>
            <Point>
              <position>65</position>
              <imbalance_Price.amount>1094.31</imbalance_Price.amount>
              <imbalance_Price.category>A05</imbalance_Price.category>
            </Point>
            <Point>
              <position>66</position>
              <imbalance_Price.amount>1094.262</imbalance_Price.amount>
              <imbalance_Price.category>A05</imbalance_Price.category>
            </Point>
            <Point>
              <position>67</position>
              <imbalance_Price.amount>389.146</imbalance_Price.amount>
              <imbalance_Price.category>A05</imbalance_Price.category>
            </Point>
            <Point>
              <position>68</position>
              <imbalance_Price.amount>342.667</imbalance_Price.amount>
              <imbalance_Price.category>A05</imbalance_Price.category>
            </Point>
            <Point>
              <position>69</position>
              <imbalance_Price.amount>834.098</imbalance_Price.amount>
              <imbalance_Price.category>A05</imbalance_Price.category>
            </Point>
            <Point>
              <position>70</position>
              <imbalance_Price.amount>390</imbalance_Price.amount>
              <imbalance_Price.category>A05</imbalance_Price.category>
            </Point>
            <Point>
              <position>71</position>
              <imbalance_Price.amount>370.75</imbalance_Price.amount>
              <imbalance_Price.category>A05</imbalance_Price.category>
            </Point>
            <Point>
              <position>72</position>
              <imbalance_Price.amount>318.51</imbalance_Price.amount>
              <imbalance_Price.category>A05</imbalance_Price.category>
            </Point>
            <Point>
              <position>73</position>
              <imbalance_Price.amount>390</imbalance_Price.amount>
              <imbalance_Price.category>A05</imbalance_Price.category>
            </Point>
            <Point>
              <position>74</position>
              <imbalance_Price.amount>1083.751</imbalance_Price.amount>
              <imbalance_Price.category>A05</imbalance_Price.category>
            </Point>
            <Point>
              <position>75</position>
              <imbalance_Price.amount>1133.383</imbalance_Price.amount>
              <imbalance_Price.category>A05</imbalance_Price.category>
            </Point>
            <Point>
              <position>76</position>
              <imbalance_Price.amount>1021.799</imbalance_Price.amount>
              <imbalance_Price.category>A05</imbalance_Price.category>
            </Point>
            <Point>
              <position>77</position>
              <imbalance_Price.amount>787.833</imbalance_Price.amount>
              <imbalance_Price.category>A05</imbalance_Price.category>
            </Point>
            <Point>
              <position>78</position>
              <imbalance_Price.amount>881.814</imbalance_Price.amount>
              <imbalance_Price.category>A05</imbalance_Price.category>
            </Point>
            <Point>
              <position>79</position>
              <imbalance_Price.amount>348.226</imbalance_Price.amount>
              <imbalance_Price.category>A05</imbalance_Price.category>
            </Point>
            <Point>
              <position>80</position>
              <imbalance_Price.amount>390</imbalance_Price.amount>
              <imbalance_Price.category>A05</imbalance_Price.category>
            </Point>
            <Point>
              <position>81</position>
              <imbalance_Price.amount>1111.381</imbalance_Price.amount>
              <imbalance_Price.category>A05</imbalance_Price.category>
            </Point>
            <Point>
              <position>82</position>
              <imbalance_Price.amount>3174.306</imbalance_Price.amount>
              <imbalance_Price.category>A05</imbalance_Price.category>
            </Point>
            <Point>
              <position>83</position>
              <imbalance_Price.amount>3225.629</imbalance_Price.amount>
              <imbalance_Price.category>A05</imbalance_Price.category>
            </Point>
            <Point>
              <position>84</position>
              <imbalance_Price.amount>847.17</imbalance_Price.amount>
              <imbalance_Price.category>A05</imbalance_Price.category>
            </Point>
            <Point>
              <position>85</position>
              <imbalance_Price.amount>799.97</imbalance_Price.amount>
              <imbalance_Price.category>A05</imbalance_Price.category>
            </Point>
            <Point>
              <position>86</position>
              <imbalance_Price.amount>799.777</imbalance_Price.amount>
              <imbalance_Price.category>A05</imbalance_Price.category>
            </Point>
            <Point>
              <position>87</position>
              <imbalance_Price.amount>390</imbalance_Price.amount>
              <imbalance_Price.category>A05</imbalance_Price.category>
            </Point>
            <Point>
              <position>88</position>
              <imbalance_Price.amount>799.933</imbalance_Price.amount>
              <imbalance_Price.category>A05</imbalance_Price.category>
            </Point>
            <Point>
              <position>89</position>
              <imbalance_Price.amount>317.71</imbalance_Price.amount>
              <imbalance_Price.category>A05</imbalance_Price.category>
            </Point>
            <Point>
              <position>90</position>
              <imbalance_Price.amount>319.452</imbalance_Price.amount>
              <imbalance_Price.category>A05</imbalance_Price.category>
            </Point>
            <Point>
              <position>91</position>
              <imbalance_Price.amount>799.755</imbalance_Price.amount>
              <imbalance_Price.category>A05</imbalance_Price.category>
            </Point>
            <Point>
              <position>92</position>
              <imbalance_Price.amount>316.081</imbalance_Price.amount>
              <imbalance_Price.category>A05</imbalance_Price.category>
            </Point>
            <Point>
              <position>93</position>
              <imbalance_Price.amount>330.317</imbalance_Price.amount>
              <imbalance_Price.category>A05</imbalance_Price.category>
            </Point>
            <Point>
              <position>94</position>
              <imbalance_Price.amount>591.929</imbalance_Price.amount>
              <imbalance_Price.category>A05</imbalance_Price.category>
            </Point>
            <Point>
              <position>95</position>
              <imbalance_Price.amount>390</imbalance_Price.amount>
              <imbalance_Price.category>A05</imbalance_Price.category>
            </Point>
            <Point>
              <position>96</position>
              <imbalance_Price.amount>698.832</imbalance_Price.amount>
              <imbalance_Price.category>A05</imbalance_Price.category>
            </Point>
            <Point>
              <position>97</position>
              <imbalance_Price.amount>849.7</imbalance_Price.amount>
              <imbalance_Price.category>A05</imbalance_Price.category>
            </Point>
            <Point>
              <position>98</position>
              <imbalance_Price.amount>791.659</imbalance_Price.amount>
              <imbalance_Price.category>A05</imbalance_Price.category>
            </Point>
            <Point>
              <position>99</position>
              <imbalance_Price.amount>867.689</imbalance_Price.amount>
              <imbalance_Price.category>A05</imbalance_Price.category>
            </Point>
            <Point>
              <position>100</position>
              <imbalance_Price.amount>735.471</imbalance_Price.amount>
              <imbalance_Price.category>A05</imbalance_Price.category>
            </Point>
            <Point>
              <position>101</position>
              <imbalance_Price.amount>651.494</imbalance_Price.amount>
              <imbalance_Price.category>A05</imbalance_Price.category>
            </Point>
            <Point>
              <position>102</position>
              <imbalance_Price.amount>734.412</imbalance_Price.amount>
              <imbalance_Price.category>A05</imbalance_Price.category>
            </Point>
            <Point>
              <position>103</position>
              <imbalance_Price.amount>745.56</imbalance_Price.amount>
              <imbalance_Price.category>A05</imbalance_Price.category>
            </Point>
            <Point>
              <position>104</position>
              <imbalance_Price.amount>660.006</imbalance_Price.amount>
              <imbalance_Price.category>A05</imbalance_Price.category>
            </Point>
            <Point>
              <position>105</position>
              <imbalance_Price.amount>688.287</imbalance_Price.amount>
              <imbalance_Price.category>A05</imbalance_Price.category>
            </Point>
            <Point>
              <position>106</position>
              <imbalance_Price.amount>688.852</imbalance_Price.amount>
              <imbalance_Price.category>A05</imbalance_Price.category>
            </Point>
            <Point>
              <position>107</position>
              <imbalance_Price.amount>688.92</imbalance_Price.amount>
              <imbalance_Price.category>A05</imbalance_Price.category>
            </Point>
            <Point>
              <position>108</position>
              <imbalance_Price.amount>650</imbalance_Price.amount>
              <imbalance_Price.category>A05</imbalance_Price.category>
            </Point>
            <Point>
              <position>111</position>
              <imbalance_Price.amount>190.043</imbalance_Price.amount>
              <imbalance_Price.category>A05</imbalance_Price.category>
            </Point>
            <Point>
              <position>112</position>
              <imbalance_Price.amount>204.201</imbalance_Price.amount>
              <imbalance_Price.category>A05</imbalance_Price.category>
            </Point>
            <Point>
              <position>113</position>
              <imbalance_Price.amount>551.02</imbalance_Price.amount>
              <imbalance_Price.category>A05</imbalance_Price.category>
            </Point>
            <Point>
              <position>114</position>
              <imbalance_Price.amount>744.006</imbalance_Price.amount>
              <imbalance_Price.category>A05</imbalance_Price.category>
            </Point>
            <Point>
              <position>115</position>
              <imbalance_Price.amount>749.826</imbalance_Price.amount>
              <imbalance_Price.category>A05</imbalance_Price.category>
            </Point>
            <Point>
              <position>116</position>
              <imbalance_Price.amount>793.131</imbalance_Price.amount>
              <imbalance_Price.category>A05</imbalance_Price.category>
            </Point>
            <Point>
              <position>117</position>
              <imbalance_Price.amount>275.296</imbalance_Price.amount>
              <imbalance_Price.category>A05</imbalance_Price.category>
            </Point>
            <Point>
              <position>118</position>
              <imbalance_Price.amount>266.538</imbalance_Price.amount>
              <imbalance_Price.category>A05</imbalance_Price.category>
            </Point>
            <Point>
              <position>119</position>
              <imbalance_Price.amount>337.333</imbalance_Price.amount>
              <imbalance_Price.category>A05</imbalance_Price.category>
            </Point>
            <Point>
              <position>120</position>
              <imbalance_Price.amount>400</imbalance_Price.amount>
              <imbalance_Price.category>A05</imbalance_Price.category>
            </Point>
            <Point>
              <position>121</position>
              <imbalance_Price.amount>336.316</imbalance_Price.amount>
              <imbalance_Price.category>A05</imbalance_Price.category>
            </Point>
            <Point>
              <position>122</position>
              <imbalance_Price.amount>742.714</imbalance_Price.amount>
              <imbalance_Price.category>A05</imbalance_Price.category>
            </Point>
        </Period>
    </TimeSeries>
</Balancing_MarketDocument>