<?xml version="1.0" encoding="UTF-8"?>
<Balancing_MarketDocument xmlns="urn:iec62325.351:tc57wg16:451-6:balancingdocument:4:4">
	<mRID>5e71d8c202204274bd1dbe351f960119</mRID>
	<revisionNumber>1</revisionNumber>
    <type>A85</type>
	<process.processType>A16</process.processType>
	<sender_MarketParticipant.mRID codingScheme="A01">10X1001A1001A450</sender_MarketParticipant.mRID>
	<sender_MarketParticipant.marketRole.type>A32</sender_MarketParticipant.marketRole.type>
	<receiver_MarketParticipant.mRID codingScheme="A01">10X1001A1001A450</receiver_MarketParticipant.mRID>
	<receiver_MarketParticipant.marketRole.type>A33</receiver_MarketParticipant.marketRole.type>
	<createdDateTime>2025-05-30T04:48:39Z</createdDateTime>
	<docStatus><value>A01</value></docStatus>
	<area_Domain.mRID codingScheme="A01">10YRO-TEL------P</area_Domain.mRID>
	<period.timeInterval>
		<start>2025-05-28T23:00Z</start>
		<end>2025-05-30T04:30Z</end>
	</period.timeInterval>
	<TimeSeries>
		<mRID>1</mRID>
		<businessType>A19</businessType>
		<currency_Unit.name>RON</currency_Unit.name>
		<price_Measure_Unit.name>MWH</price_Measure_Unit.name>
		<curveType>A01</curveType>
		<Period>
			<timeInterval>
				<start>2025-05-28T23:00Z</start>
				<end>2025-05-29T21:00Z</end>
			</timeInterval>
			<resolution>PT15M</resolution>
			<Point>
				<position>1</position>
				<imbalance_Price.amount>1021.85</imbalance_Price.amount>
				<imbalance_Price.category>A04</imbalance_Price.category>
			</Point>
			<Point>
				<position>2</position>
				<imbalance_Price.amount>1406.24</imbalance_Price.amount>
				<imbalance_Price.category>A04</imbalance_Price.category>
			</Point>
			<Point>
				<position>3</position>
				<imbalance_Price.amount>662.29</imbalance_Price.amount>
				<imbalance_Price.category>A04</imbalance_Price.category>
			</Point>
			<Point>
				<position>4</position>
				<imbalance_Price.amount>669.12</imbalance_Price.amount>
				<imbalance_Price.category>A04</imbalance_Price.category>
			</Point>
			<Point>
				<position>5</position>
				<imbalance_Price.amount>229.13</imbalance_Price.amount>
				<imbalance_Price.category>A04</imbalance_Price.category>
			</Point>
			<Point>
				<position>6</position>
				<imbalance_Price.amount>650.00</imbalance_Price.amount>
				<imbalance_Price.category>A04</imbalance_Price.category>
			</Point>
			<Point>
				<position>7</position>
				<imbalance_Price.amount>650.00</imbalance_Price.amount>
				<imbalance_Price.category>A04</imbalance_Price.category>
			</Point>
			<Point>
				<position>8</position>
				<imbalance_Price.amount>650.00</imbalance_Price.amount>
				<imbalance_Price.category>A04</imbalance_Price.category>
			</Point>
			<Point>
				<position>9</position>
				<imbalance_Price.amount>894.99</imbalance_Price.amount>
				<imbalance_Price.category>A04</imbalance_Price.category>
			</Point>
			<Point>
				<position>10</position>
				<imbalance_Price.amount>899.27</imbalance_Price.amount>
				<imbalance_Price.category>A04</imbalance_Price.category>
			</Point>
			<Point>
				<position>11</position>
				<imbalance_Price.amount>2239.17</imbalance_Price.amount>
				<imbalance_Price.category>A04</imbalance_Price.category>
			</Point>
			<Point>
				<position>12</position>
				<imbalance_Price.amount>895.05</imbalance_Price.amount>
				<imbalance_Price.category>A04</imbalance_Price.category>
			</Point>
			<Point>
				<position>13</position>
				<imbalance_Price.amount>898.82</imbalance_Price.amount>
				<imbalance_Price.category>A04</imbalance_Price.category>
			</Point>
			<Point>
				<position>14</position>
				<imbalance_Price.amount>895.79</imbalance_Price.amount>
				<imbalance_Price.category>A04</imbalance_Price.category>
			</Point>
			<Point>
				<position>15</position>
				<imbalance_Price.amount>828.94</imbalance_Price.amount>
				<imbalance_Price.category>A04</imbalance_Price.category>
			</Point>
			<Point>
				<position>16</position>
				<imbalance_Price.amount>796.82</imbalance_Price.amount>
				<imbalance_Price.category>A04</imbalance_Price.category>
			</Point>
			<Point>
				<position>17</position>
				<imbalance_Price.amount>650.00</imbalance_Price.amount>
				<imbalance_Price.category>A04</imbalance_Price.category>
			</Point>
			<Point>
				<position>18</position>
				<imbalance_Price.amount>704.88</imbalance_Price.amount>
				<imbalance_Price.category>A04</imbalance_Price.category>
			</Point>
			<Point>
				<position>19</position>
				<imbalance_Price.amount>650.00</imbalance_Price.amount>
				<imbalance_Price.category>A04</imbalance_Price.category>
			</Point>
			<Point>
				<position>20</position>
				<imbalance_Price.amount>192.37</imbalance_Price.amount>
				<imbalance_Price.category>A04</imbalance_Price.category>
			</Point>
			<Point>
				<position>21</position>
				<imbalance_Price.amount>98.39</imbalance_Price.amount>
				<imbalance_Price.category>A04</imbalance_Price.category>
			</Point>
			<Point>
				<position>22</position>
				<imbalance_Price.amount>227.14</imbalance_Price.amount>
				<imbalance_Price.category>A04</imbalance_Price.category>
			</Point>
			<Point>
				<position>23</position>
				<imbalance_Price.amount>222.61</imbalance_Price.amount>
				<imbalance_Price.category>A04</imbalance_Price.category>
			</Point>
			<Point>
				<position>24</position>
				<imbalance_Price.amount>199.42</imbalance_Price.amount>
				<imbalance_Price.category>A04</imbalance_Price.category>
			</Point>
			<Point>
				<position>25</position>
				<imbalance_Price.amount>283.58</imbalance_Price.amount>
				<imbalance_Price.category>A04</imbalance_Price.category>
			</Point>
			<Point>
				<position>26</position>
				<imbalance_Price.amount>-2417.31</imbalance_Price.amount>
				<imbalance_Price.category>A04</imbalance_Price.category>
			</Point>
			<Point>
				<position>27</position>
				<imbalance_Price.amount>-853.28</imbalance_Price.amount>
				<imbalance_Price.category>A04</imbalance_Price.category>
			</Point>
			<Point>
				<position>28</position>
				<imbalance_Price.amount>-733.42</imbalance_Price.amount>
				<imbalance_Price.category>A04</imbalance_Price.category>
			</Point>
			<Point>
				<position>29</position>
				<imbalance_Price.amount>9.48</imbalance_Price.amount>
				<imbalance_Price.category>A04</imbalance_Price.category>
			</Point>
			<Point>
				<position>30</position>
				<imbalance_Price.amount>0.40</imbalance_Price.amount>
				<imbalance_Price.category>A04</imbalance_Price.category>
			</Point>
			<Point>
				<position>31</position>
				<imbalance_Price.amount>241.31</imbalance_Price.amount>
				<imbalance_Price.category>A04</imbalance_Price.category>
			</Point>
			<Point>
				<position>32</position>
				<imbalance_Price.amount>787.49</imbalance_Price.amount>
				<imbalance_Price.category>A04</imbalance_Price.category>
			</Point>
			<Point>
				<position>33</position>
				<imbalance_Price.amount>685.63</imbalance_Price.amount>
				<imbalance_Price.category>A04</imbalance_Price.category>
			</Point>
			<Point>
				<position>34</position>
				<imbalance_Price.amount>756.71</imbalance_Price.amount>
				<imbalance_Price.category>A04</imbalance_Price.category>
			</Point>
			<Point>
				<position>35</position>
				<imbalance_Price.amount>757.70</imbalance_Price.amount>
				<imbalance_Price.category>A04</imbalance_Price.category>
			</Point>
			<Point>
				<position>36</position>
				<imbalance_Price.amount>757.94</imbalance_Price.amount>
				<imbalance_Price.category>A04</imbalance_Price.category>
			</Point>
			<Point>
				<position>37</position>
				<imbalance_Price.amount>564.82</imbalance_Price.amount>
				<imbalance_Price.category>A04</imbalance_Price.category>
			</Point>
			<Point>
				<position>38</position>
				<imbalance_Price.amount>541.13</imbalance_Price.amount>
				<imbalance_Price.category>A04</imbalance_Price.category>
			</Point>
			<Point>
				<position>39</position>
				<imbalance_Price.amount>163.63</imbalance_Price.amount>
				<imbalance_Price.category>A04</imbalance_Price.category>
			</Point>
			<Point>
				<position>40</position>
				<imbalance_Price.amount>130.84</imbalance_Price.amount>
				<imbalance_Price.category>A04</imbalance_Price.category>
			</Point>
			<Point>
				<position>41</position>
				<imbalance_Price.amount>155.73</imbalance_Price.amount>
				<imbalance_Price.category>A04</imbalance_Price.category>
			</Point>
			<Point>
				<position>42</position>
				<imbalance_Price.amount>203.79</imbalance_Price.amount>
				<imbalance_Price.category>A04</imbalance_Price.category>
			</Point>
			<Point>
				<position>43</position>
				<imbalance_Price.amount>196.73</imbalance_Price.amount>
				<imbalance_Price.category>A04</imbalance_Price.category>
			</Point>
			<Point>
				<position>44</position>
				<imbalance_Price.amount>313.61</imbalance_Price.amount>
				<imbalance_Price.category>A04</imbalance_Price.category>
			</Point>
			<Point>
				<position>45</position>
				<imbalance_Price.amount>162.23</imbalance_Price.amount>
				<imbalance_Price.category>A04</imbalance_Price.category>
			</Point>
			<Point>
				<position>46</position>
				<imbalance_Price.amount>261.52</imbalance_Price.amount>
				<imbalance_Price.category>A04</imbalance_Price.category>
			</Point>
			<Point>
				<position>47</position>
				<imbalance_Price.amount>297.69</imbalance_Price.amount>
				<imbalance_Price.category>A04</imbalance_Price.category>
			</Point>
			<Point>
				<position>48</position>
				<imbalance_Price.amount>-294.09</imbalance_Price.amount>
				<imbalance_Price.category>A04</imbalance_Price.category>
			</Point>
			<Point>
				<position>49</position>
				<imbalance_Price.amount>-295.00</imbalance_Price.amount>
				<imbalance_Price.category>A04</imbalance_Price.category>
			</Point>
			<Point>
				<position>50</position>
				<imbalance_Price.amount>-600.00</imbalance_Price.amount>
				<imbalance_Price.category>A04</imbalance_Price.category>
			</Point>
			<Point>
				<position>51</position>
				<imbalance_Price.amount>-140.84</imbalance_Price.amount>
				<imbalance_Price.category>A04</imbalance_Price.category>
			</Point>
			<Point>
				<position>52</position>
				<imbalance_Price.amount>4.86</imbalance_Price.amount>
				<imbalance_Price.category>A04</imbalance_Price.category>
			</Point>
			<Point>
				<position>53</position>
				<imbalance_Price.amount>538.23</imbalance_Price.amount>
				<imbalance_Price.category>A04</imbalance_Price.category>
			</Point>
			<Point>
				<position>54</position>
				<imbalance_Price.amount>511.00</imbalance_Price.amount>
				<imbalance_Price.category>A04</imbalance_Price.category>
			</Point>
			<Point>
				<position>55</position>
				<imbalance_Price.amount>111.62</imbalance_Price.amount>
				<imbalance_Price.category>A04</imbalance_Price.category>
			</Point>
			<Point>
				<position>56</position>
				<imbalance_Price.amount>28.85</imbalance_Price.amount>
				<imbalance_Price.category>A04</imbalance_Price.category>
			</Point>
			<Point>
				<position>57</position>
				<imbalance_Price.amount>-3666.75</imbalance_Price.amount>
				<imbalance_Price.category>A04</imbalance_Price.category>
			</Point>
			<Point>
				<position>58</position>
				<imbalance_Price.amount>-341.76</imbalance_Price.amount>
				<imbalance_Price.category>A04</imbalance_Price.category>
			</Point>
			<Point>
				<position>59</position>
				<imbalance_Price.amount>-77.13</imbalance_Price.amount>
				<imbalance_Price.category>A04</imbalance_Price.category>
			</Point>
			<Point>
				<position>60</position>
				<imbalance_Price.amount>-8.23</imbalance_Price.amount>
				<imbalance_Price.category>A04</imbalance_Price.category>
			</Point>
			<Point>
				<position>61</position>
				<imbalance_Price.amount>-594.96</imbalance_Price.amount>
				<imbalance_Price.category>A04</imbalance_Price.category>
			</Point>
			<Point>
				<position>62</position>
				<imbalance_Price.amount>-878.00</imbalance_Price.amount>
				<imbalance_Price.category>A04</imbalance_Price.category>
			</Point>
			<Point>
				<position>63</position>
				<imbalance_Price.amount>275.71</imbalance_Price.amount>
				<imbalance_Price.category>A04</imbalance_Price.category>
			</Point>
			<Point>
				<position>64</position>
				<imbalance_Price.amount>1356.43</imbalance_Price.amount>
				<imbalance_Price.category>A04</imbalance_Price.category>
			</Point>
			<Point>
				<position>65</position>
				<imbalance_Price.amount>13.08</imbalance_Price.amount>
				<imbalance_Price.category>A04</imbalance_Price.category>
			</Point>
			<Point>
				<position>66</position>
				<imbalance_Price.amount>190.81</imbalance_Price.amount>
				<imbalance_Price.category>A04</imbalance_Price.category>
			</Point>
			<Point>
				<position>67</position>
				<imbalance_Price.amount>835.42</imbalance_Price.amount>
				<imbalance_Price.category>A04</imbalance_Price.category>
			</Point>
			<Point>
				<position>68</position>
				<imbalance_Price.amount>2283.93</imbalance_Price.amount>
				<imbalance_Price.category>A04</imbalance_Price.category>
			</Point>
			<Point>
				<position>69</position>
				<imbalance_Price.amount>198.01</imbalance_Price.amount>
				<imbalance_Price.category>A04</imbalance_Price.category>
			</Point>
			<Point>
				<position>70</position>
				<imbalance_Price.amount>309.25</imbalance_Price.amount>
				<imbalance_Price.category>A04</imbalance_Price.category>
			</Point>
			<Point>
				<position>71</position>
				<imbalance_Price.amount>390.00</imbalance_Price.amount>
				<imbalance_Price.category>A04</imbalance_Price.category>
			</Point>
			<Point>
				<position>72</position>
				<imbalance_Price.amount>318.92</imbalance_Price.amount>
				<imbalance_Price.category>A04</imbalance_Price.category>
			</Point>
			<Point>
				<position>73</position>
				<imbalance_Price.amount>-3723.49</imbalance_Price.amount>
				<imbalance_Price.category>A04</imbalance_Price.category>
			</Point>
			<Point>
				<position>74</position>
				<imbalance_Price.amount>278.04</imbalance_Price.amount>
				<imbalance_Price.category>A04</imbalance_Price.category>
			</Point>
			<Point>
				<position>75</position>
				<imbalance_Price.amount>390.00</imbalance_Price.amount>
				<imbalance_Price.category>A04</imbalance_Price.category>
			</Point>
			<Point>
				<position>76</position>
				<imbalance_Price.amount>390.00</imbalance_Price.amount>
				<imbalance_Price.category>A04</imbalance_Price.category>
			</Point>
			<Point>
				<position>77</position>
				<imbalance_Price.amount>900.28</imbalance_Price.amount>
				<imbalance_Price.category>A04</imbalance_Price.category>
			</Point>
			<Point>
				<position>78</position>
				<imbalance_Price.amount>975.83</imbalance_Price.amount>
				<imbalance_Price.category>A04</imbalance_Price.category>
			</Point>
			<Point>
				<position>79</position>
				<imbalance_Price.amount>1112.31</imbalance_Price.amount>
				<imbalance_Price.category>A04</imbalance_Price.category>
			</Point>
			<Point>
				<position>80</position>
				<imbalance_Price.amount>390.00</imbalance_Price.amount>
				<imbalance_Price.category>A04</imbalance_Price.category>
			</Point>
			<Point>
				<position>81</position>
				<imbalance_Price.amount>4243.73</imbalance_Price.amount>
				<imbalance_Price.category>A04</imbalance_Price.category>
			</Point>
			<Point>
				<position>82</position>
				<imbalance_Price.amount>1312.56</imbalance_Price.amount>
				<imbalance_Price.category>A04</imbalance_Price.category>
			</Point>
			<Point>
				<position>83</position>
				<imbalance_Price.amount>1016.41</imbalance_Price.amount>
				<imbalance_Price.category>A04</imbalance_Price.category>
			</Point>
			<Point>
				<position>84</position>
				<imbalance_Price.amount>865.68</imbalance_Price.amount>
				<imbalance_Price.category>A04</imbalance_Price.category>
			</Point>
			<Point>
				<position>85</position>
				<imbalance_Price.amount>2368.67</imbalance_Price.amount>
				<imbalance_Price.category>A04</imbalance_Price.category>
			</Point>
			<Point>
				<position>86</position>
				<imbalance_Price.amount>894.00</imbalance_Price.amount>
				<imbalance_Price.category>A04</imbalance_Price.category>
			</Point>
			<Point>
				<position>87</position>
				<imbalance_Price.amount>848.27</imbalance_Price.amount>
				<imbalance_Price.category>A04</imbalance_Price.category>
			</Point>
			<Point>
				<position>88</position>
				<imbalance_Price.amount>839.27</imbalance_Price.amount>
				<imbalance_Price.category>A04</imbalance_Price.category>
			</Point>
		</Period>
	</TimeSeries>
	<TimeSeries>
		<mRID>2</mRID>
		<businessType>A19</businessType>
		<currency_Unit.name>RON</currency_Unit.name>
		<price_Measure_Unit.name>MWH</price_Measure_Unit.name>
		<curveType>A01</curveType>
		<Period>
			<timeInterval>
				<start>2025-05-28T23:00Z</start>
				<end>2025-05-29T21:00Z</end>
			</timeInterval>
			<resolution>PT15M</resolution>
			<Point>
				<position>1</position>
				<imbalance_Price.amount>1021.85</imbalance_Price.amount>
				<imbalance_Price.category>A05</imbalance_Price.category>
			</Point>
			<Point>
				<position>2</position>
				<imbalance_Price.amount>1406.24</imbalance_Price.amount>
				<imbalance_Price.category>A05</imbalance_Price.category>
			</Point>
			<Point>
				<position>3</position>
				<imbalance_Price.amount>662.29</imbalance_Price.amount>
				<imbalance_Price.category>A05</imbalance_Price.category>
			</Point>
			<Point>
				<position>4</position>
				<imbalance_Price.amount>669.12</imbalance_Price.amount>
				<imbalance_Price.category>A05</imbalance_Price.category>
			</Point>
			<Point>
				<position>5</position>
				<imbalance_Price.amount>229.13</imbalance_Price.amount>
				<imbalance_Price.category>A05</imbalance_Price.category>
			</Point>
			<Point>
				<position>6</position>
				<imbalance_Price.amount>650.00</imbalance_Price.amount>
				<imbalance_Price.category>A05</imbalance_Price.category>
			</Point>
			<Point>
				<position>7</position>
				<imbalance_Price.amount>650.00</imbalance_Price.amount>
				<imbalance_Price.category>A05</imbalance_Price.category>
			</Point>
			<Point>
				<position>8</position>
				<imbalance_Price.amount>650.00</imbalance_Price.amount>
				<imbalance_Price.category>A05</imbalance_Price.category>
			</Point>
			<Point>
				<position>9</position>
				<imbalance_Price.amount>894.99</imbalance_Price.amount>
				<imbalance_Price.category>A05</imbalance_Price.category>
			</Point>
			<Point>
				<position>10</position>
				<imbalance_Price.amount>899.27</imbalance_Price.amount>
				<imbalance_Price.category>A05</imbalance_Price.category>
			</Point>
			<Point>
				<position>11</position>
				<imbalance_Price.amount>2239.17</imbalance_Price.amount>
				<imbalance_Price.category>A05</imbalance_Price.category>
			</Point>
			<Point>
				<position>12</position>
				<imbalance_Price.amount>895.05</imbalance_Price.amount>
				<imbalance_Price.category>A05</imbalance_Price.category>
			</Point>
			<Point>
				<position>13</position>
				<imbalance_Price.amount>898.82</imbalance_Price.amount>
				<imbalance_Price.category>A05</imbalance_Price.category>
			</Point>
			<Point>
				<position>14</position>
				<imbalance_Price.amount>895.79</imbalance_Price.amount>
				<imbalance_Price.category>A05</imbalance_Price.category>
			</Point>
			<Point>
				<position>15</position>
				<imbalance_Price.amount>828.94</imbalance_Price.amount>
				<imbalance_Price.category>A05</imbalance_Price.category>
			</Point>
			<Point>
				<position>16</position>
				<imbalance_Price.amount>796.82</imbalance_Price.amount>
				<imbalance_Price.category>A05</imbalance_Price.category>
			</Point>
			<Point>
				<position>17</position>
				<imbalance_Price.amount>650.00</imbalance_Price.amount>
				<imbalance_Price.category>A05</imbalance_Price.category>
			</Point>
			<Point>
				<position>18</position>
				<imbalance_Price.amount>704.88</imbalance_Price.amount>
				<imbalance_Price.category>A05</imbalance_Price.category>
			</Point>
			<Point>
				<position>19</position>
				<imbalance_Price.amount>650.00</imbalance_Price.amount>
				<imbalance_Price.category>A05</imbalance_Price.category>
			</Point>
			<Point>
				<position>20</position>
				<imbalance_Price.amount>192.37</imbalance_Price.amount>
				<imbalance_Price.category>A05</imbalance_Price.category>
			</Point>
			<Point>
				<position>21</position>
				<imbalance_Price.amount>98.39</imbalance_Price.amount>
				<imbalance_Price.category>A05</imbalance_Price.category>
			</Point>
			<Point>
				<position>22</position>
				<imbalance_Price.amount>227.14</imbalance_Price.amount>
				<imbalance_Price.category>A05</imbalance_Price.category>
			</Point>
			<Point>
				<position>23</position>
				<imbalance_Price.amount>222.61</imbalance_Price.amount>
				<imbalance_Price.category>A05</imbalance_Price.category>
			</Point>
			<Point>
				<position>24</position>
				<imbalance_Price.amount>199.42</imbalance_Price.amount>
				<imbalance_Price.category>A05</imbalance_Price.category>
			</Point>
			<Point>
				<position>25</position>
				<imbalance_Price.amount>283.58</imbalance_Price.amount>
				<imbalance_Price.category>A05</imbalance_Price.category>
			</Point>
			<Point>
				<position>26</position>
				<imbalance_Price.amount>-2417.31</imbalance_Price.amount>
				<imbalance_Price.category>A05</imbalance_Price.category>
			</Point>
			<Point>
				<position>27</position>
				<imbalance_Price.amount>-853.28</imbalance_Price.amount>
				<imbalance_Price.category>A05</imbalance_Price.category>
			</Point>
			<Point>
				<position>28</position>
				<imbalance_Price.amount>-733.42</imbalance_Price.amount>
				<imbalance_Price.category>A05</imbalance_Price.category>
			</Point>
			<Point>
				<position>29</position>
				<imbalance_Price.amount>9.48</imbalance_Price.amount>
				<imbalance_Price.category>A05</imbalance_Price.category>
			</Point>
			<Point>
				<position>30</position>
				<imbalance_Price.amount>0.40</imbalance_Price.amount>
				<imbalance_Price.category>A05</imbalance_Price.category>
			</Point>
			<Point>
				<position>31</position>
				<imbalance_Price.amount>241.31</imbalance_Price.amount>
				<imbalance_Price.category>A05</imbalance_Price.category>
			</Point>
			<Point>
				<position>32</position>
				<imbalance_Price.amount>787.49</imbalance_Price.amount>
				<imbalance_Price.category>A05</imbalance_Price.category>
			</Point>
			<Point>
				<position>33</position>
				<imbalance_Price.amount>685.63</imbalance_Price.amount>
				<imbalance_Price.category>A05</imbalance_Price.category>
			</Point>
			<Point>
				<position>34</position>
				<imbalance_Price.amount>756.71</imbalance_Price.amount>
				<imbalance_Price.category>A05</imbalance_Price.category>
			</Point>
			<Point>
				<position>35</position>
				<imbalance_Price.amount>757.70</imbalance_Price.amount>
				<imbalance_Price.category>A05</imbalance_Price.category>
			</Point>
			<Point>
				<position>36</position>
				<imbalance_Price.amount>757.94</imbalance_Price.amount>
				<imbalance_Price.category>A05</imbalance_Price.category>
			</Point>
			<Point>
				<position>37</position>
				<imbalance_Price.amount>564.82</imbalance_Price.amount>
				<imbalance_Price.category>A05</imbalance_Price.category>
			</Point>
			<Point>
				<position>38</position>
				<imbalance_Price.amount>541.13</imbalance_Price.amount>
				<imbalance_Price.category>A05</imbalance_Price.category>
			</Point>
			<Point>
				<position>39</position>
				<imbalance_Price.amount>163.63</imbalance_Price.amount>
				<imbalance_Price.category>A05</imbalance_Price.category>
			</Point>
			<Point>
				<position>40</position>
				<imbalance_Price.amount>130.84</imbalance_Price.amount>
				<imbalance_Price.category>A05</imbalance_Price.category>
			</Point>
			<Point>
				<position>41</position>
				<imbalance_Price.amount>155.73</imbalance_Price.amount>
				<imbalance_Price.category>A05</imbalance_Price.category>
			</Point>
			<Point>
				<position>42</position>
				<imbalance_Price.amount>203.79</imbalance_Price.amount>
				<imbalance_Price.category>A05</imbalance_Price.category>
			</Point>
			<Point>
				<position>43</position>
				<imbalance_Price.amount>196.73</imbalance_Price.amount>
				<imbalance_Price.category>A05</imbalance_Price.category>
			</Point>
			<Point>
				<position>44</position>
				<imbalance_Price.amount>313.61</imbalance_Price.amount>
				<imbalance_Price.category>A05</imbalance_Price.category>
			</Point>
			<Point>
				<position>45</position>
				<imbalance_Price.amount>162.23</imbalance_Price.amount>
				<imbalance_Price.category>A05</imbalance_Price.category>
			</Point>
			<Point>
				<position>46</position>
				<imbalance_Price.amount>261.52</imbalance_Price.amount>
				<imbalance_Price.category>A05</imbalance_Price.category>
			</Point>
			<Point>
				<position>47</position>
				<imbalance_Price.amount>297.69</imbalance_Price.amount>
				<imbalance_Price.category>A05</imbalance_Price.category>
			</Point>
			<Point>
				<position>48</position>
				<imbalance_Price.amount>-294.09</imbalance_Price.amount>
				<imbalance_Price.category>A05</imbalance_Price.category>
			</Point>
			<Point>
				<position>49</position>
				<imbalance_Price.amount>-295.00</imbalance_Price.amount>
				<imbalance_Price.category>A05</imbalance_Price.category>
			</Point>
			<Point>
				<position>50</position>
				<imbalance_Price.amount>-600.00</imbalance_Price.amount>
				<imbalance_Price.category>A05</imbalance_Price.category>
			</Point>
			<Point>
				<position>51</position>
				<imbalance_Price.amount>-140.84</imbalance_Price.amount>
				<imbalance_Price.category>A05</imbalance_Price.category>
			</Point>
			<Point>
				<position>52</position>
				<imbalance_Price.amount>4.86</imbalance_Price.amount>
				<imbalance_Price.category>A05</imbalance_Price.category>
			</Point>
			<Point>
				<position>53</position>
				<imbalance_Price.amount>538.23</imbalance_Price.amount>
				<imbalance_Price.category>A05</imbalance_Price.category>
			</Point>
			<Point>
				<position>54</position>
				<imbalance_Price.amount>511.00</imbalance_Price.amount>
				<imbalance_Price.category>A05</imbalance_Price.category>
			</Point>
			<Point>
				<position>55</position>
				<imbalance_Price.amount>111.62</imbalance_Price.amount>
				<imbalance_Price.category>A05</imbalance_Price.category>
			</Point>
			<Point>
				<position>56</position>
				<imbalance_Price.amount>28.85</imbalance_Price.amount>
				<imbalance_Price.category>A05</imbalance_Price.category>
			</Point>
			<Point>
				<position>57</position>
				<imbalance_Price.amount>-3666.75</imbalance_Price.amount>
				<imbalance_Price.category>A05</imbalance_Price.category>
			</Point>
			<Point>
				<position>58</position>
				<imbalance_Price.amount>-341.76</imbalance_Price.amount>
				<imbalance_Price.category>A05</imbalance_Price.category>
			</Point>
			<Point>
				<position>59</position>
				<imbalance_Price.amount>-77.13</imbalance_Price.amount>
				<imbalance_Price.category>A05</imbalance_Price.category>
			</Point>
			<Point>
				<position>60</position>
				<imbalance_Price.amount>-8.23</imbalance_Price.amount>
				<imbalance_Price.category>A05</imbalance_Price.category>
			</Point>
			<Point>
				<position>61</position>
				<imbalance_Price.amount>-594.96</imbalance_Price.amount>
				<imbalance_Price.category>A05</imbalance_Price.category>
			</Point>
			<Point>
				<position>62</position>
				<imbalance_Price.amount>-878.00</imbalance_Price.amount>
				<imbalance_Price.category>A05</imbalance_Price.category>
			</Point>
			<Point>
				<position>63</position>
				<imbalance_Price.amount>275.71</imbalance_Price.amount>
				<imbalance_Price.category>A05</imbalance_Price.category>
			</Point>
			<Point>
				<position>64</position>
				<imbalance_Price.amount>1356.43</imbalance_Price.amount>
				<imbalance_Price.category>A05</imbalance_Price.category>
			</Point>
			<Point>
				<position>65</position>
				<imbalance_Price.amount>13.08</imbalance_Price.amount>
				<imbalance_Price.category>A05</imbalance_Price.category>
			</Point>
			<Point>
				<position>66</position>
				<imbalance_Price.amount>190.81</imbalance_Price.amount>
				<imbalance_Price.category>A05</imbalance_Price.category>
			</Point>
			<Point>
				<position>67</position>
				<imbalance_Price.amount>835.42</imbalance_Price.amount>
				<imbalance_Price.category>A05</imbalance_Price.category>
			</Point>
			<Point>
				<position>68</position>
				<imbalance_Price.amount>2283.93</imbalance_Price.amount>
				<imbalance_Price.category>A05</imbalance_Price.category>
			</Point>
			<Point>
				<position>69</position>
				<imbalance_Price.amount>198.01</imbalance_Price.amount>
				<imbalance_Price.category>A05</imbalance_Price.category>
			</Point>
			<Point>
				<position>70</position>
				<imbalance_Price.amount>309.25</imbalance_Price.amount>
				<imbalance_Price.category>A05</imbalance_Price.category>
			</Point>
			<Point>
				<position>71</position>
				<imbalance_Price.amount>390.00</imbalance_Price.amount>
				<imbalance_Price.category>A05</imbalance_Price.category>
			</Point>
			<Point>
				<position>72</position>
				<imbalance_Price.amount>318.92</imbalance_Price.amount>
				<imbalance_Price.category>A05</imbalance_Price.category>
			</Point>
			<Point>
				<position>73</position>
				<imbalance_Price.amount>-3723.49</imbalance_Price.amount>
				<imbalance_Price.category>A05</imbalance_Price.category>
			</Point>
			<Point>
				<position>74</position>
				<imbalance_Price.amount>278.04</imbalance_Price.amount>
				<imbalance_Price.category>A05</imbalance_Price.category>
			</Point>
			<Point>
				<position>75</position>
				<imbalance_Price.amount>390.00</imbalance_Price.amount>
				<imbalance_Price.category>A05</imbalance_Price.category>
			</Point>
			<Point>
				<position>76</position>
				<imbalance_Price.amount>390.00</imbalance_Price.amount>
				<imbalance_Price.category>A05</imbalance_Price.category>
			</Point>
			<Point>
				<position>77</position>
				<imbalance_Price.amount>900.28</imbalance_Price.amount>
				<imbalance_Price.category>A05</imbalance_Price.category>
			</Point>
			<Point>
				<position>78</position>
				<imbalance_Price.amount>975.83</imbalance_Price.amount>
				<imbalance_Price.category>A05</imbalance_Price.category>
			</Point>
			<Point>
				<position>79</position>
				<imbalance_Price.amount>1112.31</imbalance_Price.amount>
				<imbalance_Price.category>A05</imbalance_Price.category>
			</Point>
			<Point>
				<position>80</position>
				<imbalance_Price.amount>390.00</imbalance_Price.amount>
				<imbalance_Price.category>A05</imbalance_Price.category>
			</Point>
			<Point>
				<position>81</position>
				<imbalance_Price.amount>4243.73</imbalance_Price.amount>
				<imbalance_Price.category>A05</imbalance_Price.category>
			</Point>
			<Point>
				<position>82</position>
				<imbalance_Price.amount>1312.56</imbalance_Price.amount>
				<imbalance_Price.category>A05</imbalance_Price.category>
			</Point>
			<Point>
				<position>83</position>
				<imbalance_Price.amount>1016.41</imbalance_Price.amount>
				<imbalance_Price.category>A05</imbalance_Price.category>
			</Point>
			<Point>
				<position>84</position>
				<imbalance_Price.amount>865.68</imbalance_Price.amount>
				<imbalance_Price.category>A05</imbalance_Price.category>
			</Point>
			<Point>
				<position>85</position>
				<imbalance_Price.amount>2368.67</imbalance_Price.amount>
				<imbalance_Price.category>A05</imbalance_Price.category>
			</Point>
			<Point>
				<position>86</position>
				<imbalance_Price.amount>894.00</imbalance_Price.amount>
				<imbalance_Price.category>A05</imbalance_Price.category>
			</Point>
			<Point>
				<position>87</position>
				<imbalance_Price.amount>848.27</imbalance_Price.amount>
				<imbalance_Price.category>A05</imbalance_Price.category>
			</Point>
			<Point>
				<position>88</position>
				<imbalance_Price.amount>839.27</imbalance_Price.amount>
				<imbalance_Price.category>A05</imbalance_Price.category>
			</Point>
		</Period>
	</TimeSeries>
	<TimeSeries>
		<mRID>3</mRID>
		<businessType>A19</businessType>
		<currency_Unit.name>RON</currency_Unit.name>
		<price_Measure_Unit.name>MWH</price_Measure_Unit.name>
		<curveType>A01</curveType>
		<Period>
			<timeInterval>
				<start>2025-05-29T21:00Z</start>
				<end>2025-05-30T00:15Z</end>
			</timeInterval>
			<resolution>PT15M</resolution>
			<Point>
				<position>1</position>
				<imbalance_Price.amount>1849.24</imbalance_Price.amount>
				<imbalance_Price.category>A04</imbalance_Price.category>
			</Point>
			<Point>
				<position>2</position>
				<imbalance_Price.amount>2362.09</imbalance_Price.amount>
				<imbalance_Price.category>A04</imbalance_Price.category>
			</Point>
			<Point>
				<position>3</position>
				<imbalance_Price.amount>1412.77</imbalance_Price.amount>
				<imbalance_Price.category>A04</imbalance_Price.category>
			</Point>
			<Point>
				<position>4</position>
				<imbalance_Price.amount>873.87</imbalance_Price.amount>
				<imbalance_Price.category>A04</imbalance_Price.category>
			</Point>
			<Point>
				<position>5</position>
				<imbalance_Price.amount>891.84</imbalance_Price.amount>
				<imbalance_Price.category>A04</imbalance_Price.category>
			</Point>
			<Point>
				<position>6</position>
				<imbalance_Price.amount>861.06</imbalance_Price.amount>
				<imbalance_Price.category>A04</imbalance_Price.category>
			</Point>
			<Point>
				<position>7</position>
				<imbalance_Price.amount>650.00</imbalance_Price.amount>
				<imbalance_Price.category>A04</imbalance_Price.category>
			</Point>
			<Point>
				<position>8</position>
				<imbalance_Price.amount>650.00</imbalance_Price.amount>
				<imbalance_Price.category>A04</imbalance_Price.category>
			</Point>
			<Point>
				<position>9</position>
				<imbalance_Price.amount>889.36</imbalance_Price.amount>
				<imbalance_Price.category>A04</imbalance_Price.category>
			</Point>
			<Point>
				<position>10</position>
				<imbalance_Price.amount>771.65</imbalance_Price.amount>
				<imbalance_Price.category>A04</imbalance_Price.category>
			</Point>
			<Point>
				<position>11</position>
				<imbalance_Price.amount>68.23</imbalance_Price.amount>
				<imbalance_Price.category>A04</imbalance_Price.category>
			</Point>
			<Point>
				<position>12</position>
				<imbalance_Price.amount>-2707.30</imbalance_Price.amount>
				<imbalance_Price.category>A04</imbalance_Price.category>
			</Point>
			<Point>
				<position>13</position>
				<imbalance_Price.amount>-151.76</imbalance_Price.amount>
				<imbalance_Price.category>A04</imbalance_Price.category>
			</Point>
		</Period>
	</TimeSeries>
	<TimeSeries>
		<mRID>4</mRID>
		<businessType>A19</businessType>
		<currency_Unit.name>RON</currency_Unit.name>
		<price_Measure_Unit.name>MWH</price_Measure_Unit.name>
		<curveType>A01</curveType>
		<Period>
			<timeInterval>
				<start>2025-05-29T21:00Z</start>
				<end>2025-05-30T00:15Z</end>
			</timeInterval>
			<resolution>PT15M</resolution>
			<Point>
				<position>1</position>
				<imbalance_Price.amount>1849.24</imbalance_Price.amount>
				<imbalance_Price.category>A05</imbalance_Price.category>
			</Point>
			<Point>
				<position>2</position>
				<imbalance_Price.amount>2362.09</imbalance_Price.amount>
				<imbalance_Price.category>A05</imbalance_Price.category>
			</Point>
			<Point>
				<position>3</position>
				<imbalance_Price.amount>1412.77</imbalance_Price.amount>
				<imbalance_Price.category>A05</imbalance_Price.category>
			</Point>
			<Point>
				<position>4</position>
				<imbalance_Price.amount>873.87</imbalance_Price.amount>
				<imbalance_Price.category>A05</imbalance_Price.category>
			</Point>
			<Point>
				<position>5</position>
				<imbalance_Price.amount>891.84</imbalance_Price.amount>
				<imbalance_Price.category>A05</imbalance_Price.category>
			</Point>
			<Point>
				<position>6</position>
				<imbalance_Price.amount>861.06</imbalance_Price.amount>
				<imbalance_Price.category>A05</imbalance_Price.category>
			</Point>
			<Point>
				<position>7</position>
				<imbalance_Price.amount>650.00</imbalance_Price.amount>
				<imbalance_Price.category>A05</imbalance_Price.category>
			</Point>
			<Point>
				<position>8</position>
				<imbalance_Price.amount>650.00</imbalance_Price.amount>
				<imbalance_Price.category>A05</imbalance_Price.category>
			</Point>
			<Point>
				<position>9</position>
				<imbalance_Price.amount>889.36</imbalance_Price.amount>
				<imbalance_Price.category>A05</imbalance_Price.category>
			</Point>
			<Point>
				<position>10</position>
				<imbalance_Price.amount>771.65</imbalance_Price.amount>
				<imbalance_Price.category>A05</imbalance_Price.category>
			</Point>
			<Point>
				<position>11</position>
				<imbalance_Price.amount>68.23</imbalance_Price.amount>
				<imbalance_Price.category>A05</imbalance_Price.category>
			</Point>
			<Point>
				<position>12</position>
				<imbalance_Price.amount>-2707.30</imbalance_Price.amount>
				<imbalance_Price.category>A05</imbalance_Price.category>
			</Point>
			<Point>
				<position>13</position>
				<imbalance_Price.amount>-151.76</imbalance_Price.amount>
				<imbalance_Price.category>A05</imbalance_Price.category>
			</Point>
		</Period>
	</TimeSeries>
	<TimeSeries>
		<mRID>5</mRID>
		<businessType>A19</businessType>
		<currency_Unit.name>RON</currency_Unit.name>
		<price_Measure_Unit.name>MWH</price_Measure_Unit.name>
		<curveType>A01</curveType>
		<Period>
			<timeInterval>
				<start>2025-05-30T01:00Z</start>
				<end>2025-05-30T04:30Z</end>
			</timeInterval>
			<resolution>PT15M</resolution>
			<Point>
				<position>1</position>
				<imbalance_Price.amount>-841.04</imbalance_Price.amount>
				<imbalance_Price.category>A04</imbalance_Price.category>
			</Point>
			<Point>
				<position>2</position>
				<imbalance_Price.amount>-105.36</imbalance_Price.amount>
				<imbalance_Price.category>A04</imbalance_Price.category>
			</Point>
			<Point>
				<position>3</position>
				<imbalance_Price.amount>-104.08</imbalance_Price.amount>
				<imbalance_Price.category>A04</imbalance_Price.category>
			</Point>
			<Point>
				<position>4</position>
				<imbalance_Price.amount>-101.34</imbalance_Price.amount>
				<imbalance_Price.category>A04</imbalance_Price.category>
			</Point>
			<Point>
				<position>5</position>
				<imbalance_Price.amount>18.07</imbalance_Price.amount>
				<imbalance_Price.category>A04</imbalance_Price.category>
			</Point>
			<Point>
				<position>6</position>
				<imbalance_Price.amount>-1.41</imbalance_Price.amount>
				<imbalance_Price.category>A04</imbalance_Price.category>
			</Point>
			<Point>
				<position>7</position>
				<imbalance_Price.amount>14.59</imbalance_Price.amount>
				<imbalance_Price.category>A04</imbalance_Price.category>
			</Point>
			<Point>
				<position>8</position>
				<imbalance_Price.amount>18.37</imbalance_Price.amount>
				<imbalance_Price.category>A04</imbalance_Price.category>
			</Point>
			<Point>
				<position>9</position>
				<imbalance_Price.amount>36.56</imbalance_Price.amount>
				<imbalance_Price.category>A04</imbalance_Price.category>
			</Point>
			<Point>
				<position>10</position>
				<imbalance_Price.amount>661.40</imbalance_Price.amount>
				<imbalance_Price.category>A04</imbalance_Price.category>
			</Point>
			<Point>
				<position>11</position>
				<imbalance_Price.amount>639.03</imbalance_Price.amount>
				<imbalance_Price.category>A04</imbalance_Price.category>
			</Point>
			<Point>
				<position>12</position>
				<imbalance_Price.amount>671.25</imbalance_Price.amount>
				<imbalance_Price.category>A04</imbalance_Price.category>
			</Point>
			<Point>
				<position>13</position>
				<imbalance_Price.amount>886.56</imbalance_Price.amount>
				<imbalance_Price.category>A04</imbalance_Price.category>
			</Point>
			<Point>
				<position>14</position>
				<imbalance_Price.amount>1444.80</imbalance_Price.amount>
				<imbalance_Price.category>A04</imbalance_Price.category>
			</Point>
		</Period>
	</TimeSeries>
	<TimeSeries>
		<mRID>6</mRID>
		<businessType>A19</businessType>
		<currency_Unit.name>RON</currency_Unit.name>
		<price_Measure_Unit.name>MWH</price_Measure_Unit.name>
		<curveType>A01</curveType>
		<Period>
			<timeInterval>
				<start>2025-05-30T01:00Z</start>
				<end>2025-05-30T04:30Z</end>
			</timeInterval>
			<resolution>PT15M</resolution>
			<Point>
				<position>1</position>
				<imbalance_Price.amount>-841.04</imbalance_Price.amount>
				<imbalance_Price.category>A05</imbalance_Price.category>
			</Point>
			<Point>
				<position>2</position>
				<imbalance_Price.amount>-105.36</imbalance_Price.amount>
				<imbalance_Price.category>A05</imbalance_Price.category>
			</Point>
			<Point>
				<position>3</position>
				<imbalance_Price.amount>-104.08</imbalance_Price.amount>
				<imbalance_Price.category>A05</imbalance_Price.category>
			</Point>
			<Point>
				<position>4</position>
				<imbalance_Price.amount>-101.34</imbalance_Price.amount>
				<imbalance_Price.category>A05</imbalance_Price.category>
			</Point>
			<Point>
				<position>5</position>
				<imbalance_Price.amount>18.07</imbalance_Price.amount>
				<imbalance_Price.category>A05</imbalance_Price.category>
			</Point>
			<Point>
				<position>6</position>
				<imbalance_Price.amount>-1.41</imbalance_Price.amount>
				<imbalance_Price.category>A05</imbalance_Price.category>
			</Point>
			<Point>
				<position>7</position>
				<imbalance_Price.amount>14.59</imbalance_Price.amount>
				<imbalance_Price.category>A05</imbalance_Price.category>
			</Point>
			<Point>
				<position>8</position>
				<imbalance_Price.amount>18.37</imbalance_Price.amount>
				<imbalance_Price.category>A05</imbalance_Price.category>
			</Point>
			<Point>
				<position>9</position>
				<imbalance_Price.amount>36.56</imbalance_Price.amount>
				<imbalance_Price.category>A05</imbalance_Price.category>
			</Point>
			<Point>
				<position>10</position>
				<imbalance_Price.amount>661.40</imbalance_Price.amount>
				<imbalance_Price.category>A05</imbalance_Price.category>
			</Point>
			<Point>
				<position>11</position>
				<imbalance_Price.amount>639.03</imbalance_Price.amount>
				<imbalance_Price.category>A05</imbalance_Price.category>
			</Point>
			<Point>
				<position>12</position>
				<imbalance_Price.amount>671.25</imbalance_Price.amount>
				<imbalance_Price.category>A05</imbalance_Price.category>
			</Point>
			<Point>
				<position>13</position>
				<imbalance_Price.amount>886.56</imbalance_Price.amount>
				<imbalance_Price.category>A05</imbalance_Price.category>
			</Point>
			<Point>
				<position>14</position>
				<imbalance_Price.amount>1444.80</imbalance_Price.amount>
				<imbalance_Price.category>A05</imbalance_Price.category>
			</Point>
		</Period>
	</TimeSeries>
</Balancing_MarketDocument>
