<?xml version="1.0" encoding="UTF-8"?>
<Balancing_MarketDocument xmlns="urn:iec62325.351:tc57wg16:451-6:balancingdocument:4:4">
	<mRID>aa663efabd0c4336a938da7f9515ce6f</mRID>
	<revisionNumber>1</revisionNumber>
    <type>A85</type>
	<process.processType>A16</process.processType>
	<sender_MarketParticipant.mRID codingScheme="A01">10X1001A1001A450</sender_MarketParticipant.mRID>
	<sender_MarketParticipant.marketRole.type>A32</sender_MarketParticipant.marketRole.type>
	<receiver_MarketParticipant.mRID codingScheme="A01">10X1001A1001A450</receiver_MarketParticipant.mRID>
	<receiver_MarketParticipant.marketRole.type>A33</receiver_MarketParticipant.marketRole.type>
	<createdDateTime>2025-03-28T05:28:47Z</createdDateTime>
	<docStatus><value>A01</value></docStatus>
	<area_Domain.mRID codingScheme="A01">10YRO-TEL------P</area_Domain.mRID>
	<period.timeInterval>
		<start>2025-03-26T23:00Z</start>
		<end>2025-03-28T05:15Z</end>
	</period.timeInterval>
	<TimeSeries>
		<mRID>1</mRID>
		<businessType>A19</businessType>
		<currency_Unit.name>RON</currency_Unit.name>
		<price_Measure_Unit.name>MWH</price_Measure_Unit.name>
		<curveType>A01</curveType>
		<Period>
			<timeInterval>
				<start>2025-03-26T23:00Z</start>
				<end>2025-03-27T22:00Z</end>
			</timeInterval>
			<resolution>PT15M</resolution>
			<Point>
				<position>1</position>
				<imbalance_Price.amount>-4.77</imbalance_Price.amount>
				<imbalance_Price.category>A04</imbalance_Price.category>
			</Point>
			<Point>
				<position>2</position>
				<imbalance_Price.amount>16.70</imbalance_Price.amount>
				<imbalance_Price.category>A04</imbalance_Price.category>
			</Point>
			<Point>
				<position>3</position>
				<imbalance_Price.amount>11.73</imbalance_Price.amount>
				<imbalance_Price.category>A04</imbalance_Price.category>
			</Point>
			<Point>
				<position>4</position>
				<imbalance_Price.amount>-0.42</imbalance_Price.amount>
				<imbalance_Price.category>A04</imbalance_Price.category>
			</Point>
			<Point>
				<position>5</position>
				<imbalance_Price.amount>-5.47</imbalance_Price.amount>
				<imbalance_Price.category>A04</imbalance_Price.category>
			</Point>
			<Point>
				<position>6</position>
				<imbalance_Price.amount>1.96</imbalance_Price.amount>
				<imbalance_Price.category>A04</imbalance_Price.category>
			</Point>
			<Point>
				<position>7</position>
				<imbalance_Price.amount>11.84</imbalance_Price.amount>
				<imbalance_Price.category>A04</imbalance_Price.category>
			</Point>
			<Point>
				<position>8</position>
				<imbalance_Price.amount>-133.70</imbalance_Price.amount>
				<imbalance_Price.category>A04</imbalance_Price.category>
			</Point>
			<Point>
				<position>9</position>
				<imbalance_Price.amount>-239.84</imbalance_Price.amount>
				<imbalance_Price.category>A04</imbalance_Price.category>
			</Point>
			<Point>
				<position>10</position>
				<imbalance_Price.amount>-4.28</imbalance_Price.amount>
				<imbalance_Price.category>A04</imbalance_Price.category>
			</Point>
			<Point>
				<position>11</position>
				<imbalance_Price.amount>231.07</imbalance_Price.amount>
				<imbalance_Price.category>A04</imbalance_Price.category>
			</Point>
			<Point>
				<position>12</position>
				<imbalance_Price.amount>-360.80</imbalance_Price.amount>
				<imbalance_Price.category>A04</imbalance_Price.category>
			</Point>
			<Point>
				<position>13</position>
				<imbalance_Price.amount>87.18</imbalance_Price.amount>
				<imbalance_Price.category>A04</imbalance_Price.category>
			</Point>
			<Point>
				<position>14</position>
				<imbalance_Price.amount>357.94</imbalance_Price.amount>
				<imbalance_Price.category>A04</imbalance_Price.category>
			</Point>
			<Point>
				<position>15</position>
				<imbalance_Price.amount>875.28</imbalance_Price.amount>
				<imbalance_Price.category>A04</imbalance_Price.category>
			</Point>
			<Point>
				<position>16</position>
				<imbalance_Price.amount>1093.14</imbalance_Price.amount>
				<imbalance_Price.category>A04</imbalance_Price.category>
			</Point>
			<Point>
				<position>17</position>
				<imbalance_Price.amount>-21.31</imbalance_Price.amount>
				<imbalance_Price.category>A04</imbalance_Price.category>
			</Point>
			<Point>
				<position>18</position>
				<imbalance_Price.amount>-432.56</imbalance_Price.amount>
				<imbalance_Price.category>A04</imbalance_Price.category>
			</Point>
			<Point>
				<position>19</position>
				<imbalance_Price.amount>-3854.60</imbalance_Price.amount>
				<imbalance_Price.category>A04</imbalance_Price.category>
			</Point>
			<Point>
				<position>20</position>
				<imbalance_Price.amount>90.96</imbalance_Price.amount>
				<imbalance_Price.category>A04</imbalance_Price.category>
			</Point>
			<Point>
				<position>21</position>
				<imbalance_Price.amount>-3876.66</imbalance_Price.amount>
				<imbalance_Price.category>A04</imbalance_Price.category>
			</Point>
			<Point>
				<position>22</position>
				<imbalance_Price.amount>-3180.77</imbalance_Price.amount>
				<imbalance_Price.category>A04</imbalance_Price.category>
			</Point>
			<Point>
				<position>23</position>
				<imbalance_Price.amount>-4995.10</imbalance_Price.amount>
				<imbalance_Price.category>A04</imbalance_Price.category>
			</Point>
			<Point>
				<position>24</position>
				<imbalance_Price.amount>345.38</imbalance_Price.amount>
				<imbalance_Price.category>A04</imbalance_Price.category>
			</Point>
			<Point>
				<position>25</position>
				<imbalance_Price.amount>-51.06</imbalance_Price.amount>
				<imbalance_Price.category>A04</imbalance_Price.category>
			</Point>
			<Point>
				<position>26</position>
				<imbalance_Price.amount>390.00</imbalance_Price.amount>
				<imbalance_Price.category>A04</imbalance_Price.category>
			</Point>
			<Point>
				<position>27</position>
				<imbalance_Price.amount>368.80</imbalance_Price.amount>
				<imbalance_Price.category>A04</imbalance_Price.category>
			</Point>
			<Point>
				<position>28</position>
				<imbalance_Price.amount>1087.42</imbalance_Price.amount>
				<imbalance_Price.category>A04</imbalance_Price.category>
			</Point>
			<Point>
				<position>29</position>
				<imbalance_Price.amount>390.00</imbalance_Price.amount>
				<imbalance_Price.category>A04</imbalance_Price.category>
			</Point>
			<Point>
				<position>30</position>
				<imbalance_Price.amount>357.21</imbalance_Price.amount>
				<imbalance_Price.category>A04</imbalance_Price.category>
			</Point>
			<Point>
				<position>31</position>
				<imbalance_Price.amount>358.78</imbalance_Price.amount>
				<imbalance_Price.category>A04</imbalance_Price.category>
			</Point>
			<Point>
				<position>32</position>
				<imbalance_Price.amount>253.97</imbalance_Price.amount>
				<imbalance_Price.category>A04</imbalance_Price.category>
			</Point>
			<Point>
				<position>33</position>
				<imbalance_Price.amount>359.23</imbalance_Price.amount>
				<imbalance_Price.category>A04</imbalance_Price.category>
			</Point>
			<Point>
				<position>34</position>
				<imbalance_Price.amount>-379.12</imbalance_Price.amount>
				<imbalance_Price.category>A04</imbalance_Price.category>
			</Point>
			<Point>
				<position>35</position>
				<imbalance_Price.amount>276.79</imbalance_Price.amount>
				<imbalance_Price.category>A04</imbalance_Price.category>
			</Point>
			<Point>
				<position>36</position>
				<imbalance_Price.amount>353.82</imbalance_Price.amount>
				<imbalance_Price.category>A04</imbalance_Price.category>
			</Point>
			<Point>
				<position>37</position>
				<imbalance_Price.amount>390.00</imbalance_Price.amount>
				<imbalance_Price.category>A04</imbalance_Price.category>
			</Point>
			<Point>
				<position>38</position>
				<imbalance_Price.amount>192.69</imbalance_Price.amount>
				<imbalance_Price.category>A04</imbalance_Price.category>
			</Point>
			<Point>
				<position>39</position>
				<imbalance_Price.amount>-1119.61</imbalance_Price.amount>
				<imbalance_Price.category>A04</imbalance_Price.category>
			</Point>
			<Point>
				<position>40</position>
				<imbalance_Price.amount>-2014.09</imbalance_Price.amount>
				<imbalance_Price.category>A04</imbalance_Price.category>
			</Point>
			<Point>
				<position>41</position>
				<imbalance_Price.amount>143.29</imbalance_Price.amount>
				<imbalance_Price.category>A04</imbalance_Price.category>
			</Point>
			<Point>
				<position>42</position>
				<imbalance_Price.amount>28.32</imbalance_Price.amount>
				<imbalance_Price.category>A04</imbalance_Price.category>
			</Point>
			<Point>
				<position>43</position>
				<imbalance_Price.amount>76.88</imbalance_Price.amount>
				<imbalance_Price.category>A04</imbalance_Price.category>
			</Point>
			<Point>
				<position>44</position>
				<imbalance_Price.amount>-314.87</imbalance_Price.amount>
				<imbalance_Price.category>A04</imbalance_Price.category>
			</Point>
			<Point>
				<position>45</position>
				<imbalance_Price.amount>16.93</imbalance_Price.amount>
				<imbalance_Price.category>A04</imbalance_Price.category>
			</Point>
			<Point>
				<position>46</position>
				<imbalance_Price.amount>694.74</imbalance_Price.amount>
				<imbalance_Price.category>A04</imbalance_Price.category>
			</Point>
			<Point>
				<position>47</position>
				<imbalance_Price.amount>827.88</imbalance_Price.amount>
				<imbalance_Price.category>A04</imbalance_Price.category>
			</Point>
			<Point>
				<position>48</position>
				<imbalance_Price.amount>679.30</imbalance_Price.amount>
				<imbalance_Price.category>A04</imbalance_Price.category>
			</Point>
			<Point>
				<position>49</position>
				<imbalance_Price.amount>394.12</imbalance_Price.amount>
				<imbalance_Price.category>A04</imbalance_Price.category>
			</Point>
			<Point>
				<position>50</position>
				<imbalance_Price.amount>3637.61</imbalance_Price.amount>
				<imbalance_Price.category>A04</imbalance_Price.category>
			</Point>
			<Point>
				<position>51</position>
				<imbalance_Price.amount>1365.70</imbalance_Price.amount>
				<imbalance_Price.category>A04</imbalance_Price.category>
			</Point>
			<Point>
				<position>52</position>
				<imbalance_Price.amount>669.12</imbalance_Price.amount>
				<imbalance_Price.category>A04</imbalance_Price.category>
			</Point>
			<Point>
				<position>53</position>
				<imbalance_Price.amount>734.72</imbalance_Price.amount>
				<imbalance_Price.category>A04</imbalance_Price.category>
			</Point>
			<Point>
				<position>54</position>
				<imbalance_Price.amount>732.05</imbalance_Price.amount>
				<imbalance_Price.category>A04</imbalance_Price.category>
			</Point>
			<Point>
				<position>55</position>
				<imbalance_Price.amount>731.64</imbalance_Price.amount>
				<imbalance_Price.category>A04</imbalance_Price.category>
			</Point>
			<Point>
				<position>56</position>
				<imbalance_Price.amount>735.19</imbalance_Price.amount>
				<imbalance_Price.category>A04</imbalance_Price.category>
			</Point>
			<Point>
				<position>57</position>
				<imbalance_Price.amount>971.73</imbalance_Price.amount>
				<imbalance_Price.category>A04</imbalance_Price.category>
			</Point>
			<Point>
				<position>58</position>
				<imbalance_Price.amount>940.12</imbalance_Price.amount>
				<imbalance_Price.category>A04</imbalance_Price.category>
			</Point>
			<Point>
				<position>59</position>
				<imbalance_Price.amount>949.75</imbalance_Price.amount>
				<imbalance_Price.category>A04</imbalance_Price.category>
			</Point>
			<Point>
				<position>60</position>
				<imbalance_Price.amount>948.84</imbalance_Price.amount>
				<imbalance_Price.category>A04</imbalance_Price.category>
			</Point>
			<Point>
				<position>61</position>
				<imbalance_Price.amount>3057.31</imbalance_Price.amount>
				<imbalance_Price.category>A04</imbalance_Price.category>
			</Point>
			<Point>
				<position>62</position>
				<imbalance_Price.amount>997.49</imbalance_Price.amount>
				<imbalance_Price.category>A04</imbalance_Price.category>
			</Point>
			<Point>
				<position>63</position>
				<imbalance_Price.amount>-2690.51</imbalance_Price.amount>
				<imbalance_Price.category>A04</imbalance_Price.category>
			</Point>
			<Point>
				<position>64</position>
				<imbalance_Price.amount>-1737.86</imbalance_Price.amount>
				<imbalance_Price.category>A04</imbalance_Price.category>
			</Point>
			<Point>
				<position>65</position>
				<imbalance_Price.amount>-4338.92</imbalance_Price.amount>
				<imbalance_Price.category>A04</imbalance_Price.category>
			</Point>
			<Point>
				<position>66</position>
				<imbalance_Price.amount>-2194.24</imbalance_Price.amount>
				<imbalance_Price.category>A04</imbalance_Price.category>
			</Point>
			<Point>
				<position>67</position>
				<imbalance_Price.amount>-1216.14</imbalance_Price.amount>
				<imbalance_Price.category>A04</imbalance_Price.category>
			</Point>
			<Point>
				<position>68</position>
				<imbalance_Price.amount>30.26</imbalance_Price.amount>
				<imbalance_Price.category>A04</imbalance_Price.category>
			</Point>
			<Point>
				<position>69</position>
				<imbalance_Price.amount>-598.38</imbalance_Price.amount>
				<imbalance_Price.category>A04</imbalance_Price.category>
			</Point>
			<Point>
				<position>70</position>
				<imbalance_Price.amount>44.75</imbalance_Price.amount>
				<imbalance_Price.category>A04</imbalance_Price.category>
			</Point>
			<Point>
				<position>71</position>
				<imbalance_Price.amount>0.23</imbalance_Price.amount>
				<imbalance_Price.category>A04</imbalance_Price.category>
			</Point>
			<Point>
				<position>72</position>
				<imbalance_Price.amount>-143.23</imbalance_Price.amount>
				<imbalance_Price.category>A04</imbalance_Price.category>
			</Point>
			<Point>
				<position>73</position>
				<imbalance_Price.amount>352.32</imbalance_Price.amount>
				<imbalance_Price.category>A04</imbalance_Price.category>
			</Point>
			<Point>
				<position>74</position>
				<imbalance_Price.amount>380.65</imbalance_Price.amount>
				<imbalance_Price.category>A04</imbalance_Price.category>
			</Point>
			<Point>
				<position>75</position>
				<imbalance_Price.amount>397.45</imbalance_Price.amount>
				<imbalance_Price.category>A04</imbalance_Price.category>
			</Point>
			<Point>
				<position>76</position>
				<imbalance_Price.amount>398.01</imbalance_Price.amount>
				<imbalance_Price.category>A04</imbalance_Price.category>
			</Point>
			<Point>
				<position>77</position>
				<imbalance_Price.amount>391.14</imbalance_Price.amount>
				<imbalance_Price.category>A04</imbalance_Price.category>
			</Point>
			<Point>
				<position>78</position>
				<imbalance_Price.amount>-28.78</imbalance_Price.amount>
				<imbalance_Price.category>A04</imbalance_Price.category>
			</Point>
			<Point>
				<position>79</position>
				<imbalance_Price.amount>-21.63</imbalance_Price.amount>
				<imbalance_Price.category>A04</imbalance_Price.category>
			</Point>
			<Point>
				<position>80</position>
				<imbalance_Price.amount>-1.08</imbalance_Price.amount>
				<imbalance_Price.category>A04</imbalance_Price.category>
			</Point>
			<Point>
				<position>81</position>
				<imbalance_Price.amount>-3369.50</imbalance_Price.amount>
				<imbalance_Price.category>A04</imbalance_Price.category>
			</Point>
			<Point>
				<position>82</position>
				<imbalance_Price.amount>-261.37</imbalance_Price.amount>
				<imbalance_Price.category>A04</imbalance_Price.category>
			</Point>
			<Point>
				<position>83</position>
				<imbalance_Price.amount>0.55</imbalance_Price.amount>
				<imbalance_Price.category>A04</imbalance_Price.category>
			</Point>
			<Point>
				<position>84</position>
				<imbalance_Price.amount>19.15</imbalance_Price.amount>
				<imbalance_Price.category>A04</imbalance_Price.category>
			</Point>
			<Point>
				<position>85</position>
				<imbalance_Price.amount>1.67</imbalance_Price.amount>
				<imbalance_Price.category>A04</imbalance_Price.category>
			</Point>
			<Point>
				<position>86</position>
				<imbalance_Price.amount>1003.21</imbalance_Price.amount>
				<imbalance_Price.category>A04</imbalance_Price.category>
			</Point>
			<Point>
				<position>87</position>
				<imbalance_Price.amount>-1646.45</imbalance_Price.amount>
				<imbalance_Price.category>A04</imbalance_Price.category>
			</Point>
			<Point>
				<position>88</position>
				<imbalance_Price.amount>-3494.97</imbalance_Price.amount>
				<imbalance_Price.category>A04</imbalance_Price.category>
			</Point>
			<Point>
				<position>89</position>
				<imbalance_Price.amount>-3499.00</imbalance_Price.amount>
				<imbalance_Price.category>A04</imbalance_Price.category>
			</Point>
			<Point>
				<position>90</position>
				<imbalance_Price.amount>387.56</imbalance_Price.amount>
				<imbalance_Price.category>A04</imbalance_Price.category>
			</Point>
			<Point>
				<position>91</position>
				<imbalance_Price.amount>375.86</imbalance_Price.amount>
				<imbalance_Price.category>A04</imbalance_Price.category>
			</Point>
			<Point>
				<position>92</position>
				<imbalance_Price.amount>253.32</imbalance_Price.amount>
				<imbalance_Price.category>A04</imbalance_Price.category>
			</Point>
		</Period>
	</TimeSeries>
	<TimeSeries>
		<mRID>2</mRID>
		<businessType>A19</businessType>
		<currency_Unit.name>RON</currency_Unit.name>
		<price_Measure_Unit.name>MWH</price_Measure_Unit.name>
		<curveType>A01</curveType>
		<Period>
			<timeInterval>
				<start>2025-03-26T23:00Z</start>
				<end>2025-03-27T22:00Z</end>
			</timeInterval>
			<resolution>PT15M</resolution>
			<Point>
				<position>1</position>
				<imbalance_Price.amount>-4.77</imbalance_Price.amount>
				<imbalance_Price.category>A05</imbalance_Price.category>
			</Point>
			<Point>
				<position>2</position>
				<imbalance_Price.amount>16.70</imbalance_Price.amount>
				<imbalance_Price.category>A05</imbalance_Price.category>
			</Point>
			<Point>
				<position>3</position>
				<imbalance_Price.amount>11.73</imbalance_Price.amount>
				<imbalance_Price.category>A05</imbalance_Price.category>
			</Point>
			<Point>
				<position>4</position>
				<imbalance_Price.amount>-0.42</imbalance_Price.amount>
				<imbalance_Price.category>A05</imbalance_Price.category>
			</Point>
			<Point>
				<position>5</position>
				<imbalance_Price.amount>-5.47</imbalance_Price.amount>
				<imbalance_Price.category>A05</imbalance_Price.category>
			</Point>
			<Point>
				<position>6</position>
				<imbalance_Price.amount>1.96</imbalance_Price.amount>
				<imbalance_Price.category>A05</imbalance_Price.category>
			</Point>
			<Point>
				<position>7</position>
				<imbalance_Price.amount>11.84</imbalance_Price.amount>
				<imbalance_Price.category>A05</imbalance_Price.category>
			</Point>
			<Point>
				<position>8</position>
				<imbalance_Price.amount>-133.70</imbalance_Price.amount>
				<imbalance_Price.category>A05</imbalance_Price.category>
			</Point>
			<Point>
				<position>9</position>
				<imbalance_Price.amount>-239.84</imbalance_Price.amount>
				<imbalance_Price.category>A05</imbalance_Price.category>
			</Point>
			<Point>
				<position>10</position>
				<imbalance_Price.amount>-4.28</imbalance_Price.amount>
				<imbalance_Price.category>A05</imbalance_Price.category>
			</Point>
			<Point>
				<position>11</position>
				<imbalance_Price.amount>744.00</imbalance_Price.amount>
				<imbalance_Price.category>A05</imbalance_Price.category>
			</Point>
			<Point>
				<position>12</position>
				<imbalance_Price.amount>-360.80</imbalance_Price.amount>
				<imbalance_Price.category>A05</imbalance_Price.category>
			</Point>
			<Point>
				<position>13</position>
				<imbalance_Price.amount>87.18</imbalance_Price.amount>
				<imbalance_Price.category>A05</imbalance_Price.category>
			</Point>
			<Point>
				<position>14</position>
				<imbalance_Price.amount>744.00</imbalance_Price.amount>
				<imbalance_Price.category>A05</imbalance_Price.category>
			</Point>
			<Point>
				<position>15</position>
				<imbalance_Price.amount>875.28</imbalance_Price.amount>
				<imbalance_Price.category>A05</imbalance_Price.category>
			</Point>
			<Point>
				<position>16</position>
				<imbalance_Price.amount>1093.14</imbalance_Price.amount>
				<imbalance_Price.category>A05</imbalance_Price.category>
			</Point>
			<Point>
				<position>17</position>
				<imbalance_Price.amount>-21.31</imbalance_Price.amount>
				<imbalance_Price.category>A05</imbalance_Price.category>
			</Point>
			<Point>
				<position>18</position>
				<imbalance_Price.amount>-432.56</imbalance_Price.amount>
				<imbalance_Price.category>A05</imbalance_Price.category>
			</Point>
			<Point>
				<position>19</position>
				<imbalance_Price.amount>-3854.60</imbalance_Price.amount>
				<imbalance_Price.category>A05</imbalance_Price.category>
			</Point>
			<Point>
				<position>20</position>
				<imbalance_Price.amount>0.00</imbalance_Price.amount>
				<imbalance_Price.category>A05</imbalance_Price.category>
			</Point>
			<Point>
				<position>21</position>
				<imbalance_Price.amount>-3876.66</imbalance_Price.amount>
				<imbalance_Price.category>A05</imbalance_Price.category>
			</Point>
			<Point>
				<position>22</position>
				<imbalance_Price.amount>-3180.77</imbalance_Price.amount>
				<imbalance_Price.category>A05</imbalance_Price.category>
			</Point>
			<Point>
				<position>23</position>
				<imbalance_Price.amount>-4995.10</imbalance_Price.amount>
				<imbalance_Price.category>A05</imbalance_Price.category>
			</Point>
			<Point>
				<position>24</position>
				<imbalance_Price.amount>841.50</imbalance_Price.amount>
				<imbalance_Price.category>A05</imbalance_Price.category>
			</Point>
			<Point>
				<position>25</position>
				<imbalance_Price.amount>-51.06</imbalance_Price.amount>
				<imbalance_Price.category>A05</imbalance_Price.category>
			</Point>
			<Point>
				<position>26</position>
				<imbalance_Price.amount>993.27</imbalance_Price.amount>
				<imbalance_Price.category>A05</imbalance_Price.category>
			</Point>
			<Point>
				<position>27</position>
				<imbalance_Price.amount>991.63</imbalance_Price.amount>
				<imbalance_Price.category>A05</imbalance_Price.category>
			</Point>
			<Point>
				<position>28</position>
				<imbalance_Price.amount>1087.42</imbalance_Price.amount>
				<imbalance_Price.category>A05</imbalance_Price.category>
			</Point>
			<Point>
				<position>29</position>
				<imbalance_Price.amount>990.52</imbalance_Price.amount>
				<imbalance_Price.category>A05</imbalance_Price.category>
			</Point>
			<Point>
				<position>30</position>
				<imbalance_Price.amount>954.31</imbalance_Price.amount>
				<imbalance_Price.category>A05</imbalance_Price.category>
			</Point>
			<Point>
				<position>31</position>
				<imbalance_Price.amount>909.56</imbalance_Price.amount>
				<imbalance_Price.category>A05</imbalance_Price.category>
			</Point>
			<Point>
				<position>32</position>
				<imbalance_Price.amount>253.97</imbalance_Price.amount>
				<imbalance_Price.category>A05</imbalance_Price.category>
			</Point>
			<Point>
				<position>33</position>
				<imbalance_Price.amount>843.28</imbalance_Price.amount>
				<imbalance_Price.category>A05</imbalance_Price.category>
			</Point>
			<Point>
				<position>34</position>
				<imbalance_Price.amount>-379.12</imbalance_Price.amount>
				<imbalance_Price.category>A05</imbalance_Price.category>
			</Point>
			<Point>
				<position>35</position>
				<imbalance_Price.amount>276.79</imbalance_Price.amount>
				<imbalance_Price.category>A05</imbalance_Price.category>
			</Point>
			<Point>
				<position>36</position>
				<imbalance_Price.amount>353.82</imbalance_Price.amount>
				<imbalance_Price.category>A05</imbalance_Price.category>
			</Point>
			<Point>
				<position>37</position>
				<imbalance_Price.amount>883.70</imbalance_Price.amount>
				<imbalance_Price.category>A05</imbalance_Price.category>
			</Point>
			<Point>
				<position>38</position>
				<imbalance_Price.amount>840.00</imbalance_Price.amount>
				<imbalance_Price.category>A05</imbalance_Price.category>
			</Point>
			<Point>
				<position>39</position>
				<imbalance_Price.amount>-1119.61</imbalance_Price.amount>
				<imbalance_Price.category>A05</imbalance_Price.category>
			</Point>
			<Point>
				<position>40</position>
				<imbalance_Price.amount>-2014.09</imbalance_Price.amount>
				<imbalance_Price.category>A05</imbalance_Price.category>
			</Point>
			<Point>
				<position>41</position>
				<imbalance_Price.amount>143.29</imbalance_Price.amount>
				<imbalance_Price.category>A05</imbalance_Price.category>
			</Point>
			<Point>
				<position>42</position>
				<imbalance_Price.amount>744.00</imbalance_Price.amount>
				<imbalance_Price.category>A05</imbalance_Price.category>
			</Point>
			<Point>
				<position>43</position>
				<imbalance_Price.amount>76.88</imbalance_Price.amount>
				<imbalance_Price.category>A05</imbalance_Price.category>
			</Point>
			<Point>
				<position>44</position>
				<imbalance_Price.amount>-314.87</imbalance_Price.amount>
				<imbalance_Price.category>A05</imbalance_Price.category>
			</Point>
			<Point>
				<position>45</position>
				<imbalance_Price.amount>16.93</imbalance_Price.amount>
				<imbalance_Price.category>A05</imbalance_Price.category>
			</Point>
			<Point>
				<position>46</position>
				<imbalance_Price.amount>694.74</imbalance_Price.amount>
				<imbalance_Price.category>A05</imbalance_Price.category>
			</Point>
			<Point>
				<position>47</position>
				<imbalance_Price.amount>827.88</imbalance_Price.amount>
				<imbalance_Price.category>A05</imbalance_Price.category>
			</Point>
			<Point>
				<position>48</position>
				<imbalance_Price.amount>679.30</imbalance_Price.amount>
				<imbalance_Price.category>A05</imbalance_Price.category>
			</Point>
			<Point>
				<position>49</position>
				<imbalance_Price.amount>905.95</imbalance_Price.amount>
				<imbalance_Price.category>A05</imbalance_Price.category>
			</Point>
			<Point>
				<position>50</position>
				<imbalance_Price.amount>3637.61</imbalance_Price.amount>
				<imbalance_Price.category>A05</imbalance_Price.category>
			</Point>
			<Point>
				<position>51</position>
				<imbalance_Price.amount>1365.70</imbalance_Price.amount>
				<imbalance_Price.category>A05</imbalance_Price.category>
			</Point>
			<Point>
				<position>52</position>
				<imbalance_Price.amount>669.12</imbalance_Price.amount>
				<imbalance_Price.category>A05</imbalance_Price.category>
			</Point>
			<Point>
				<position>53</position>
				<imbalance_Price.amount>734.72</imbalance_Price.amount>
				<imbalance_Price.category>A05</imbalance_Price.category>
			</Point>
			<Point>
				<position>54</position>
				<imbalance_Price.amount>732.05</imbalance_Price.amount>
				<imbalance_Price.category>A05</imbalance_Price.category>
			</Point>
			<Point>
				<position>55</position>
				<imbalance_Price.amount>731.64</imbalance_Price.amount>
				<imbalance_Price.category>A05</imbalance_Price.category>
			</Point>
			<Point>
				<position>56</position>
				<imbalance_Price.amount>735.19</imbalance_Price.amount>
				<imbalance_Price.category>A05</imbalance_Price.category>
			</Point>
			<Point>
				<position>57</position>
				<imbalance_Price.amount>971.73</imbalance_Price.amount>
				<imbalance_Price.category>A05</imbalance_Price.category>
			</Point>
			<Point>
				<position>58</position>
				<imbalance_Price.amount>940.12</imbalance_Price.amount>
				<imbalance_Price.category>A05</imbalance_Price.category>
			</Point>
			<Point>
				<position>59</position>
				<imbalance_Price.amount>949.75</imbalance_Price.amount>
				<imbalance_Price.category>A05</imbalance_Price.category>
			</Point>
			<Point>
				<position>60</position>
				<imbalance_Price.amount>948.84</imbalance_Price.amount>
				<imbalance_Price.category>A05</imbalance_Price.category>
			</Point>
			<Point>
				<position>61</position>
				<imbalance_Price.amount>3057.31</imbalance_Price.amount>
				<imbalance_Price.category>A05</imbalance_Price.category>
			</Point>
			<Point>
				<position>62</position>
				<imbalance_Price.amount>997.49</imbalance_Price.amount>
				<imbalance_Price.category>A05</imbalance_Price.category>
			</Point>
			<Point>
				<position>63</position>
				<imbalance_Price.amount>968.37</imbalance_Price.amount>
				<imbalance_Price.category>A05</imbalance_Price.category>
			</Point>
			<Point>
				<position>64</position>
				<imbalance_Price.amount>-1737.86</imbalance_Price.amount>
				<imbalance_Price.category>A05</imbalance_Price.category>
			</Point>
			<Point>
				<position>65</position>
				<imbalance_Price.amount>0.00</imbalance_Price.amount>
				<imbalance_Price.category>A05</imbalance_Price.category>
			</Point>
			<Point>
				<position>66</position>
				<imbalance_Price.amount>-2194.24</imbalance_Price.amount>
				<imbalance_Price.category>A05</imbalance_Price.category>
			</Point>
			<Point>
				<position>67</position>
				<imbalance_Price.amount>-1216.14</imbalance_Price.amount>
				<imbalance_Price.category>A05</imbalance_Price.category>
			</Point>
			<Point>
				<position>68</position>
				<imbalance_Price.amount>30.26</imbalance_Price.amount>
				<imbalance_Price.category>A05</imbalance_Price.category>
			</Point>
			<Point>
				<position>69</position>
				<imbalance_Price.amount>-598.38</imbalance_Price.amount>
				<imbalance_Price.category>A05</imbalance_Price.category>
			</Point>
			<Point>
				<position>70</position>
				<imbalance_Price.amount>44.75</imbalance_Price.amount>
				<imbalance_Price.category>A05</imbalance_Price.category>
			</Point>
			<Point>
				<position>71</position>
				<imbalance_Price.amount>0.23</imbalance_Price.amount>
				<imbalance_Price.category>A05</imbalance_Price.category>
			</Point>
			<Point>
				<position>72</position>
				<imbalance_Price.amount>-143.23</imbalance_Price.amount>
				<imbalance_Price.category>A05</imbalance_Price.category>
			</Point>
			<Point>
				<position>73</position>
				<imbalance_Price.amount>993.70</imbalance_Price.amount>
				<imbalance_Price.category>A05</imbalance_Price.category>
			</Point>
			<Point>
				<position>74</position>
				<imbalance_Price.amount>840.00</imbalance_Price.amount>
				<imbalance_Price.category>A05</imbalance_Price.category>
			</Point>
			<Point>
				<position>75</position>
				<imbalance_Price.amount>875.56</imbalance_Price.amount>
				<imbalance_Price.category>A05</imbalance_Price.category>
			</Point>
			<Point>
				<position>76</position>
				<imbalance_Price.amount>896.99</imbalance_Price.amount>
				<imbalance_Price.category>A05</imbalance_Price.category>
			</Point>
			<Point>
				<position>77</position>
				<imbalance_Price.amount>938.46</imbalance_Price.amount>
				<imbalance_Price.category>A05</imbalance_Price.category>
			</Point>
			<Point>
				<position>78</position>
				<imbalance_Price.amount>-28.78</imbalance_Price.amount>
				<imbalance_Price.category>A05</imbalance_Price.category>
			</Point>
			<Point>
				<position>79</position>
				<imbalance_Price.amount>-21.63</imbalance_Price.amount>
				<imbalance_Price.category>A05</imbalance_Price.category>
			</Point>
			<Point>
				<position>80</position>
				<imbalance_Price.amount>-1.08</imbalance_Price.amount>
				<imbalance_Price.category>A05</imbalance_Price.category>
			</Point>
			<Point>
				<position>81</position>
				<imbalance_Price.amount>-3369.50</imbalance_Price.amount>
				<imbalance_Price.category>A05</imbalance_Price.category>
			</Point>
			<Point>
				<position>82</position>
				<imbalance_Price.amount>-261.37</imbalance_Price.amount>
				<imbalance_Price.category>A05</imbalance_Price.category>
			</Point>
			<Point>
				<position>83</position>
				<imbalance_Price.amount>0.55</imbalance_Price.amount>
				<imbalance_Price.category>A05</imbalance_Price.category>
			</Point>
			<Point>
				<position>84</position>
				<imbalance_Price.amount>19.15</imbalance_Price.amount>
				<imbalance_Price.category>A05</imbalance_Price.category>
			</Point>
			<Point>
				<position>85</position>
				<imbalance_Price.amount>4231.09</imbalance_Price.amount>
				<imbalance_Price.category>A05</imbalance_Price.category>
			</Point>
			<Point>
				<position>86</position>
				<imbalance_Price.amount>1003.21</imbalance_Price.amount>
				<imbalance_Price.category>A05</imbalance_Price.category>
			</Point>
			<Point>
				<position>87</position>
				<imbalance_Price.amount>-1646.45</imbalance_Price.amount>
				<imbalance_Price.category>A05</imbalance_Price.category>
			</Point>
			<Point>
				<position>88</position>
				<imbalance_Price.amount>-3494.97</imbalance_Price.amount>
				<imbalance_Price.category>A05</imbalance_Price.category>
			</Point>
			<Point>
				<position>89</position>
				<imbalance_Price.amount>-3499.00</imbalance_Price.amount>
				<imbalance_Price.category>A05</imbalance_Price.category>
			</Point>
			<Point>
				<position>90</position>
				<imbalance_Price.amount>841.67</imbalance_Price.amount>
				<imbalance_Price.category>A05</imbalance_Price.category>
			</Point>
			<Point>
				<position>91</position>
				<imbalance_Price.amount>843.49</imbalance_Price.amount>
				<imbalance_Price.category>A05</imbalance_Price.category>
			</Point>
			<Point>
				<position>92</position>
				<imbalance_Price.amount>253.32</imbalance_Price.amount>
				<imbalance_Price.category>A05</imbalance_Price.category>
			</Point>
		</Period>
	</TimeSeries>
	<TimeSeries>
		<mRID>3</mRID>
		<businessType>A19</businessType>
		<currency_Unit.name>RON</currency_Unit.name>
		<price_Measure_Unit.name>MWH</price_Measure_Unit.name>
		<curveType>A01</curveType>
		<Period>
			<timeInterval>
				<start>2025-03-27T22:00Z</start>
				<end>2025-03-28T05:15Z</end>
			</timeInterval>
			<resolution>PT15M</resolution>
			<Point>
				<position>1</position>
				<imbalance_Price.amount>3234.80</imbalance_Price.amount>
				<imbalance_Price.category>A04</imbalance_Price.category>
			</Point>
			<Point>
				<position>2</position>
				<imbalance_Price.amount>396.76</imbalance_Price.amount>
				<imbalance_Price.category>A04</imbalance_Price.category>
			</Point>
			<Point>
				<position>3</position>
				<imbalance_Price.amount>304.29</imbalance_Price.amount>
				<imbalance_Price.category>A04</imbalance_Price.category>
			</Point>
			<Point>
				<position>4</position>
				<imbalance_Price.amount>243.33</imbalance_Price.amount>
				<imbalance_Price.category>A04</imbalance_Price.category>
			</Point>
			<Point>
				<position>5</position>
				<imbalance_Price.amount>992.97</imbalance_Price.amount>
				<imbalance_Price.category>A04</imbalance_Price.category>
			</Point>
			<Point>
				<position>6</position>
				<imbalance_Price.amount>932.48</imbalance_Price.amount>
				<imbalance_Price.category>A04</imbalance_Price.category>
			</Point>
			<Point>
				<position>7</position>
				<imbalance_Price.amount>222.70</imbalance_Price.amount>
				<imbalance_Price.category>A04</imbalance_Price.category>
			</Point>
			<Point>
				<position>8</position>
				<imbalance_Price.amount>91.57</imbalance_Price.amount>
				<imbalance_Price.category>A04</imbalance_Price.category>
			</Point>
			<Point>
				<position>9</position>
				<imbalance_Price.amount>183.83</imbalance_Price.amount>
				<imbalance_Price.category>A04</imbalance_Price.category>
			</Point>
			<Point>
				<position>10</position>
				<imbalance_Price.amount>156.15</imbalance_Price.amount>
				<imbalance_Price.category>A04</imbalance_Price.category>
			</Point>
			<Point>
				<position>11</position>
				<imbalance_Price.amount>243.85</imbalance_Price.amount>
				<imbalance_Price.category>A04</imbalance_Price.category>
			</Point>
			<Point>
				<position>12</position>
				<imbalance_Price.amount>21.31</imbalance_Price.amount>
				<imbalance_Price.category>A04</imbalance_Price.category>
			</Point>
			<Point>
				<position>13</position>
				<imbalance_Price.amount>-1.17</imbalance_Price.amount>
				<imbalance_Price.category>A04</imbalance_Price.category>
			</Point>
			<Point>
				<position>14</position>
				<imbalance_Price.amount>1.58</imbalance_Price.amount>
				<imbalance_Price.category>A04</imbalance_Price.category>
			</Point>
			<Point>
				<position>15</position>
				<imbalance_Price.amount>-1.01</imbalance_Price.amount>
				<imbalance_Price.category>A04</imbalance_Price.category>
			</Point>
			<Point>
				<position>16</position>
				<imbalance_Price.amount>4.22</imbalance_Price.amount>
				<imbalance_Price.category>A04</imbalance_Price.category>
			</Point>
			<Point>
				<position>17</position>
				<imbalance_Price.amount>13.55</imbalance_Price.amount>
				<imbalance_Price.category>A04</imbalance_Price.category>
			</Point>
			<Point>
				<position>18</position>
				<imbalance_Price.amount>7.37</imbalance_Price.amount>
				<imbalance_Price.category>A04</imbalance_Price.category>
			</Point>
			<Point>
				<position>19</position>
				<imbalance_Price.amount>9.70</imbalance_Price.amount>
				<imbalance_Price.category>A04</imbalance_Price.category>
			</Point>
			<Point>
				<position>20</position>
				<imbalance_Price.amount>-0.73</imbalance_Price.amount>
				<imbalance_Price.category>A04</imbalance_Price.category>
			</Point>
			<Point>
				<position>21</position>
				<imbalance_Price.amount>-2.89</imbalance_Price.amount>
				<imbalance_Price.category>A04</imbalance_Price.category>
			</Point>
			<Point>
				<position>22</position>
				<imbalance_Price.amount>-10.11</imbalance_Price.amount>
				<imbalance_Price.category>A04</imbalance_Price.category>
			</Point>
			<Point>
				<position>23</position>
				<imbalance_Price.amount>1.51</imbalance_Price.amount>
				<imbalance_Price.category>A04</imbalance_Price.category>
			</Point>
			<Point>
				<position>24</position>
				<imbalance_Price.amount>-4.90</imbalance_Price.amount>
				<imbalance_Price.category>A04</imbalance_Price.category>
			</Point>
			<Point>
				<position>25</position>
				<imbalance_Price.amount>45.94</imbalance_Price.amount>
				<imbalance_Price.category>A04</imbalance_Price.category>
			</Point>
			<Point>
				<position>26</position>
				<imbalance_Price.amount>47.96</imbalance_Price.amount>
				<imbalance_Price.category>A04</imbalance_Price.category>
			</Point>
			<Point>
				<position>27</position>
				<imbalance_Price.amount>14.21</imbalance_Price.amount>
				<imbalance_Price.category>A04</imbalance_Price.category>
			</Point>
			<Point>
				<position>28</position>
				<imbalance_Price.amount>-1.25</imbalance_Price.amount>
				<imbalance_Price.category>A04</imbalance_Price.category>
			</Point>
			<Point>
				<position>29</position>
				<imbalance_Price.amount>-55.60</imbalance_Price.amount>
				<imbalance_Price.category>A04</imbalance_Price.category>
			</Point>
		</Period>
	</TimeSeries>
	<TimeSeries>
		<mRID>4</mRID>
		<businessType>A19</businessType>
		<currency_Unit.name>RON</currency_Unit.name>
		<price_Measure_Unit.name>MWH</price_Measure_Unit.name>
		<curveType>A01</curveType>
		<Period>
			<timeInterval>
				<start>2025-03-27T22:00Z</start>
				<end>2025-03-28T05:15Z</end>
			</timeInterval>
			<resolution>PT15M</resolution>
			<Point>
				<position>1</position>
				<imbalance_Price.amount>3234.80</imbalance_Price.amount>
				<imbalance_Price.category>A05</imbalance_Price.category>
			</Point>
			<Point>
				<position>2</position>
				<imbalance_Price.amount>778.98</imbalance_Price.amount>
				<imbalance_Price.category>A05</imbalance_Price.category>
			</Point>
			<Point>
				<position>3</position>
				<imbalance_Price.amount>744.00</imbalance_Price.amount>
				<imbalance_Price.category>A05</imbalance_Price.category>
			</Point>
			<Point>
				<position>4</position>
				<imbalance_Price.amount>0.00</imbalance_Price.amount>
				<imbalance_Price.category>A05</imbalance_Price.category>
			</Point>
			<Point>
				<position>5</position>
				<imbalance_Price.amount>992.97</imbalance_Price.amount>
				<imbalance_Price.category>A05</imbalance_Price.category>
			</Point>
			<Point>
				<position>6</position>
				<imbalance_Price.amount>932.48</imbalance_Price.amount>
				<imbalance_Price.category>A05</imbalance_Price.category>
			</Point>
			<Point>
				<position>7</position>
				<imbalance_Price.amount>744.00</imbalance_Price.amount>
				<imbalance_Price.category>A05</imbalance_Price.category>
			</Point>
			<Point>
				<position>8</position>
				<imbalance_Price.amount>0.00</imbalance_Price.amount>
				<imbalance_Price.category>A05</imbalance_Price.category>
			</Point>
			<Point>
				<position>9</position>
				<imbalance_Price.amount>0.00</imbalance_Price.amount>
				<imbalance_Price.category>A05</imbalance_Price.category>
			</Point>
			<Point>
				<position>10</position>
				<imbalance_Price.amount>0.00</imbalance_Price.amount>
				<imbalance_Price.category>A05</imbalance_Price.category>
			</Point>
			<Point>
				<position>11</position>
				<imbalance_Price.amount>0.00</imbalance_Price.amount>
				<imbalance_Price.category>A05</imbalance_Price.category>
			</Point>
			<Point>
				<position>12</position>
				<imbalance_Price.amount>21.31</imbalance_Price.amount>
				<imbalance_Price.category>A05</imbalance_Price.category>
			</Point>
			<Point>
				<position>13</position>
				<imbalance_Price.amount>-1.17</imbalance_Price.amount>
				<imbalance_Price.category>A05</imbalance_Price.category>
			</Point>
			<Point>
				<position>14</position>
				<imbalance_Price.amount>1.58</imbalance_Price.amount>
				<imbalance_Price.category>A05</imbalance_Price.category>
			</Point>
			<Point>
				<position>15</position>
				<imbalance_Price.amount>-1.01</imbalance_Price.amount>
				<imbalance_Price.category>A05</imbalance_Price.category>
			</Point>
			<Point>
				<position>16</position>
				<imbalance_Price.amount>4.22</imbalance_Price.amount>
				<imbalance_Price.category>A05</imbalance_Price.category>
			</Point>
			<Point>
				<position>17</position>
				<imbalance_Price.amount>13.55</imbalance_Price.amount>
				<imbalance_Price.category>A05</imbalance_Price.category>
			</Point>
			<Point>
				<position>18</position>
				<imbalance_Price.amount>7.37</imbalance_Price.amount>
				<imbalance_Price.category>A05</imbalance_Price.category>
			</Point>
			<Point>
				<position>19</position>
				<imbalance_Price.amount>9.70</imbalance_Price.amount>
				<imbalance_Price.category>A05</imbalance_Price.category>
			</Point>
			<Point>
				<position>20</position>
				<imbalance_Price.amount>-0.73</imbalance_Price.amount>
				<imbalance_Price.category>A05</imbalance_Price.category>
			</Point>
			<Point>
				<position>21</position>
				<imbalance_Price.amount>-2.89</imbalance_Price.amount>
				<imbalance_Price.category>A05</imbalance_Price.category>
			</Point>
			<Point>
				<position>22</position>
				<imbalance_Price.amount>-10.11</imbalance_Price.amount>
				<imbalance_Price.category>A05</imbalance_Price.category>
			</Point>
			<Point>
				<position>23</position>
				<imbalance_Price.amount>1.51</imbalance_Price.amount>
				<imbalance_Price.category>A05</imbalance_Price.category>
			</Point>
			<Point>
				<position>24</position>
				<imbalance_Price.amount>-4.90</imbalance_Price.amount>
				<imbalance_Price.category>A05</imbalance_Price.category>
			</Point>
			<Point>
				<position>25</position>
				<imbalance_Price.amount>45.94</imbalance_Price.amount>
				<imbalance_Price.category>A05</imbalance_Price.category>
			</Point>
			<Point>
				<position>26</position>
				<imbalance_Price.amount>47.96</imbalance_Price.amount>
				<imbalance_Price.category>A05</imbalance_Price.category>
			</Point>
			<Point>
				<position>27</position>
				<imbalance_Price.amount>14.21</imbalance_Price.amount>
				<imbalance_Price.category>A05</imbalance_Price.category>
			</Point>
			<Point>
				<position>28</position>
				<imbalance_Price.amount>-1.25</imbalance_Price.amount>
				<imbalance_Price.category>A05</imbalance_Price.category>
			</Point>
			<Point>
				<position>29</position>
				<imbalance_Price.amount>-55.60</imbalance_Price.amount>
				<imbalance_Price.category>A05</imbalance_Price.category>
			</Point>
		</Period>
	</TimeSeries>
</Balancing_MarketDocument>
