<?xml version="1.0" encoding="UTF-8"?>
<Balancing_MarketDocument xmlns="urn:iec62325.351:tc57wg16:451-6:balancingdocument:4:4">
  <mRID>77a32d9bd39943dfbd6b217058b9a953</mRID>
  <revisionNumber>1</revisionNumber>
  <type>A85</type>
  <process.processType>A16</process.processType>
  <sender_MarketParticipant.mRID codingScheme="A01">10X1001A1001A450</sender_MarketParticipant.mRID>
  <sender_MarketParticipant.marketRole.type>A32</sender_MarketParticipant.marketRole.type>
  <receiver_MarketParticipant.mRID codingScheme="A01">10X1001A1001A450</receiver_MarketParticipant.mRID>
  <receiver_MarketParticipant.marketRole.type>A33</receiver_MarketParticipant.marketRole.type>
  <createdDateTime>2026-01-24T06:37:33Z</createdDateTime>
  <docStatus><value>A01</value></docStatus>
  <area_Domain.mRID codingScheme="A01">10YRO-TEL------P</area_Domain.mRID>
  <period.timeInterval>
    <start>2026-01-22T23:00Z</start>
    <end>2026-01-24T06:15Z</end>
  </period.timeInterval>
    <TimeSeries>
      <mRID>1</mRID>
      <businessType>A19</businessType>
      <currency_Unit.name>RON</currency_Unit.name>
      <price_Measure_Unit.name>MWH</price_Measure_Unit.name>
      <curveType>A03</curveType>
        <Period>
          <timeInterval>
            <start>2026-01-22T23:00Z</start>
            <end>2026-01-24T06:15Z</end>
          </timeInterval>
          <resolution>PT15M</resolution>
            <Point>
              <position>1</position>
              <imbalance_Price.amount>-157.013</imbalance_Price.amount>
              <imbalance_Price.category>A04</imbalance_Price.category>
            </Point>
            <Point>
              <position>2</position>
              <imbalance_Price.amount>353.205</imbalance_Price.amount>
              <imbalance_Price.category>A04</imbalance_Price.category>
            </Point>
            <Point>
              <position>3</position>
              <imbalance_Price.amount>3.381</imbalance_Price.amount>
              <imbalance_Price.category>A04</imbalance_Price.category>
            </Point>
            <Point>
              <position>4</position>
              <imbalance_Price.amount>7.197</imbalance_Price.amount>
              <imbalance_Price.category>A04</imbalance_Price.category>
            </Point>
            <Point>
              <position>5</position>
              <imbalance_Price.amount>21.859</imbalance_Price.amount>
              <imbalance_Price.category>A04</imbalance_Price.category>
            </Point>
            <Point>
              <position>6</position>
              <imbalance_Price.amount>20.051</imbalance_Price.amount>
              <imbalance_Price.category>A04</imbalance_Price.category>
            </Point>
            <Point>
              <position>7</position>
              <imbalance_Price.amount>83.187</imbalance_Price.amount>
              <imbalance_Price.category>A04</imbalance_Price.category>
            </Point>
            <Point>
              <position>8</position>
              <imbalance_Price.amount>-51.55</imbalance_Price.amount>
              <imbalance_Price.category>A04</imbalance_Price.category>
            </Point>
            <Point>
              <position>9</position>
              <imbalance_Price.amount>-104.086</imbalance_Price.amount>
              <imbalance_Price.category>A04</imbalance_Price.category>
            </Point>
            <Point>
              <position>10</position>
              <imbalance_Price.amount>-56.826</imbalance_Price.amount>
              <imbalance_Price.category>A04</imbalance_Price.category>
            </Point>
            <Point>
              <position>11</position>
              <imbalance_Price.amount>30.077</imbalance_Price.amount>
              <imbalance_Price.category>A04</imbalance_Price.category>
            </Point>
            <Point>
              <position>12</position>
              <imbalance_Price.amount>947.502</imbalance_Price.amount>
              <imbalance_Price.category>A04</imbalance_Price.category>
            </Point>
            <Point>
              <position>13</position>
              <imbalance_Price.amount>73.672</imbalance_Price.amount>
              <imbalance_Price.category>A04</imbalance_Price.category>
            </Point>
            <Point>
              <position>14</position>
              <imbalance_Price.amount>16.95</imbalance_Price.amount>
              <imbalance_Price.category>A04</imbalance_Price.category>
            </Point>
            <Point>
              <position>15</position>
              <imbalance_Price.amount>46.911</imbalance_Price.amount>
              <imbalance_Price.category>A04</imbalance_Price.category>
            </Point>
            <Point>
              <position>16</position>
              <imbalance_Price.amount>15.434</imbalance_Price.amount>
              <imbalance_Price.category>A04</imbalance_Price.category>
            </Point>
            <Point>
              <position>17</position>
              <imbalance_Price.amount>30.735</imbalance_Price.amount>
              <imbalance_Price.category>A04</imbalance_Price.category>
            </Point>
            <Point>
              <position>18</position>
              <imbalance_Price.amount>2.327</imbalance_Price.amount>
              <imbalance_Price.category>A04</imbalance_Price.category>
            </Point>
            <Point>
              <position>19</position>
              <imbalance_Price.amount>1.277</imbalance_Price.amount>
              <imbalance_Price.category>A04</imbalance_Price.category>
            </Point>
            <Point>
              <position>20</position>
              <imbalance_Price.amount>1.294</imbalance_Price.amount>
              <imbalance_Price.category>A04</imbalance_Price.category>
            </Point>
            <Point>
              <position>21</position>
              <imbalance_Price.amount>200</imbalance_Price.amount>
              <imbalance_Price.category>A04</imbalance_Price.category>
            </Point>
            <Point>
              <position>23</position>
              <imbalance_Price.amount>1240.723</imbalance_Price.amount>
              <imbalance_Price.category>A04</imbalance_Price.category>
            </Point>
            <Point>
              <position>24</position>
              <imbalance_Price.amount>2561.422</imbalance_Price.amount>
              <imbalance_Price.category>A04</imbalance_Price.category>
            </Point>
            <Point>
              <position>25</position>
              <imbalance_Price.amount>1631.399</imbalance_Price.amount>
              <imbalance_Price.category>A04</imbalance_Price.category>
            </Point>
            <Point>
              <position>26</position>
              <imbalance_Price.amount>1297.427</imbalance_Price.amount>
              <imbalance_Price.category>A04</imbalance_Price.category>
            </Point>
            <Point>
              <position>27</position>
              <imbalance_Price.amount>500</imbalance_Price.amount>
              <imbalance_Price.category>A04</imbalance_Price.category>
            </Point>
            <Point>
              <position>28</position>
              <imbalance_Price.amount>1229.473</imbalance_Price.amount>
              <imbalance_Price.category>A04</imbalance_Price.category>
            </Point>
            <Point>
              <position>29</position>
              <imbalance_Price.amount>500</imbalance_Price.amount>
              <imbalance_Price.category>A04</imbalance_Price.category>
            </Point>
            <Point>
              <position>32</position>
              <imbalance_Price.amount>1630.573</imbalance_Price.amount>
              <imbalance_Price.category>A04</imbalance_Price.category>
            </Point>
            <Point>
              <position>33</position>
              <imbalance_Price.amount>2748.044</imbalance_Price.amount>
              <imbalance_Price.category>A04</imbalance_Price.category>
            </Point>
            <Point>
              <position>34</position>
              <imbalance_Price.amount>451.996</imbalance_Price.amount>
              <imbalance_Price.category>A04</imbalance_Price.category>
            </Point>
            <Point>
              <position>35</position>
              <imbalance_Price.amount>389.981</imbalance_Price.amount>
              <imbalance_Price.category>A04</imbalance_Price.category>
            </Point>
            <Point>
              <position>36</position>
              <imbalance_Price.amount>442.935</imbalance_Price.amount>
              <imbalance_Price.category>A04</imbalance_Price.category>
            </Point>
            <Point>
              <position>37</position>
              <imbalance_Price.amount>687.453</imbalance_Price.amount>
              <imbalance_Price.category>A04</imbalance_Price.category>
            </Point>
            <Point>
              <position>38</position>
              <imbalance_Price.amount>700</imbalance_Price.amount>
              <imbalance_Price.category>A04</imbalance_Price.category>
            </Point>
            <Point>
              <position>39</position>
              <imbalance_Price.amount>337.91</imbalance_Price.amount>
              <imbalance_Price.category>A04</imbalance_Price.category>
            </Point>
            <Point>
              <position>40</position>
              <imbalance_Price.amount>256.692</imbalance_Price.amount>
              <imbalance_Price.category>A04</imbalance_Price.category>
            </Point>
            <Point>
              <position>41</position>
              <imbalance_Price.amount>427.496</imbalance_Price.amount>
              <imbalance_Price.category>A04</imbalance_Price.category>
            </Point>
            <Point>
              <position>42</position>
              <imbalance_Price.amount>1932.213</imbalance_Price.amount>
              <imbalance_Price.category>A04</imbalance_Price.category>
            </Point>
            <Point>
              <position>43</position>
              <imbalance_Price.amount>1993.325</imbalance_Price.amount>
              <imbalance_Price.category>A04</imbalance_Price.category>
            </Point>
            <Point>
              <position>44</position>
              <imbalance_Price.amount>1634.663</imbalance_Price.amount>
              <imbalance_Price.category>A04</imbalance_Price.category>
            </Point>
            <Point>
              <position>45</position>
              <imbalance_Price.amount>1004.837</imbalance_Price.amount>
              <imbalance_Price.category>A04</imbalance_Price.category>
            </Point>
            <Point>
              <position>46</position>
              <imbalance_Price.amount>1993.332</imbalance_Price.amount>
              <imbalance_Price.category>A04</imbalance_Price.category>
            </Point>
            <Point>
              <position>47</position>
              <imbalance_Price.amount>700</imbalance_Price.amount>
              <imbalance_Price.category>A04</imbalance_Price.category>
            </Point>
            <Point>
              <position>48</position>
              <imbalance_Price.amount>1097.537</imbalance_Price.amount>
              <imbalance_Price.category>A04</imbalance_Price.category>
            </Point>
            <Point>
              <position>49</position>
              <imbalance_Price.amount>1127.869</imbalance_Price.amount>
              <imbalance_Price.category>A04</imbalance_Price.category>
            </Point>
            <Point>
              <position>50</position>
              <imbalance_Price.amount>1231.695</imbalance_Price.amount>
              <imbalance_Price.category>A04</imbalance_Price.category>
            </Point>
            <Point>
              <position>51</position>
              <imbalance_Price.amount>700</imbalance_Price.amount>
              <imbalance_Price.category>A04</imbalance_Price.category>
            </Point>
            <Point>
              <position>52</position>
              <imbalance_Price.amount>928.464</imbalance_Price.amount>
              <imbalance_Price.category>A04</imbalance_Price.category>
            </Point>
            <Point>
              <position>53</position>
              <imbalance_Price.amount>637.651</imbalance_Price.amount>
              <imbalance_Price.category>A04</imbalance_Price.category>
            </Point>
            <Point>
              <position>54</position>
              <imbalance_Price.amount>700</imbalance_Price.amount>
              <imbalance_Price.category>A04</imbalance_Price.category>
            </Point>
            <Point>
              <position>56</position>
              <imbalance_Price.amount>617.871</imbalance_Price.amount>
              <imbalance_Price.category>A04</imbalance_Price.category>
            </Point>
            <Point>
              <position>57</position>
              <imbalance_Price.amount>5.426</imbalance_Price.amount>
              <imbalance_Price.category>A04</imbalance_Price.category>
            </Point>
            <Point>
              <position>58</position>
              <imbalance_Price.amount>0.5</imbalance_Price.amount>
              <imbalance_Price.category>A04</imbalance_Price.category>
            </Point>
            <Point>
              <position>59</position>
              <imbalance_Price.amount>2.83</imbalance_Price.amount>
              <imbalance_Price.category>A04</imbalance_Price.category>
            </Point>
            <Point>
              <position>60</position>
              <imbalance_Price.amount>0.8</imbalance_Price.amount>
              <imbalance_Price.category>A04</imbalance_Price.category>
            </Point>
            <Point>
              <position>61</position>
              <imbalance_Price.amount>310.197</imbalance_Price.amount>
              <imbalance_Price.category>A04</imbalance_Price.category>
            </Point>
            <Point>
              <position>62</position>
              <imbalance_Price.amount>700</imbalance_Price.amount>
              <imbalance_Price.category>A04</imbalance_Price.category>
            </Point>
            <Point>
              <position>63</position>
              <imbalance_Price.amount>690.174</imbalance_Price.amount>
              <imbalance_Price.category>A04</imbalance_Price.category>
            </Point>
            <Point>
              <position>64</position>
              <imbalance_Price.amount>700</imbalance_Price.amount>
              <imbalance_Price.category>A04</imbalance_Price.category>
            </Point>
            <Point>
              <position>66</position>
              <imbalance_Price.amount>611.51</imbalance_Price.amount>
              <imbalance_Price.category>A04</imbalance_Price.category>
            </Point>
            <Point>
              <position>67</position>
              <imbalance_Price.amount>451.113</imbalance_Price.amount>
              <imbalance_Price.category>A04</imbalance_Price.category>
            </Point>
            <Point>
              <position>68</position>
              <imbalance_Price.amount>356.734</imbalance_Price.amount>
              <imbalance_Price.category>A04</imbalance_Price.category>
            </Point>
            <Point>
              <position>69</position>
              <imbalance_Price.amount>700</imbalance_Price.amount>
              <imbalance_Price.category>A04</imbalance_Price.category>
            </Point>
            <Point>
              <position>70</position>
              <imbalance_Price.amount>544.24</imbalance_Price.amount>
              <imbalance_Price.category>A04</imbalance_Price.category>
            </Point>
            <Point>
              <position>71</position>
              <imbalance_Price.amount>1760.553</imbalance_Price.amount>
              <imbalance_Price.category>A04</imbalance_Price.category>
            </Point>
            <Point>
              <position>72</position>
              <imbalance_Price.amount>407</imbalance_Price.amount>
              <imbalance_Price.category>A04</imbalance_Price.category>
            </Point>
            <Point>
              <position>74</position>
              <imbalance_Price.amount>1718.46</imbalance_Price.amount>
              <imbalance_Price.category>A04</imbalance_Price.category>
            </Point>
            <Point>
              <position>75</position>
              <imbalance_Price.amount>1722.201</imbalance_Price.amount>
              <imbalance_Price.category>A04</imbalance_Price.category>
            </Point>
            <Point>
              <position>76</position>
              <imbalance_Price.amount>1736.637</imbalance_Price.amount>
              <imbalance_Price.category>A04</imbalance_Price.category>
            </Point>
            <Point>
              <position>77</position>
              <imbalance_Price.amount>323.412</imbalance_Price.amount>
              <imbalance_Price.category>A04</imbalance_Price.category>
            </Point>
            <Point>
              <position>78</position>
              <imbalance_Price.amount>700</imbalance_Price.amount>
              <imbalance_Price.category>A04</imbalance_Price.category>
            </Point>
            <Point>
              <position>80</position>
              <imbalance_Price.amount>354.368</imbalance_Price.amount>
              <imbalance_Price.category>A04</imbalance_Price.category>
            </Point>
            <Point>
              <position>81</position>
              <imbalance_Price.amount>358.168</imbalance_Price.amount>
              <imbalance_Price.category>A04</imbalance_Price.category>
            </Point>
            <Point>
              <position>82</position>
              <imbalance_Price.amount>1324.27</imbalance_Price.amount>
              <imbalance_Price.category>A04</imbalance_Price.category>
            </Point>
            <Point>
              <position>83</position>
              <imbalance_Price.amount>1173.578</imbalance_Price.amount>
              <imbalance_Price.category>A04</imbalance_Price.category>
            </Point>
            <Point>
              <position>84</position>
              <imbalance_Price.amount>1099.412</imbalance_Price.amount>
              <imbalance_Price.category>A04</imbalance_Price.category>
            </Point>
            <Point>
              <position>85</position>
              <imbalance_Price.amount>335.266</imbalance_Price.amount>
              <imbalance_Price.category>A04</imbalance_Price.category>
            </Point>
            <Point>
              <position>86</position>
              <imbalance_Price.amount>1115.931</imbalance_Price.amount>
              <imbalance_Price.category>A04</imbalance_Price.category>
            </Point>
            <Point>
              <position>87</position>
              <imbalance_Price.amount>309.309</imbalance_Price.amount>
              <imbalance_Price.category>A04</imbalance_Price.category>
            </Point>
            <Point>
              <position>88</position>
              <imbalance_Price.amount>338.849</imbalance_Price.amount>
              <imbalance_Price.category>A04</imbalance_Price.category>
            </Point>
            <Point>
              <position>89</position>
              <imbalance_Price.amount>311.179</imbalance_Price.amount>
              <imbalance_Price.category>A04</imbalance_Price.category>
            </Point>
            <Point>
              <position>90</position>
              <imbalance_Price.amount>947.646</imbalance_Price.amount>
              <imbalance_Price.category>A04</imbalance_Price.category>
            </Point>
            <Point>
              <position>91</position>
              <imbalance_Price.amount>407</imbalance_Price.amount>
              <imbalance_Price.category>A04</imbalance_Price.category>
            </Point>
            <Point>
              <position>92</position>
              <imbalance_Price.amount>883.821</imbalance_Price.amount>
              <imbalance_Price.category>A04</imbalance_Price.category>
            </Point>
            <Point>
              <position>93</position>
              <imbalance_Price.amount>922.154</imbalance_Price.amount>
              <imbalance_Price.category>A04</imbalance_Price.category>
            </Point>
            <Point>
              <position>94</position>
              <imbalance_Price.amount>944.908</imbalance_Price.amount>
              <imbalance_Price.category>A04</imbalance_Price.category>
            </Point>
            <Point>
              <position>95</position>
              <imbalance_Price.amount>380.692</imbalance_Price.amount>
              <imbalance_Price.category>A04</imbalance_Price.category>
            </Point>
            <Point>
              <position>96</position>
              <imbalance_Price.amount>274.984</imbalance_Price.amount>
              <imbalance_Price.category>A04</imbalance_Price.category>
            </Point>
            <Point>
              <position>97</position>
              <imbalance_Price.amount>1682.465</imbalance_Price.amount>
              <imbalance_Price.category>A04</imbalance_Price.category>
            </Point>
            <Point>
              <position>98</position>
              <imbalance_Price.amount>1111.074</imbalance_Price.amount>
              <imbalance_Price.category>A04</imbalance_Price.category>
            </Point>
            <Point>
              <position>99</position>
              <imbalance_Price.amount>1118.362</imbalance_Price.amount>
              <imbalance_Price.category>A04</imbalance_Price.category>
            </Point>
            <Point>
              <position>100</position>
              <imbalance_Price.amount>1119.486</imbalance_Price.amount>
              <imbalance_Price.category>A04</imbalance_Price.category>
            </Point>
            <Point>
              <position>101</position>
              <imbalance_Price.amount>2173.268</imbalance_Price.amount>
              <imbalance_Price.category>A04</imbalance_Price.category>
            </Point>
            <Point>
              <position>102</position>
              <imbalance_Price.amount>2009.69</imbalance_Price.amount>
              <imbalance_Price.category>A04</imbalance_Price.category>
            </Point>
            <Point>
              <position>103</position>
              <imbalance_Price.amount>1095.81</imbalance_Price.amount>
              <imbalance_Price.category>A04</imbalance_Price.category>
            </Point>
            <Point>
              <position>104</position>
              <imbalance_Price.amount>1100.335</imbalance_Price.amount>
              <imbalance_Price.category>A04</imbalance_Price.category>
            </Point>
            <Point>
              <position>105</position>
              <imbalance_Price.amount>1091.058</imbalance_Price.amount>
              <imbalance_Price.category>A04</imbalance_Price.category>
            </Point>
            <Point>
              <position>106</position>
              <imbalance_Price.amount>998.934</imbalance_Price.amount>
              <imbalance_Price.category>A04</imbalance_Price.category>
            </Point>
            <Point>
              <position>107</position>
              <imbalance_Price.amount>1213.504</imbalance_Price.amount>
              <imbalance_Price.category>A04</imbalance_Price.category>
            </Point>
            <Point>
              <position>108</position>
              <imbalance_Price.amount>1416.109</imbalance_Price.amount>
              <imbalance_Price.category>A04</imbalance_Price.category>
            </Point>
            <Point>
              <position>109</position>
              <imbalance_Price.amount>1242.134</imbalance_Price.amount>
              <imbalance_Price.category>A04</imbalance_Price.category>
            </Point>
            <Point>
              <position>110</position>
              <imbalance_Price.amount>1342.564</imbalance_Price.amount>
              <imbalance_Price.category>A04</imbalance_Price.category>
            </Point>
            <Point>
              <position>111</position>
              <imbalance_Price.amount>1021.895</imbalance_Price.amount>
              <imbalance_Price.category>A04</imbalance_Price.category>
            </Point>
            <Point>
              <position>112</position>
              <imbalance_Price.amount>1005.999</imbalance_Price.amount>
              <imbalance_Price.category>A04</imbalance_Price.category>
            </Point>
            <Point>
              <position>113</position>
              <imbalance_Price.amount>1026.445</imbalance_Price.amount>
              <imbalance_Price.category>A04</imbalance_Price.category>
            </Point>
            <Point>
              <position>114</position>
              <imbalance_Price.amount>1005.466</imbalance_Price.amount>
              <imbalance_Price.category>A04</imbalance_Price.category>
            </Point>
            <Point>
              <position>115</position>
              <imbalance_Price.amount>997.479</imbalance_Price.amount>
              <imbalance_Price.category>A04</imbalance_Price.category>
            </Point>
            <Point>
              <position>116</position>
              <imbalance_Price.amount>998.844</imbalance_Price.amount>
              <imbalance_Price.category>A04</imbalance_Price.category>
            </Point>
            <Point>
              <position>117</position>
              <imbalance_Price.amount>1094.516</imbalance_Price.amount>
              <imbalance_Price.category>A04</imbalance_Price.category>
            </Point>
            <Point>
              <position>118</position>
              <imbalance_Price.amount>997.045</imbalance_Price.amount>
              <imbalance_Price.category>A04</imbalance_Price.category>
            </Point>
            <Point>
              <position>119</position>
              <imbalance_Price.amount>996.64</imbalance_Price.amount>
              <imbalance_Price.category>A04</imbalance_Price.category>
            </Point>
            <Point>
              <position>120</position>
              <imbalance_Price.amount>995.949</imbalance_Price.amount>
              <imbalance_Price.category>A04</imbalance_Price.category>
            </Point>
            <Point>
              <position>121</position>
              <imbalance_Price.amount>994.5</imbalance_Price.amount>
              <imbalance_Price.category>A04</imbalance_Price.category>
            </Point>
            <Point>
              <position>122</position>
              <imbalance_Price.amount>993.315</imbalance_Price.amount>
              <imbalance_Price.category>A04</imbalance_Price.category>
            </Point>
            <Point>
              <position>123</position>
              <imbalance_Price.amount>707.254</imbalance_Price.amount>
              <imbalance_Price.category>A04</imbalance_Price.category>
            </Point>
            <Point>
              <position>124</position>
              <imbalance_Price.amount>710.714</imbalance_Price.amount>
              <imbalance_Price.category>A04</imbalance_Price.category>
            </Point>
            <Point>
              <position>125</position>
              <imbalance_Price.amount>719.118</imbalance_Price.amount>
              <imbalance_Price.category>A04</imbalance_Price.category>
            </Point>
        </Period>
    </TimeSeries>
    <TimeSeries>
      <mRID>2</mRID>
      <businessType>A19</businessType>
      <currency_Unit.name>RON</currency_Unit.name>
      <price_Measure_Unit.name>MWH</price_Measure_Unit.name>
      <curveType>A03</curveType>
        <Period>
          <timeInterval>
            <start>2026-01-22T23:00Z</start>
            <end>2026-01-24T06:15Z</end>
          </timeInterval>
          <resolution>PT15M</resolution>
            <Point>
              <position>1</position>
              <imbalance_Price.amount>-157.013</imbalance_Price.amount>
              <imbalance_Price.category>A05</imbalance_Price.category>
            </Point>
            <Point>
              <position>2</position>
              <imbalance_Price.amount>353.205</imbalance_Price.amount>
              <imbalance_Price.category>A05</imbalance_Price.category>
            </Point>
            <Point>
              <position>3</position>
              <imbalance_Price.amount>3.381</imbalance_Price.amount>
              <imbalance_Price.category>A05</imbalance_Price.category>
            </Point>
            <Point>
              <position>4</position>
              <imbalance_Price.amount>7.197</imbalance_Price.amount>
              <imbalance_Price.category>A05</imbalance_Price.category>
            </Point>
            <Point>
              <position>5</position>
              <imbalance_Price.amount>21.859</imbalance_Price.amount>
              <imbalance_Price.category>A05</imbalance_Price.category>
            </Point>
            <Point>
              <position>6</position>
              <imbalance_Price.amount>20.051</imbalance_Price.amount>
              <imbalance_Price.category>A05</imbalance_Price.category>
            </Point>
            <Point>
              <position>7</position>
              <imbalance_Price.amount>83.187</imbalance_Price.amount>
              <imbalance_Price.category>A05</imbalance_Price.category>
            </Point>
            <Point>
              <position>8</position>
              <imbalance_Price.amount>-51.55</imbalance_Price.amount>
              <imbalance_Price.category>A05</imbalance_Price.category>
            </Point>
            <Point>
              <position>9</position>
              <imbalance_Price.amount>-104.086</imbalance_Price.amount>
              <imbalance_Price.category>A05</imbalance_Price.category>
            </Point>
            <Point>
              <position>10</position>
              <imbalance_Price.amount>-56.826</imbalance_Price.amount>
              <imbalance_Price.category>A05</imbalance_Price.category>
            </Point>
            <Point>
              <position>11</position>
              <imbalance_Price.amount>30.077</imbalance_Price.amount>
              <imbalance_Price.category>A05</imbalance_Price.category>
            </Point>
            <Point>
              <position>12</position>
              <imbalance_Price.amount>947.502</imbalance_Price.amount>
              <imbalance_Price.category>A05</imbalance_Price.category>
            </Point>
            <Point>
              <position>13</position>
              <imbalance_Price.amount>73.672</imbalance_Price.amount>
              <imbalance_Price.category>A05</imbalance_Price.category>
            </Point>
            <Point>
              <position>14</position>
              <imbalance_Price.amount>16.95</imbalance_Price.amount>
              <imbalance_Price.category>A05</imbalance_Price.category>
            </Point>
            <Point>
              <position>15</position>
              <imbalance_Price.amount>46.911</imbalance_Price.amount>
              <imbalance_Price.category>A05</imbalance_Price.category>
            </Point>
            <Point>
              <position>16</position>
              <imbalance_Price.amount>15.434</imbalance_Price.amount>
              <imbalance_Price.category>A05</imbalance_Price.category>
            </Point>
            <Point>
              <position>17</position>
              <imbalance_Price.amount>30.735</imbalance_Price.amount>
              <imbalance_Price.category>A05</imbalance_Price.category>
            </Point>
            <Point>
              <position>18</position>
              <imbalance_Price.amount>2.327</imbalance_Price.amount>
              <imbalance_Price.category>A05</imbalance_Price.category>
            </Point>
            <Point>
              <position>19</position>
              <imbalance_Price.amount>1.277</imbalance_Price.amount>
              <imbalance_Price.category>A05</imbalance_Price.category>
            </Point>
            <Point>
              <position>20</position>
              <imbalance_Price.amount>1.294</imbalance_Price.amount>
              <imbalance_Price.category>A05</imbalance_Price.category>
            </Point>
            <Point>
              <position>21</position>
              <imbalance_Price.amount>200</imbalance_Price.amount>
              <imbalance_Price.category>A05</imbalance_Price.category>
            </Point>
            <Point>
              <position>23</position>
              <imbalance_Price.amount>1240.723</imbalance_Price.amount>
              <imbalance_Price.category>A05</imbalance_Price.category>
            </Point>
            <Point>
              <position>24</position>
              <imbalance_Price.amount>2561.422</imbalance_Price.amount>
              <imbalance_Price.category>A05</imbalance_Price.category>
            </Point>
            <Point>
              <position>25</position>
              <imbalance_Price.amount>1631.399</imbalance_Price.amount>
              <imbalance_Price.category>A05</imbalance_Price.category>
            </Point>
            <Point>
              <position>26</position>
              <imbalance_Price.amount>1297.427</imbalance_Price.amount>
              <imbalance_Price.category>A05</imbalance_Price.category>
            </Point>
            <Point>
              <position>27</position>
              <imbalance_Price.amount>500</imbalance_Price.amount>
              <imbalance_Price.category>A05</imbalance_Price.category>
            </Point>
            <Point>
              <position>28</position>
              <imbalance_Price.amount>1229.473</imbalance_Price.amount>
              <imbalance_Price.category>A05</imbalance_Price.category>
            </Point>
            <Point>
              <position>29</position>
              <imbalance_Price.amount>500</imbalance_Price.amount>
              <imbalance_Price.category>A05</imbalance_Price.category>
            </Point>
            <Point>
              <position>32</position>
              <imbalance_Price.amount>1630.573</imbalance_Price.amount>
              <imbalance_Price.category>A05</imbalance_Price.category>
            </Point>
            <Point>
              <position>33</position>
              <imbalance_Price.amount>2748.044</imbalance_Price.amount>
              <imbalance_Price.category>A05</imbalance_Price.category>
            </Point>
            <Point>
              <position>34</position>
              <imbalance_Price.amount>451.996</imbalance_Price.amount>
              <imbalance_Price.category>A05</imbalance_Price.category>
            </Point>
            <Point>
              <position>35</position>
              <imbalance_Price.amount>389.981</imbalance_Price.amount>
              <imbalance_Price.category>A05</imbalance_Price.category>
            </Point>
            <Point>
              <position>36</position>
              <imbalance_Price.amount>442.935</imbalance_Price.amount>
              <imbalance_Price.category>A05</imbalance_Price.category>
            </Point>
            <Point>
              <position>37</position>
              <imbalance_Price.amount>687.453</imbalance_Price.amount>
              <imbalance_Price.category>A05</imbalance_Price.category>
            </Point>
            <Point>
              <position>38</position>
              <imbalance_Price.amount>700</imbalance_Price.amount>
              <imbalance_Price.category>A05</imbalance_Price.category>
            </Point>
            <Point>
              <position>39</position>
              <imbalance_Price.amount>337.91</imbalance_Price.amount>
              <imbalance_Price.category>A05</imbalance_Price.category>
            </Point>
            <Point>
              <position>40</position>
              <imbalance_Price.amount>256.692</imbalance_Price.amount>
              <imbalance_Price.category>A05</imbalance_Price.category>
            </Point>
            <Point>
              <position>41</position>
              <imbalance_Price.amount>427.496</imbalance_Price.amount>
              <imbalance_Price.category>A05</imbalance_Price.category>
            </Point>
            <Point>
              <position>42</position>
              <imbalance_Price.amount>1932.213</imbalance_Price.amount>
              <imbalance_Price.category>A05</imbalance_Price.category>
            </Point>
            <Point>
              <position>43</position>
              <imbalance_Price.amount>1993.325</imbalance_Price.amount>
              <imbalance_Price.category>A05</imbalance_Price.category>
            </Point>
            <Point>
              <position>44</position>
              <imbalance_Price.amount>1634.663</imbalance_Price.amount>
              <imbalance_Price.category>A05</imbalance_Price.category>
            </Point>
            <Point>
              <position>45</position>
              <imbalance_Price.amount>1004.837</imbalance_Price.amount>
              <imbalance_Price.category>A05</imbalance_Price.category>
            </Point>
            <Point>
              <position>46</position>
              <imbalance_Price.amount>1993.332</imbalance_Price.amount>
              <imbalance_Price.category>A05</imbalance_Price.category>
            </Point>
            <Point>
              <position>47</position>
              <imbalance_Price.amount>700</imbalance_Price.amount>
              <imbalance_Price.category>A05</imbalance_Price.category>
            </Point>
            <Point>
              <position>48</position>
              <imbalance_Price.amount>1097.537</imbalance_Price.amount>
              <imbalance_Price.category>A05</imbalance_Price.category>
            </Point>
            <Point>
              <position>49</position>
              <imbalance_Price.amount>1127.869</imbalance_Price.amount>
              <imbalance_Price.category>A05</imbalance_Price.category>
            </Point>
            <Point>
              <position>50</position>
              <imbalance_Price.amount>1231.695</imbalance_Price.amount>
              <imbalance_Price.category>A05</imbalance_Price.category>
            </Point>
            <Point>
              <position>51</position>
              <imbalance_Price.amount>700</imbalance_Price.amount>
              <imbalance_Price.category>A05</imbalance_Price.category>
            </Point>
            <Point>
              <position>52</position>
              <imbalance_Price.amount>928.464</imbalance_Price.amount>
              <imbalance_Price.category>A05</imbalance_Price.category>
            </Point>
            <Point>
              <position>53</position>
              <imbalance_Price.amount>637.651</imbalance_Price.amount>
              <imbalance_Price.category>A05</imbalance_Price.category>
            </Point>
            <Point>
              <position>54</position>
              <imbalance_Price.amount>700</imbalance_Price.amount>
              <imbalance_Price.category>A05</imbalance_Price.category>
            </Point>
            <Point>
              <position>56</position>
              <imbalance_Price.amount>617.871</imbalance_Price.amount>
              <imbalance_Price.category>A05</imbalance_Price.category>
            </Point>
            <Point>
              <position>57</position>
              <imbalance_Price.amount>5.426</imbalance_Price.amount>
              <imbalance_Price.category>A05</imbalance_Price.category>
            </Point>
            <Point>
              <position>58</position>
              <imbalance_Price.amount>0.5</imbalance_Price.amount>
              <imbalance_Price.category>A05</imbalance_Price.category>
            </Point>
            <Point>
              <position>59</position>
              <imbalance_Price.amount>2.83</imbalance_Price.amount>
              <imbalance_Price.category>A05</imbalance_Price.category>
            </Point>
            <Point>
              <position>60</position>
              <imbalance_Price.amount>0.8</imbalance_Price.amount>
              <imbalance_Price.category>A05</imbalance_Price.category>
            </Point>
            <Point>
              <position>61</position>
              <imbalance_Price.amount>310.197</imbalance_Price.amount>
              <imbalance_Price.category>A05</imbalance_Price.category>
            </Point>
            <Point>
              <position>62</position>
              <imbalance_Price.amount>700</imbalance_Price.amount>
              <imbalance_Price.category>A05</imbalance_Price.category>
            </Point>
            <Point>
              <position>63</position>
              <imbalance_Price.amount>690.174</imbalance_Price.amount>
              <imbalance_Price.category>A05</imbalance_Price.category>
            </Point>
            <Point>
              <position>64</position>
              <imbalance_Price.amount>700</imbalance_Price.amount>
              <imbalance_Price.category>A05</imbalance_Price.category>
            </Point>
            <Point>
              <position>66</position>
              <imbalance_Price.amount>611.51</imbalance_Price.amount>
              <imbalance_Price.category>A05</imbalance_Price.category>
            </Point>
            <Point>
              <position>67</position>
              <imbalance_Price.amount>451.113</imbalance_Price.amount>
              <imbalance_Price.category>A05</imbalance_Price.category>
            </Point>
            <Point>
              <position>68</position>
              <imbalance_Price.amount>356.734</imbalance_Price.amount>
              <imbalance_Price.category>A05</imbalance_Price.category>
            </Point>
            <Point>
              <position>69</position>
              <imbalance_Price.amount>700</imbalance_Price.amount>
              <imbalance_Price.category>A05</imbalance_Price.category>
            </Point>
            <Point>
              <position>70</position>
              <imbalance_Price.amount>544.24</imbalance_Price.amount>
              <imbalance_Price.category>A05</imbalance_Price.category>
            </Point>
            <Point>
              <position>71</position>
              <imbalance_Price.amount>1760.553</imbalance_Price.amount>
              <imbalance_Price.category>A05</imbalance_Price.category>
            </Point>
            <Point>
              <position>72</position>
              <imbalance_Price.amount>407</imbalance_Price.amount>
              <imbalance_Price.category>A05</imbalance_Price.category>
            </Point>
            <Point>
              <position>74</position>
              <imbalance_Price.amount>1718.46</imbalance_Price.amount>
              <imbalance_Price.category>A05</imbalance_Price.category>
            </Point>
            <Point>
              <position>75</position>
              <imbalance_Price.amount>1722.201</imbalance_Price.amount>
              <imbalance_Price.category>A05</imbalance_Price.category>
            </Point>
            <Point>
              <position>76</position>
              <imbalance_Price.amount>1736.637</imbalance_Price.amount>
              <imbalance_Price.category>A05</imbalance_Price.category>
            </Point>
            <Point>
              <position>77</position>
              <imbalance_Price.amount>323.412</imbalance_Price.amount>
              <imbalance_Price.category>A05</imbalance_Price.category>
            </Point>
            <Point>
              <position>78</position>
              <imbalance_Price.amount>700</imbalance_Price.amount>
              <imbalance_Price.category>A05</imbalance_Price.category>
            </Point>
            <Point>
              <position>80</position>
              <imbalance_Price.amount>354.368</imbalance_Price.amount>
              <imbalance_Price.category>A05</imbalance_Price.category>
            </Point>
            <Point>
              <position>81</position>
              <imbalance_Price.amount>358.168</imbalance_Price.amount>
              <imbalance_Price.category>A05</imbalance_Price.category>
            </Point>
            <Point>
              <position>82</position>
              <imbalance_Price.amount>1324.27</imbalance_Price.amount>
              <imbalance_Price.category>A05</imbalance_Price.category>
            </Point>
            <Point>
              <position>83</position>
              <imbalance_Price.amount>1173.578</imbalance_Price.amount>
              <imbalance_Price.category>A05</imbalance_Price.category>
            </Point>
            <Point>
              <position>84</position>
              <imbalance_Price.amount>1099.412</imbalance_Price.amount>
              <imbalance_Price.category>A05</imbalance_Price.category>
            </Point>
            <Point>
              <position>85</position>
              <imbalance_Price.amount>335.266</imbalance_Price.amount>
              <imbalance_Price.category>A05</imbalance_Price.category>
            </Point>
            <Point>
              <position>86</position>
              <imbalance_Price.amount>1115.931</imbalance_Price.amount>
              <imbalance_Price.category>A05</imbalance_Price.category>
            </Point>
            <Point>
              <position>87</position>
              <imbalance_Price.amount>309.309</imbalance_Price.amount>
              <imbalance_Price.category>A05</imbalance_Price.category>
            </Point>
            <Point>
              <position>88</position>
              <imbalance_Price.amount>338.849</imbalance_Price.amount>
              <imbalance_Price.category>A05</imbalance_Price.category>
            </Point>
            <Point>
              <position>89</position>
              <imbalance_Price.amount>311.179</imbalance_Price.amount>
              <imbalance_Price.category>A05</imbalance_Price.category>
            </Point>
            <Point>
              <position>90</position>
              <imbalance_Price.amount>947.646</imbalance_Price.amount>
              <imbalance_Price.category>A05</imbalance_Price.category>
            </Point>
            <Point>
              <position>91</position>
              <imbalance_Price.amount>407</imbalance_Price.amount>
              <imbalance_Price.category>A05</imbalance_Price.category>
            </Point>
            <Point>
              <position>92</position>
              <imbalance_Price.amount>883.821</imbalance_Price.amount>
              <imbalance_Price.category>A05</imbalance_Price.category>
            </Point>
            <Point>
              <position>93</position>
              <imbalance_Price.amount>922.154</imbalance_Price.amount>
              <imbalance_Price.category>A05</imbalance_Price.category>
            </Point>
            <Point>
              <position>94</position>
              <imbalance_Price.amount>944.908</imbalance_Price.amount>
              <imbalance_Price.category>A05</imbalance_Price.category>
            </Point>
            <Point>
              <position>95</position>
              <imbalance_Price.amount>380.692</imbalance_Price.amount>
              <imbalance_Price.category>A05</imbalance_Price.category>
            </Point>
            <Point>
              <position>96</position>
              <imbalance_Price.amount>274.984</imbalance_Price.amount>
              <imbalance_Price.category>A05</imbalance_Price.category>
            </Point>
            <Point>
              <position>97</position>
              <imbalance_Price.amount>1682.465</imbalance_Price.amount>
              <imbalance_Price.category>A05</imbalance_Price.category>
            </Point>
            <Point>
              <position>98</position>
              <imbalance_Price.amount>1111.074</imbalance_Price.amount>
              <imbalance_Price.category>A05</imbalance_Price.category>
            </Point>
            <Point>
              <position>99</position>
              <imbalance_Price.amount>1118.362</imbalance_Price.amount>
              <imbalance_Price.category>A05</imbalance_Price.category>
            </Point>
            <Point>
              <position>100</position>
              <imbalance_Price.amount>1119.486</imbalance_Price.amount>
              <imbalance_Price.category>A05</imbalance_Price.category>
            </Point>
            <Point>
              <position>101</position>
              <imbalance_Price.amount>2173.268</imbalance_Price.amount>
              <imbalance_Price.category>A05</imbalance_Price.category>
            </Point>
            <Point>
              <position>102</position>
              <imbalance_Price.amount>2009.69</imbalance_Price.amount>
              <imbalance_Price.category>A05</imbalance_Price.category>
            </Point>
            <Point>
              <position>103</position>
              <imbalance_Price.amount>1095.81</imbalance_Price.amount>
              <imbalance_Price.category>A05</imbalance_Price.category>
            </Point>
            <Point>
              <position>104</position>
              <imbalance_Price.amount>1100.335</imbalance_Price.amount>
              <imbalance_Price.category>A05</imbalance_Price.category>
            </Point>
            <Point>
              <position>105</position>
              <imbalance_Price.amount>1091.058</imbalance_Price.amount>
              <imbalance_Price.category>A05</imbalance_Price.category>
            </Point>
            <Point>
              <position>106</position>
              <imbalance_Price.amount>998.934</imbalance_Price.amount>
              <imbalance_Price.category>A05</imbalance_Price.category>
            </Point>
            <Point>
              <position>107</position>
              <imbalance_Price.amount>1213.504</imbalance_Price.amount>
              <imbalance_Price.category>A05</imbalance_Price.category>
            </Point>
            <Point>
              <position>108</position>
              <imbalance_Price.amount>1416.109</imbalance_Price.amount>
              <imbalance_Price.category>A05</imbalance_Price.category>
            </Point>
            <Point>
              <position>109</position>
              <imbalance_Price.amount>1242.134</imbalance_Price.amount>
              <imbalance_Price.category>A05</imbalance_Price.category>
            </Point>
            <Point>
              <position>110</position>
              <imbalance_Price.amount>1342.564</imbalance_Price.amount>
              <imbalance_Price.category>A05</imbalance_Price.category>
            </Point>
            <Point>
              <position>111</position>
              <imbalance_Price.amount>1021.895</imbalance_Price.amount>
              <imbalance_Price.category>A05</imbalance_Price.category>
            </Point>
            <Point>
              <position>112</position>
              <imbalance_Price.amount>1005.999</imbalance_Price.amount>
              <imbalance_Price.category>A05</imbalance_Price.category>
            </Point>
            <Point>
              <position>113</position>
              <imbalance_Price.amount>1026.445</imbalance_Price.amount>
              <imbalance_Price.category>A05</imbalance_Price.category>
            </Point>
            <Point>
              <position>114</position>
              <imbalance_Price.amount>1005.466</imbalance_Price.amount>
              <imbalance_Price.category>A05</imbalance_Price.category>
            </Point>
            <Point>
              <position>115</position>
              <imbalance_Price.amount>997.479</imbalance_Price.amount>
              <imbalance_Price.category>A05</imbalance_Price.category>
            </Point>
            <Point>
              <position>116</position>
              <imbalance_Price.amount>998.844</imbalance_Price.amount>
              <imbalance_Price.category>A05</imbalance_Price.category>
            </Point>
            <Point>
              <position>117</position>
              <imbalance_Price.amount>1094.516</imbalance_Price.amount>
              <imbalance_Price.category>A05</imbalance_Price.category>
            </Point>
            <Point>
              <position>118</position>
              <imbalance_Price.amount>997.045</imbalance_Price.amount>
              <imbalance_Price.category>A05</imbalance_Price.category>
            </Point>
            <Point>
              <position>119</position>
              <imbalance_Price.amount>996.64</imbalance_Price.amount>
              <imbalance_Price.category>A05</imbalance_Price.category>
            </Point>
            <Point>
              <position>120</position>
              <imbalance_Price.amount>995.949</imbalance_Price.amount>
              <imbalance_Price.category>A05</imbalance_Price.category>
            </Point>
            <Point>
              <position>121</position>
              <imbalance_Price.amount>994.5</imbalance_Price.amount>
              <imbalance_Price.category>A05</imbalance_Price.category>
            </Point>
            <Point>
              <position>122</position>
              <imbalance_Price.amount>993.315</imbalance_Price.amount>
              <imbalance_Price.category>A05</imbalance_Price.category>
            </Point>
            <Point>
              <position>123</position>
              <imbalance_Price.amount>707.254</imbalance_Price.amount>
              <imbalance_Price.category>A05</imbalance_Price.category>
            </Point>
            <Point>
              <position>124</position>
              <imbalance_Price.amount>710.714</imbalance_Price.amount>
              <imbalance_Price.category>A05</imbalance_Price.category>
            </Point>
            <Point>
              <position>125</position>
              <imbalance_Price.amount>719.118</imbalance_Price.amount>
              <imbalance_Price.category>A05</imbalance_Price.category>
            </Point>
        </Period>
    </TimeSeries>
</Balancing_MarketDocument>