<?xml version="1.0" encoding="UTF-8"?>
<Balancing_MarketDocument xmlns="urn:iec62325.351:tc57wg16:451-6:balancingdocument:4:4">
  <mRID>e742c1b318044607b09926520ced295b</mRID>
  <revisionNumber>1</revisionNumber>
  <type>A85</type>
  <process.processType>A16</process.processType>
  <sender_MarketParticipant.mRID codingScheme="A01">10X1001A1001A450</sender_MarketParticipant.mRID>
  <sender_MarketParticipant.marketRole.type>A32</sender_MarketParticipant.marketRole.type>
  <receiver_MarketParticipant.mRID codingScheme="A01">10X1001A1001A450</receiver_MarketParticipant.mRID>
  <receiver_MarketParticipant.marketRole.type>A33</receiver_MarketParticipant.marketRole.type>
  <createdDateTime>2026-02-26T09:06:50Z</createdDateTime>
  <docStatus><value>A01</value></docStatus>
  <area_Domain.mRID codingScheme="A01">10YRO-TEL------P</area_Domain.mRID>
  <period.timeInterval>
    <start>2026-02-24T23:00Z</start>
    <end>2026-02-26T08:45Z</end>
  </period.timeInterval>
    <TimeSeries>
      <mRID>1</mRID>
      <businessType>A19</businessType>
      <currency_Unit.name>RON</currency_Unit.name>
      <price_Measure_Unit.name>MWH</price_Measure_Unit.name>
      <curveType>A03</curveType>
        <Period>
          <timeInterval>
            <start>2026-02-24T23:00Z</start>
            <end>2026-02-26T08:45Z</end>
          </timeInterval>
          <resolution>PT15M</resolution>
            <Point>
              <position>1</position>
              <imbalance_Price.amount>-82.792</imbalance_Price.amount>
              <imbalance_Price.category>A04</imbalance_Price.category>
            </Point>
            <Point>
              <position>2</position>
              <imbalance_Price.amount>608.658</imbalance_Price.amount>
              <imbalance_Price.category>A04</imbalance_Price.category>
            </Point>
            <Point>
              <position>3</position>
              <imbalance_Price.amount>-64.638</imbalance_Price.amount>
              <imbalance_Price.category>A04</imbalance_Price.category>
            </Point>
            <Point>
              <position>4</position>
              <imbalance_Price.amount>-734.601</imbalance_Price.amount>
              <imbalance_Price.category>A04</imbalance_Price.category>
            </Point>
            <Point>
              <position>5</position>
              <imbalance_Price.amount>-3593.142</imbalance_Price.amount>
              <imbalance_Price.category>A04</imbalance_Price.category>
            </Point>
            <Point>
              <position>6</position>
              <imbalance_Price.amount>-437.837</imbalance_Price.amount>
              <imbalance_Price.category>A04</imbalance_Price.category>
            </Point>
            <Point>
              <position>7</position>
              <imbalance_Price.amount>-88.477</imbalance_Price.amount>
              <imbalance_Price.category>A04</imbalance_Price.category>
            </Point>
            <Point>
              <position>8</position>
              <imbalance_Price.amount>-130.33</imbalance_Price.amount>
              <imbalance_Price.category>A04</imbalance_Price.category>
            </Point>
            <Point>
              <position>9</position>
              <imbalance_Price.amount>-102.053</imbalance_Price.amount>
              <imbalance_Price.category>A04</imbalance_Price.category>
            </Point>
            <Point>
              <position>10</position>
              <imbalance_Price.amount>-94.441</imbalance_Price.amount>
              <imbalance_Price.category>A04</imbalance_Price.category>
            </Point>
            <Point>
              <position>11</position>
              <imbalance_Price.amount>-139.764</imbalance_Price.amount>
              <imbalance_Price.category>A04</imbalance_Price.category>
            </Point>
            <Point>
              <position>12</position>
              <imbalance_Price.amount>-141</imbalance_Price.amount>
              <imbalance_Price.category>A04</imbalance_Price.category>
            </Point>
            <Point>
              <position>13</position>
              <imbalance_Price.amount>-106</imbalance_Price.amount>
              <imbalance_Price.category>A04</imbalance_Price.category>
            </Point>
            <Point>
              <position>17</position>
              <imbalance_Price.amount>-164</imbalance_Price.amount>
              <imbalance_Price.category>A04</imbalance_Price.category>
            </Point>
            <Point>
              <position>20</position>
              <imbalance_Price.amount>-141.903</imbalance_Price.amount>
              <imbalance_Price.category>A04</imbalance_Price.category>
            </Point>
            <Point>
              <position>21</position>
              <imbalance_Price.amount>-84.021</imbalance_Price.amount>
              <imbalance_Price.category>A04</imbalance_Price.category>
            </Point>
            <Point>
              <position>22</position>
              <imbalance_Price.amount>-525.34</imbalance_Price.amount>
              <imbalance_Price.category>A04</imbalance_Price.category>
            </Point>
            <Point>
              <position>23</position>
              <imbalance_Price.amount>-215.914</imbalance_Price.amount>
              <imbalance_Price.category>A04</imbalance_Price.category>
            </Point>
            <Point>
              <position>24</position>
              <imbalance_Price.amount>247.752</imbalance_Price.amount>
              <imbalance_Price.category>A04</imbalance_Price.category>
            </Point>
            <Point>
              <position>25</position>
              <imbalance_Price.amount>-197.097</imbalance_Price.amount>
              <imbalance_Price.category>A04</imbalance_Price.category>
            </Point>
            <Point>
              <position>26</position>
              <imbalance_Price.amount>238.138</imbalance_Price.amount>
              <imbalance_Price.category>A04</imbalance_Price.category>
            </Point>
            <Point>
              <position>27</position>
              <imbalance_Price.amount>229.954</imbalance_Price.amount>
              <imbalance_Price.category>A04</imbalance_Price.category>
            </Point>
            <Point>
              <position>28</position>
              <imbalance_Price.amount>46.177</imbalance_Price.amount>
              <imbalance_Price.category>A04</imbalance_Price.category>
            </Point>
            <Point>
              <position>29</position>
              <imbalance_Price.amount>18.557</imbalance_Price.amount>
              <imbalance_Price.category>A04</imbalance_Price.category>
            </Point>
            <Point>
              <position>30</position>
              <imbalance_Price.amount>-18.536</imbalance_Price.amount>
              <imbalance_Price.category>A04</imbalance_Price.category>
            </Point>
            <Point>
              <position>31</position>
              <imbalance_Price.amount>-28.013</imbalance_Price.amount>
              <imbalance_Price.category>A04</imbalance_Price.category>
            </Point>
            <Point>
              <position>32</position>
              <imbalance_Price.amount>-795.723</imbalance_Price.amount>
              <imbalance_Price.category>A04</imbalance_Price.category>
            </Point>
            <Point>
              <position>33</position>
              <imbalance_Price.amount>-513.475</imbalance_Price.amount>
              <imbalance_Price.category>A04</imbalance_Price.category>
            </Point>
            <Point>
              <position>34</position>
              <imbalance_Price.amount>577.959</imbalance_Price.amount>
              <imbalance_Price.category>A04</imbalance_Price.category>
            </Point>
            <Point>
              <position>35</position>
              <imbalance_Price.amount>-464.591</imbalance_Price.amount>
              <imbalance_Price.category>A04</imbalance_Price.category>
            </Point>
            <Point>
              <position>36</position>
              <imbalance_Price.amount>-596.026</imbalance_Price.amount>
              <imbalance_Price.category>A04</imbalance_Price.category>
            </Point>
            <Point>
              <position>37</position>
              <imbalance_Price.amount>827.862</imbalance_Price.amount>
              <imbalance_Price.category>A04</imbalance_Price.category>
            </Point>
            <Point>
              <position>38</position>
              <imbalance_Price.amount>-108.645</imbalance_Price.amount>
              <imbalance_Price.category>A04</imbalance_Price.category>
            </Point>
            <Point>
              <position>39</position>
              <imbalance_Price.amount>-294.159</imbalance_Price.amount>
              <imbalance_Price.category>A04</imbalance_Price.category>
            </Point>
            <Point>
              <position>40</position>
              <imbalance_Price.amount>-368.703</imbalance_Price.amount>
              <imbalance_Price.category>A04</imbalance_Price.category>
            </Point>
            <Point>
              <position>41</position>
              <imbalance_Price.amount>-279.998</imbalance_Price.amount>
              <imbalance_Price.category>A04</imbalance_Price.category>
            </Point>
            <Point>
              <position>42</position>
              <imbalance_Price.amount>-200.872</imbalance_Price.amount>
              <imbalance_Price.category>A04</imbalance_Price.category>
            </Point>
            <Point>
              <position>43</position>
              <imbalance_Price.amount>-162.122</imbalance_Price.amount>
              <imbalance_Price.category>A04</imbalance_Price.category>
            </Point>
            <Point>
              <position>44</position>
              <imbalance_Price.amount>486.5</imbalance_Price.amount>
              <imbalance_Price.category>A04</imbalance_Price.category>
            </Point>
            <Point>
              <position>45</position>
              <imbalance_Price.amount>607.382</imbalance_Price.amount>
              <imbalance_Price.category>A04</imbalance_Price.category>
            </Point>
            <Point>
              <position>46</position>
              <imbalance_Price.amount>600.466</imbalance_Price.amount>
              <imbalance_Price.category>A04</imbalance_Price.category>
            </Point>
            <Point>
              <position>47</position>
              <imbalance_Price.amount>672.434</imbalance_Price.amount>
              <imbalance_Price.category>A04</imbalance_Price.category>
            </Point>
            <Point>
              <position>48</position>
              <imbalance_Price.amount>1493.944</imbalance_Price.amount>
              <imbalance_Price.category>A04</imbalance_Price.category>
            </Point>
            <Point>
              <position>49</position>
              <imbalance_Price.amount>849.998</imbalance_Price.amount>
              <imbalance_Price.category>A04</imbalance_Price.category>
            </Point>
            <Point>
              <position>50</position>
              <imbalance_Price.amount>477.484</imbalance_Price.amount>
              <imbalance_Price.category>A04</imbalance_Price.category>
            </Point>
            <Point>
              <position>51</position>
              <imbalance_Price.amount>463.211</imbalance_Price.amount>
              <imbalance_Price.category>A04</imbalance_Price.category>
            </Point>
            <Point>
              <position>52</position>
              <imbalance_Price.amount>457.846</imbalance_Price.amount>
              <imbalance_Price.category>A04</imbalance_Price.category>
            </Point>
            <Point>
              <position>53</position>
              <imbalance_Price.amount>454.607</imbalance_Price.amount>
              <imbalance_Price.category>A04</imbalance_Price.category>
            </Point>
            <Point>
              <position>54</position>
              <imbalance_Price.amount>455.4</imbalance_Price.amount>
              <imbalance_Price.category>A04</imbalance_Price.category>
            </Point>
            <Point>
              <position>55</position>
              <imbalance_Price.amount>340</imbalance_Price.amount>
              <imbalance_Price.category>A04</imbalance_Price.category>
            </Point>
            <Point>
              <position>56</position>
              <imbalance_Price.amount>-344.221</imbalance_Price.amount>
              <imbalance_Price.category>A04</imbalance_Price.category>
            </Point>
            <Point>
              <position>57</position>
              <imbalance_Price.amount>-902.862</imbalance_Price.amount>
              <imbalance_Price.category>A04</imbalance_Price.category>
            </Point>
            <Point>
              <position>58</position>
              <imbalance_Price.amount>-14.359</imbalance_Price.amount>
              <imbalance_Price.category>A04</imbalance_Price.category>
            </Point>
            <Point>
              <position>59</position>
              <imbalance_Price.amount>400</imbalance_Price.amount>
              <imbalance_Price.category>A04</imbalance_Price.category>
            </Point>
            <Point>
              <position>61</position>
              <imbalance_Price.amount>12.337</imbalance_Price.amount>
              <imbalance_Price.category>A04</imbalance_Price.category>
            </Point>
            <Point>
              <position>62</position>
              <imbalance_Price.amount>598.419</imbalance_Price.amount>
              <imbalance_Price.category>A04</imbalance_Price.category>
            </Point>
            <Point>
              <position>63</position>
              <imbalance_Price.amount>510.13</imbalance_Price.amount>
              <imbalance_Price.category>A04</imbalance_Price.category>
            </Point>
            <Point>
              <position>64</position>
              <imbalance_Price.amount>523.488</imbalance_Price.amount>
              <imbalance_Price.category>A04</imbalance_Price.category>
            </Point>
            <Point>
              <position>65</position>
              <imbalance_Price.amount>-123.976</imbalance_Price.amount>
              <imbalance_Price.category>A04</imbalance_Price.category>
            </Point>
            <Point>
              <position>66</position>
              <imbalance_Price.amount>274.516</imbalance_Price.amount>
              <imbalance_Price.category>A04</imbalance_Price.category>
            </Point>
            <Point>
              <position>67</position>
              <imbalance_Price.amount>766.244</imbalance_Price.amount>
              <imbalance_Price.category>A04</imbalance_Price.category>
            </Point>
            <Point>
              <position>68</position>
              <imbalance_Price.amount>616.146</imbalance_Price.amount>
              <imbalance_Price.category>A04</imbalance_Price.category>
            </Point>
            <Point>
              <position>69</position>
              <imbalance_Price.amount>250.577</imbalance_Price.amount>
              <imbalance_Price.category>A04</imbalance_Price.category>
            </Point>
            <Point>
              <position>70</position>
              <imbalance_Price.amount>374.89</imbalance_Price.amount>
              <imbalance_Price.category>A04</imbalance_Price.category>
            </Point>
            <Point>
              <position>71</position>
              <imbalance_Price.amount>1246.129</imbalance_Price.amount>
              <imbalance_Price.category>A04</imbalance_Price.category>
            </Point>
            <Point>
              <position>72</position>
              <imbalance_Price.amount>2385.572</imbalance_Price.amount>
              <imbalance_Price.category>A04</imbalance_Price.category>
            </Point>
            <Point>
              <position>73</position>
              <imbalance_Price.amount>819.872</imbalance_Price.amount>
              <imbalance_Price.category>A04</imbalance_Price.category>
            </Point>
            <Point>
              <position>74</position>
              <imbalance_Price.amount>790.642</imbalance_Price.amount>
              <imbalance_Price.category>A04</imbalance_Price.category>
            </Point>
            <Point>
              <position>75</position>
              <imbalance_Price.amount>599</imbalance_Price.amount>
              <imbalance_Price.category>A04</imbalance_Price.category>
            </Point>
            <Point>
              <position>76</position>
              <imbalance_Price.amount>687.147</imbalance_Price.amount>
              <imbalance_Price.category>A04</imbalance_Price.category>
            </Point>
            <Point>
              <position>77</position>
              <imbalance_Price.amount>744.761</imbalance_Price.amount>
              <imbalance_Price.category>A04</imbalance_Price.category>
            </Point>
            <Point>
              <position>78</position>
              <imbalance_Price.amount>653.404</imbalance_Price.amount>
              <imbalance_Price.category>A04</imbalance_Price.category>
            </Point>
            <Point>
              <position>79</position>
              <imbalance_Price.amount>605.447</imbalance_Price.amount>
              <imbalance_Price.category>A04</imbalance_Price.category>
            </Point>
            <Point>
              <position>80</position>
              <imbalance_Price.amount>272.838</imbalance_Price.amount>
              <imbalance_Price.category>A04</imbalance_Price.category>
            </Point>
            <Point>
              <position>81</position>
              <imbalance_Price.amount>767.564</imbalance_Price.amount>
              <imbalance_Price.category>A04</imbalance_Price.category>
            </Point>
            <Point>
              <position>82</position>
              <imbalance_Price.amount>605.514</imbalance_Price.amount>
              <imbalance_Price.category>A04</imbalance_Price.category>
            </Point>
            <Point>
              <position>83</position>
              <imbalance_Price.amount>540.826</imbalance_Price.amount>
              <imbalance_Price.category>A04</imbalance_Price.category>
            </Point>
            <Point>
              <position>84</position>
              <imbalance_Price.amount>700.413</imbalance_Price.amount>
              <imbalance_Price.category>A04</imbalance_Price.category>
            </Point>
            <Point>
              <position>85</position>
              <imbalance_Price.amount>866.672</imbalance_Price.amount>
              <imbalance_Price.category>A04</imbalance_Price.category>
            </Point>
            <Point>
              <position>86</position>
              <imbalance_Price.amount>822.964</imbalance_Price.amount>
              <imbalance_Price.category>A04</imbalance_Price.category>
            </Point>
            <Point>
              <position>87</position>
              <imbalance_Price.amount>599</imbalance_Price.amount>
              <imbalance_Price.category>A04</imbalance_Price.category>
            </Point>
            <Point>
              <position>88</position>
              <imbalance_Price.amount>658.294</imbalance_Price.amount>
              <imbalance_Price.category>A04</imbalance_Price.category>
            </Point>
            <Point>
              <position>89</position>
              <imbalance_Price.amount>882.535</imbalance_Price.amount>
              <imbalance_Price.category>A04</imbalance_Price.category>
            </Point>
            <Point>
              <position>90</position>
              <imbalance_Price.amount>828.586</imbalance_Price.amount>
              <imbalance_Price.category>A04</imbalance_Price.category>
            </Point>
            <Point>
              <position>91</position>
              <imbalance_Price.amount>313.55</imbalance_Price.amount>
              <imbalance_Price.category>A04</imbalance_Price.category>
            </Point>
            <Point>
              <position>92</position>
              <imbalance_Price.amount>-70.87</imbalance_Price.amount>
              <imbalance_Price.category>A04</imbalance_Price.category>
            </Point>
            <Point>
              <position>93</position>
              <imbalance_Price.amount>-34.608</imbalance_Price.amount>
              <imbalance_Price.category>A04</imbalance_Price.category>
            </Point>
            <Point>
              <position>94</position>
              <imbalance_Price.amount>203.789</imbalance_Price.amount>
              <imbalance_Price.category>A04</imbalance_Price.category>
            </Point>
            <Point>
              <position>95</position>
              <imbalance_Price.amount>604.161</imbalance_Price.amount>
              <imbalance_Price.category>A04</imbalance_Price.category>
            </Point>
            <Point>
              <position>96</position>
              <imbalance_Price.amount>678.611</imbalance_Price.amount>
              <imbalance_Price.category>A04</imbalance_Price.category>
            </Point>
            <Point>
              <position>97</position>
              <imbalance_Price.amount>774.313</imbalance_Price.amount>
              <imbalance_Price.category>A04</imbalance_Price.category>
            </Point>
            <Point>
              <position>98</position>
              <imbalance_Price.amount>83.178</imbalance_Price.amount>
              <imbalance_Price.category>A04</imbalance_Price.category>
            </Point>
            <Point>
              <position>99</position>
              <imbalance_Price.amount>599</imbalance_Price.amount>
              <imbalance_Price.category>A04</imbalance_Price.category>
            </Point>
            <Point>
              <position>103</position>
              <imbalance_Price.amount>617.847</imbalance_Price.amount>
              <imbalance_Price.category>A04</imbalance_Price.category>
            </Point>
            <Point>
              <position>104</position>
              <imbalance_Price.amount>838.483</imbalance_Price.amount>
              <imbalance_Price.category>A04</imbalance_Price.category>
            </Point>
            <Point>
              <position>105</position>
              <imbalance_Price.amount>818.754</imbalance_Price.amount>
              <imbalance_Price.category>A04</imbalance_Price.category>
            </Point>
            <Point>
              <position>106</position>
              <imbalance_Price.amount>818.858</imbalance_Price.amount>
              <imbalance_Price.category>A04</imbalance_Price.category>
            </Point>
            <Point>
              <position>107</position>
              <imbalance_Price.amount>820.66</imbalance_Price.amount>
              <imbalance_Price.category>A04</imbalance_Price.category>
            </Point>
            <Point>
              <position>108</position>
              <imbalance_Price.amount>819.76</imbalance_Price.amount>
              <imbalance_Price.category>A04</imbalance_Price.category>
            </Point>
            <Point>
              <position>109</position>
              <imbalance_Price.amount>806.308</imbalance_Price.amount>
              <imbalance_Price.category>A04</imbalance_Price.category>
            </Point>
            <Point>
              <position>110</position>
              <imbalance_Price.amount>809.302</imbalance_Price.amount>
              <imbalance_Price.category>A04</imbalance_Price.category>
            </Point>
            <Point>
              <position>111</position>
              <imbalance_Price.amount>819.82</imbalance_Price.amount>
              <imbalance_Price.category>A04</imbalance_Price.category>
            </Point>
            <Point>
              <position>112</position>
              <imbalance_Price.amount>820.11</imbalance_Price.amount>
              <imbalance_Price.category>A04</imbalance_Price.category>
            </Point>
            <Point>
              <position>113</position>
              <imbalance_Price.amount>817.7</imbalance_Price.amount>
              <imbalance_Price.category>A04</imbalance_Price.category>
            </Point>
            <Point>
              <position>115</position>
              <imbalance_Price.amount>628.055</imbalance_Price.amount>
              <imbalance_Price.category>A04</imbalance_Price.category>
            </Point>
            <Point>
              <position>116</position>
              <imbalance_Price.amount>940.821</imbalance_Price.amount>
              <imbalance_Price.category>A04</imbalance_Price.category>
            </Point>
            <Point>
              <position>117</position>
              <imbalance_Price.amount>651.956</imbalance_Price.amount>
              <imbalance_Price.category>A04</imbalance_Price.category>
            </Point>
            <Point>
              <position>118</position>
              <imbalance_Price.amount>599</imbalance_Price.amount>
              <imbalance_Price.category>A04</imbalance_Price.category>
            </Point>
            <Point>
              <position>119</position>
              <imbalance_Price.amount>810.152</imbalance_Price.amount>
              <imbalance_Price.category>A04</imbalance_Price.category>
            </Point>
            <Point>
              <position>120</position>
              <imbalance_Price.amount>799.134</imbalance_Price.amount>
              <imbalance_Price.category>A04</imbalance_Price.category>
            </Point>
            <Point>
              <position>121</position>
              <imbalance_Price.amount>862.88</imbalance_Price.amount>
              <imbalance_Price.category>A04</imbalance_Price.category>
            </Point>
            <Point>
              <position>122</position>
              <imbalance_Price.amount>839.724</imbalance_Price.amount>
              <imbalance_Price.category>A04</imbalance_Price.category>
            </Point>
            <Point>
              <position>123</position>
              <imbalance_Price.amount>653.474</imbalance_Price.amount>
              <imbalance_Price.category>A04</imbalance_Price.category>
            </Point>
            <Point>
              <position>124</position>
              <imbalance_Price.amount>603.234</imbalance_Price.amount>
              <imbalance_Price.category>A04</imbalance_Price.category>
            </Point>
            <Point>
              <position>125</position>
              <imbalance_Price.amount>738.038</imbalance_Price.amount>
              <imbalance_Price.category>A04</imbalance_Price.category>
            </Point>
            <Point>
              <position>126</position>
              <imbalance_Price.amount>764.827</imbalance_Price.amount>
              <imbalance_Price.category>A04</imbalance_Price.category>
            </Point>
            <Point>
              <position>127</position>
              <imbalance_Price.amount>-987.316</imbalance_Price.amount>
              <imbalance_Price.category>A04</imbalance_Price.category>
            </Point>
            <Point>
              <position>128</position>
              <imbalance_Price.amount>-1053.942</imbalance_Price.amount>
              <imbalance_Price.category>A04</imbalance_Price.category>
            </Point>
            <Point>
              <position>129</position>
              <imbalance_Price.amount>-438.325</imbalance_Price.amount>
              <imbalance_Price.category>A04</imbalance_Price.category>
            </Point>
            <Point>
              <position>130</position>
              <imbalance_Price.amount>-1183.734</imbalance_Price.amount>
              <imbalance_Price.category>A04</imbalance_Price.category>
            </Point>
            <Point>
              <position>131</position>
              <imbalance_Price.amount>-1910.267</imbalance_Price.amount>
              <imbalance_Price.category>A04</imbalance_Price.category>
            </Point>
            <Point>
              <position>132</position>
              <imbalance_Price.amount>-2673.297</imbalance_Price.amount>
              <imbalance_Price.category>A04</imbalance_Price.category>
            </Point>
            <Point>
              <position>133</position>
              <imbalance_Price.amount>-381.04</imbalance_Price.amount>
              <imbalance_Price.category>A04</imbalance_Price.category>
            </Point>
            <Point>
              <position>134</position>
              <imbalance_Price.amount>-164.758</imbalance_Price.amount>
              <imbalance_Price.category>A04</imbalance_Price.category>
            </Point>
            <Point>
              <position>135</position>
              <imbalance_Price.amount>-167.497</imbalance_Price.amount>
              <imbalance_Price.category>A04</imbalance_Price.category>
            </Point>
        </Period>
    </TimeSeries>
    <TimeSeries>
      <mRID>2</mRID>
      <businessType>A19</businessType>
      <currency_Unit.name>RON</currency_Unit.name>
      <price_Measure_Unit.name>MWH</price_Measure_Unit.name>
      <curveType>A03</curveType>
        <Period>
          <timeInterval>
            <start>2026-02-24T23:00Z</start>
            <end>2026-02-26T08:45Z</end>
          </timeInterval>
          <resolution>PT15M</resolution>
            <Point>
              <position>1</position>
              <imbalance_Price.amount>-82.792</imbalance_Price.amount>
              <imbalance_Price.category>A05</imbalance_Price.category>
            </Point>
            <Point>
              <position>2</position>
              <imbalance_Price.amount>608.658</imbalance_Price.amount>
              <imbalance_Price.category>A05</imbalance_Price.category>
            </Point>
            <Point>
              <position>3</position>
              <imbalance_Price.amount>-64.638</imbalance_Price.amount>
              <imbalance_Price.category>A05</imbalance_Price.category>
            </Point>
            <Point>
              <position>4</position>
              <imbalance_Price.amount>-734.601</imbalance_Price.amount>
              <imbalance_Price.category>A05</imbalance_Price.category>
            </Point>
            <Point>
              <position>5</position>
              <imbalance_Price.amount>-3593.142</imbalance_Price.amount>
              <imbalance_Price.category>A05</imbalance_Price.category>
            </Point>
            <Point>
              <position>6</position>
              <imbalance_Price.amount>-437.837</imbalance_Price.amount>
              <imbalance_Price.category>A05</imbalance_Price.category>
            </Point>
            <Point>
              <position>7</position>
              <imbalance_Price.amount>-88.477</imbalance_Price.amount>
              <imbalance_Price.category>A05</imbalance_Price.category>
            </Point>
            <Point>
              <position>8</position>
              <imbalance_Price.amount>-130.33</imbalance_Price.amount>
              <imbalance_Price.category>A05</imbalance_Price.category>
            </Point>
            <Point>
              <position>9</position>
              <imbalance_Price.amount>-102.053</imbalance_Price.amount>
              <imbalance_Price.category>A05</imbalance_Price.category>
            </Point>
            <Point>
              <position>10</position>
              <imbalance_Price.amount>-94.441</imbalance_Price.amount>
              <imbalance_Price.category>A05</imbalance_Price.category>
            </Point>
            <Point>
              <position>11</position>
              <imbalance_Price.amount>-139.764</imbalance_Price.amount>
              <imbalance_Price.category>A05</imbalance_Price.category>
            </Point>
            <Point>
              <position>12</position>
              <imbalance_Price.amount>-141</imbalance_Price.amount>
              <imbalance_Price.category>A05</imbalance_Price.category>
            </Point>
            <Point>
              <position>13</position>
              <imbalance_Price.amount>-106</imbalance_Price.amount>
              <imbalance_Price.category>A05</imbalance_Price.category>
            </Point>
            <Point>
              <position>17</position>
              <imbalance_Price.amount>-164</imbalance_Price.amount>
              <imbalance_Price.category>A05</imbalance_Price.category>
            </Point>
            <Point>
              <position>20</position>
              <imbalance_Price.amount>-141.903</imbalance_Price.amount>
              <imbalance_Price.category>A05</imbalance_Price.category>
            </Point>
            <Point>
              <position>21</position>
              <imbalance_Price.amount>-84.021</imbalance_Price.amount>
              <imbalance_Price.category>A05</imbalance_Price.category>
            </Point>
            <Point>
              <position>22</position>
              <imbalance_Price.amount>-525.34</imbalance_Price.amount>
              <imbalance_Price.category>A05</imbalance_Price.category>
            </Point>
            <Point>
              <position>23</position>
              <imbalance_Price.amount>-215.914</imbalance_Price.amount>
              <imbalance_Price.category>A05</imbalance_Price.category>
            </Point>
            <Point>
              <position>24</position>
              <imbalance_Price.amount>247.752</imbalance_Price.amount>
              <imbalance_Price.category>A05</imbalance_Price.category>
            </Point>
            <Point>
              <position>25</position>
              <imbalance_Price.amount>-197.097</imbalance_Price.amount>
              <imbalance_Price.category>A05</imbalance_Price.category>
            </Point>
            <Point>
              <position>26</position>
              <imbalance_Price.amount>238.138</imbalance_Price.amount>
              <imbalance_Price.category>A05</imbalance_Price.category>
            </Point>
            <Point>
              <position>27</position>
              <imbalance_Price.amount>229.954</imbalance_Price.amount>
              <imbalance_Price.category>A05</imbalance_Price.category>
            </Point>
            <Point>
              <position>28</position>
              <imbalance_Price.amount>46.177</imbalance_Price.amount>
              <imbalance_Price.category>A05</imbalance_Price.category>
            </Point>
            <Point>
              <position>29</position>
              <imbalance_Price.amount>18.557</imbalance_Price.amount>
              <imbalance_Price.category>A05</imbalance_Price.category>
            </Point>
            <Point>
              <position>30</position>
              <imbalance_Price.amount>-18.536</imbalance_Price.amount>
              <imbalance_Price.category>A05</imbalance_Price.category>
            </Point>
            <Point>
              <position>31</position>
              <imbalance_Price.amount>-28.013</imbalance_Price.amount>
              <imbalance_Price.category>A05</imbalance_Price.category>
            </Point>
            <Point>
              <position>32</position>
              <imbalance_Price.amount>-795.723</imbalance_Price.amount>
              <imbalance_Price.category>A05</imbalance_Price.category>
            </Point>
            <Point>
              <position>33</position>
              <imbalance_Price.amount>-513.475</imbalance_Price.amount>
              <imbalance_Price.category>A05</imbalance_Price.category>
            </Point>
            <Point>
              <position>34</position>
              <imbalance_Price.amount>577.959</imbalance_Price.amount>
              <imbalance_Price.category>A05</imbalance_Price.category>
            </Point>
            <Point>
              <position>35</position>
              <imbalance_Price.amount>-464.591</imbalance_Price.amount>
              <imbalance_Price.category>A05</imbalance_Price.category>
            </Point>
            <Point>
              <position>36</position>
              <imbalance_Price.amount>-596.026</imbalance_Price.amount>
              <imbalance_Price.category>A05</imbalance_Price.category>
            </Point>
            <Point>
              <position>37</position>
              <imbalance_Price.amount>827.862</imbalance_Price.amount>
              <imbalance_Price.category>A05</imbalance_Price.category>
            </Point>
            <Point>
              <position>38</position>
              <imbalance_Price.amount>-108.645</imbalance_Price.amount>
              <imbalance_Price.category>A05</imbalance_Price.category>
            </Point>
            <Point>
              <position>39</position>
              <imbalance_Price.amount>-294.159</imbalance_Price.amount>
              <imbalance_Price.category>A05</imbalance_Price.category>
            </Point>
            <Point>
              <position>40</position>
              <imbalance_Price.amount>-368.703</imbalance_Price.amount>
              <imbalance_Price.category>A05</imbalance_Price.category>
            </Point>
            <Point>
              <position>41</position>
              <imbalance_Price.amount>-279.998</imbalance_Price.amount>
              <imbalance_Price.category>A05</imbalance_Price.category>
            </Point>
            <Point>
              <position>42</position>
              <imbalance_Price.amount>-200.872</imbalance_Price.amount>
              <imbalance_Price.category>A05</imbalance_Price.category>
            </Point>
            <Point>
              <position>43</position>
              <imbalance_Price.amount>-162.122</imbalance_Price.amount>
              <imbalance_Price.category>A05</imbalance_Price.category>
            </Point>
            <Point>
              <position>44</position>
              <imbalance_Price.amount>486.5</imbalance_Price.amount>
              <imbalance_Price.category>A05</imbalance_Price.category>
            </Point>
            <Point>
              <position>45</position>
              <imbalance_Price.amount>607.382</imbalance_Price.amount>
              <imbalance_Price.category>A05</imbalance_Price.category>
            </Point>
            <Point>
              <position>46</position>
              <imbalance_Price.amount>600.466</imbalance_Price.amount>
              <imbalance_Price.category>A05</imbalance_Price.category>
            </Point>
            <Point>
              <position>47</position>
              <imbalance_Price.amount>672.434</imbalance_Price.amount>
              <imbalance_Price.category>A05</imbalance_Price.category>
            </Point>
            <Point>
              <position>48</position>
              <imbalance_Price.amount>1493.944</imbalance_Price.amount>
              <imbalance_Price.category>A05</imbalance_Price.category>
            </Point>
            <Point>
              <position>49</position>
              <imbalance_Price.amount>849.998</imbalance_Price.amount>
              <imbalance_Price.category>A05</imbalance_Price.category>
            </Point>
            <Point>
              <position>50</position>
              <imbalance_Price.amount>477.484</imbalance_Price.amount>
              <imbalance_Price.category>A05</imbalance_Price.category>
            </Point>
            <Point>
              <position>51</position>
              <imbalance_Price.amount>463.211</imbalance_Price.amount>
              <imbalance_Price.category>A05</imbalance_Price.category>
            </Point>
            <Point>
              <position>52</position>
              <imbalance_Price.amount>457.846</imbalance_Price.amount>
              <imbalance_Price.category>A05</imbalance_Price.category>
            </Point>
            <Point>
              <position>53</position>
              <imbalance_Price.amount>454.607</imbalance_Price.amount>
              <imbalance_Price.category>A05</imbalance_Price.category>
            </Point>
            <Point>
              <position>54</position>
              <imbalance_Price.amount>455.4</imbalance_Price.amount>
              <imbalance_Price.category>A05</imbalance_Price.category>
            </Point>
            <Point>
              <position>55</position>
              <imbalance_Price.amount>340</imbalance_Price.amount>
              <imbalance_Price.category>A05</imbalance_Price.category>
            </Point>
            <Point>
              <position>56</position>
              <imbalance_Price.amount>-344.221</imbalance_Price.amount>
              <imbalance_Price.category>A05</imbalance_Price.category>
            </Point>
            <Point>
              <position>57</position>
              <imbalance_Price.amount>-902.862</imbalance_Price.amount>
              <imbalance_Price.category>A05</imbalance_Price.category>
            </Point>
            <Point>
              <position>58</position>
              <imbalance_Price.amount>-14.359</imbalance_Price.amount>
              <imbalance_Price.category>A05</imbalance_Price.category>
            </Point>
            <Point>
              <position>59</position>
              <imbalance_Price.amount>400</imbalance_Price.amount>
              <imbalance_Price.category>A05</imbalance_Price.category>
            </Point>
            <Point>
              <position>61</position>
              <imbalance_Price.amount>12.337</imbalance_Price.amount>
              <imbalance_Price.category>A05</imbalance_Price.category>
            </Point>
            <Point>
              <position>62</position>
              <imbalance_Price.amount>598.419</imbalance_Price.amount>
              <imbalance_Price.category>A05</imbalance_Price.category>
            </Point>
            <Point>
              <position>63</position>
              <imbalance_Price.amount>510.13</imbalance_Price.amount>
              <imbalance_Price.category>A05</imbalance_Price.category>
            </Point>
            <Point>
              <position>64</position>
              <imbalance_Price.amount>523.488</imbalance_Price.amount>
              <imbalance_Price.category>A05</imbalance_Price.category>
            </Point>
            <Point>
              <position>65</position>
              <imbalance_Price.amount>-123.976</imbalance_Price.amount>
              <imbalance_Price.category>A05</imbalance_Price.category>
            </Point>
            <Point>
              <position>66</position>
              <imbalance_Price.amount>274.516</imbalance_Price.amount>
              <imbalance_Price.category>A05</imbalance_Price.category>
            </Point>
            <Point>
              <position>67</position>
              <imbalance_Price.amount>766.244</imbalance_Price.amount>
              <imbalance_Price.category>A05</imbalance_Price.category>
            </Point>
            <Point>
              <position>68</position>
              <imbalance_Price.amount>616.146</imbalance_Price.amount>
              <imbalance_Price.category>A05</imbalance_Price.category>
            </Point>
            <Point>
              <position>69</position>
              <imbalance_Price.amount>250.577</imbalance_Price.amount>
              <imbalance_Price.category>A05</imbalance_Price.category>
            </Point>
            <Point>
              <position>70</position>
              <imbalance_Price.amount>374.89</imbalance_Price.amount>
              <imbalance_Price.category>A05</imbalance_Price.category>
            </Point>
            <Point>
              <position>71</position>
              <imbalance_Price.amount>1246.129</imbalance_Price.amount>
              <imbalance_Price.category>A05</imbalance_Price.category>
            </Point>
            <Point>
              <position>72</position>
              <imbalance_Price.amount>2385.572</imbalance_Price.amount>
              <imbalance_Price.category>A05</imbalance_Price.category>
            </Point>
            <Point>
              <position>73</position>
              <imbalance_Price.amount>819.872</imbalance_Price.amount>
              <imbalance_Price.category>A05</imbalance_Price.category>
            </Point>
            <Point>
              <position>74</position>
              <imbalance_Price.amount>790.642</imbalance_Price.amount>
              <imbalance_Price.category>A05</imbalance_Price.category>
            </Point>
            <Point>
              <position>75</position>
              <imbalance_Price.amount>599</imbalance_Price.amount>
              <imbalance_Price.category>A05</imbalance_Price.category>
            </Point>
            <Point>
              <position>76</position>
              <imbalance_Price.amount>687.147</imbalance_Price.amount>
              <imbalance_Price.category>A05</imbalance_Price.category>
            </Point>
            <Point>
              <position>77</position>
              <imbalance_Price.amount>744.761</imbalance_Price.amount>
              <imbalance_Price.category>A05</imbalance_Price.category>
            </Point>
            <Point>
              <position>78</position>
              <imbalance_Price.amount>653.404</imbalance_Price.amount>
              <imbalance_Price.category>A05</imbalance_Price.category>
            </Point>
            <Point>
              <position>79</position>
              <imbalance_Price.amount>605.447</imbalance_Price.amount>
              <imbalance_Price.category>A05</imbalance_Price.category>
            </Point>
            <Point>
              <position>80</position>
              <imbalance_Price.amount>272.838</imbalance_Price.amount>
              <imbalance_Price.category>A05</imbalance_Price.category>
            </Point>
            <Point>
              <position>81</position>
              <imbalance_Price.amount>767.564</imbalance_Price.amount>
              <imbalance_Price.category>A05</imbalance_Price.category>
            </Point>
            <Point>
              <position>82</position>
              <imbalance_Price.amount>605.514</imbalance_Price.amount>
              <imbalance_Price.category>A05</imbalance_Price.category>
            </Point>
            <Point>
              <position>83</position>
              <imbalance_Price.amount>540.826</imbalance_Price.amount>
              <imbalance_Price.category>A05</imbalance_Price.category>
            </Point>
            <Point>
              <position>84</position>
              <imbalance_Price.amount>700.413</imbalance_Price.amount>
              <imbalance_Price.category>A05</imbalance_Price.category>
            </Point>
            <Point>
              <position>85</position>
              <imbalance_Price.amount>866.672</imbalance_Price.amount>
              <imbalance_Price.category>A05</imbalance_Price.category>
            </Point>
            <Point>
              <position>86</position>
              <imbalance_Price.amount>822.964</imbalance_Price.amount>
              <imbalance_Price.category>A05</imbalance_Price.category>
            </Point>
            <Point>
              <position>87</position>
              <imbalance_Price.amount>599</imbalance_Price.amount>
              <imbalance_Price.category>A05</imbalance_Price.category>
            </Point>
            <Point>
              <position>88</position>
              <imbalance_Price.amount>658.294</imbalance_Price.amount>
              <imbalance_Price.category>A05</imbalance_Price.category>
            </Point>
            <Point>
              <position>89</position>
              <imbalance_Price.amount>882.535</imbalance_Price.amount>
              <imbalance_Price.category>A05</imbalance_Price.category>
            </Point>
            <Point>
              <position>90</position>
              <imbalance_Price.amount>828.586</imbalance_Price.amount>
              <imbalance_Price.category>A05</imbalance_Price.category>
            </Point>
            <Point>
              <position>91</position>
              <imbalance_Price.amount>313.55</imbalance_Price.amount>
              <imbalance_Price.category>A05</imbalance_Price.category>
            </Point>
            <Point>
              <position>92</position>
              <imbalance_Price.amount>-70.87</imbalance_Price.amount>
              <imbalance_Price.category>A05</imbalance_Price.category>
            </Point>
            <Point>
              <position>93</position>
              <imbalance_Price.amount>-34.608</imbalance_Price.amount>
              <imbalance_Price.category>A05</imbalance_Price.category>
            </Point>
            <Point>
              <position>94</position>
              <imbalance_Price.amount>203.789</imbalance_Price.amount>
              <imbalance_Price.category>A05</imbalance_Price.category>
            </Point>
            <Point>
              <position>95</position>
              <imbalance_Price.amount>604.161</imbalance_Price.amount>
              <imbalance_Price.category>A05</imbalance_Price.category>
            </Point>
            <Point>
              <position>96</position>
              <imbalance_Price.amount>678.611</imbalance_Price.amount>
              <imbalance_Price.category>A05</imbalance_Price.category>
            </Point>
            <Point>
              <position>97</position>
              <imbalance_Price.amount>774.313</imbalance_Price.amount>
              <imbalance_Price.category>A05</imbalance_Price.category>
            </Point>
            <Point>
              <position>98</position>
              <imbalance_Price.amount>83.178</imbalance_Price.amount>
              <imbalance_Price.category>A05</imbalance_Price.category>
            </Point>
            <Point>
              <position>99</position>
              <imbalance_Price.amount>599</imbalance_Price.amount>
              <imbalance_Price.category>A05</imbalance_Price.category>
            </Point>
            <Point>
              <position>103</position>
              <imbalance_Price.amount>617.847</imbalance_Price.amount>
              <imbalance_Price.category>A05</imbalance_Price.category>
            </Point>
            <Point>
              <position>104</position>
              <imbalance_Price.amount>838.483</imbalance_Price.amount>
              <imbalance_Price.category>A05</imbalance_Price.category>
            </Point>
            <Point>
              <position>105</position>
              <imbalance_Price.amount>818.754</imbalance_Price.amount>
              <imbalance_Price.category>A05</imbalance_Price.category>
            </Point>
            <Point>
              <position>106</position>
              <imbalance_Price.amount>818.858</imbalance_Price.amount>
              <imbalance_Price.category>A05</imbalance_Price.category>
            </Point>
            <Point>
              <position>107</position>
              <imbalance_Price.amount>820.66</imbalance_Price.amount>
              <imbalance_Price.category>A05</imbalance_Price.category>
            </Point>
            <Point>
              <position>108</position>
              <imbalance_Price.amount>819.76</imbalance_Price.amount>
              <imbalance_Price.category>A05</imbalance_Price.category>
            </Point>
            <Point>
              <position>109</position>
              <imbalance_Price.amount>806.308</imbalance_Price.amount>
              <imbalance_Price.category>A05</imbalance_Price.category>
            </Point>
            <Point>
              <position>110</position>
              <imbalance_Price.amount>809.302</imbalance_Price.amount>
              <imbalance_Price.category>A05</imbalance_Price.category>
            </Point>
            <Point>
              <position>111</position>
              <imbalance_Price.amount>819.82</imbalance_Price.amount>
              <imbalance_Price.category>A05</imbalance_Price.category>
            </Point>
            <Point>
              <position>112</position>
              <imbalance_Price.amount>820.11</imbalance_Price.amount>
              <imbalance_Price.category>A05</imbalance_Price.category>
            </Point>
            <Point>
              <position>113</position>
              <imbalance_Price.amount>817.7</imbalance_Price.amount>
              <imbalance_Price.category>A05</imbalance_Price.category>
            </Point>
            <Point>
              <position>115</position>
              <imbalance_Price.amount>628.055</imbalance_Price.amount>
              <imbalance_Price.category>A05</imbalance_Price.category>
            </Point>
            <Point>
              <position>116</position>
              <imbalance_Price.amount>940.821</imbalance_Price.amount>
              <imbalance_Price.category>A05</imbalance_Price.category>
            </Point>
            <Point>
              <position>117</position>
              <imbalance_Price.amount>651.956</imbalance_Price.amount>
              <imbalance_Price.category>A05</imbalance_Price.category>
            </Point>
            <Point>
              <position>118</position>
              <imbalance_Price.amount>599</imbalance_Price.amount>
              <imbalance_Price.category>A05</imbalance_Price.category>
            </Point>
            <Point>
              <position>119</position>
              <imbalance_Price.amount>810.152</imbalance_Price.amount>
              <imbalance_Price.category>A05</imbalance_Price.category>
            </Point>
            <Point>
              <position>120</position>
              <imbalance_Price.amount>799.134</imbalance_Price.amount>
              <imbalance_Price.category>A05</imbalance_Price.category>
            </Point>
            <Point>
              <position>121</position>
              <imbalance_Price.amount>862.88</imbalance_Price.amount>
              <imbalance_Price.category>A05</imbalance_Price.category>
            </Point>
            <Point>
              <position>122</position>
              <imbalance_Price.amount>839.724</imbalance_Price.amount>
              <imbalance_Price.category>A05</imbalance_Price.category>
            </Point>
            <Point>
              <position>123</position>
              <imbalance_Price.amount>653.474</imbalance_Price.amount>
              <imbalance_Price.category>A05</imbalance_Price.category>
            </Point>
            <Point>
              <position>124</position>
              <imbalance_Price.amount>603.234</imbalance_Price.amount>
              <imbalance_Price.category>A05</imbalance_Price.category>
            </Point>
            <Point>
              <position>125</position>
              <imbalance_Price.amount>738.038</imbalance_Price.amount>
              <imbalance_Price.category>A05</imbalance_Price.category>
            </Point>
            <Point>
              <position>126</position>
              <imbalance_Price.amount>764.827</imbalance_Price.amount>
              <imbalance_Price.category>A05</imbalance_Price.category>
            </Point>
            <Point>
              <position>127</position>
              <imbalance_Price.amount>-987.316</imbalance_Price.amount>
              <imbalance_Price.category>A05</imbalance_Price.category>
            </Point>
            <Point>
              <position>128</position>
              <imbalance_Price.amount>-1053.942</imbalance_Price.amount>
              <imbalance_Price.category>A05</imbalance_Price.category>
            </Point>
            <Point>
              <position>129</position>
              <imbalance_Price.amount>-438.325</imbalance_Price.amount>
              <imbalance_Price.category>A05</imbalance_Price.category>
            </Point>
            <Point>
              <position>130</position>
              <imbalance_Price.amount>-1183.734</imbalance_Price.amount>
              <imbalance_Price.category>A05</imbalance_Price.category>
            </Point>
            <Point>
              <position>131</position>
              <imbalance_Price.amount>-1910.267</imbalance_Price.amount>
              <imbalance_Price.category>A05</imbalance_Price.category>
            </Point>
            <Point>
              <position>132</position>
              <imbalance_Price.amount>-2673.297</imbalance_Price.amount>
              <imbalance_Price.category>A05</imbalance_Price.category>
            </Point>
            <Point>
              <position>133</position>
              <imbalance_Price.amount>-381.04</imbalance_Price.amount>
              <imbalance_Price.category>A05</imbalance_Price.category>
            </Point>
            <Point>
              <position>134</position>
              <imbalance_Price.amount>-164.758</imbalance_Price.amount>
              <imbalance_Price.category>A05</imbalance_Price.category>
            </Point>
            <Point>
              <position>135</position>
              <imbalance_Price.amount>-167.497</imbalance_Price.amount>
              <imbalance_Price.category>A05</imbalance_Price.category>
            </Point>
        </Period>
    </TimeSeries>
</Balancing_MarketDocument>