<?xml version="1.0" encoding="UTF-8"?>
<Balancing_MarketDocument xmlns="urn:iec62325.351:tc57wg16:451-6:balancingdocument:4:4">
	<mRID>4b4e087e041e454d8dd48817ffb309aa</mRID>
	<revisionNumber>1</revisionNumber>
    <type>A85</type>
	<process.processType>A16</process.processType>
	<sender_MarketParticipant.mRID codingScheme="A01">10X1001A1001A450</sender_MarketParticipant.mRID>
	<sender_MarketParticipant.marketRole.type>A32</sender_MarketParticipant.marketRole.type>
	<receiver_MarketParticipant.mRID codingScheme="A01">10X1001A1001A450</receiver_MarketParticipant.mRID>
	<receiver_MarketParticipant.marketRole.type>A33</receiver_MarketParticipant.marketRole.type>
	<createdDateTime>2025-03-24T05:29:41Z</createdDateTime>
	<docStatus><value>A01</value></docStatus>
	<area_Domain.mRID codingScheme="A01">10YRO-TEL------P</area_Domain.mRID>
	<period.timeInterval>
		<start>2025-03-22T23:00Z</start>
		<end>2025-03-24T05:15Z</end>
	</period.timeInterval>
	<TimeSeries>
		<mRID>1</mRID>
		<businessType>A19</businessType>
		<currency_Unit.name>RON</currency_Unit.name>
		<price_Measure_Unit.name>MWH</price_Measure_Unit.name>
		<curveType>A01</curveType>
		<Period>
			<timeInterval>
				<start>2025-03-22T23:00Z</start>
				<end>2025-03-23T22:00Z</end>
			</timeInterval>
			<resolution>PT15M</resolution>
			<Point>
				<position>1</position>
				<imbalance_Price.amount>562.02</imbalance_Price.amount>
				<imbalance_Price.category>A04</imbalance_Price.category>
			</Point>
			<Point>
				<position>2</position>
				<imbalance_Price.amount>375.91</imbalance_Price.amount>
				<imbalance_Price.category>A04</imbalance_Price.category>
			</Point>
			<Point>
				<position>3</position>
				<imbalance_Price.amount>199.88</imbalance_Price.amount>
				<imbalance_Price.category>A04</imbalance_Price.category>
			</Point>
			<Point>
				<position>4</position>
				<imbalance_Price.amount>168.86</imbalance_Price.amount>
				<imbalance_Price.category>A04</imbalance_Price.category>
			</Point>
			<Point>
				<position>5</position>
				<imbalance_Price.amount>122.48</imbalance_Price.amount>
				<imbalance_Price.category>A04</imbalance_Price.category>
			</Point>
			<Point>
				<position>6</position>
				<imbalance_Price.amount>130.25</imbalance_Price.amount>
				<imbalance_Price.category>A04</imbalance_Price.category>
			</Point>
			<Point>
				<position>7</position>
				<imbalance_Price.amount>16.47</imbalance_Price.amount>
				<imbalance_Price.category>A04</imbalance_Price.category>
			</Point>
			<Point>
				<position>8</position>
				<imbalance_Price.amount>158.59</imbalance_Price.amount>
				<imbalance_Price.category>A04</imbalance_Price.category>
			</Point>
			<Point>
				<position>9</position>
				<imbalance_Price.amount>380.91</imbalance_Price.amount>
				<imbalance_Price.category>A04</imbalance_Price.category>
			</Point>
			<Point>
				<position>10</position>
				<imbalance_Price.amount>220.51</imbalance_Price.amount>
				<imbalance_Price.category>A04</imbalance_Price.category>
			</Point>
			<Point>
				<position>11</position>
				<imbalance_Price.amount>329.58</imbalance_Price.amount>
				<imbalance_Price.category>A04</imbalance_Price.category>
			</Point>
			<Point>
				<position>12</position>
				<imbalance_Price.amount>381.87</imbalance_Price.amount>
				<imbalance_Price.category>A04</imbalance_Price.category>
			</Point>
			<Point>
				<position>13</position>
				<imbalance_Price.amount>390.00</imbalance_Price.amount>
				<imbalance_Price.category>A04</imbalance_Price.category>
			</Point>
			<Point>
				<position>14</position>
				<imbalance_Price.amount>361.43</imbalance_Price.amount>
				<imbalance_Price.category>A04</imbalance_Price.category>
			</Point>
			<Point>
				<position>15</position>
				<imbalance_Price.amount>383.99</imbalance_Price.amount>
				<imbalance_Price.category>A04</imbalance_Price.category>
			</Point>
			<Point>
				<position>16</position>
				<imbalance_Price.amount>346.10</imbalance_Price.amount>
				<imbalance_Price.category>A04</imbalance_Price.category>
			</Point>
			<Point>
				<position>17</position>
				<imbalance_Price.amount>0.00</imbalance_Price.amount>
				<imbalance_Price.category>A04</imbalance_Price.category>
			</Point>
			<Point>
				<position>18</position>
				<imbalance_Price.amount>552.72</imbalance_Price.amount>
				<imbalance_Price.category>A04</imbalance_Price.category>
			</Point>
			<Point>
				<position>19</position>
				<imbalance_Price.amount>390.00</imbalance_Price.amount>
				<imbalance_Price.category>A04</imbalance_Price.category>
			</Point>
			<Point>
				<position>20</position>
				<imbalance_Price.amount>375.19</imbalance_Price.amount>
				<imbalance_Price.category>A04</imbalance_Price.category>
			</Point>
			<Point>
				<position>21</position>
				<imbalance_Price.amount>549.90</imbalance_Price.amount>
				<imbalance_Price.category>A04</imbalance_Price.category>
			</Point>
			<Point>
				<position>22</position>
				<imbalance_Price.amount>207.62</imbalance_Price.amount>
				<imbalance_Price.category>A04</imbalance_Price.category>
			</Point>
			<Point>
				<position>23</position>
				<imbalance_Price.amount>190.00</imbalance_Price.amount>
				<imbalance_Price.category>A04</imbalance_Price.category>
			</Point>
			<Point>
				<position>24</position>
				<imbalance_Price.amount>184.08</imbalance_Price.amount>
				<imbalance_Price.category>A04</imbalance_Price.category>
			</Point>
			<Point>
				<position>25</position>
				<imbalance_Price.amount>727.65</imbalance_Price.amount>
				<imbalance_Price.category>A04</imbalance_Price.category>
			</Point>
			<Point>
				<position>26</position>
				<imbalance_Price.amount>357.27</imbalance_Price.amount>
				<imbalance_Price.category>A04</imbalance_Price.category>
			</Point>
			<Point>
				<position>27</position>
				<imbalance_Price.amount>318.03</imbalance_Price.amount>
				<imbalance_Price.category>A04</imbalance_Price.category>
			</Point>
			<Point>
				<position>28</position>
				<imbalance_Price.amount>322.66</imbalance_Price.amount>
				<imbalance_Price.category>A04</imbalance_Price.category>
			</Point>
			<Point>
				<position>29</position>
				<imbalance_Price.amount>5787.46</imbalance_Price.amount>
				<imbalance_Price.category>A04</imbalance_Price.category>
			</Point>
			<Point>
				<position>30</position>
				<imbalance_Price.amount>3996.75</imbalance_Price.amount>
				<imbalance_Price.category>A04</imbalance_Price.category>
			</Point>
			<Point>
				<position>31</position>
				<imbalance_Price.amount>691.78</imbalance_Price.amount>
				<imbalance_Price.category>A04</imbalance_Price.category>
			</Point>
			<Point>
				<position>32</position>
				<imbalance_Price.amount>4131.24</imbalance_Price.amount>
				<imbalance_Price.category>A04</imbalance_Price.category>
			</Point>
			<Point>
				<position>33</position>
				<imbalance_Price.amount>6261.18</imbalance_Price.amount>
				<imbalance_Price.category>A04</imbalance_Price.category>
			</Point>
			<Point>
				<position>34</position>
				<imbalance_Price.amount>648.34</imbalance_Price.amount>
				<imbalance_Price.category>A04</imbalance_Price.category>
			</Point>
			<Point>
				<position>35</position>
				<imbalance_Price.amount>224.99</imbalance_Price.amount>
				<imbalance_Price.category>A04</imbalance_Price.category>
			</Point>
			<Point>
				<position>36</position>
				<imbalance_Price.amount>190.93</imbalance_Price.amount>
				<imbalance_Price.category>A04</imbalance_Price.category>
			</Point>
			<Point>
				<position>37</position>
				<imbalance_Price.amount>644.98</imbalance_Price.amount>
				<imbalance_Price.category>A04</imbalance_Price.category>
			</Point>
			<Point>
				<position>38</position>
				<imbalance_Price.amount>201.77</imbalance_Price.amount>
				<imbalance_Price.category>A04</imbalance_Price.category>
			</Point>
			<Point>
				<position>39</position>
				<imbalance_Price.amount>212.89</imbalance_Price.amount>
				<imbalance_Price.category>A04</imbalance_Price.category>
			</Point>
			<Point>
				<position>40</position>
				<imbalance_Price.amount>186.82</imbalance_Price.amount>
				<imbalance_Price.category>A04</imbalance_Price.category>
			</Point>
			<Point>
				<position>41</position>
				<imbalance_Price.amount>347.72</imbalance_Price.amount>
				<imbalance_Price.category>A04</imbalance_Price.category>
			</Point>
			<Point>
				<position>42</position>
				<imbalance_Price.amount>390.00</imbalance_Price.amount>
				<imbalance_Price.category>A04</imbalance_Price.category>
			</Point>
			<Point>
				<position>43</position>
				<imbalance_Price.amount>384.37</imbalance_Price.amount>
				<imbalance_Price.category>A04</imbalance_Price.category>
			</Point>
			<Point>
				<position>44</position>
				<imbalance_Price.amount>300.91</imbalance_Price.amount>
				<imbalance_Price.category>A04</imbalance_Price.category>
			</Point>
			<Point>
				<position>45</position>
				<imbalance_Price.amount>390.00</imbalance_Price.amount>
				<imbalance_Price.category>A04</imbalance_Price.category>
			</Point>
			<Point>
				<position>46</position>
				<imbalance_Price.amount>510.19</imbalance_Price.amount>
				<imbalance_Price.category>A04</imbalance_Price.category>
			</Point>
			<Point>
				<position>47</position>
				<imbalance_Price.amount>503.49</imbalance_Price.amount>
				<imbalance_Price.category>A04</imbalance_Price.category>
			</Point>
			<Point>
				<position>48</position>
				<imbalance_Price.amount>506.65</imbalance_Price.amount>
				<imbalance_Price.category>A04</imbalance_Price.category>
			</Point>
			<Point>
				<position>49</position>
				<imbalance_Price.amount>519.54</imbalance_Price.amount>
				<imbalance_Price.category>A04</imbalance_Price.category>
			</Point>
			<Point>
				<position>50</position>
				<imbalance_Price.amount>522.98</imbalance_Price.amount>
				<imbalance_Price.category>A04</imbalance_Price.category>
			</Point>
			<Point>
				<position>51</position>
				<imbalance_Price.amount>527.32</imbalance_Price.amount>
				<imbalance_Price.category>A04</imbalance_Price.category>
			</Point>
			<Point>
				<position>52</position>
				<imbalance_Price.amount>525.69</imbalance_Price.amount>
				<imbalance_Price.category>A04</imbalance_Price.category>
			</Point>
			<Point>
				<position>53</position>
				<imbalance_Price.amount>472.70</imbalance_Price.amount>
				<imbalance_Price.category>A04</imbalance_Price.category>
			</Point>
			<Point>
				<position>54</position>
				<imbalance_Price.amount>471.71</imbalance_Price.amount>
				<imbalance_Price.category>A04</imbalance_Price.category>
			</Point>
			<Point>
				<position>55</position>
				<imbalance_Price.amount>549.51</imbalance_Price.amount>
				<imbalance_Price.category>A04</imbalance_Price.category>
			</Point>
			<Point>
				<position>56</position>
				<imbalance_Price.amount>549.91</imbalance_Price.amount>
				<imbalance_Price.category>A04</imbalance_Price.category>
			</Point>
			<Point>
				<position>57</position>
				<imbalance_Price.amount>548.49</imbalance_Price.amount>
				<imbalance_Price.category>A04</imbalance_Price.category>
			</Point>
			<Point>
				<position>58</position>
				<imbalance_Price.amount>550.00</imbalance_Price.amount>
				<imbalance_Price.category>A04</imbalance_Price.category>
			</Point>
			<Point>
				<position>59</position>
				<imbalance_Price.amount>626.05</imbalance_Price.amount>
				<imbalance_Price.category>A04</imbalance_Price.category>
			</Point>
			<Point>
				<position>60</position>
				<imbalance_Price.amount>718.68</imbalance_Price.amount>
				<imbalance_Price.category>A04</imbalance_Price.category>
			</Point>
			<Point>
				<position>61</position>
				<imbalance_Price.amount>390.00</imbalance_Price.amount>
				<imbalance_Price.category>A04</imbalance_Price.category>
			</Point>
			<Point>
				<position>62</position>
				<imbalance_Price.amount>196.86</imbalance_Price.amount>
				<imbalance_Price.category>A04</imbalance_Price.category>
			</Point>
			<Point>
				<position>63</position>
				<imbalance_Price.amount>228.74</imbalance_Price.amount>
				<imbalance_Price.category>A04</imbalance_Price.category>
			</Point>
			<Point>
				<position>64</position>
				<imbalance_Price.amount>550.45</imbalance_Price.amount>
				<imbalance_Price.category>A04</imbalance_Price.category>
			</Point>
			<Point>
				<position>65</position>
				<imbalance_Price.amount>-1928.36</imbalance_Price.amount>
				<imbalance_Price.category>A04</imbalance_Price.category>
			</Point>
			<Point>
				<position>66</position>
				<imbalance_Price.amount>-13.43</imbalance_Price.amount>
				<imbalance_Price.category>A04</imbalance_Price.category>
			</Point>
			<Point>
				<position>67</position>
				<imbalance_Price.amount>212.40</imbalance_Price.amount>
				<imbalance_Price.category>A04</imbalance_Price.category>
			</Point>
			<Point>
				<position>68</position>
				<imbalance_Price.amount>3543.98</imbalance_Price.amount>
				<imbalance_Price.category>A04</imbalance_Price.category>
			</Point>
			<Point>
				<position>69</position>
				<imbalance_Price.amount>859.68</imbalance_Price.amount>
				<imbalance_Price.category>A04</imbalance_Price.category>
			</Point>
			<Point>
				<position>70</position>
				<imbalance_Price.amount>0.00</imbalance_Price.amount>
				<imbalance_Price.category>A04</imbalance_Price.category>
			</Point>
			<Point>
				<position>71</position>
				<imbalance_Price.amount>4305.07</imbalance_Price.amount>
				<imbalance_Price.category>A04</imbalance_Price.category>
			</Point>
			<Point>
				<position>72</position>
				<imbalance_Price.amount>0.00</imbalance_Price.amount>
				<imbalance_Price.category>A04</imbalance_Price.category>
			</Point>
			<Point>
				<position>73</position>
				<imbalance_Price.amount>6607.44</imbalance_Price.amount>
				<imbalance_Price.category>A04</imbalance_Price.category>
			</Point>
			<Point>
				<position>74</position>
				<imbalance_Price.amount>5226.36</imbalance_Price.amount>
				<imbalance_Price.category>A04</imbalance_Price.category>
			</Point>
			<Point>
				<position>75</position>
				<imbalance_Price.amount>5226.36</imbalance_Price.amount>
				<imbalance_Price.category>A04</imbalance_Price.category>
			</Point>
			<Point>
				<position>76</position>
				<imbalance_Price.amount>5226.36</imbalance_Price.amount>
				<imbalance_Price.category>A04</imbalance_Price.category>
			</Point>
			<Point>
				<position>77</position>
				<imbalance_Price.amount>1886.57</imbalance_Price.amount>
				<imbalance_Price.category>A04</imbalance_Price.category>
			</Point>
			<Point>
				<position>78</position>
				<imbalance_Price.amount>1055.62</imbalance_Price.amount>
				<imbalance_Price.category>A04</imbalance_Price.category>
			</Point>
			<Point>
				<position>79</position>
				<imbalance_Price.amount>1058.01</imbalance_Price.amount>
				<imbalance_Price.category>A04</imbalance_Price.category>
			</Point>
			<Point>
				<position>80</position>
				<imbalance_Price.amount>855.45</imbalance_Price.amount>
				<imbalance_Price.category>A04</imbalance_Price.category>
			</Point>
			<Point>
				<position>81</position>
				<imbalance_Price.amount>845.30</imbalance_Price.amount>
				<imbalance_Price.category>A04</imbalance_Price.category>
			</Point>
			<Point>
				<position>82</position>
				<imbalance_Price.amount>393.33</imbalance_Price.amount>
				<imbalance_Price.category>A04</imbalance_Price.category>
			</Point>
			<Point>
				<position>83</position>
				<imbalance_Price.amount>996.76</imbalance_Price.amount>
				<imbalance_Price.category>A04</imbalance_Price.category>
			</Point>
			<Point>
				<position>84</position>
				<imbalance_Price.amount>0.00</imbalance_Price.amount>
				<imbalance_Price.category>A04</imbalance_Price.category>
			</Point>
			<Point>
				<position>85</position>
				<imbalance_Price.amount>4342.19</imbalance_Price.amount>
				<imbalance_Price.category>A04</imbalance_Price.category>
			</Point>
			<Point>
				<position>86</position>
				<imbalance_Price.amount>400.00</imbalance_Price.amount>
				<imbalance_Price.category>A04</imbalance_Price.category>
			</Point>
			<Point>
				<position>87</position>
				<imbalance_Price.amount>5106.43</imbalance_Price.amount>
				<imbalance_Price.category>A04</imbalance_Price.category>
			</Point>
			<Point>
				<position>88</position>
				<imbalance_Price.amount>905.81</imbalance_Price.amount>
				<imbalance_Price.category>A04</imbalance_Price.category>
			</Point>
			<Point>
				<position>89</position>
				<imbalance_Price.amount>1025.44</imbalance_Price.amount>
				<imbalance_Price.category>A04</imbalance_Price.category>
			</Point>
			<Point>
				<position>90</position>
				<imbalance_Price.amount>618.64</imbalance_Price.amount>
				<imbalance_Price.category>A04</imbalance_Price.category>
			</Point>
			<Point>
				<position>91</position>
				<imbalance_Price.amount>809.69</imbalance_Price.amount>
				<imbalance_Price.category>A04</imbalance_Price.category>
			</Point>
			<Point>
				<position>92</position>
				<imbalance_Price.amount>550.00</imbalance_Price.amount>
				<imbalance_Price.category>A04</imbalance_Price.category>
			</Point>
		</Period>
	</TimeSeries>
	<TimeSeries>
		<mRID>2</mRID>
		<businessType>A19</businessType>
		<currency_Unit.name>RON</currency_Unit.name>
		<price_Measure_Unit.name>MWH</price_Measure_Unit.name>
		<curveType>A01</curveType>
		<Period>
			<timeInterval>
				<start>2025-03-22T23:00Z</start>
				<end>2025-03-23T22:00Z</end>
			</timeInterval>
			<resolution>PT15M</resolution>
			<Point>
				<position>1</position>
				<imbalance_Price.amount>562.02</imbalance_Price.amount>
				<imbalance_Price.category>A05</imbalance_Price.category>
			</Point>
			<Point>
				<position>2</position>
				<imbalance_Price.amount>549.50</imbalance_Price.amount>
				<imbalance_Price.category>A05</imbalance_Price.category>
			</Point>
			<Point>
				<position>3</position>
				<imbalance_Price.amount>199.88</imbalance_Price.amount>
				<imbalance_Price.category>A05</imbalance_Price.category>
			</Point>
			<Point>
				<position>4</position>
				<imbalance_Price.amount>168.86</imbalance_Price.amount>
				<imbalance_Price.category>A05</imbalance_Price.category>
			</Point>
			<Point>
				<position>5</position>
				<imbalance_Price.amount>122.48</imbalance_Price.amount>
				<imbalance_Price.category>A05</imbalance_Price.category>
			</Point>
			<Point>
				<position>6</position>
				<imbalance_Price.amount>130.25</imbalance_Price.amount>
				<imbalance_Price.category>A05</imbalance_Price.category>
			</Point>
			<Point>
				<position>7</position>
				<imbalance_Price.amount>16.47</imbalance_Price.amount>
				<imbalance_Price.category>A05</imbalance_Price.category>
			</Point>
			<Point>
				<position>8</position>
				<imbalance_Price.amount>158.59</imbalance_Price.amount>
				<imbalance_Price.category>A05</imbalance_Price.category>
			</Point>
			<Point>
				<position>9</position>
				<imbalance_Price.amount>549.00</imbalance_Price.amount>
				<imbalance_Price.category>A05</imbalance_Price.category>
			</Point>
			<Point>
				<position>10</position>
				<imbalance_Price.amount>549.00</imbalance_Price.amount>
				<imbalance_Price.category>A05</imbalance_Price.category>
			</Point>
			<Point>
				<position>11</position>
				<imbalance_Price.amount>549.00</imbalance_Price.amount>
				<imbalance_Price.category>A05</imbalance_Price.category>
			</Point>
			<Point>
				<position>12</position>
				<imbalance_Price.amount>549.00</imbalance_Price.amount>
				<imbalance_Price.category>A05</imbalance_Price.category>
			</Point>
			<Point>
				<position>13</position>
				<imbalance_Price.amount>549.60</imbalance_Price.amount>
				<imbalance_Price.category>A05</imbalance_Price.category>
			</Point>
			<Point>
				<position>14</position>
				<imbalance_Price.amount>549.00</imbalance_Price.amount>
				<imbalance_Price.category>A05</imbalance_Price.category>
			</Point>
			<Point>
				<position>15</position>
				<imbalance_Price.amount>549.00</imbalance_Price.amount>
				<imbalance_Price.category>A05</imbalance_Price.category>
			</Point>
			<Point>
				<position>16</position>
				<imbalance_Price.amount>545.89</imbalance_Price.amount>
				<imbalance_Price.category>A05</imbalance_Price.category>
			</Point>
			<Point>
				<position>17</position>
				<imbalance_Price.amount>549.94</imbalance_Price.amount>
				<imbalance_Price.category>A05</imbalance_Price.category>
			</Point>
			<Point>
				<position>18</position>
				<imbalance_Price.amount>552.72</imbalance_Price.amount>
				<imbalance_Price.category>A05</imbalance_Price.category>
			</Point>
			<Point>
				<position>19</position>
				<imbalance_Price.amount>549.66</imbalance_Price.amount>
				<imbalance_Price.category>A05</imbalance_Price.category>
			</Point>
			<Point>
				<position>20</position>
				<imbalance_Price.amount>538.67</imbalance_Price.amount>
				<imbalance_Price.category>A05</imbalance_Price.category>
			</Point>
			<Point>
				<position>21</position>
				<imbalance_Price.amount>549.90</imbalance_Price.amount>
				<imbalance_Price.category>A05</imbalance_Price.category>
			</Point>
			<Point>
				<position>22</position>
				<imbalance_Price.amount>549.33</imbalance_Price.amount>
				<imbalance_Price.category>A05</imbalance_Price.category>
			</Point>
			<Point>
				<position>23</position>
				<imbalance_Price.amount>190.00</imbalance_Price.amount>
				<imbalance_Price.category>A05</imbalance_Price.category>
			</Point>
			<Point>
				<position>24</position>
				<imbalance_Price.amount>184.08</imbalance_Price.amount>
				<imbalance_Price.category>A05</imbalance_Price.category>
			</Point>
			<Point>
				<position>25</position>
				<imbalance_Price.amount>727.65</imbalance_Price.amount>
				<imbalance_Price.category>A05</imbalance_Price.category>
			</Point>
			<Point>
				<position>26</position>
				<imbalance_Price.amount>585.96</imbalance_Price.amount>
				<imbalance_Price.category>A05</imbalance_Price.category>
			</Point>
			<Point>
				<position>27</position>
				<imbalance_Price.amount>530.00</imbalance_Price.amount>
				<imbalance_Price.category>A05</imbalance_Price.category>
			</Point>
			<Point>
				<position>28</position>
				<imbalance_Price.amount>549.88</imbalance_Price.amount>
				<imbalance_Price.category>A05</imbalance_Price.category>
			</Point>
			<Point>
				<position>29</position>
				<imbalance_Price.amount>5787.46</imbalance_Price.amount>
				<imbalance_Price.category>A05</imbalance_Price.category>
			</Point>
			<Point>
				<position>30</position>
				<imbalance_Price.amount>3996.75</imbalance_Price.amount>
				<imbalance_Price.category>A05</imbalance_Price.category>
			</Point>
			<Point>
				<position>31</position>
				<imbalance_Price.amount>691.78</imbalance_Price.amount>
				<imbalance_Price.category>A05</imbalance_Price.category>
			</Point>
			<Point>
				<position>32</position>
				<imbalance_Price.amount>4131.24</imbalance_Price.amount>
				<imbalance_Price.category>A05</imbalance_Price.category>
			</Point>
			<Point>
				<position>33</position>
				<imbalance_Price.amount>6261.18</imbalance_Price.amount>
				<imbalance_Price.category>A05</imbalance_Price.category>
			</Point>
			<Point>
				<position>34</position>
				<imbalance_Price.amount>648.34</imbalance_Price.amount>
				<imbalance_Price.category>A05</imbalance_Price.category>
			</Point>
			<Point>
				<position>35</position>
				<imbalance_Price.amount>520.35</imbalance_Price.amount>
				<imbalance_Price.category>A05</imbalance_Price.category>
			</Point>
			<Point>
				<position>36</position>
				<imbalance_Price.amount>513.24</imbalance_Price.amount>
				<imbalance_Price.category>A05</imbalance_Price.category>
			</Point>
			<Point>
				<position>37</position>
				<imbalance_Price.amount>644.98</imbalance_Price.amount>
				<imbalance_Price.category>A05</imbalance_Price.category>
			</Point>
			<Point>
				<position>38</position>
				<imbalance_Price.amount>537.73</imbalance_Price.amount>
				<imbalance_Price.category>A05</imbalance_Price.category>
			</Point>
			<Point>
				<position>39</position>
				<imbalance_Price.amount>0.00</imbalance_Price.amount>
				<imbalance_Price.category>A05</imbalance_Price.category>
			</Point>
			<Point>
				<position>40</position>
				<imbalance_Price.amount>186.82</imbalance_Price.amount>
				<imbalance_Price.category>A05</imbalance_Price.category>
			</Point>
			<Point>
				<position>41</position>
				<imbalance_Price.amount>518.60</imbalance_Price.amount>
				<imbalance_Price.category>A05</imbalance_Price.category>
			</Point>
			<Point>
				<position>42</position>
				<imbalance_Price.amount>520.01</imbalance_Price.amount>
				<imbalance_Price.category>A05</imbalance_Price.category>
			</Point>
			<Point>
				<position>43</position>
				<imbalance_Price.amount>518.60</imbalance_Price.amount>
				<imbalance_Price.category>A05</imbalance_Price.category>
			</Point>
			<Point>
				<position>44</position>
				<imbalance_Price.amount>518.60</imbalance_Price.amount>
				<imbalance_Price.category>A05</imbalance_Price.category>
			</Point>
			<Point>
				<position>45</position>
				<imbalance_Price.amount>1125.94</imbalance_Price.amount>
				<imbalance_Price.category>A05</imbalance_Price.category>
			</Point>
			<Point>
				<position>46</position>
				<imbalance_Price.amount>510.19</imbalance_Price.amount>
				<imbalance_Price.category>A05</imbalance_Price.category>
			</Point>
			<Point>
				<position>47</position>
				<imbalance_Price.amount>503.49</imbalance_Price.amount>
				<imbalance_Price.category>A05</imbalance_Price.category>
			</Point>
			<Point>
				<position>48</position>
				<imbalance_Price.amount>506.65</imbalance_Price.amount>
				<imbalance_Price.category>A05</imbalance_Price.category>
			</Point>
			<Point>
				<position>49</position>
				<imbalance_Price.amount>519.54</imbalance_Price.amount>
				<imbalance_Price.category>A05</imbalance_Price.category>
			</Point>
			<Point>
				<position>50</position>
				<imbalance_Price.amount>522.98</imbalance_Price.amount>
				<imbalance_Price.category>A05</imbalance_Price.category>
			</Point>
			<Point>
				<position>51</position>
				<imbalance_Price.amount>527.32</imbalance_Price.amount>
				<imbalance_Price.category>A05</imbalance_Price.category>
			</Point>
			<Point>
				<position>52</position>
				<imbalance_Price.amount>525.69</imbalance_Price.amount>
				<imbalance_Price.category>A05</imbalance_Price.category>
			</Point>
			<Point>
				<position>53</position>
				<imbalance_Price.amount>472.70</imbalance_Price.amount>
				<imbalance_Price.category>A05</imbalance_Price.category>
			</Point>
			<Point>
				<position>54</position>
				<imbalance_Price.amount>471.71</imbalance_Price.amount>
				<imbalance_Price.category>A05</imbalance_Price.category>
			</Point>
			<Point>
				<position>55</position>
				<imbalance_Price.amount>549.51</imbalance_Price.amount>
				<imbalance_Price.category>A05</imbalance_Price.category>
			</Point>
			<Point>
				<position>56</position>
				<imbalance_Price.amount>549.91</imbalance_Price.amount>
				<imbalance_Price.category>A05</imbalance_Price.category>
			</Point>
			<Point>
				<position>57</position>
				<imbalance_Price.amount>548.49</imbalance_Price.amount>
				<imbalance_Price.category>A05</imbalance_Price.category>
			</Point>
			<Point>
				<position>58</position>
				<imbalance_Price.amount>550.00</imbalance_Price.amount>
				<imbalance_Price.category>A05</imbalance_Price.category>
			</Point>
			<Point>
				<position>59</position>
				<imbalance_Price.amount>626.05</imbalance_Price.amount>
				<imbalance_Price.category>A05</imbalance_Price.category>
			</Point>
			<Point>
				<position>60</position>
				<imbalance_Price.amount>718.68</imbalance_Price.amount>
				<imbalance_Price.category>A05</imbalance_Price.category>
			</Point>
			<Point>
				<position>61</position>
				<imbalance_Price.amount>550.00</imbalance_Price.amount>
				<imbalance_Price.category>A05</imbalance_Price.category>
			</Point>
			<Point>
				<position>62</position>
				<imbalance_Price.amount>550.00</imbalance_Price.amount>
				<imbalance_Price.category>A05</imbalance_Price.category>
			</Point>
			<Point>
				<position>63</position>
				<imbalance_Price.amount>550.00</imbalance_Price.amount>
				<imbalance_Price.category>A05</imbalance_Price.category>
			</Point>
			<Point>
				<position>64</position>
				<imbalance_Price.amount>550.45</imbalance_Price.amount>
				<imbalance_Price.category>A05</imbalance_Price.category>
			</Point>
			<Point>
				<position>65</position>
				<imbalance_Price.amount>-1928.36</imbalance_Price.amount>
				<imbalance_Price.category>A05</imbalance_Price.category>
			</Point>
			<Point>
				<position>66</position>
				<imbalance_Price.amount>-13.43</imbalance_Price.amount>
				<imbalance_Price.category>A05</imbalance_Price.category>
			</Point>
			<Point>
				<position>67</position>
				<imbalance_Price.amount>861.48</imbalance_Price.amount>
				<imbalance_Price.category>A05</imbalance_Price.category>
			</Point>
			<Point>
				<position>68</position>
				<imbalance_Price.amount>3543.98</imbalance_Price.amount>
				<imbalance_Price.category>A05</imbalance_Price.category>
			</Point>
			<Point>
				<position>69</position>
				<imbalance_Price.amount>859.68</imbalance_Price.amount>
				<imbalance_Price.category>A05</imbalance_Price.category>
			</Point>
			<Point>
				<position>70</position>
				<imbalance_Price.amount>4158.50</imbalance_Price.amount>
				<imbalance_Price.category>A05</imbalance_Price.category>
			</Point>
			<Point>
				<position>71</position>
				<imbalance_Price.amount>4305.07</imbalance_Price.amount>
				<imbalance_Price.category>A05</imbalance_Price.category>
			</Point>
			<Point>
				<position>72</position>
				<imbalance_Price.amount>8001.00</imbalance_Price.amount>
				<imbalance_Price.category>A05</imbalance_Price.category>
			</Point>
			<Point>
				<position>73</position>
				<imbalance_Price.amount>6607.44</imbalance_Price.amount>
				<imbalance_Price.category>A05</imbalance_Price.category>
			</Point>
			<Point>
				<position>74</position>
				<imbalance_Price.amount>5226.36</imbalance_Price.amount>
				<imbalance_Price.category>A05</imbalance_Price.category>
			</Point>
			<Point>
				<position>75</position>
				<imbalance_Price.amount>5226.36</imbalance_Price.amount>
				<imbalance_Price.category>A05</imbalance_Price.category>
			</Point>
			<Point>
				<position>76</position>
				<imbalance_Price.amount>5226.36</imbalance_Price.amount>
				<imbalance_Price.category>A05</imbalance_Price.category>
			</Point>
			<Point>
				<position>77</position>
				<imbalance_Price.amount>1886.57</imbalance_Price.amount>
				<imbalance_Price.category>A05</imbalance_Price.category>
			</Point>
			<Point>
				<position>78</position>
				<imbalance_Price.amount>1055.62</imbalance_Price.amount>
				<imbalance_Price.category>A05</imbalance_Price.category>
			</Point>
			<Point>
				<position>79</position>
				<imbalance_Price.amount>1058.01</imbalance_Price.amount>
				<imbalance_Price.category>A05</imbalance_Price.category>
			</Point>
			<Point>
				<position>80</position>
				<imbalance_Price.amount>855.45</imbalance_Price.amount>
				<imbalance_Price.category>A05</imbalance_Price.category>
			</Point>
			<Point>
				<position>81</position>
				<imbalance_Price.amount>845.30</imbalance_Price.amount>
				<imbalance_Price.category>A05</imbalance_Price.category>
			</Point>
			<Point>
				<position>82</position>
				<imbalance_Price.amount>586.31</imbalance_Price.amount>
				<imbalance_Price.category>A05</imbalance_Price.category>
			</Point>
			<Point>
				<position>83</position>
				<imbalance_Price.amount>996.76</imbalance_Price.amount>
				<imbalance_Price.category>A05</imbalance_Price.category>
			</Point>
			<Point>
				<position>84</position>
				<imbalance_Price.amount>830.06</imbalance_Price.amount>
				<imbalance_Price.category>A05</imbalance_Price.category>
			</Point>
			<Point>
				<position>85</position>
				<imbalance_Price.amount>4342.19</imbalance_Price.amount>
				<imbalance_Price.category>A05</imbalance_Price.category>
			</Point>
			<Point>
				<position>86</position>
				<imbalance_Price.amount>550.00</imbalance_Price.amount>
				<imbalance_Price.category>A05</imbalance_Price.category>
			</Point>
			<Point>
				<position>87</position>
				<imbalance_Price.amount>5106.43</imbalance_Price.amount>
				<imbalance_Price.category>A05</imbalance_Price.category>
			</Point>
			<Point>
				<position>88</position>
				<imbalance_Price.amount>905.81</imbalance_Price.amount>
				<imbalance_Price.category>A05</imbalance_Price.category>
			</Point>
			<Point>
				<position>89</position>
				<imbalance_Price.amount>1025.44</imbalance_Price.amount>
				<imbalance_Price.category>A05</imbalance_Price.category>
			</Point>
			<Point>
				<position>90</position>
				<imbalance_Price.amount>618.64</imbalance_Price.amount>
				<imbalance_Price.category>A05</imbalance_Price.category>
			</Point>
			<Point>
				<position>91</position>
				<imbalance_Price.amount>809.69</imbalance_Price.amount>
				<imbalance_Price.category>A05</imbalance_Price.category>
			</Point>
			<Point>
				<position>92</position>
				<imbalance_Price.amount>550.00</imbalance_Price.amount>
				<imbalance_Price.category>A05</imbalance_Price.category>
			</Point>
		</Period>
	</TimeSeries>
	<TimeSeries>
		<mRID>3</mRID>
		<businessType>A19</businessType>
		<currency_Unit.name>RON</currency_Unit.name>
		<price_Measure_Unit.name>MWH</price_Measure_Unit.name>
		<curveType>A01</curveType>
		<Period>
			<timeInterval>
				<start>2025-03-23T22:00Z</start>
				<end>2025-03-24T05:15Z</end>
			</timeInterval>
			<resolution>PT15M</resolution>
			<Point>
				<position>1</position>
				<imbalance_Price.amount>395.91</imbalance_Price.amount>
				<imbalance_Price.category>A04</imbalance_Price.category>
			</Point>
			<Point>
				<position>2</position>
				<imbalance_Price.amount>395.93</imbalance_Price.amount>
				<imbalance_Price.category>A04</imbalance_Price.category>
			</Point>
			<Point>
				<position>3</position>
				<imbalance_Price.amount>395.74</imbalance_Price.amount>
				<imbalance_Price.category>A04</imbalance_Price.category>
			</Point>
			<Point>
				<position>4</position>
				<imbalance_Price.amount>1069.32</imbalance_Price.amount>
				<imbalance_Price.category>A04</imbalance_Price.category>
			</Point>
			<Point>
				<position>5</position>
				<imbalance_Price.amount>294.13</imbalance_Price.amount>
				<imbalance_Price.category>A04</imbalance_Price.category>
			</Point>
			<Point>
				<position>6</position>
				<imbalance_Price.amount>229.75</imbalance_Price.amount>
				<imbalance_Price.category>A04</imbalance_Price.category>
			</Point>
			<Point>
				<position>7</position>
				<imbalance_Price.amount>295.31</imbalance_Price.amount>
				<imbalance_Price.category>A04</imbalance_Price.category>
			</Point>
			<Point>
				<position>8</position>
				<imbalance_Price.amount>396.56</imbalance_Price.amount>
				<imbalance_Price.category>A04</imbalance_Price.category>
			</Point>
			<Point>
				<position>9</position>
				<imbalance_Price.amount>270.58</imbalance_Price.amount>
				<imbalance_Price.category>A04</imbalance_Price.category>
			</Point>
			<Point>
				<position>10</position>
				<imbalance_Price.amount>297.29</imbalance_Price.amount>
				<imbalance_Price.category>A04</imbalance_Price.category>
			</Point>
			<Point>
				<position>11</position>
				<imbalance_Price.amount>0.00</imbalance_Price.amount>
				<imbalance_Price.category>A04</imbalance_Price.category>
			</Point>
			<Point>
				<position>12</position>
				<imbalance_Price.amount>400.00</imbalance_Price.amount>
				<imbalance_Price.category>A04</imbalance_Price.category>
			</Point>
			<Point>
				<position>13</position>
				<imbalance_Price.amount>990.57</imbalance_Price.amount>
				<imbalance_Price.category>A04</imbalance_Price.category>
			</Point>
			<Point>
				<position>14</position>
				<imbalance_Price.amount>1336.06</imbalance_Price.amount>
				<imbalance_Price.category>A04</imbalance_Price.category>
			</Point>
			<Point>
				<position>15</position>
				<imbalance_Price.amount>2767.04</imbalance_Price.amount>
				<imbalance_Price.category>A04</imbalance_Price.category>
			</Point>
			<Point>
				<position>16</position>
				<imbalance_Price.amount>390.00</imbalance_Price.amount>
				<imbalance_Price.category>A04</imbalance_Price.category>
			</Point>
			<Point>
				<position>17</position>
				<imbalance_Price.amount>400.00</imbalance_Price.amount>
				<imbalance_Price.category>A04</imbalance_Price.category>
			</Point>
			<Point>
				<position>18</position>
				<imbalance_Price.amount>1208.23</imbalance_Price.amount>
				<imbalance_Price.category>A04</imbalance_Price.category>
			</Point>
			<Point>
				<position>19</position>
				<imbalance_Price.amount>5924.32</imbalance_Price.amount>
				<imbalance_Price.category>A04</imbalance_Price.category>
			</Point>
			<Point>
				<position>20</position>
				<imbalance_Price.amount>5436.98</imbalance_Price.amount>
				<imbalance_Price.category>A04</imbalance_Price.category>
			</Point>
			<Point>
				<position>21</position>
				<imbalance_Price.amount>277.21</imbalance_Price.amount>
				<imbalance_Price.category>A04</imbalance_Price.category>
			</Point>
			<Point>
				<position>22</position>
				<imbalance_Price.amount>255.74</imbalance_Price.amount>
				<imbalance_Price.category>A04</imbalance_Price.category>
			</Point>
			<Point>
				<position>23</position>
				<imbalance_Price.amount>201.81</imbalance_Price.amount>
				<imbalance_Price.category>A04</imbalance_Price.category>
			</Point>
			<Point>
				<position>24</position>
				<imbalance_Price.amount>115.65</imbalance_Price.amount>
				<imbalance_Price.category>A04</imbalance_Price.category>
			</Point>
			<Point>
				<position>25</position>
				<imbalance_Price.amount>-4368.95</imbalance_Price.amount>
				<imbalance_Price.category>A04</imbalance_Price.category>
			</Point>
			<Point>
				<position>26</position>
				<imbalance_Price.amount>-3658.46</imbalance_Price.amount>
				<imbalance_Price.category>A04</imbalance_Price.category>
			</Point>
			<Point>
				<position>27</position>
				<imbalance_Price.amount>-1700.31</imbalance_Price.amount>
				<imbalance_Price.category>A04</imbalance_Price.category>
			</Point>
			<Point>
				<position>28</position>
				<imbalance_Price.amount>198.16</imbalance_Price.amount>
				<imbalance_Price.category>A04</imbalance_Price.category>
			</Point>
			<Point>
				<position>29</position>
				<imbalance_Price.amount>-1322.78</imbalance_Price.amount>
				<imbalance_Price.category>A04</imbalance_Price.category>
			</Point>
		</Period>
	</TimeSeries>
	<TimeSeries>
		<mRID>4</mRID>
		<businessType>A19</businessType>
		<currency_Unit.name>RON</currency_Unit.name>
		<price_Measure_Unit.name>MWH</price_Measure_Unit.name>
		<curveType>A01</curveType>
		<Period>
			<timeInterval>
				<start>2025-03-23T22:00Z</start>
				<end>2025-03-24T05:15Z</end>
			</timeInterval>
			<resolution>PT15M</resolution>
			<Point>
				<position>1</position>
				<imbalance_Price.amount>742.36</imbalance_Price.amount>
				<imbalance_Price.category>A05</imbalance_Price.category>
			</Point>
			<Point>
				<position>2</position>
				<imbalance_Price.amount>744.00</imbalance_Price.amount>
				<imbalance_Price.category>A05</imbalance_Price.category>
			</Point>
			<Point>
				<position>3</position>
				<imbalance_Price.amount>744.00</imbalance_Price.amount>
				<imbalance_Price.category>A05</imbalance_Price.category>
			</Point>
			<Point>
				<position>4</position>
				<imbalance_Price.amount>1069.32</imbalance_Price.amount>
				<imbalance_Price.category>A05</imbalance_Price.category>
			</Point>
			<Point>
				<position>5</position>
				<imbalance_Price.amount>744.00</imbalance_Price.amount>
				<imbalance_Price.category>A05</imbalance_Price.category>
			</Point>
			<Point>
				<position>6</position>
				<imbalance_Price.amount>229.75</imbalance_Price.amount>
				<imbalance_Price.category>A05</imbalance_Price.category>
			</Point>
			<Point>
				<position>7</position>
				<imbalance_Price.amount>295.31</imbalance_Price.amount>
				<imbalance_Price.category>A05</imbalance_Price.category>
			</Point>
			<Point>
				<position>8</position>
				<imbalance_Price.amount>744.00</imbalance_Price.amount>
				<imbalance_Price.category>A05</imbalance_Price.category>
			</Point>
			<Point>
				<position>9</position>
				<imbalance_Price.amount>270.58</imbalance_Price.amount>
				<imbalance_Price.category>A05</imbalance_Price.category>
			</Point>
			<Point>
				<position>10</position>
				<imbalance_Price.amount>297.29</imbalance_Price.amount>
				<imbalance_Price.category>A05</imbalance_Price.category>
			</Point>
			<Point>
				<position>11</position>
				<imbalance_Price.amount>746.30</imbalance_Price.amount>
				<imbalance_Price.category>A05</imbalance_Price.category>
			</Point>
			<Point>
				<position>12</position>
				<imbalance_Price.amount>885.19</imbalance_Price.amount>
				<imbalance_Price.category>A05</imbalance_Price.category>
			</Point>
			<Point>
				<position>13</position>
				<imbalance_Price.amount>990.57</imbalance_Price.amount>
				<imbalance_Price.category>A05</imbalance_Price.category>
			</Point>
			<Point>
				<position>14</position>
				<imbalance_Price.amount>1336.06</imbalance_Price.amount>
				<imbalance_Price.category>A05</imbalance_Price.category>
			</Point>
			<Point>
				<position>15</position>
				<imbalance_Price.amount>2767.04</imbalance_Price.amount>
				<imbalance_Price.category>A05</imbalance_Price.category>
			</Point>
			<Point>
				<position>16</position>
				<imbalance_Price.amount>3396.52</imbalance_Price.amount>
				<imbalance_Price.category>A05</imbalance_Price.category>
			</Point>
			<Point>
				<position>17</position>
				<imbalance_Price.amount>961.44</imbalance_Price.amount>
				<imbalance_Price.category>A05</imbalance_Price.category>
			</Point>
			<Point>
				<position>18</position>
				<imbalance_Price.amount>1208.23</imbalance_Price.amount>
				<imbalance_Price.category>A05</imbalance_Price.category>
			</Point>
			<Point>
				<position>19</position>
				<imbalance_Price.amount>5924.32</imbalance_Price.amount>
				<imbalance_Price.category>A05</imbalance_Price.category>
			</Point>
			<Point>
				<position>20</position>
				<imbalance_Price.amount>5436.98</imbalance_Price.amount>
				<imbalance_Price.category>A05</imbalance_Price.category>
			</Point>
			<Point>
				<position>21</position>
				<imbalance_Price.amount>277.21</imbalance_Price.amount>
				<imbalance_Price.category>A05</imbalance_Price.category>
			</Point>
			<Point>
				<position>22</position>
				<imbalance_Price.amount>255.74</imbalance_Price.amount>
				<imbalance_Price.category>A05</imbalance_Price.category>
			</Point>
			<Point>
				<position>23</position>
				<imbalance_Price.amount>201.81</imbalance_Price.amount>
				<imbalance_Price.category>A05</imbalance_Price.category>
			</Point>
			<Point>
				<position>24</position>
				<imbalance_Price.amount>115.65</imbalance_Price.amount>
				<imbalance_Price.category>A05</imbalance_Price.category>
			</Point>
			<Point>
				<position>25</position>
				<imbalance_Price.amount>-4368.95</imbalance_Price.amount>
				<imbalance_Price.category>A05</imbalance_Price.category>
			</Point>
			<Point>
				<position>26</position>
				<imbalance_Price.amount>-3658.46</imbalance_Price.amount>
				<imbalance_Price.category>A05</imbalance_Price.category>
			</Point>
			<Point>
				<position>27</position>
				<imbalance_Price.amount>-1700.31</imbalance_Price.amount>
				<imbalance_Price.category>A05</imbalance_Price.category>
			</Point>
			<Point>
				<position>28</position>
				<imbalance_Price.amount>198.16</imbalance_Price.amount>
				<imbalance_Price.category>A05</imbalance_Price.category>
			</Point>
			<Point>
				<position>29</position>
				<imbalance_Price.amount>-1322.78</imbalance_Price.amount>
				<imbalance_Price.category>A05</imbalance_Price.category>
			</Point>
		</Period>
	</TimeSeries>
</Balancing_MarketDocument>
