<?xml version="1.0" encoding="UTF-8"?>
  <Balancing_MarketDocument xmlns="urn:iec62325.351:tc57wg16:451-6:balancingdocument:3:0">
    <mRID>a6bbb141c2984fe5873565482bafc819</mRID>
    <revisionNumber>1</revisionNumber>
    <type>A86</type>
    <process.processType>A16</process.processType>
    <sender_MarketParticipant.mRID codingScheme="A01">10X1001A1001A450</sender_MarketParticipant.mRID>
    <sender_MarketParticipant.marketRole.type>A32</sender_MarketParticipant.marketRole.type>
    <receiver_MarketParticipant.mRID codingScheme="A01">10X1001A1001A450</receiver_MarketParticipant.mRID>
    <receiver_MarketParticipant.marketRole.type>A33</receiver_MarketParticipant.marketRole.type>
    <createdDateTime>2025-11-08T06:41:37Z</createdDateTime>
    <controlArea_Domain.mRID codingScheme="A01">10YRO-TEL------P</controlArea_Domain.mRID>
    <period.timeInterval>
      <start>2025-11-06T23:00Z</start>
      <end>2025-11-08T06:30Z</end>
    </period.timeInterval>
      <TimeSeries>
        <mRID>1</mRID>
        <businessType>A19</businessType>
        <flowDirection.direction>A01</flowDirection.direction>
        <quantity_Measure_Unit.name>MWH</quantity_Measure_Unit.name>
        <curveType>A03</curveType>
          <Period>
            <timeInterval>
              <start>2025-11-06T23:00Z</start>
              <end>2025-11-06T23:45Z</end>
            </timeInterval>
            <resolution>PT15M</resolution>
              <Point>
                <position>1</position>
                <quantity>28.449</quantity>
              </Point>
              <Point>
                <position>2</position>
                <quantity>21.973</quantity>
              </Point>
              <Point>
                <position>3</position>
                <quantity>4.684</quantity>
              </Point>
          </Period>
          <Period>
            <timeInterval>
              <start>2025-11-07T00:00Z</start>
              <end>2025-11-07T00:15Z</end>
            </timeInterval>
            <resolution>PT15M</resolution>
              <Point>
                <position>1</position>
                <quantity>9.097</quantity>
              </Point>
          </Period>
          <Period>
            <timeInterval>
              <start>2025-11-07T05:00Z</start>
              <end>2025-11-07T05:30Z</end>
            </timeInterval>
            <resolution>PT15M</resolution>
              <Point>
                <position>1</position>
                <quantity>48.075</quantity>
              </Point>
              <Point>
                <position>2</position>
                <quantity>29.108</quantity>
              </Point>
          </Period>
          <Period>
            <timeInterval>
              <start>2025-11-07T06:00Z</start>
              <end>2025-11-07T08:00Z</end>
            </timeInterval>
            <resolution>PT15M</resolution>
              <Point>
                <position>1</position>
                <quantity>4.828</quantity>
              </Point>
              <Point>
                <position>2</position>
                <quantity>13.987</quantity>
              </Point>
              <Point>
                <position>3</position>
                <quantity>29.408</quantity>
              </Point>
              <Point>
                <position>4</position>
                <quantity>33.819</quantity>
              </Point>
              <Point>
                <position>5</position>
                <quantity>56.366</quantity>
              </Point>
              <Point>
                <position>6</position>
                <quantity>48.583</quantity>
              </Point>
              <Point>
                <position>7</position>
                <quantity>24.034</quantity>
              </Point>
              <Point>
                <position>8</position>
                <quantity>15.338</quantity>
              </Point>
          </Period>
          <Period>
            <timeInterval>
              <start>2025-11-07T08:30Z</start>
              <end>2025-11-07T09:30Z</end>
            </timeInterval>
            <resolution>PT15M</resolution>
              <Point>
                <position>1</position>
                <quantity>14.044</quantity>
              </Point>
              <Point>
                <position>2</position>
                <quantity>5.344</quantity>
              </Point>
              <Point>
                <position>3</position>
                <quantity>18.223</quantity>
              </Point>
              <Point>
                <position>4</position>
                <quantity>25.544</quantity>
              </Point>
          </Period>
          <Period>
            <timeInterval>
              <start>2025-11-07T09:45Z</start>
              <end>2025-11-07T10:15Z</end>
            </timeInterval>
            <resolution>PT15M</resolution>
              <Point>
                <position>1</position>
                <quantity>19.31</quantity>
              </Point>
              <Point>
                <position>2</position>
                <quantity>1.518</quantity>
              </Point>
          </Period>
          <Period>
            <timeInterval>
              <start>2025-11-07T12:00Z</start>
              <end>2025-11-07T12:45Z</end>
            </timeInterval>
            <resolution>PT15M</resolution>
              <Point>
                <position>1</position>
                <quantity>17.955</quantity>
              </Point>
              <Point>
                <position>2</position>
                <quantity>21.028</quantity>
              </Point>
              <Point>
                <position>3</position>
                <quantity>7.379</quantity>
              </Point>
          </Period>
          <Period>
            <timeInterval>
              <start>2025-11-07T13:00Z</start>
              <end>2025-11-07T13:45Z</end>
            </timeInterval>
            <resolution>PT15M</resolution>
              <Point>
                <position>1</position>
                <quantity>64.603</quantity>
              </Point>
              <Point>
                <position>2</position>
                <quantity>47.882</quantity>
              </Point>
              <Point>
                <position>3</position>
                <quantity>25.299</quantity>
              </Point>
          </Period>
          <Period>
            <timeInterval>
              <start>2025-11-07T14:00Z</start>
              <end>2025-11-07T14:30Z</end>
            </timeInterval>
            <resolution>PT15M</resolution>
              <Point>
                <position>1</position>
                <quantity>3.619</quantity>
              </Point>
              <Point>
                <position>2</position>
                <quantity>31.041</quantity>
              </Point>
          </Period>
          <Period>
            <timeInterval>
              <start>2025-11-07T16:45Z</start>
              <end>2025-11-07T19:15Z</end>
            </timeInterval>
            <resolution>PT15M</resolution>
              <Point>
                <position>1</position>
                <quantity>13.042</quantity>
              </Point>
              <Point>
                <position>2</position>
                <quantity>86.913</quantity>
              </Point>
              <Point>
                <position>3</position>
                <quantity>94.549</quantity>
              </Point>
              <Point>
                <position>4</position>
                <quantity>89.388</quantity>
              </Point>
              <Point>
                <position>5</position>
                <quantity>74.531</quantity>
              </Point>
              <Point>
                <position>6</position>
                <quantity>108.567</quantity>
              </Point>
              <Point>
                <position>7</position>
                <quantity>75.891</quantity>
              </Point>
              <Point>
                <position>8</position>
                <quantity>67.994</quantity>
              </Point>
              <Point>
                <position>9</position>
                <quantity>19.444</quantity>
              </Point>
              <Point>
                <position>10</position>
                <quantity>2.764</quantity>
              </Point>
          </Period>
          <Period>
            <timeInterval>
              <start>2025-11-07T20:00Z</start>
              <end>2025-11-07T23:00Z</end>
            </timeInterval>
            <resolution>PT15M</resolution>
              <Point>
                <position>1</position>
                <quantity>24.207</quantity>
              </Point>
              <Point>
                <position>2</position>
                <quantity>22.234</quantity>
              </Point>
              <Point>
                <position>3</position>
                <quantity>44.731</quantity>
              </Point>
              <Point>
                <position>4</position>
                <quantity>44.396</quantity>
              </Point>
              <Point>
                <position>5</position>
                <quantity>39.697</quantity>
              </Point>
              <Point>
                <position>6</position>
                <quantity>42.68</quantity>
              </Point>
              <Point>
                <position>7</position>
                <quantity>67.346</quantity>
              </Point>
              <Point>
                <position>8</position>
                <quantity>52.002</quantity>
              </Point>
              <Point>
                <position>9</position>
                <quantity>54.971</quantity>
              </Point>
              <Point>
                <position>10</position>
                <quantity>43.221</quantity>
              </Point>
              <Point>
                <position>11</position>
                <quantity>35.531</quantity>
              </Point>
              <Point>
                <position>12</position>
                <quantity>43.586</quantity>
              </Point>
          </Period>
          <Period>
            <timeInterval>
              <start>2025-11-08T00:45Z</start>
              <end>2025-11-08T01:30Z</end>
            </timeInterval>
            <resolution>PT15M</resolution>
              <Point>
                <position>1</position>
                <quantity>4.39</quantity>
              </Point>
              <Point>
                <position>2</position>
                <quantity>8.646</quantity>
              </Point>
              <Point>
                <position>3</position>
                <quantity>20.415</quantity>
              </Point>
          </Period>
          <Period>
            <timeInterval>
              <start>2025-11-08T01:45Z</start>
              <end>2025-11-08T06:30Z</end>
            </timeInterval>
            <resolution>PT15M</resolution>
              <Point>
                <position>1</position>
                <quantity>9.309</quantity>
              </Point>
              <Point>
                <position>2</position>
                <quantity>12.886</quantity>
              </Point>
              <Point>
                <position>3</position>
                <quantity>41.596</quantity>
              </Point>
              <Point>
                <position>4</position>
                <quantity>33.623</quantity>
              </Point>
              <Point>
                <position>5</position>
                <quantity>38.986</quantity>
              </Point>
              <Point>
                <position>6</position>
                <quantity>47.071</quantity>
              </Point>
              <Point>
                <position>7</position>
                <quantity>36.499</quantity>
              </Point>
              <Point>
                <position>8</position>
                <quantity>38.402</quantity>
              </Point>
              <Point>
                <position>9</position>
                <quantity>23.623</quantity>
              </Point>
              <Point>
                <position>10</position>
                <quantity>76.161</quantity>
              </Point>
              <Point>
                <position>11</position>
                <quantity>87.852</quantity>
              </Point>
              <Point>
                <position>12</position>
                <quantity>95.699</quantity>
              </Point>
              <Point>
                <position>13</position>
                <quantity>78.739</quantity>
              </Point>
              <Point>
                <position>14</position>
                <quantity>149.258</quantity>
              </Point>
              <Point>
                <position>15</position>
                <quantity>117.763</quantity>
              </Point>
              <Point>
                <position>16</position>
                <quantity>102.796</quantity>
              </Point>
              <Point>
                <position>17</position>
                <quantity>89.392</quantity>
              </Point>
              <Point>
                <position>18</position>
                <quantity>96.524</quantity>
              </Point>
              <Point>
                <position>19</position>
                <quantity>107.262</quantity>
              </Point>
          </Period>
      </TimeSeries>
      <TimeSeries>
        <mRID>2</mRID>
        <businessType>A19</businessType>
        <flowDirection.direction>A02</flowDirection.direction>
        <quantity_Measure_Unit.name>MWH</quantity_Measure_Unit.name>
        <curveType>A03</curveType>
          <Period>
            <timeInterval>
              <start>2025-11-06T23:45Z</start>
              <end>2025-11-07T00:00Z</end>
            </timeInterval>
            <resolution>PT15M</resolution>
              <Point>
                <position>1</position>
                <quantity>28.395</quantity>
              </Point>
          </Period>
          <Period>
            <timeInterval>
              <start>2025-11-07T00:15Z</start>
              <end>2025-11-07T05:00Z</end>
            </timeInterval>
            <resolution>PT15M</resolution>
              <Point>
                <position>1</position>
                <quantity>55.765</quantity>
              </Point>
              <Point>
                <position>2</position>
                <quantity>91.464</quantity>
              </Point>
              <Point>
                <position>3</position>
                <quantity>155.566</quantity>
              </Point>
              <Point>
                <position>4</position>
                <quantity>129.762</quantity>
              </Point>
              <Point>
                <position>5</position>
                <quantity>125.949</quantity>
              </Point>
              <Point>
                <position>6</position>
                <quantity>102.913</quantity>
              </Point>
              <Point>
                <position>7</position>
                <quantity>117.49</quantity>
              </Point>
              <Point>
                <position>8</position>
                <quantity>110.752</quantity>
              </Point>
              <Point>
                <position>9</position>
                <quantity>114.071</quantity>
              </Point>
              <Point>
                <position>10</position>
                <quantity>180.459</quantity>
              </Point>
              <Point>
                <position>11</position>
                <quantity>141.69</quantity>
              </Point>
              <Point>
                <position>12</position>
                <quantity>82.492</quantity>
              </Point>
              <Point>
                <position>13</position>
                <quantity>69.371</quantity>
              </Point>
              <Point>
                <position>14</position>
                <quantity>95.497</quantity>
              </Point>
              <Point>
                <position>15</position>
                <quantity>52.698</quantity>
              </Point>
              <Point>
                <position>16</position>
                <quantity>0.983</quantity>
              </Point>
              <Point>
                <position>17</position>
                <quantity>5.054</quantity>
              </Point>
              <Point>
                <position>18</position>
                <quantity>20.946</quantity>
              </Point>
              <Point>
                <position>19</position>
                <quantity>27.431</quantity>
              </Point>
          </Period>
          <Period>
            <timeInterval>
              <start>2025-11-07T05:30Z</start>
              <end>2025-11-07T06:00Z</end>
            </timeInterval>
            <resolution>PT15M</resolution>
              <Point>
                <position>1</position>
                <quantity>21.257</quantity>
              </Point>
              <Point>
                <position>2</position>
                <quantity>19.227</quantity>
              </Point>
          </Period>
          <Period>
            <timeInterval>
              <start>2025-11-07T08:00Z</start>
              <end>2025-11-07T08:30Z</end>
            </timeInterval>
            <resolution>PT15M</resolution>
              <Point>
                <position>1</position>
                <quantity>12.387</quantity>
              </Point>
              <Point>
                <position>2</position>
                <quantity>20.973</quantity>
              </Point>
          </Period>
          <Period>
            <timeInterval>
              <start>2025-11-07T09:30Z</start>
              <end>2025-11-07T09:45Z</end>
            </timeInterval>
            <resolution>PT15M</resolution>
              <Point>
                <position>1</position>
                <quantity>1.144</quantity>
              </Point>
          </Period>
          <Period>
            <timeInterval>
              <start>2025-11-07T10:15Z</start>
              <end>2025-11-07T12:00Z</end>
            </timeInterval>
            <resolution>PT15M</resolution>
              <Point>
                <position>1</position>
                <quantity>30.25</quantity>
              </Point>
              <Point>
                <position>2</position>
                <quantity>12.488</quantity>
              </Point>
              <Point>
                <position>3</position>
                <quantity>9.367</quantity>
              </Point>
              <Point>
                <position>4</position>
                <quantity>21.328</quantity>
              </Point>
              <Point>
                <position>5</position>
                <quantity>39.432</quantity>
              </Point>
              <Point>
                <position>6</position>
                <quantity>38.843</quantity>
              </Point>
              <Point>
                <position>7</position>
                <quantity>72.288</quantity>
              </Point>
          </Period>
          <Period>
            <timeInterval>
              <start>2025-11-07T12:45Z</start>
              <end>2025-11-07T13:00Z</end>
            </timeInterval>
            <resolution>PT15M</resolution>
              <Point>
                <position>1</position>
                <quantity>1.32</quantity>
              </Point>
          </Period>
          <Period>
            <timeInterval>
              <start>2025-11-07T13:45Z</start>
              <end>2025-11-07T14:00Z</end>
            </timeInterval>
            <resolution>PT15M</resolution>
              <Point>
                <position>1</position>
                <quantity>7.402</quantity>
              </Point>
          </Period>
          <Period>
            <timeInterval>
              <start>2025-11-07T14:30Z</start>
              <end>2025-11-07T16:45Z</end>
            </timeInterval>
            <resolution>PT15M</resolution>
              <Point>
                <position>1</position>
                <quantity>15.345</quantity>
              </Point>
              <Point>
                <position>2</position>
                <quantity>36.592</quantity>
              </Point>
              <Point>
                <position>3</position>
                <quantity>15.248</quantity>
              </Point>
              <Point>
                <position>4</position>
                <quantity>58.802</quantity>
              </Point>
              <Point>
                <position>5</position>
                <quantity>55.472</quantity>
              </Point>
              <Point>
                <position>6</position>
                <quantity>44.039</quantity>
              </Point>
              <Point>
                <position>7</position>
                <quantity>53.004</quantity>
              </Point>
              <Point>
                <position>8</position>
                <quantity>47.819</quantity>
              </Point>
              <Point>
                <position>9</position>
                <quantity>28.692</quantity>
              </Point>
          </Period>
          <Period>
            <timeInterval>
              <start>2025-11-07T19:15Z</start>
              <end>2025-11-07T20:00Z</end>
            </timeInterval>
            <resolution>PT15M</resolution>
              <Point>
                <position>1</position>
                <quantity>48.654</quantity>
              </Point>
              <Point>
                <position>2</position>
                <quantity>16.111</quantity>
              </Point>
              <Point>
                <position>3</position>
                <quantity>20.086</quantity>
              </Point>
          </Period>
          <Period>
            <timeInterval>
              <start>2025-11-07T23:00Z</start>
              <end>2025-11-08T00:45Z</end>
            </timeInterval>
            <resolution>PT15M</resolution>
              <Point>
                <position>1</position>
                <quantity>12.958</quantity>
              </Point>
              <Point>
                <position>2</position>
                <quantity>15.995</quantity>
              </Point>
              <Point>
                <position>3</position>
                <quantity>36.845</quantity>
              </Point>
              <Point>
                <position>4</position>
                <quantity>24.459</quantity>
              </Point>
              <Point>
                <position>5</position>
                <quantity>26.255</quantity>
              </Point>
              <Point>
                <position>6</position>
                <quantity>34.718</quantity>
              </Point>
              <Point>
                <position>7</position>
                <quantity>13.731</quantity>
              </Point>
          </Period>
          <Period>
            <timeInterval>
              <start>2025-11-08T01:30Z</start>
              <end>2025-11-08T01:45Z</end>
            </timeInterval>
            <resolution>PT15M</resolution>
              <Point>
                <position>1</position>
                <quantity>1.482</quantity>
              </Point>
          </Period>
      </TimeSeries>
  </Balancing_MarketDocument>