<?xml version="1.0" encoding="UTF-8"?>
  <Balancing_MarketDocument xmlns="urn:iec62325.351:tc57wg16:451-6:balancingdocument:3:0">
    <mRID>afafc530eb33426dba2395aa662b7c8d</mRID>
    <revisionNumber>1</revisionNumber>
    <type>A86</type>
    <process.processType>A16</process.processType>
    <sender_MarketParticipant.mRID codingScheme="A01">10X1001A1001A450</sender_MarketParticipant.mRID>
    <sender_MarketParticipant.marketRole.type>A32</sender_MarketParticipant.marketRole.type>
    <receiver_MarketParticipant.mRID codingScheme="A01">10X1001A1001A450</receiver_MarketParticipant.mRID>
    <receiver_MarketParticipant.marketRole.type>A33</receiver_MarketParticipant.marketRole.type>
    <createdDateTime>2025-10-16T08:44:41Z</createdDateTime>
    <controlArea_Domain.mRID codingScheme="A01">10YRO-TEL------P</controlArea_Domain.mRID>
    <period.timeInterval>
      <start>2025-10-13T23:00Z</start>
      <end>2025-10-16T08:30Z</end>
    </period.timeInterval>
      <TimeSeries>
        <mRID>1</mRID>
        <businessType>A19</businessType>
        <flowDirection.direction>A02</flowDirection.direction>
        <quantity_Measure_Unit.name>MWH</quantity_Measure_Unit.name>
        <curveType>A03</curveType>
          <Period>
            <timeInterval>
              <start>2025-10-13T23:00Z</start>
              <end>2025-10-13T23:45Z</end>
            </timeInterval>
            <resolution>PT15M</resolution>
              <Point>
                <position>1</position>
                <quantity>6.57</quantity>
              </Point>
              <Point>
                <position>2</position>
                <quantity>14.2</quantity>
              </Point>
              <Point>
                <position>3</position>
                <quantity>9.57</quantity>
              </Point>
          </Period>
          <Period>
            <timeInterval>
              <start>2025-10-14T00:00Z</start>
              <end>2025-10-14T00:15Z</end>
            </timeInterval>
            <resolution>PT15M</resolution>
              <Point>
                <position>1</position>
                <quantity>3.29</quantity>
              </Point>
          </Period>
          <Period>
            <timeInterval>
              <start>2025-10-14T00:45Z</start>
              <end>2025-10-14T01:00Z</end>
            </timeInterval>
            <resolution>PT15M</resolution>
              <Point>
                <position>1</position>
                <quantity>13.12</quantity>
              </Point>
          </Period>
          <Period>
            <timeInterval>
              <start>2025-10-14T03:45Z</start>
              <end>2025-10-14T05:30Z</end>
            </timeInterval>
            <resolution>PT15M</resolution>
              <Point>
                <position>1</position>
                <quantity>41.74</quantity>
              </Point>
              <Point>
                <position>2</position>
                <quantity>18.03</quantity>
              </Point>
              <Point>
                <position>3</position>
                <quantity>45.79</quantity>
              </Point>
              <Point>
                <position>4</position>
                <quantity>46.74</quantity>
              </Point>
              <Point>
                <position>5</position>
                <quantity>75.68</quantity>
              </Point>
              <Point>
                <position>6</position>
                <quantity>24.92</quantity>
              </Point>
              <Point>
                <position>7</position>
                <quantity>7.63</quantity>
              </Point>
          </Period>
          <Period>
            <timeInterval>
              <start>2025-10-14T11:30Z</start>
              <end>2025-10-14T12:00Z</end>
            </timeInterval>
            <resolution>PT15M</resolution>
              <Point>
                <position>1</position>
                <quantity>5.52</quantity>
              </Point>
              <Point>
                <position>2</position>
                <quantity>35.12</quantity>
              </Point>
          </Period>
          <Period>
            <timeInterval>
              <start>2025-10-14T12:15Z</start>
              <end>2025-10-14T12:30Z</end>
            </timeInterval>
            <resolution>PT15M</resolution>
              <Point>
                <position>1</position>
                <quantity>2.826</quantity>
              </Point>
          </Period>
          <Period>
            <timeInterval>
              <start>2025-10-14T19:00Z</start>
              <end>2025-10-14T19:45Z</end>
            </timeInterval>
            <resolution>PT15M</resolution>
              <Point>
                <position>1</position>
                <quantity>0.174</quantity>
              </Point>
              <Point>
                <position>2</position>
                <quantity>15.206</quantity>
              </Point>
              <Point>
                <position>3</position>
                <quantity>13.68</quantity>
              </Point>
          </Period>
          <Period>
            <timeInterval>
              <start>2025-10-14T20:00Z</start>
              <end>2025-10-14T20:15Z</end>
            </timeInterval>
            <resolution>PT15M</resolution>
              <Point>
                <position>1</position>
                <quantity>6.712</quantity>
              </Point>
          </Period>
          <Period>
            <timeInterval>
              <start>2025-10-15T01:45Z</start>
              <end>2025-10-15T02:15Z</end>
            </timeInterval>
            <resolution>PT15M</resolution>
              <Point>
                <position>1</position>
                <quantity>2.669</quantity>
              </Point>
              <Point>
                <position>2</position>
                <quantity>1.084</quantity>
              </Point>
          </Period>
          <Period>
            <timeInterval>
              <start>2025-10-15T02:45Z</start>
              <end>2025-10-15T07:45Z</end>
            </timeInterval>
            <resolution>PT15M</resolution>
              <Point>
                <position>1</position>
                <quantity>18.665</quantity>
              </Point>
              <Point>
                <position>2</position>
                <quantity>1.302</quantity>
              </Point>
              <Point>
                <position>3</position>
                <quantity>36.574</quantity>
              </Point>
              <Point>
                <position>4</position>
                <quantity>45.02</quantity>
              </Point>
              <Point>
                <position>5</position>
                <quantity>39.896</quantity>
              </Point>
              <Point>
                <position>6</position>
                <quantity>18.62</quantity>
              </Point>
              <Point>
                <position>7</position>
                <quantity>57.263</quantity>
              </Point>
              <Point>
                <position>8</position>
                <quantity>55.64</quantity>
              </Point>
              <Point>
                <position>9</position>
                <quantity>76.861</quantity>
              </Point>
              <Point>
                <position>10</position>
                <quantity>44.499</quantity>
              </Point>
              <Point>
                <position>11</position>
                <quantity>61.873</quantity>
              </Point>
              <Point>
                <position>12</position>
                <quantity>68.883</quantity>
              </Point>
              <Point>
                <position>13</position>
                <quantity>57.162</quantity>
              </Point>
              <Point>
                <position>14</position>
                <quantity>70.277</quantity>
              </Point>
              <Point>
                <position>15</position>
                <quantity>37.537</quantity>
              </Point>
              <Point>
                <position>16</position>
                <quantity>21.519</quantity>
              </Point>
              <Point>
                <position>17</position>
                <quantity>30.054</quantity>
              </Point>
              <Point>
                <position>18</position>
                <quantity>26.184</quantity>
              </Point>
              <Point>
                <position>19</position>
                <quantity>26.278</quantity>
              </Point>
              <Point>
                <position>20</position>
                <quantity>15.599</quantity>
              </Point>
          </Period>
          <Period>
            <timeInterval>
              <start>2025-10-15T10:45Z</start>
              <end>2025-10-15T11:00Z</end>
            </timeInterval>
            <resolution>PT15M</resolution>
              <Point>
                <position>1</position>
                <quantity>6.575</quantity>
              </Point>
          </Period>
          <Period>
            <timeInterval>
              <start>2025-10-15T11:15Z</start>
              <end>2025-10-15T12:00Z</end>
            </timeInterval>
            <resolution>PT15M</resolution>
              <Point>
                <position>1</position>
                <quantity>6.391</quantity>
              </Point>
              <Point>
                <position>2</position>
                <quantity>24.415</quantity>
              </Point>
              <Point>
                <position>3</position>
                <quantity>12.496</quantity>
              </Point>
          </Period>
          <Period>
            <timeInterval>
              <start>2025-10-15T12:15Z</start>
              <end>2025-10-15T12:45Z</end>
            </timeInterval>
            <resolution>PT15M</resolution>
              <Point>
                <position>1</position>
                <quantity>2.597</quantity>
              </Point>
              <Point>
                <position>2</position>
                <quantity>13.118</quantity>
              </Point>
          </Period>
          <Period>
            <timeInterval>
              <start>2025-10-15T13:45Z</start>
              <end>2025-10-15T15:45Z</end>
            </timeInterval>
            <resolution>PT15M</resolution>
              <Point>
                <position>1</position>
                <quantity>8.324</quantity>
              </Point>
              <Point>
                <position>2</position>
                <quantity>0.772</quantity>
              </Point>
              <Point>
                <position>3</position>
                <quantity>16.896</quantity>
              </Point>
              <Point>
                <position>4</position>
                <quantity>36.141</quantity>
              </Point>
              <Point>
                <position>5</position>
                <quantity>48.807</quantity>
              </Point>
              <Point>
                <position>6</position>
                <quantity>43.514</quantity>
              </Point>
              <Point>
                <position>7</position>
                <quantity>46.958</quantity>
              </Point>
              <Point>
                <position>8</position>
                <quantity>56.236</quantity>
              </Point>
          </Period>
          <Period>
            <timeInterval>
              <start>2025-10-15T16:00Z</start>
              <end>2025-10-15T16:30Z</end>
            </timeInterval>
            <resolution>PT15M</resolution>
              <Point>
                <position>1</position>
                <quantity>23.031</quantity>
              </Point>
              <Point>
                <position>2</position>
                <quantity>1.409</quantity>
              </Point>
          </Period>
          <Period>
            <timeInterval>
              <start>2025-10-15T16:45Z</start>
              <end>2025-10-15T18:00Z</end>
            </timeInterval>
            <resolution>PT15M</resolution>
              <Point>
                <position>1</position>
                <quantity>14.954</quantity>
              </Point>
              <Point>
                <position>2</position>
                <quantity>22.524</quantity>
              </Point>
              <Point>
                <position>3</position>
                <quantity>6.91</quantity>
              </Point>
              <Point>
                <position>4</position>
                <quantity>6.279</quantity>
              </Point>
              <Point>
                <position>5</position>
                <quantity>1.978</quantity>
              </Point>
          </Period>
          <Period>
            <timeInterval>
              <start>2025-10-15T21:00Z</start>
              <end>2025-10-16T03:00Z</end>
            </timeInterval>
            <resolution>PT15M</resolution>
              <Point>
                <position>1</position>
                <quantity>3.071</quantity>
              </Point>
              <Point>
                <position>2</position>
                <quantity>23.128</quantity>
              </Point>
              <Point>
                <position>3</position>
                <quantity>23.863</quantity>
              </Point>
              <Point>
                <position>4</position>
                <quantity>21.273</quantity>
              </Point>
              <Point>
                <position>5</position>
                <quantity>54.642</quantity>
              </Point>
              <Point>
                <position>6</position>
                <quantity>36.103</quantity>
              </Point>
              <Point>
                <position>7</position>
                <quantity>69.652</quantity>
              </Point>
              <Point>
                <position>8</position>
                <quantity>52.454</quantity>
              </Point>
              <Point>
                <position>9</position>
                <quantity>71.41</quantity>
              </Point>
              <Point>
                <position>10</position>
                <quantity>37.912</quantity>
              </Point>
              <Point>
                <position>11</position>
                <quantity>31.626</quantity>
              </Point>
              <Point>
                <position>12</position>
                <quantity>21.568</quantity>
              </Point>
              <Point>
                <position>13</position>
                <quantity>7.681</quantity>
              </Point>
              <Point>
                <position>14</position>
                <quantity>18.237</quantity>
              </Point>
              <Point>
                <position>15</position>
                <quantity>30.995</quantity>
              </Point>
              <Point>
                <position>16</position>
                <quantity>42.659</quantity>
              </Point>
              <Point>
                <position>17</position>
                <quantity>23.299</quantity>
              </Point>
              <Point>
                <position>18</position>
                <quantity>45.213</quantity>
              </Point>
              <Point>
                <position>19</position>
                <quantity>36.504</quantity>
              </Point>
              <Point>
                <position>20</position>
                <quantity>51.312</quantity>
              </Point>
              <Point>
                <position>21</position>
                <quantity>19.317</quantity>
              </Point>
              <Point>
                <position>22</position>
                <quantity>46.81</quantity>
              </Point>
              <Point>
                <position>23</position>
                <quantity>42.277</quantity>
              </Point>
              <Point>
                <position>24</position>
                <quantity>49.014</quantity>
              </Point>
          </Period>
          <Period>
            <timeInterval>
              <start>2025-10-16T03:15Z</start>
              <end>2025-10-16T08:30Z</end>
            </timeInterval>
            <resolution>PT15M</resolution>
              <Point>
                <position>1</position>
                <quantity>20.331</quantity>
              </Point>
              <Point>
                <position>2</position>
                <quantity>30.795</quantity>
              </Point>
              <Point>
                <position>3</position>
                <quantity>64.145</quantity>
              </Point>
              <Point>
                <position>4</position>
                <quantity>41.893</quantity>
              </Point>
              <Point>
                <position>5</position>
                <quantity>61.986</quantity>
              </Point>
              <Point>
                <position>6</position>
                <quantity>95.255</quantity>
              </Point>
              <Point>
                <position>7</position>
                <quantity>88.942</quantity>
              </Point>
              <Point>
                <position>8</position>
                <quantity>126.084</quantity>
              </Point>
              <Point>
                <position>9</position>
                <quantity>111.424</quantity>
              </Point>
              <Point>
                <position>10</position>
                <quantity>128.747</quantity>
              </Point>
              <Point>
                <position>11</position>
                <quantity>98.097</quantity>
              </Point>
              <Point>
                <position>12</position>
                <quantity>162.511</quantity>
              </Point>
              <Point>
                <position>13</position>
                <quantity>111.448</quantity>
              </Point>
              <Point>
                <position>14</position>
                <quantity>98.196</quantity>
              </Point>
              <Point>
                <position>15</position>
                <quantity>87.623</quantity>
              </Point>
              <Point>
                <position>16</position>
                <quantity>155.315</quantity>
              </Point>
              <Point>
                <position>17</position>
                <quantity>158.539</quantity>
              </Point>
              <Point>
                <position>18</position>
                <quantity>121.01</quantity>
              </Point>
              <Point>
                <position>19</position>
                <quantity>124.215</quantity>
              </Point>
              <Point>
                <position>20</position>
                <quantity>171.919</quantity>
              </Point>
              <Point>
                <position>21</position>
                <quantity>144.218</quantity>
              </Point>
          </Period>
      </TimeSeries>
      <TimeSeries>
        <mRID>2</mRID>
        <businessType>A19</businessType>
        <flowDirection.direction>A01</flowDirection.direction>
        <quantity_Measure_Unit.name>MWH</quantity_Measure_Unit.name>
        <curveType>A03</curveType>
          <Period>
            <timeInterval>
              <start>2025-10-13T23:45Z</start>
              <end>2025-10-14T00:00Z</end>
            </timeInterval>
            <resolution>PT15M</resolution>
              <Point>
                <position>1</position>
                <quantity>7.34</quantity>
              </Point>
          </Period>
          <Period>
            <timeInterval>
              <start>2025-10-14T00:15Z</start>
              <end>2025-10-14T00:45Z</end>
            </timeInterval>
            <resolution>PT15M</resolution>
              <Point>
                <position>1</position>
                <quantity>29.67</quantity>
              </Point>
              <Point>
                <position>2</position>
                <quantity>7.06</quantity>
              </Point>
          </Period>
          <Period>
            <timeInterval>
              <start>2025-10-14T01:00Z</start>
              <end>2025-10-14T03:45Z</end>
            </timeInterval>
            <resolution>PT15M</resolution>
              <Point>
                <position>1</position>
                <quantity>1.71</quantity>
              </Point>
              <Point>
                <position>2</position>
                <quantity>31.86</quantity>
              </Point>
              <Point>
                <position>3</position>
                <quantity>26.41</quantity>
              </Point>
              <Point>
                <position>4</position>
                <quantity>30.89</quantity>
              </Point>
              <Point>
                <position>5</position>
                <quantity>22.34</quantity>
              </Point>
              <Point>
                <position>6</position>
                <quantity>5.8</quantity>
              </Point>
              <Point>
                <position>7</position>
                <quantity>8.81</quantity>
              </Point>
              <Point>
                <position>8</position>
                <quantity>20.24</quantity>
              </Point>
              <Point>
                <position>9</position>
                <quantity>56.05</quantity>
              </Point>
              <Point>
                <position>10</position>
                <quantity>19.68</quantity>
              </Point>
              <Point>
                <position>11</position>
                <quantity>5.92</quantity>
              </Point>
          </Period>
          <Period>
            <timeInterval>
              <start>2025-10-14T05:30Z</start>
              <end>2025-10-14T11:30Z</end>
            </timeInterval>
            <resolution>PT15M</resolution>
              <Point>
                <position>1</position>
                <quantity>7.75</quantity>
              </Point>
              <Point>
                <position>2</position>
                <quantity>38.7</quantity>
              </Point>
              <Point>
                <position>3</position>
                <quantity>0</quantity>
              </Point>
              <Point>
                <position>4</position>
                <quantity>20.67</quantity>
              </Point>
              <Point>
                <position>5</position>
                <quantity>61.1</quantity>
              </Point>
              <Point>
                <position>6</position>
                <quantity>57.09</quantity>
              </Point>
              <Point>
                <position>7</position>
                <quantity>23.66</quantity>
              </Point>
              <Point>
                <position>8</position>
                <quantity>25.13</quantity>
              </Point>
              <Point>
                <position>9</position>
                <quantity>37.65</quantity>
              </Point>
              <Point>
                <position>10</position>
                <quantity>30.57</quantity>
              </Point>
              <Point>
                <position>11</position>
                <quantity>34.57</quantity>
              </Point>
              <Point>
                <position>12</position>
                <quantity>49.62</quantity>
              </Point>
              <Point>
                <position>13</position>
                <quantity>49.5</quantity>
              </Point>
              <Point>
                <position>14</position>
                <quantity>67.61</quantity>
              </Point>
              <Point>
                <position>15</position>
                <quantity>82.31</quantity>
              </Point>
              <Point>
                <position>16</position>
                <quantity>94.47</quantity>
              </Point>
              <Point>
                <position>17</position>
                <quantity>140.09</quantity>
              </Point>
              <Point>
                <position>18</position>
                <quantity>101.31</quantity>
              </Point>
              <Point>
                <position>19</position>
                <quantity>144.26</quantity>
              </Point>
              <Point>
                <position>20</position>
                <quantity>80.47</quantity>
              </Point>
              <Point>
                <position>21</position>
                <quantity>55.07</quantity>
              </Point>
              <Point>
                <position>22</position>
                <quantity>58.55</quantity>
              </Point>
              <Point>
                <position>23</position>
                <quantity>54.72</quantity>
              </Point>
              <Point>
                <position>24</position>
                <quantity>33.32</quantity>
              </Point>
          </Period>
          <Period>
            <timeInterval>
              <start>2025-10-14T12:00Z</start>
              <end>2025-10-14T12:15Z</end>
            </timeInterval>
            <resolution>PT15M</resolution>
              <Point>
                <position>1</position>
                <quantity>9.12</quantity>
              </Point>
          </Period>
          <Period>
            <timeInterval>
              <start>2025-10-14T12:30Z</start>
              <end>2025-10-14T19:00Z</end>
            </timeInterval>
            <resolution>PT15M</resolution>
              <Point>
                <position>1</position>
                <quantity>49.859</quantity>
              </Point>
              <Point>
                <position>2</position>
                <quantity>47.593</quantity>
              </Point>
              <Point>
                <position>3</position>
                <quantity>80.148</quantity>
              </Point>
              <Point>
                <position>4</position>
                <quantity>97.455</quantity>
              </Point>
              <Point>
                <position>5</position>
                <quantity>104.071</quantity>
              </Point>
              <Point>
                <position>6</position>
                <quantity>98.769</quantity>
              </Point>
              <Point>
                <position>7</position>
                <quantity>91.506</quantity>
              </Point>
              <Point>
                <position>8</position>
                <quantity>87.746</quantity>
              </Point>
              <Point>
                <position>9</position>
                <quantity>53.892</quantity>
              </Point>
              <Point>
                <position>10</position>
                <quantity>1.338</quantity>
              </Point>
              <Point>
                <position>11</position>
                <quantity>8.743</quantity>
              </Point>
              <Point>
                <position>12</position>
                <quantity>27.88</quantity>
              </Point>
              <Point>
                <position>13</position>
                <quantity>12.774</quantity>
              </Point>
              <Point>
                <position>14</position>
                <quantity>3.391</quantity>
              </Point>
              <Point>
                <position>15</position>
                <quantity>47.761</quantity>
              </Point>
              <Point>
                <position>16</position>
                <quantity>61.519</quantity>
              </Point>
              <Point>
                <position>17</position>
                <quantity>23.83</quantity>
              </Point>
              <Point>
                <position>18</position>
                <quantity>39.186</quantity>
              </Point>
              <Point>
                <position>19</position>
                <quantity>41.94</quantity>
              </Point>
              <Point>
                <position>20</position>
                <quantity>12.789</quantity>
              </Point>
              <Point>
                <position>21</position>
                <quantity>14.855</quantity>
              </Point>
              <Point>
                <position>22</position>
                <quantity>40.626</quantity>
              </Point>
              <Point>
                <position>23</position>
                <quantity>35.242</quantity>
              </Point>
              <Point>
                <position>24</position>
                <quantity>19.853</quantity>
              </Point>
              <Point>
                <position>25</position>
                <quantity>27.095</quantity>
              </Point>
              <Point>
                <position>26</position>
                <quantity>14.135</quantity>
              </Point>
          </Period>
          <Period>
            <timeInterval>
              <start>2025-10-14T19:45Z</start>
              <end>2025-10-14T20:00Z</end>
            </timeInterval>
            <resolution>PT15M</resolution>
              <Point>
                <position>1</position>
                <quantity>0.821</quantity>
              </Point>
          </Period>
          <Period>
            <timeInterval>
              <start>2025-10-14T20:15Z</start>
              <end>2025-10-15T01:45Z</end>
            </timeInterval>
            <resolution>PT15M</resolution>
              <Point>
                <position>1</position>
                <quantity>31.428</quantity>
              </Point>
              <Point>
                <position>2</position>
                <quantity>3.003</quantity>
              </Point>
              <Point>
                <position>3</position>
                <quantity>21.201</quantity>
              </Point>
              <Point>
                <position>4</position>
                <quantity>10.095</quantity>
              </Point>
              <Point>
                <position>5</position>
                <quantity>43.335</quantity>
              </Point>
              <Point>
                <position>6</position>
                <quantity>56.468</quantity>
              </Point>
              <Point>
                <position>7</position>
                <quantity>35.091</quantity>
              </Point>
              <Point>
                <position>8</position>
                <quantity>55.251</quantity>
              </Point>
              <Point>
                <position>9</position>
                <quantity>45.613</quantity>
              </Point>
              <Point>
                <position>10</position>
                <quantity>55.654</quantity>
              </Point>
              <Point>
                <position>11</position>
                <quantity>75.898</quantity>
              </Point>
              <Point>
                <position>12</position>
                <quantity>49.04</quantity>
              </Point>
              <Point>
                <position>13</position>
                <quantity>35.73</quantity>
              </Point>
              <Point>
                <position>14</position>
                <quantity>12.96</quantity>
              </Point>
              <Point>
                <position>15</position>
                <quantity>43.466</quantity>
              </Point>
              <Point>
                <position>16</position>
                <quantity>55.891</quantity>
              </Point>
              <Point>
                <position>17</position>
                <quantity>42.088</quantity>
              </Point>
              <Point>
                <position>18</position>
                <quantity>74.594</quantity>
              </Point>
              <Point>
                <position>19</position>
                <quantity>61.376</quantity>
              </Point>
              <Point>
                <position>20</position>
                <quantity>46.822</quantity>
              </Point>
              <Point>
                <position>21</position>
                <quantity>22.144</quantity>
              </Point>
              <Point>
                <position>22</position>
                <quantity>1.595</quantity>
              </Point>
          </Period>
          <Period>
            <timeInterval>
              <start>2025-10-15T02:15Z</start>
              <end>2025-10-15T02:45Z</end>
            </timeInterval>
            <resolution>PT15M</resolution>
              <Point>
                <position>1</position>
                <quantity>9.06</quantity>
              </Point>
              <Point>
                <position>2</position>
                <quantity>3.978</quantity>
              </Point>
          </Period>
          <Period>
            <timeInterval>
              <start>2025-10-15T07:45Z</start>
              <end>2025-10-15T10:45Z</end>
            </timeInterval>
            <resolution>PT15M</resolution>
              <Point>
                <position>1</position>
                <quantity>5.369</quantity>
              </Point>
              <Point>
                <position>2</position>
                <quantity>17.135</quantity>
              </Point>
              <Point>
                <position>3</position>
                <quantity>14.115</quantity>
              </Point>
              <Point>
                <position>4</position>
                <quantity>23.885</quantity>
              </Point>
              <Point>
                <position>5</position>
                <quantity>44.641</quantity>
              </Point>
              <Point>
                <position>6</position>
                <quantity>40.522</quantity>
              </Point>
              <Point>
                <position>7</position>
                <quantity>44.186</quantity>
              </Point>
              <Point>
                <position>8</position>
                <quantity>34.911</quantity>
              </Point>
              <Point>
                <position>9</position>
                <quantity>44.699</quantity>
              </Point>
              <Point>
                <position>10</position>
                <quantity>44.839</quantity>
              </Point>
              <Point>
                <position>11</position>
                <quantity>2.069</quantity>
              </Point>
              <Point>
                <position>12</position>
                <quantity>10.448</quantity>
              </Point>
          </Period>
          <Period>
            <timeInterval>
              <start>2025-10-15T11:00Z</start>
              <end>2025-10-15T11:15Z</end>
            </timeInterval>
            <resolution>PT15M</resolution>
              <Point>
                <position>1</position>
                <quantity>1.137</quantity>
              </Point>
          </Period>
          <Period>
            <timeInterval>
              <start>2025-10-15T12:00Z</start>
              <end>2025-10-15T12:15Z</end>
            </timeInterval>
            <resolution>PT15M</resolution>
              <Point>
                <position>1</position>
                <quantity>0.609</quantity>
              </Point>
          </Period>
          <Period>
            <timeInterval>
              <start>2025-10-15T12:45Z</start>
              <end>2025-10-15T13:45Z</end>
            </timeInterval>
            <resolution>PT15M</resolution>
              <Point>
                <position>1</position>
                <quantity>7.404</quantity>
              </Point>
              <Point>
                <position>2</position>
                <quantity>30.88</quantity>
              </Point>
              <Point>
                <position>3</position>
                <quantity>19.886</quantity>
              </Point>
              <Point>
                <position>4</position>
                <quantity>51.744</quantity>
              </Point>
          </Period>
          <Period>
            <timeInterval>
              <start>2025-10-15T15:45Z</start>
              <end>2025-10-15T16:00Z</end>
            </timeInterval>
            <resolution>PT15M</resolution>
              <Point>
                <position>1</position>
                <quantity>3.672</quantity>
              </Point>
          </Period>
          <Period>
            <timeInterval>
              <start>2025-10-15T16:30Z</start>
              <end>2025-10-15T16:45Z</end>
            </timeInterval>
            <resolution>PT15M</resolution>
              <Point>
                <position>1</position>
                <quantity>2.429</quantity>
              </Point>
          </Period>
          <Period>
            <timeInterval>
              <start>2025-10-15T18:00Z</start>
              <end>2025-10-15T21:00Z</end>
            </timeInterval>
            <resolution>PT15M</resolution>
              <Point>
                <position>1</position>
                <quantity>5.243</quantity>
              </Point>
              <Point>
                <position>2</position>
                <quantity>2.519</quantity>
              </Point>
              <Point>
                <position>3</position>
                <quantity>9.027</quantity>
              </Point>
              <Point>
                <position>4</position>
                <quantity>37.894</quantity>
              </Point>
              <Point>
                <position>5</position>
                <quantity>12.197</quantity>
              </Point>
              <Point>
                <position>6</position>
                <quantity>14.021</quantity>
              </Point>
              <Point>
                <position>7</position>
                <quantity>72.51</quantity>
              </Point>
              <Point>
                <position>8</position>
                <quantity>43.042</quantity>
              </Point>
              <Point>
                <position>9</position>
                <quantity>66.107</quantity>
              </Point>
              <Point>
                <position>10</position>
                <quantity>65.202</quantity>
              </Point>
              <Point>
                <position>11</position>
                <quantity>28.888</quantity>
              </Point>
              <Point>
                <position>12</position>
                <quantity>17.803</quantity>
              </Point>
          </Period>
          <Period>
            <timeInterval>
              <start>2025-10-16T03:00Z</start>
              <end>2025-10-16T03:15Z</end>
            </timeInterval>
            <resolution>PT15M</resolution>
              <Point>
                <position>1</position>
                <quantity>4.6</quantity>
              </Point>
          </Period>
      </TimeSeries>
  </Balancing_MarketDocument>