<?xml version="1.0" encoding="UTF-8"?>
  <Balancing_MarketDocument xmlns="urn:iec62325.351:tc57wg16:451-6:balancingdocument:3:0">
    <mRID>5796e0f081604a9a8ae5f8b082c7e329</mRID>
    <revisionNumber>1</revisionNumber>
    <type>A86</type>
    <process.processType>A16</process.processType>
    <sender_MarketParticipant.mRID codingScheme="A01">10X1001A1001A450</sender_MarketParticipant.mRID>
    <sender_MarketParticipant.marketRole.type>A32</sender_MarketParticipant.marketRole.type>
    <receiver_MarketParticipant.mRID codingScheme="A01">10X1001A1001A450</receiver_MarketParticipant.mRID>
    <receiver_MarketParticipant.marketRole.type>A33</receiver_MarketParticipant.marketRole.type>
    <createdDateTime>2025-11-09T06:29:30Z</createdDateTime>
    <controlArea_Domain.mRID codingScheme="A01">10YRO-TEL------P</controlArea_Domain.mRID>
    <period.timeInterval>
      <start>2025-11-07T23:00Z</start>
      <end>2025-11-09T06:15Z</end>
    </period.timeInterval>
      <TimeSeries>
        <mRID>1</mRID>
        <businessType>A19</businessType>
        <flowDirection.direction>A02</flowDirection.direction>
        <quantity_Measure_Unit.name>MWH</quantity_Measure_Unit.name>
        <curveType>A03</curveType>
          <Period>
            <timeInterval>
              <start>2025-11-07T23:00Z</start>
              <end>2025-11-08T00:45Z</end>
            </timeInterval>
            <resolution>PT15M</resolution>
              <Point>
                <position>1</position>
                <quantity>12.958</quantity>
              </Point>
              <Point>
                <position>2</position>
                <quantity>15.995</quantity>
              </Point>
              <Point>
                <position>3</position>
                <quantity>36.845</quantity>
              </Point>
              <Point>
                <position>4</position>
                <quantity>24.459</quantity>
              </Point>
              <Point>
                <position>5</position>
                <quantity>26.255</quantity>
              </Point>
              <Point>
                <position>6</position>
                <quantity>34.718</quantity>
              </Point>
              <Point>
                <position>7</position>
                <quantity>13.731</quantity>
              </Point>
          </Period>
          <Period>
            <timeInterval>
              <start>2025-11-08T01:30Z</start>
              <end>2025-11-08T01:45Z</end>
            </timeInterval>
            <resolution>PT15M</resolution>
              <Point>
                <position>1</position>
                <quantity>1.482</quantity>
              </Point>
          </Period>
          <Period>
            <timeInterval>
              <start>2025-11-08T07:15Z</start>
              <end>2025-11-08T09:00Z</end>
            </timeInterval>
            <resolution>PT15M</resolution>
              <Point>
                <position>1</position>
                <quantity>61.493</quantity>
              </Point>
              <Point>
                <position>2</position>
                <quantity>23.4</quantity>
              </Point>
              <Point>
                <position>3</position>
                <quantity>35.224</quantity>
              </Point>
              <Point>
                <position>4</position>
                <quantity>41.969</quantity>
              </Point>
              <Point>
                <position>5</position>
                <quantity>43.894</quantity>
              </Point>
              <Point>
                <position>6</position>
                <quantity>47.183</quantity>
              </Point>
              <Point>
                <position>7</position>
                <quantity>36.639</quantity>
              </Point>
          </Period>
          <Period>
            <timeInterval>
              <start>2025-11-08T09:45Z</start>
              <end>2025-11-08T10:00Z</end>
            </timeInterval>
            <resolution>PT15M</resolution>
              <Point>
                <position>1</position>
                <quantity>7.96</quantity>
              </Point>
          </Period>
          <Period>
            <timeInterval>
              <start>2025-11-08T11:30Z</start>
              <end>2025-11-08T13:15Z</end>
            </timeInterval>
            <resolution>PT15M</resolution>
              <Point>
                <position>1</position>
                <quantity>9.097</quantity>
              </Point>
              <Point>
                <position>2</position>
                <quantity>16.15</quantity>
              </Point>
              <Point>
                <position>3</position>
                <quantity>22.912</quantity>
              </Point>
              <Point>
                <position>4</position>
                <quantity>3.594</quantity>
              </Point>
              <Point>
                <position>5</position>
                <quantity>30.448</quantity>
              </Point>
              <Point>
                <position>6</position>
                <quantity>27.671</quantity>
              </Point>
              <Point>
                <position>7</position>
                <quantity>10.114</quantity>
              </Point>
          </Period>
          <Period>
            <timeInterval>
              <start>2025-11-08T20:00Z</start>
              <end>2025-11-08T21:45Z</end>
            </timeInterval>
            <resolution>PT15M</resolution>
              <Point>
                <position>1</position>
                <quantity>3.209</quantity>
              </Point>
              <Point>
                <position>2</position>
                <quantity>43.553</quantity>
              </Point>
              <Point>
                <position>3</position>
                <quantity>62.419</quantity>
              </Point>
              <Point>
                <position>4</position>
                <quantity>10.444</quantity>
              </Point>
              <Point>
                <position>5</position>
                <quantity>64.796</quantity>
              </Point>
              <Point>
                <position>6</position>
                <quantity>52.266</quantity>
              </Point>
              <Point>
                <position>7</position>
                <quantity>3.434</quantity>
              </Point>
          </Period>
          <Period>
            <timeInterval>
              <start>2025-11-09T00:15Z</start>
              <end>2025-11-09T00:45Z</end>
            </timeInterval>
            <resolution>PT15M</resolution>
              <Point>
                <position>1</position>
                <quantity>5.846</quantity>
              </Point>
              <Point>
                <position>2</position>
                <quantity>1.14</quantity>
              </Point>
          </Period>
      </TimeSeries>
      <TimeSeries>
        <mRID>2</mRID>
        <businessType>A19</businessType>
        <flowDirection.direction>A01</flowDirection.direction>
        <quantity_Measure_Unit.name>MWH</quantity_Measure_Unit.name>
        <curveType>A03</curveType>
          <Period>
            <timeInterval>
              <start>2025-11-08T00:45Z</start>
              <end>2025-11-08T01:30Z</end>
            </timeInterval>
            <resolution>PT15M</resolution>
              <Point>
                <position>1</position>
                <quantity>4.39</quantity>
              </Point>
              <Point>
                <position>2</position>
                <quantity>8.646</quantity>
              </Point>
              <Point>
                <position>3</position>
                <quantity>20.415</quantity>
              </Point>
          </Period>
          <Period>
            <timeInterval>
              <start>2025-11-08T01:45Z</start>
              <end>2025-11-08T07:15Z</end>
            </timeInterval>
            <resolution>PT15M</resolution>
              <Point>
                <position>1</position>
                <quantity>9.309</quantity>
              </Point>
              <Point>
                <position>2</position>
                <quantity>12.886</quantity>
              </Point>
              <Point>
                <position>3</position>
                <quantity>41.596</quantity>
              </Point>
              <Point>
                <position>4</position>
                <quantity>33.623</quantity>
              </Point>
              <Point>
                <position>5</position>
                <quantity>38.986</quantity>
              </Point>
              <Point>
                <position>6</position>
                <quantity>47.071</quantity>
              </Point>
              <Point>
                <position>7</position>
                <quantity>36.499</quantity>
              </Point>
              <Point>
                <position>8</position>
                <quantity>38.402</quantity>
              </Point>
              <Point>
                <position>9</position>
                <quantity>23.623</quantity>
              </Point>
              <Point>
                <position>10</position>
                <quantity>76.161</quantity>
              </Point>
              <Point>
                <position>11</position>
                <quantity>87.852</quantity>
              </Point>
              <Point>
                <position>12</position>
                <quantity>95.699</quantity>
              </Point>
              <Point>
                <position>13</position>
                <quantity>78.739</quantity>
              </Point>
              <Point>
                <position>14</position>
                <quantity>149.258</quantity>
              </Point>
              <Point>
                <position>15</position>
                <quantity>117.763</quantity>
              </Point>
              <Point>
                <position>16</position>
                <quantity>102.796</quantity>
              </Point>
              <Point>
                <position>17</position>
                <quantity>89.392</quantity>
              </Point>
              <Point>
                <position>18</position>
                <quantity>96.524</quantity>
              </Point>
              <Point>
                <position>19</position>
                <quantity>107.262</quantity>
              </Point>
              <Point>
                <position>20</position>
                <quantity>81.495</quantity>
              </Point>
              <Point>
                <position>21</position>
                <quantity>100.934</quantity>
              </Point>
              <Point>
                <position>22</position>
                <quantity>6.188</quantity>
              </Point>
          </Period>
          <Period>
            <timeInterval>
              <start>2025-11-08T09:00Z</start>
              <end>2025-11-08T09:45Z</end>
            </timeInterval>
            <resolution>PT15M</resolution>
              <Point>
                <position>1</position>
                <quantity>48.08</quantity>
              </Point>
              <Point>
                <position>2</position>
                <quantity>43.8</quantity>
              </Point>
              <Point>
                <position>3</position>
                <quantity>22.628</quantity>
              </Point>
          </Period>
          <Period>
            <timeInterval>
              <start>2025-11-08T10:00Z</start>
              <end>2025-11-08T11:30Z</end>
            </timeInterval>
            <resolution>PT15M</resolution>
              <Point>
                <position>1</position>
                <quantity>42.578</quantity>
              </Point>
              <Point>
                <position>2</position>
                <quantity>37.3</quantity>
              </Point>
              <Point>
                <position>3</position>
                <quantity>7.49</quantity>
              </Point>
              <Point>
                <position>4</position>
                <quantity>7.484</quantity>
              </Point>
              <Point>
                <position>5</position>
                <quantity>16.221</quantity>
              </Point>
              <Point>
                <position>6</position>
                <quantity>18.298</quantity>
              </Point>
          </Period>
          <Period>
            <timeInterval>
              <start>2025-11-08T13:15Z</start>
              <end>2025-11-08T20:00Z</end>
            </timeInterval>
            <resolution>PT15M</resolution>
              <Point>
                <position>1</position>
                <quantity>31.831</quantity>
              </Point>
              <Point>
                <position>2</position>
                <quantity>39.6</quantity>
              </Point>
              <Point>
                <position>3</position>
                <quantity>51.304</quantity>
              </Point>
              <Point>
                <position>4</position>
                <quantity>77.222</quantity>
              </Point>
              <Point>
                <position>5</position>
                <quantity>99.522</quantity>
              </Point>
              <Point>
                <position>6</position>
                <quantity>107.606</quantity>
              </Point>
              <Point>
                <position>7</position>
                <quantity>62.651</quantity>
              </Point>
              <Point>
                <position>8</position>
                <quantity>50.355</quantity>
              </Point>
              <Point>
                <position>9</position>
                <quantity>143.176</quantity>
              </Point>
              <Point>
                <position>10</position>
                <quantity>204.478</quantity>
              </Point>
              <Point>
                <position>11</position>
                <quantity>149.522</quantity>
              </Point>
              <Point>
                <position>12</position>
                <quantity>141.525</quantity>
              </Point>
              <Point>
                <position>13</position>
                <quantity>166.379</quantity>
              </Point>
              <Point>
                <position>14</position>
                <quantity>192.14</quantity>
              </Point>
              <Point>
                <position>15</position>
                <quantity>175.771</quantity>
              </Point>
              <Point>
                <position>16</position>
                <quantity>122.883</quantity>
              </Point>
              <Point>
                <position>17</position>
                <quantity>173.428</quantity>
              </Point>
              <Point>
                <position>18</position>
                <quantity>164.181</quantity>
              </Point>
              <Point>
                <position>19</position>
                <quantity>124.003</quantity>
              </Point>
              <Point>
                <position>20</position>
                <quantity>81.279</quantity>
              </Point>
              <Point>
                <position>21</position>
                <quantity>77.564</quantity>
              </Point>
              <Point>
                <position>22</position>
                <quantity>100.085</quantity>
              </Point>
              <Point>
                <position>23</position>
                <quantity>92.77</quantity>
              </Point>
              <Point>
                <position>24</position>
                <quantity>119.967</quantity>
              </Point>
              <Point>
                <position>25</position>
                <quantity>88.994</quantity>
              </Point>
              <Point>
                <position>26</position>
                <quantity>87.724</quantity>
              </Point>
              <Point>
                <position>27</position>
                <quantity>58.54</quantity>
              </Point>
          </Period>
          <Period>
            <timeInterval>
              <start>2025-11-08T21:45Z</start>
              <end>2025-11-09T00:15Z</end>
            </timeInterval>
            <resolution>PT15M</resolution>
              <Point>
                <position>1</position>
                <quantity>89.782</quantity>
              </Point>
              <Point>
                <position>2</position>
                <quantity>97.675</quantity>
              </Point>
              <Point>
                <position>3</position>
                <quantity>92.679</quantity>
              </Point>
              <Point>
                <position>4</position>
                <quantity>71.853</quantity>
              </Point>
              <Point>
                <position>5</position>
                <quantity>94.464</quantity>
              </Point>
              <Point>
                <position>6</position>
                <quantity>52.75</quantity>
              </Point>
              <Point>
                <position>7</position>
                <quantity>57.564</quantity>
              </Point>
              <Point>
                <position>8</position>
                <quantity>21.45</quantity>
              </Point>
              <Point>
                <position>9</position>
                <quantity>19.694</quantity>
              </Point>
              <Point>
                <position>10</position>
                <quantity>21.91</quantity>
              </Point>
          </Period>
          <Period>
            <timeInterval>
              <start>2025-11-09T00:45Z</start>
              <end>2025-11-09T06:15Z</end>
            </timeInterval>
            <resolution>PT15M</resolution>
              <Point>
                <position>1</position>
                <quantity>20.342</quantity>
              </Point>
              <Point>
                <position>2</position>
                <quantity>92.308</quantity>
              </Point>
              <Point>
                <position>3</position>
                <quantity>17.264</quantity>
              </Point>
              <Point>
                <position>4</position>
                <quantity>28.249</quantity>
              </Point>
              <Point>
                <position>5</position>
                <quantity>51.044</quantity>
              </Point>
              <Point>
                <position>6</position>
                <quantity>32.856</quantity>
              </Point>
              <Point>
                <position>7</position>
                <quantity>33.88</quantity>
              </Point>
              <Point>
                <position>8</position>
                <quantity>48.688</quantity>
              </Point>
              <Point>
                <position>9</position>
                <quantity>79.298</quantity>
              </Point>
              <Point>
                <position>10</position>
                <quantity>87.708</quantity>
              </Point>
              <Point>
                <position>11</position>
                <quantity>114.021</quantity>
              </Point>
              <Point>
                <position>12</position>
                <quantity>91.095</quantity>
              </Point>
              <Point>
                <position>13</position>
                <quantity>75.493</quantity>
              </Point>
              <Point>
                <position>14</position>
                <quantity>72.1</quantity>
              </Point>
              <Point>
                <position>15</position>
                <quantity>75.757</quantity>
              </Point>
              <Point>
                <position>16</position>
                <quantity>69.213</quantity>
              </Point>
              <Point>
                <position>17</position>
                <quantity>80.471</quantity>
              </Point>
              <Point>
                <position>18</position>
                <quantity>100.309</quantity>
              </Point>
              <Point>
                <position>19</position>
                <quantity>94.239</quantity>
              </Point>
              <Point>
                <position>20</position>
                <quantity>73.51</quantity>
              </Point>
              <Point>
                <position>21</position>
                <quantity>38.634</quantity>
              </Point>
              <Point>
                <position>22</position>
                <quantity>60.281</quantity>
              </Point>
          </Period>
      </TimeSeries>
  </Balancing_MarketDocument>