<?xml version="1.0" encoding="UTF-8"?>
  <Balancing_MarketDocument xmlns="urn:iec62325.351:tc57wg16:451-6:balancingdocument:3:0">
    <mRID>bd6bf0e5d64946aa9de5f3b3ae2c1d2b</mRID>
    <revisionNumber>1</revisionNumber>
    <type>A86</type>
    <process.processType>A16</process.processType>
    <sender_MarketParticipant.mRID codingScheme="A01">10X1001A1001A450</sender_MarketParticipant.mRID>
    <sender_MarketParticipant.marketRole.type>A32</sender_MarketParticipant.marketRole.type>
    <receiver_MarketParticipant.mRID codingScheme="A01">10X1001A1001A450</receiver_MarketParticipant.mRID>
    <receiver_MarketParticipant.marketRole.type>A33</receiver_MarketParticipant.marketRole.type>
    <createdDateTime>2025-10-24T05:47:10Z</createdDateTime>
    <controlArea_Domain.mRID codingScheme="A01">10YRO-TEL------P</controlArea_Domain.mRID>
    <period.timeInterval>
      <start>2025-10-22T23:00Z</start>
      <end>2025-10-24T05:30Z</end>
    </period.timeInterval>
      <TimeSeries>
        <mRID>1</mRID>
        <businessType>A19</businessType>
        <flowDirection.direction>A02</flowDirection.direction>
        <quantity_Measure_Unit.name>MWH</quantity_Measure_Unit.name>
        <curveType>A03</curveType>
          <Period>
            <timeInterval>
              <start>2025-10-22T23:00Z</start>
              <end>2025-10-23T00:00Z</end>
            </timeInterval>
            <resolution>PT15M</resolution>
              <Point>
                <position>1</position>
                <quantity>26.696</quantity>
              </Point>
              <Point>
                <position>2</position>
                <quantity>1.34</quantity>
              </Point>
              <Point>
                <position>3</position>
                <quantity>19.753</quantity>
              </Point>
              <Point>
                <position>4</position>
                <quantity>9.026</quantity>
              </Point>
          </Period>
          <Period>
            <timeInterval>
              <start>2025-10-23T00:15Z</start>
              <end>2025-10-23T10:00Z</end>
            </timeInterval>
            <resolution>PT15M</resolution>
              <Point>
                <position>1</position>
                <quantity>20.178</quantity>
              </Point>
              <Point>
                <position>2</position>
                <quantity>28.39</quantity>
              </Point>
              <Point>
                <position>3</position>
                <quantity>19.154</quantity>
              </Point>
              <Point>
                <position>4</position>
                <quantity>20.586</quantity>
              </Point>
              <Point>
                <position>5</position>
                <quantity>38.231</quantity>
              </Point>
              <Point>
                <position>6</position>
                <quantity>60.779</quantity>
              </Point>
              <Point>
                <position>7</position>
                <quantity>53.286</quantity>
              </Point>
              <Point>
                <position>8</position>
                <quantity>76.578</quantity>
              </Point>
              <Point>
                <position>9</position>
                <quantity>84.752</quantity>
              </Point>
              <Point>
                <position>10</position>
                <quantity>70.411</quantity>
              </Point>
              <Point>
                <position>11</position>
                <quantity>39.539</quantity>
              </Point>
              <Point>
                <position>12</position>
                <quantity>12.76</quantity>
              </Point>
              <Point>
                <position>13</position>
                <quantity>34.285</quantity>
              </Point>
              <Point>
                <position>14</position>
                <quantity>36.773</quantity>
              </Point>
              <Point>
                <position>15</position>
                <quantity>73.552</quantity>
              </Point>
              <Point>
                <position>16</position>
                <quantity>55.188</quantity>
              </Point>
              <Point>
                <position>17</position>
                <quantity>92.952</quantity>
              </Point>
              <Point>
                <position>18</position>
                <quantity>91.703</quantity>
              </Point>
              <Point>
                <position>19</position>
                <quantity>94.214</quantity>
              </Point>
              <Point>
                <position>20</position>
                <quantity>88.768</quantity>
              </Point>
              <Point>
                <position>21</position>
                <quantity>95.662</quantity>
              </Point>
              <Point>
                <position>22</position>
                <quantity>79.57</quantity>
              </Point>
              <Point>
                <position>23</position>
                <quantity>42.833</quantity>
              </Point>
              <Point>
                <position>24</position>
                <quantity>118.386</quantity>
              </Point>
              <Point>
                <position>25</position>
                <quantity>129.639</quantity>
              </Point>
              <Point>
                <position>26</position>
                <quantity>133.613</quantity>
              </Point>
              <Point>
                <position>27</position>
                <quantity>137.523</quantity>
              </Point>
              <Point>
                <position>28</position>
                <quantity>217.96</quantity>
              </Point>
              <Point>
                <position>29</position>
                <quantity>133.347</quantity>
              </Point>
              <Point>
                <position>30</position>
                <quantity>86.783</quantity>
              </Point>
              <Point>
                <position>31</position>
                <quantity>112.573</quantity>
              </Point>
              <Point>
                <position>32</position>
                <quantity>135.285</quantity>
              </Point>
              <Point>
                <position>33</position>
                <quantity>152.008</quantity>
              </Point>
              <Point>
                <position>34</position>
                <quantity>115.394</quantity>
              </Point>
              <Point>
                <position>35</position>
                <quantity>104.842</quantity>
              </Point>
              <Point>
                <position>36</position>
                <quantity>70.837</quantity>
              </Point>
              <Point>
                <position>37</position>
                <quantity>48.077</quantity>
              </Point>
              <Point>
                <position>38</position>
                <quantity>53.319</quantity>
              </Point>
              <Point>
                <position>39</position>
                <quantity>37.149</quantity>
              </Point>
          </Period>
          <Period>
            <timeInterval>
              <start>2025-10-23T13:15Z</start>
              <end>2025-10-23T14:00Z</end>
            </timeInterval>
            <resolution>PT15M</resolution>
              <Point>
                <position>1</position>
                <quantity>13.626</quantity>
              </Point>
              <Point>
                <position>2</position>
                <quantity>4.384</quantity>
              </Point>
              <Point>
                <position>3</position>
                <quantity>10.59</quantity>
              </Point>
          </Period>
          <Period>
            <timeInterval>
              <start>2025-10-23T14:15Z</start>
              <end>2025-10-23T15:30Z</end>
            </timeInterval>
            <resolution>PT15M</resolution>
              <Point>
                <position>1</position>
                <quantity>9.55</quantity>
              </Point>
              <Point>
                <position>2</position>
                <quantity>11.394</quantity>
              </Point>
              <Point>
                <position>3</position>
                <quantity>19.697</quantity>
              </Point>
              <Point>
                <position>4</position>
                <quantity>21.701</quantity>
              </Point>
              <Point>
                <position>5</position>
                <quantity>1.381</quantity>
              </Point>
          </Period>
          <Period>
            <timeInterval>
              <start>2025-10-23T17:30Z</start>
              <end>2025-10-23T18:30Z</end>
            </timeInterval>
            <resolution>PT15M</resolution>
              <Point>
                <position>1</position>
                <quantity>6.354</quantity>
              </Point>
              <Point>
                <position>2</position>
                <quantity>3.372</quantity>
              </Point>
              <Point>
                <position>3</position>
                <quantity>11.078</quantity>
              </Point>
              <Point>
                <position>4</position>
                <quantity>37.572</quantity>
              </Point>
          </Period>
          <Period>
            <timeInterval>
              <start>2025-10-23T19:00Z</start>
              <end>2025-10-23T20:30Z</end>
            </timeInterval>
            <resolution>PT15M</resolution>
              <Point>
                <position>1</position>
                <quantity>61.818</quantity>
              </Point>
              <Point>
                <position>2</position>
                <quantity>52.87</quantity>
              </Point>
              <Point>
                <position>3</position>
                <quantity>38.727</quantity>
              </Point>
              <Point>
                <position>4</position>
                <quantity>35.341</quantity>
              </Point>
              <Point>
                <position>5</position>
                <quantity>12.741</quantity>
              </Point>
              <Point>
                <position>6</position>
                <quantity>2.139</quantity>
              </Point>
          </Period>
          <Period>
            <timeInterval>
              <start>2025-10-23T20:45Z</start>
              <end>2025-10-23T21:00Z</end>
            </timeInterval>
            <resolution>PT15M</resolution>
              <Point>
                <position>1</position>
                <quantity>7.716</quantity>
              </Point>
          </Period>
          <Period>
            <timeInterval>
              <start>2025-10-23T21:30Z</start>
              <end>2025-10-23T21:45Z</end>
            </timeInterval>
            <resolution>PT15M</resolution>
              <Point>
                <position>1</position>
                <quantity>12.323</quantity>
              </Point>
          </Period>
          <Period>
            <timeInterval>
              <start>2025-10-23T22:15Z</start>
              <end>2025-10-23T22:30Z</end>
            </timeInterval>
            <resolution>PT15M</resolution>
              <Point>
                <position>1</position>
                <quantity>1.04</quantity>
              </Point>
          </Period>
          <Period>
            <timeInterval>
              <start>2025-10-23T22:45Z</start>
              <end>2025-10-24T02:30Z</end>
            </timeInterval>
            <resolution>PT15M</resolution>
              <Point>
                <position>1</position>
                <quantity>9.527</quantity>
              </Point>
              <Point>
                <position>2</position>
                <quantity>29.554</quantity>
              </Point>
              <Point>
                <position>3</position>
                <quantity>41.399</quantity>
              </Point>
              <Point>
                <position>4</position>
                <quantity>53.258</quantity>
              </Point>
              <Point>
                <position>5</position>
                <quantity>40.047</quantity>
              </Point>
              <Point>
                <position>6</position>
                <quantity>71.108</quantity>
              </Point>
              <Point>
                <position>7</position>
                <quantity>90.665</quantity>
              </Point>
              <Point>
                <position>8</position>
                <quantity>72.803</quantity>
              </Point>
              <Point>
                <position>9</position>
                <quantity>83.949</quantity>
              </Point>
              <Point>
                <position>10</position>
                <quantity>77.19</quantity>
              </Point>
              <Point>
                <position>11</position>
                <quantity>33.577</quantity>
              </Point>
              <Point>
                <position>12</position>
                <quantity>29.321</quantity>
              </Point>
              <Point>
                <position>13</position>
                <quantity>2.645</quantity>
              </Point>
              <Point>
                <position>14</position>
                <quantity>6.735</quantity>
              </Point>
              <Point>
                <position>15</position>
                <quantity>9.504</quantity>
              </Point>
          </Period>
          <Period>
            <timeInterval>
              <start>2025-10-24T03:00Z</start>
              <end>2025-10-24T04:00Z</end>
            </timeInterval>
            <resolution>PT15M</resolution>
              <Point>
                <position>1</position>
                <quantity>19.108</quantity>
              </Point>
              <Point>
                <position>2</position>
                <quantity>46.311</quantity>
              </Point>
              <Point>
                <position>3</position>
                <quantity>50.657</quantity>
              </Point>
              <Point>
                <position>4</position>
                <quantity>23.145</quantity>
              </Point>
          </Period>
          <Period>
            <timeInterval>
              <start>2025-10-24T05:15Z</start>
              <end>2025-10-24T05:30Z</end>
            </timeInterval>
            <resolution>PT15M</resolution>
              <Point>
                <position>1</position>
                <quantity>2.733</quantity>
              </Point>
          </Period>
      </TimeSeries>
      <TimeSeries>
        <mRID>2</mRID>
        <businessType>A19</businessType>
        <flowDirection.direction>A01</flowDirection.direction>
        <quantity_Measure_Unit.name>MWH</quantity_Measure_Unit.name>
        <curveType>A03</curveType>
          <Period>
            <timeInterval>
              <start>2025-10-23T00:00Z</start>
              <end>2025-10-23T00:15Z</end>
            </timeInterval>
            <resolution>PT15M</resolution>
              <Point>
                <position>1</position>
                <quantity>12.653</quantity>
              </Point>
          </Period>
          <Period>
            <timeInterval>
              <start>2025-10-23T10:00Z</start>
              <end>2025-10-23T13:15Z</end>
            </timeInterval>
            <resolution>PT15M</resolution>
              <Point>
                <position>1</position>
                <quantity>45.288</quantity>
              </Point>
              <Point>
                <position>2</position>
                <quantity>30.104</quantity>
              </Point>
              <Point>
                <position>3</position>
                <quantity>30.07</quantity>
              </Point>
              <Point>
                <position>4</position>
                <quantity>36.636</quantity>
              </Point>
              <Point>
                <position>5</position>
                <quantity>65.466</quantity>
              </Point>
              <Point>
                <position>6</position>
                <quantity>105.958</quantity>
              </Point>
              <Point>
                <position>7</position>
                <quantity>97.105</quantity>
              </Point>
              <Point>
                <position>8</position>
                <quantity>72.729</quantity>
              </Point>
              <Point>
                <position>9</position>
                <quantity>20.331</quantity>
              </Point>
              <Point>
                <position>10</position>
                <quantity>6.191</quantity>
              </Point>
              <Point>
                <position>11</position>
                <quantity>21.379</quantity>
              </Point>
              <Point>
                <position>12</position>
                <quantity>13.806</quantity>
              </Point>
              <Point>
                <position>13</position>
                <quantity>10.559</quantity>
              </Point>
          </Period>
          <Period>
            <timeInterval>
              <start>2025-10-23T14:00Z</start>
              <end>2025-10-23T14:15Z</end>
            </timeInterval>
            <resolution>PT15M</resolution>
              <Point>
                <position>1</position>
                <quantity>57.948</quantity>
              </Point>
          </Period>
          <Period>
            <timeInterval>
              <start>2025-10-23T15:30Z</start>
              <end>2025-10-23T17:30Z</end>
            </timeInterval>
            <resolution>PT15M</resolution>
              <Point>
                <position>1</position>
                <quantity>20.787</quantity>
              </Point>
              <Point>
                <position>2</position>
                <quantity>37.094</quantity>
              </Point>
              <Point>
                <position>3</position>
                <quantity>16.667</quantity>
              </Point>
              <Point>
                <position>4</position>
                <quantity>28.406</quantity>
              </Point>
              <Point>
                <position>5</position>
                <quantity>15.589</quantity>
              </Point>
              <Point>
                <position>6</position>
                <quantity>24.771</quantity>
              </Point>
              <Point>
                <position>7</position>
                <quantity>19.766</quantity>
              </Point>
              <Point>
                <position>8</position>
                <quantity>0.734</quantity>
              </Point>
          </Period>
          <Period>
            <timeInterval>
              <start>2025-10-23T18:30Z</start>
              <end>2025-10-23T19:00Z</end>
            </timeInterval>
            <resolution>PT15M</resolution>
              <Point>
                <position>1</position>
                <quantity>6.07</quantity>
              </Point>
              <Point>
                <position>2</position>
                <quantity>6.763</quantity>
              </Point>
          </Period>
          <Period>
            <timeInterval>
              <start>2025-10-23T20:30Z</start>
              <end>2025-10-23T20:45Z</end>
            </timeInterval>
            <resolution>PT15M</resolution>
              <Point>
                <position>1</position>
                <quantity>5.489</quantity>
              </Point>
          </Period>
          <Period>
            <timeInterval>
              <start>2025-10-23T21:00Z</start>
              <end>2025-10-23T21:30Z</end>
            </timeInterval>
            <resolution>PT15M</resolution>
              <Point>
                <position>1</position>
                <quantity>10.194</quantity>
              </Point>
              <Point>
                <position>2</position>
                <quantity>3.043</quantity>
              </Point>
          </Period>
          <Period>
            <timeInterval>
              <start>2025-10-23T21:45Z</start>
              <end>2025-10-23T22:15Z</end>
            </timeInterval>
            <resolution>PT15M</resolution>
              <Point>
                <position>1</position>
                <quantity>0.997</quantity>
              </Point>
              <Point>
                <position>2</position>
                <quantity>18.878</quantity>
              </Point>
          </Period>
          <Period>
            <timeInterval>
              <start>2025-10-23T22:30Z</start>
              <end>2025-10-23T22:45Z</end>
            </timeInterval>
            <resolution>PT15M</resolution>
              <Point>
                <position>1</position>
                <quantity>5.501</quantity>
              </Point>
          </Period>
          <Period>
            <timeInterval>
              <start>2025-10-24T02:30Z</start>
              <end>2025-10-24T03:00Z</end>
            </timeInterval>
            <resolution>PT15M</resolution>
              <Point>
                <position>1</position>
                <quantity>16.186</quantity>
              </Point>
              <Point>
                <position>2</position>
                <quantity>4.953</quantity>
              </Point>
          </Period>
          <Period>
            <timeInterval>
              <start>2025-10-24T04:00Z</start>
              <end>2025-10-24T05:15Z</end>
            </timeInterval>
            <resolution>PT15M</resolution>
              <Point>
                <position>1</position>
                <quantity>15.437</quantity>
              </Point>
              <Point>
                <position>2</position>
                <quantity>46.969</quantity>
              </Point>
              <Point>
                <position>3</position>
                <quantity>19.071</quantity>
              </Point>
              <Point>
                <position>4</position>
                <quantity>7.413</quantity>
              </Point>
              <Point>
                <position>5</position>
                <quantity>2.856</quantity>
              </Point>
          </Period>
      </TimeSeries>
  </Balancing_MarketDocument>