<?xml version="1.0" encoding="UTF-8"?>
  <Balancing_MarketDocument xmlns="urn:iec62325.351:tc57wg16:451-6:balancingdocument:3:0">
    <mRID>7ee0f632c8e24eb09c057edbeef8df60</mRID>
    <revisionNumber>1</revisionNumber>
    <type>A86</type>
    <process.processType>A16</process.processType>
    <sender_MarketParticipant.mRID codingScheme="A01">10X1001A1001A450</sender_MarketParticipant.mRID>
    <sender_MarketParticipant.marketRole.type>A32</sender_MarketParticipant.marketRole.type>
    <receiver_MarketParticipant.mRID codingScheme="A01">10X1001A1001A450</receiver_MarketParticipant.mRID>
    <receiver_MarketParticipant.marketRole.type>A33</receiver_MarketParticipant.marketRole.type>
    <createdDateTime>2025-11-13T11:54:22Z</createdDateTime>
    <controlArea_Domain.mRID codingScheme="A01">10YRO-TEL------P</controlArea_Domain.mRID>
    <period.timeInterval>
      <start>2025-11-10T23:00Z</start>
      <end>2025-11-13T11:30Z</end>
    </period.timeInterval>
      <TimeSeries>
        <mRID>1</mRID>
        <businessType>A19</businessType>
        <flowDirection.direction>A02</flowDirection.direction>
        <quantity_Measure_Unit.name>MWH</quantity_Measure_Unit.name>
        <curveType>A03</curveType>
          <Period>
            <timeInterval>
              <start>2025-11-10T23:00Z</start>
              <end>2025-11-11T00:00Z</end>
            </timeInterval>
            <resolution>PT15M</resolution>
              <Point>
                <position>1</position>
                <quantity>103.856</quantity>
              </Point>
              <Point>
                <position>2</position>
                <quantity>38.548</quantity>
              </Point>
              <Point>
                <position>3</position>
                <quantity>40.138</quantity>
              </Point>
              <Point>
                <position>4</position>
                <quantity>33.267</quantity>
              </Point>
          </Period>
          <Period>
            <timeInterval>
              <start>2025-11-11T00:30Z</start>
              <end>2025-11-11T00:45Z</end>
            </timeInterval>
            <resolution>PT15M</resolution>
              <Point>
                <position>1</position>
                <quantity>3.812</quantity>
              </Point>
          </Period>
          <Period>
            <timeInterval>
              <start>2025-11-11T02:30Z</start>
              <end>2025-11-11T02:45Z</end>
            </timeInterval>
            <resolution>PT15M</resolution>
              <Point>
                <position>1</position>
                <quantity>3.96</quantity>
              </Point>
          </Period>
          <Period>
            <timeInterval>
              <start>2025-11-11T10:30Z</start>
              <end>2025-11-11T10:45Z</end>
            </timeInterval>
            <resolution>PT15M</resolution>
              <Point>
                <position>1</position>
                <quantity>0.109</quantity>
              </Point>
          </Period>
          <Period>
            <timeInterval>
              <start>2025-11-11T11:15Z</start>
              <end>2025-11-11T13:00Z</end>
            </timeInterval>
            <resolution>PT15M</resolution>
              <Point>
                <position>1</position>
                <quantity>18.471</quantity>
              </Point>
              <Point>
                <position>2</position>
                <quantity>55.162</quantity>
              </Point>
              <Point>
                <position>3</position>
                <quantity>65.726</quantity>
              </Point>
              <Point>
                <position>4</position>
                <quantity>21.465</quantity>
              </Point>
              <Point>
                <position>5</position>
                <quantity>38.573</quantity>
              </Point>
              <Point>
                <position>6</position>
                <quantity>32.99</quantity>
              </Point>
              <Point>
                <position>7</position>
                <quantity>23.51</quantity>
              </Point>
          </Period>
          <Period>
            <timeInterval>
              <start>2025-11-11T13:45Z</start>
              <end>2025-11-11T14:30Z</end>
            </timeInterval>
            <resolution>PT15M</resolution>
              <Point>
                <position>1</position>
                <quantity>4.909</quantity>
              </Point>
              <Point>
                <position>2</position>
                <quantity>40.032</quantity>
              </Point>
              <Point>
                <position>3</position>
                <quantity>21.973</quantity>
              </Point>
          </Period>
          <Period>
            <timeInterval>
              <start>2025-11-11T14:45Z</start>
              <end>2025-11-11T18:00Z</end>
            </timeInterval>
            <resolution>PT15M</resolution>
              <Point>
                <position>1</position>
                <quantity>54.921</quantity>
              </Point>
              <Point>
                <position>2</position>
                <quantity>56.653</quantity>
              </Point>
              <Point>
                <position>3</position>
                <quantity>95.367</quantity>
              </Point>
              <Point>
                <position>4</position>
                <quantity>115.674</quantity>
              </Point>
              <Point>
                <position>5</position>
                <quantity>90.937</quantity>
              </Point>
              <Point>
                <position>6</position>
                <quantity>93.346</quantity>
              </Point>
              <Point>
                <position>7</position>
                <quantity>108.1</quantity>
              </Point>
              <Point>
                <position>8</position>
                <quantity>111.85</quantity>
              </Point>
              <Point>
                <position>9</position>
                <quantity>119.14</quantity>
              </Point>
              <Point>
                <position>10</position>
                <quantity>81.875</quantity>
              </Point>
              <Point>
                <position>11</position>
                <quantity>47.601</quantity>
              </Point>
              <Point>
                <position>12</position>
                <quantity>24.514</quantity>
              </Point>
              <Point>
                <position>13</position>
                <quantity>8.472</quantity>
              </Point>
          </Period>
          <Period>
            <timeInterval>
              <start>2025-11-11T18:15Z</start>
              <end>2025-11-11T19:30Z</end>
            </timeInterval>
            <resolution>PT15M</resolution>
              <Point>
                <position>1</position>
                <quantity>53.86</quantity>
              </Point>
              <Point>
                <position>2</position>
                <quantity>57.339</quantity>
              </Point>
              <Point>
                <position>3</position>
                <quantity>60.415</quantity>
              </Point>
              <Point>
                <position>4</position>
                <quantity>75.205</quantity>
              </Point>
              <Point>
                <position>5</position>
                <quantity>56.823</quantity>
              </Point>
          </Period>
          <Period>
            <timeInterval>
              <start>2025-11-11T20:00Z</start>
              <end>2025-11-11T20:15Z</end>
            </timeInterval>
            <resolution>PT15M</resolution>
              <Point>
                <position>1</position>
                <quantity>20.752</quantity>
              </Point>
          </Period>
          <Period>
            <timeInterval>
              <start>2025-11-11T20:30Z</start>
              <end>2025-11-11T20:45Z</end>
            </timeInterval>
            <resolution>PT15M</resolution>
              <Point>
                <position>1</position>
                <quantity>5.66</quantity>
              </Point>
          </Period>
          <Period>
            <timeInterval>
              <start>2025-11-11T21:00Z</start>
              <end>2025-11-11T21:30Z</end>
            </timeInterval>
            <resolution>PT15M</resolution>
              <Point>
                <position>1</position>
                <quantity>7.461</quantity>
              </Point>
              <Point>
                <position>2</position>
                <quantity>14.108</quantity>
              </Point>
          </Period>
          <Period>
            <timeInterval>
              <start>2025-11-11T22:00Z</start>
              <end>2025-11-11T23:00Z</end>
            </timeInterval>
            <resolution>PT15M</resolution>
              <Point>
                <position>1</position>
                <quantity>12.485</quantity>
              </Point>
              <Point>
                <position>2</position>
                <quantity>44.435</quantity>
              </Point>
              <Point>
                <position>3</position>
                <quantity>24.197</quantity>
              </Point>
              <Point>
                <position>4</position>
                <quantity>11.765</quantity>
              </Point>
          </Period>
          <Period>
            <timeInterval>
              <start>2025-11-12T03:15Z</start>
              <end>2025-11-12T04:00Z</end>
            </timeInterval>
            <resolution>PT15M</resolution>
              <Point>
                <position>1</position>
                <quantity>8.446</quantity>
              </Point>
              <Point>
                <position>2</position>
                <quantity>60.303</quantity>
              </Point>
              <Point>
                <position>3</position>
                <quantity>33.788</quantity>
              </Point>
          </Period>
          <Period>
            <timeInterval>
              <start>2025-11-12T04:15Z</start>
              <end>2025-11-12T05:00Z</end>
            </timeInterval>
            <resolution>PT15M</resolution>
              <Point>
                <position>1</position>
                <quantity>23.698</quantity>
              </Point>
              <Point>
                <position>2</position>
                <quantity>24.856</quantity>
              </Point>
              <Point>
                <position>3</position>
                <quantity>33.133</quantity>
              </Point>
          </Period>
          <Period>
            <timeInterval>
              <start>2025-11-12T05:15Z</start>
              <end>2025-11-12T05:45Z</end>
            </timeInterval>
            <resolution>PT15M</resolution>
              <Point>
                <position>1</position>
                <quantity>15.225</quantity>
              </Point>
              <Point>
                <position>2</position>
                <quantity>29.98</quantity>
              </Point>
          </Period>
          <Period>
            <timeInterval>
              <start>2025-11-12T06:30Z</start>
              <end>2025-11-12T08:30Z</end>
            </timeInterval>
            <resolution>PT15M</resolution>
              <Point>
                <position>1</position>
                <quantity>28.832</quantity>
              </Point>
              <Point>
                <position>2</position>
                <quantity>22.649</quantity>
              </Point>
              <Point>
                <position>3</position>
                <quantity>31.456</quantity>
              </Point>
              <Point>
                <position>4</position>
                <quantity>40.969</quantity>
              </Point>
              <Point>
                <position>5</position>
                <quantity>45.852</quantity>
              </Point>
              <Point>
                <position>6</position>
                <quantity>28.081</quantity>
              </Point>
              <Point>
                <position>7</position>
                <quantity>36.561</quantity>
              </Point>
              <Point>
                <position>8</position>
                <quantity>45.877</quantity>
              </Point>
          </Period>
          <Period>
            <timeInterval>
              <start>2025-11-12T09:15Z</start>
              <end>2025-11-12T11:45Z</end>
            </timeInterval>
            <resolution>PT15M</resolution>
              <Point>
                <position>1</position>
                <quantity>5.782</quantity>
              </Point>
              <Point>
                <position>2</position>
                <quantity>25.347</quantity>
              </Point>
              <Point>
                <position>3</position>
                <quantity>24.277</quantity>
              </Point>
              <Point>
                <position>4</position>
                <quantity>63.714</quantity>
              </Point>
              <Point>
                <position>5</position>
                <quantity>53.632</quantity>
              </Point>
              <Point>
                <position>6</position>
                <quantity>73.384</quantity>
              </Point>
              <Point>
                <position>7</position>
                <quantity>105.775</quantity>
              </Point>
              <Point>
                <position>8</position>
                <quantity>85.287</quantity>
              </Point>
              <Point>
                <position>9</position>
                <quantity>59.879</quantity>
              </Point>
              <Point>
                <position>10</position>
                <quantity>33.046</quantity>
              </Point>
          </Period>
          <Period>
            <timeInterval>
              <start>2025-11-12T14:45Z</start>
              <end>2025-11-12T15:00Z</end>
            </timeInterval>
            <resolution>PT15M</resolution>
              <Point>
                <position>1</position>
                <quantity>10.22</quantity>
              </Point>
          </Period>
          <Period>
            <timeInterval>
              <start>2025-11-12T21:30Z</start>
              <end>2025-11-12T21:45Z</end>
            </timeInterval>
            <resolution>PT15M</resolution>
              <Point>
                <position>1</position>
                <quantity>3.385</quantity>
              </Point>
          </Period>
          <Period>
            <timeInterval>
              <start>2025-11-13T00:30Z</start>
              <end>2025-11-13T00:45Z</end>
            </timeInterval>
            <resolution>PT15M</resolution>
              <Point>
                <position>1</position>
                <quantity>6.044</quantity>
              </Point>
          </Period>
          <Period>
            <timeInterval>
              <start>2025-11-13T01:45Z</start>
              <end>2025-11-13T02:00Z</end>
            </timeInterval>
            <resolution>PT15M</resolution>
              <Point>
                <position>1</position>
                <quantity>3.877</quantity>
              </Point>
          </Period>
          <Period>
            <timeInterval>
              <start>2025-11-13T02:45Z</start>
              <end>2025-11-13T03:30Z</end>
            </timeInterval>
            <resolution>PT15M</resolution>
              <Point>
                <position>1</position>
                <quantity>1.726</quantity>
              </Point>
              <Point>
                <position>2</position>
                <quantity>0.355</quantity>
              </Point>
              <Point>
                <position>3</position>
                <quantity>5.134</quantity>
              </Point>
          </Period>
          <Period>
            <timeInterval>
              <start>2025-11-13T03:45Z</start>
              <end>2025-11-13T04:00Z</end>
            </timeInterval>
            <resolution>PT15M</resolution>
              <Point>
                <position>1</position>
                <quantity>20.576</quantity>
              </Point>
          </Period>
          <Period>
            <timeInterval>
              <start>2025-11-13T05:30Z</start>
              <end>2025-11-13T05:45Z</end>
            </timeInterval>
            <resolution>PT15M</resolution>
              <Point>
                <position>1</position>
                <quantity>6.362</quantity>
              </Point>
          </Period>
          <Period>
            <timeInterval>
              <start>2025-11-13T08:00Z</start>
              <end>2025-11-13T10:45Z</end>
            </timeInterval>
            <resolution>PT15M</resolution>
              <Point>
                <position>1</position>
                <quantity>69.248</quantity>
              </Point>
              <Point>
                <position>2</position>
                <quantity>65.672</quantity>
              </Point>
              <Point>
                <position>3</position>
                <quantity>62.456</quantity>
              </Point>
              <Point>
                <position>4</position>
                <quantity>53.563</quantity>
              </Point>
              <Point>
                <position>5</position>
                <quantity>107.37</quantity>
              </Point>
              <Point>
                <position>6</position>
                <quantity>90.628</quantity>
              </Point>
              <Point>
                <position>7</position>
                <quantity>65.839</quantity>
              </Point>
              <Point>
                <position>8</position>
                <quantity>55.782</quantity>
              </Point>
              <Point>
                <position>9</position>
                <quantity>7.089</quantity>
              </Point>
              <Point>
                <position>10</position>
                <quantity>37.644</quantity>
              </Point>
              <Point>
                <position>11</position>
                <quantity>20.887</quantity>
              </Point>
          </Period>
      </TimeSeries>
      <TimeSeries>
        <mRID>2</mRID>
        <businessType>A19</businessType>
        <flowDirection.direction>A01</flowDirection.direction>
        <quantity_Measure_Unit.name>MWH</quantity_Measure_Unit.name>
        <curveType>A03</curveType>
          <Period>
            <timeInterval>
              <start>2025-11-11T00:00Z</start>
              <end>2025-11-11T00:30Z</end>
            </timeInterval>
            <resolution>PT15M</resolution>
              <Point>
                <position>1</position>
                <quantity>31.473</quantity>
              </Point>
              <Point>
                <position>2</position>
                <quantity>29.489</quantity>
              </Point>
          </Period>
          <Period>
            <timeInterval>
              <start>2025-11-11T00:45Z</start>
              <end>2025-11-11T02:30Z</end>
            </timeInterval>
            <resolution>PT15M</resolution>
              <Point>
                <position>1</position>
                <quantity>41.06</quantity>
              </Point>
              <Point>
                <position>2</position>
                <quantity>52.863</quantity>
              </Point>
              <Point>
                <position>3</position>
                <quantity>10.828</quantity>
              </Point>
              <Point>
                <position>4</position>
                <quantity>11.538</quantity>
              </Point>
              <Point>
                <position>5</position>
                <quantity>13.88</quantity>
              </Point>
              <Point>
                <position>6</position>
                <quantity>2.276</quantity>
              </Point>
              <Point>
                <position>7</position>
                <quantity>6.489</quantity>
              </Point>
          </Period>
          <Period>
            <timeInterval>
              <start>2025-11-11T02:45Z</start>
              <end>2025-11-11T10:30Z</end>
            </timeInterval>
            <resolution>PT15M</resolution>
              <Point>
                <position>1</position>
                <quantity>15.994</quantity>
              </Point>
              <Point>
                <position>2</position>
                <quantity>27.175</quantity>
              </Point>
              <Point>
                <position>3</position>
                <quantity>21.766</quantity>
              </Point>
              <Point>
                <position>4</position>
                <quantity>11.509</quantity>
              </Point>
              <Point>
                <position>5</position>
                <quantity>23.406</quantity>
              </Point>
              <Point>
                <position>6</position>
                <quantity>15.58</quantity>
              </Point>
              <Point>
                <position>7</position>
                <quantity>41.16</quantity>
              </Point>
              <Point>
                <position>8</position>
                <quantity>79.542</quantity>
              </Point>
              <Point>
                <position>9</position>
                <quantity>41.403</quantity>
              </Point>
              <Point>
                <position>10</position>
                <quantity>89.844</quantity>
              </Point>
              <Point>
                <position>11</position>
                <quantity>100.387</quantity>
              </Point>
              <Point>
                <position>12</position>
                <quantity>81.224</quantity>
              </Point>
              <Point>
                <position>13</position>
                <quantity>99.209</quantity>
              </Point>
              <Point>
                <position>14</position>
                <quantity>119.858</quantity>
              </Point>
              <Point>
                <position>15</position>
                <quantity>111.806</quantity>
              </Point>
              <Point>
                <position>16</position>
                <quantity>106.07</quantity>
              </Point>
              <Point>
                <position>17</position>
                <quantity>63.454</quantity>
              </Point>
              <Point>
                <position>18</position>
                <quantity>62.788</quantity>
              </Point>
              <Point>
                <position>19</position>
                <quantity>46.148</quantity>
              </Point>
              <Point>
                <position>20</position>
                <quantity>28.718</quantity>
              </Point>
              <Point>
                <position>21</position>
                <quantity>59.12</quantity>
              </Point>
              <Point>
                <position>22</position>
                <quantity>47.4</quantity>
              </Point>
              <Point>
                <position>23</position>
                <quantity>33.367</quantity>
              </Point>
              <Point>
                <position>24</position>
                <quantity>32.567</quantity>
              </Point>
              <Point>
                <position>25</position>
                <quantity>122.646</quantity>
              </Point>
              <Point>
                <position>26</position>
                <quantity>128.535</quantity>
              </Point>
              <Point>
                <position>27</position>
                <quantity>59.296</quantity>
              </Point>
              <Point>
                <position>28</position>
                <quantity>67.159</quantity>
              </Point>
              <Point>
                <position>29</position>
                <quantity>48.259</quantity>
              </Point>
              <Point>
                <position>30</position>
                <quantity>57.861</quantity>
              </Point>
              <Point>
                <position>31</position>
                <quantity>63.342</quantity>
              </Point>
          </Period>
          <Period>
            <timeInterval>
              <start>2025-11-11T10:45Z</start>
              <end>2025-11-11T11:15Z</end>
            </timeInterval>
            <resolution>PT15M</resolution>
              <Point>
                <position>1</position>
                <quantity>1.888</quantity>
              </Point>
              <Point>
                <position>2</position>
                <quantity>13.56</quantity>
              </Point>
          </Period>
          <Period>
            <timeInterval>
              <start>2025-11-11T13:00Z</start>
              <end>2025-11-11T13:45Z</end>
            </timeInterval>
            <resolution>PT15M</resolution>
              <Point>
                <position>1</position>
                <quantity>97.101</quantity>
              </Point>
              <Point>
                <position>2</position>
                <quantity>55.777</quantity>
              </Point>
              <Point>
                <position>3</position>
                <quantity>12.207</quantity>
              </Point>
          </Period>
          <Period>
            <timeInterval>
              <start>2025-11-11T14:30Z</start>
              <end>2025-11-11T14:45Z</end>
            </timeInterval>
            <resolution>PT15M</resolution>
              <Point>
                <position>1</position>
                <quantity>4.086</quantity>
              </Point>
          </Period>
          <Period>
            <timeInterval>
              <start>2025-11-11T18:00Z</start>
              <end>2025-11-11T18:15Z</end>
            </timeInterval>
            <resolution>PT15M</resolution>
              <Point>
                <position>1</position>
                <quantity>3.939</quantity>
              </Point>
          </Period>
          <Period>
            <timeInterval>
              <start>2025-11-11T19:30Z</start>
              <end>2025-11-11T20:00Z</end>
            </timeInterval>
            <resolution>PT15M</resolution>
              <Point>
                <position>1</position>
                <quantity>5.157</quantity>
              </Point>
              <Point>
                <position>2</position>
                <quantity>22.193</quantity>
              </Point>
          </Period>
          <Period>
            <timeInterval>
              <start>2025-11-11T20:15Z</start>
              <end>2025-11-11T20:30Z</end>
            </timeInterval>
            <resolution>PT15M</resolution>
              <Point>
                <position>1</position>
                <quantity>13.915</quantity>
              </Point>
          </Period>
          <Period>
            <timeInterval>
              <start>2025-11-11T20:45Z</start>
              <end>2025-11-11T21:00Z</end>
            </timeInterval>
            <resolution>PT15M</resolution>
              <Point>
                <position>1</position>
                <quantity>27.374</quantity>
              </Point>
          </Period>
          <Period>
            <timeInterval>
              <start>2025-11-11T21:30Z</start>
              <end>2025-11-11T22:00Z</end>
            </timeInterval>
            <resolution>PT15M</resolution>
              <Point>
                <position>1</position>
                <quantity>4.582</quantity>
              </Point>
              <Point>
                <position>2</position>
                <quantity>4.65</quantity>
              </Point>
          </Period>
          <Period>
            <timeInterval>
              <start>2025-11-11T23:00Z</start>
              <end>2025-11-12T03:15Z</end>
            </timeInterval>
            <resolution>PT15M</resolution>
              <Point>
                <position>1</position>
                <quantity>33.994</quantity>
              </Point>
              <Point>
                <position>2</position>
                <quantity>36.26</quantity>
              </Point>
              <Point>
                <position>3</position>
                <quantity>19.141</quantity>
              </Point>
              <Point>
                <position>4</position>
                <quantity>14.68</quantity>
              </Point>
              <Point>
                <position>5</position>
                <quantity>19.366</quantity>
              </Point>
              <Point>
                <position>6</position>
                <quantity>19.186</quantity>
              </Point>
              <Point>
                <position>7</position>
                <quantity>39.099</quantity>
              </Point>
              <Point>
                <position>8</position>
                <quantity>36.742</quantity>
              </Point>
              <Point>
                <position>9</position>
                <quantity>14.348</quantity>
              </Point>
              <Point>
                <position>10</position>
                <quantity>27.635</quantity>
              </Point>
              <Point>
                <position>11</position>
                <quantity>35.533</quantity>
              </Point>
              <Point>
                <position>12</position>
                <quantity>27.308</quantity>
              </Point>
              <Point>
                <position>13</position>
                <quantity>50.732</quantity>
              </Point>
              <Point>
                <position>14</position>
                <quantity>39.095</quantity>
              </Point>
              <Point>
                <position>15</position>
                <quantity>29.643</quantity>
              </Point>
              <Point>
                <position>16</position>
                <quantity>7.528</quantity>
              </Point>
              <Point>
                <position>17</position>
                <quantity>59.89</quantity>
              </Point>
          </Period>
          <Period>
            <timeInterval>
              <start>2025-11-12T04:00Z</start>
              <end>2025-11-12T04:15Z</end>
            </timeInterval>
            <resolution>PT15M</resolution>
              <Point>
                <position>1</position>
                <quantity>4.947</quantity>
              </Point>
          </Period>
          <Period>
            <timeInterval>
              <start>2025-11-12T05:00Z</start>
              <end>2025-11-12T05:15Z</end>
            </timeInterval>
            <resolution>PT15M</resolution>
              <Point>
                <position>1</position>
                <quantity>8.049</quantity>
              </Point>
          </Period>
          <Period>
            <timeInterval>
              <start>2025-11-12T05:45Z</start>
              <end>2025-11-12T06:30Z</end>
            </timeInterval>
            <resolution>PT15M</resolution>
              <Point>
                <position>1</position>
                <quantity>5.642</quantity>
              </Point>
              <Point>
                <position>2</position>
                <quantity>29.068</quantity>
              </Point>
              <Point>
                <position>3</position>
                <quantity>20.83</quantity>
              </Point>
          </Period>
          <Period>
            <timeInterval>
              <start>2025-11-12T08:30Z</start>
              <end>2025-11-12T09:15Z</end>
            </timeInterval>
            <resolution>PT15M</resolution>
              <Point>
                <position>1</position>
                <quantity>4.671</quantity>
              </Point>
              <Point>
                <position>2</position>
                <quantity>80.303</quantity>
              </Point>
              <Point>
                <position>3</position>
                <quantity>15.217</quantity>
              </Point>
          </Period>
          <Period>
            <timeInterval>
              <start>2025-11-12T11:45Z</start>
              <end>2025-11-12T14:45Z</end>
            </timeInterval>
            <resolution>PT15M</resolution>
              <Point>
                <position>1</position>
                <quantity>30.994</quantity>
              </Point>
              <Point>
                <position>2</position>
                <quantity>80.177</quantity>
              </Point>
              <Point>
                <position>3</position>
                <quantity>92.394</quantity>
              </Point>
              <Point>
                <position>4</position>
                <quantity>63.745</quantity>
              </Point>
              <Point>
                <position>5</position>
                <quantity>54.151</quantity>
              </Point>
              <Point>
                <position>6</position>
                <quantity>121.086</quantity>
              </Point>
              <Point>
                <position>7</position>
                <quantity>84.079</quantity>
              </Point>
              <Point>
                <position>8</position>
                <quantity>81.908</quantity>
              </Point>
              <Point>
                <position>9</position>
                <quantity>82.93</quantity>
              </Point>
              <Point>
                <position>10</position>
                <quantity>16.362</quantity>
              </Point>
              <Point>
                <position>11</position>
                <quantity>41.157</quantity>
              </Point>
              <Point>
                <position>12</position>
                <quantity>19.675</quantity>
              </Point>
          </Period>
          <Period>
            <timeInterval>
              <start>2025-11-12T15:00Z</start>
              <end>2025-11-12T21:30Z</end>
            </timeInterval>
            <resolution>PT15M</resolution>
              <Point>
                <position>1</position>
                <quantity>17.744</quantity>
              </Point>
              <Point>
                <position>2</position>
                <quantity>23.357</quantity>
              </Point>
              <Point>
                <position>3</position>
                <quantity>49.761</quantity>
              </Point>
              <Point>
                <position>4</position>
                <quantity>50.136</quantity>
              </Point>
              <Point>
                <position>5</position>
                <quantity>55.598</quantity>
              </Point>
              <Point>
                <position>6</position>
                <quantity>89.793</quantity>
              </Point>
              <Point>
                <position>7</position>
                <quantity>68.971</quantity>
              </Point>
              <Point>
                <position>8</position>
                <quantity>27.049</quantity>
              </Point>
              <Point>
                <position>9</position>
                <quantity>72.798</quantity>
              </Point>
              <Point>
                <position>10</position>
                <quantity>40.968</quantity>
              </Point>
              <Point>
                <position>11</position>
                <quantity>39.918</quantity>
              </Point>
              <Point>
                <position>12</position>
                <quantity>8.17</quantity>
              </Point>
              <Point>
                <position>13</position>
                <quantity>55.839</quantity>
              </Point>
              <Point>
                <position>14</position>
                <quantity>53.609</quantity>
              </Point>
              <Point>
                <position>15</position>
                <quantity>49.189</quantity>
              </Point>
              <Point>
                <position>16</position>
                <quantity>57.43</quantity>
              </Point>
              <Point>
                <position>17</position>
                <quantity>65.949</quantity>
              </Point>
              <Point>
                <position>18</position>
                <quantity>69.426</quantity>
              </Point>
              <Point>
                <position>19</position>
                <quantity>45.035</quantity>
              </Point>
              <Point>
                <position>20</position>
                <quantity>40.583</quantity>
              </Point>
              <Point>
                <position>21</position>
                <quantity>16.626</quantity>
              </Point>
              <Point>
                <position>22</position>
                <quantity>20.25</quantity>
              </Point>
              <Point>
                <position>23</position>
                <quantity>31.635</quantity>
              </Point>
              <Point>
                <position>24</position>
                <quantity>44.715</quantity>
              </Point>
              <Point>
                <position>25</position>
                <quantity>4.561</quantity>
              </Point>
              <Point>
                <position>26</position>
                <quantity>16.923</quantity>
              </Point>
          </Period>
          <Period>
            <timeInterval>
              <start>2025-11-12T21:45Z</start>
              <end>2025-11-13T00:30Z</end>
            </timeInterval>
            <resolution>PT15M</resolution>
              <Point>
                <position>1</position>
                <quantity>16.147</quantity>
              </Point>
              <Point>
                <position>2</position>
                <quantity>37.936</quantity>
              </Point>
              <Point>
                <position>3</position>
                <quantity>36.567</quantity>
              </Point>
              <Point>
                <position>4</position>
                <quantity>37.685</quantity>
              </Point>
              <Point>
                <position>5</position>
                <quantity>28.338</quantity>
              </Point>
              <Point>
                <position>6</position>
                <quantity>19.938</quantity>
              </Point>
              <Point>
                <position>7</position>
                <quantity>30.867</quantity>
              </Point>
              <Point>
                <position>8</position>
                <quantity>21.723</quantity>
              </Point>
              <Point>
                <position>9</position>
                <quantity>2.097</quantity>
              </Point>
              <Point>
                <position>10</position>
                <quantity>1.637</quantity>
              </Point>
              <Point>
                <position>11</position>
                <quantity>1.145</quantity>
              </Point>
          </Period>
          <Period>
            <timeInterval>
              <start>2025-11-13T00:45Z</start>
              <end>2025-11-13T01:45Z</end>
            </timeInterval>
            <resolution>PT15M</resolution>
              <Point>
                <position>1</position>
                <quantity>21.084</quantity>
              </Point>
              <Point>
                <position>2</position>
                <quantity>12.099</quantity>
              </Point>
              <Point>
                <position>3</position>
                <quantity>2.106</quantity>
              </Point>
              <Point>
                <position>4</position>
                <quantity>14.464</quantity>
              </Point>
          </Period>
          <Period>
            <timeInterval>
              <start>2025-11-13T02:00Z</start>
              <end>2025-11-13T02:45Z</end>
            </timeInterval>
            <resolution>PT15M</resolution>
              <Point>
                <position>1</position>
                <quantity>15.9</quantity>
              </Point>
              <Point>
                <position>2</position>
                <quantity>4.212</quantity>
              </Point>
              <Point>
                <position>3</position>
                <quantity>5.416</quantity>
              </Point>
          </Period>
          <Period>
            <timeInterval>
              <start>2025-11-13T03:30Z</start>
              <end>2025-11-13T03:45Z</end>
            </timeInterval>
            <resolution>PT15M</resolution>
              <Point>
                <position>1</position>
                <quantity>1.649</quantity>
              </Point>
          </Period>
          <Period>
            <timeInterval>
              <start>2025-11-13T04:00Z</start>
              <end>2025-11-13T05:30Z</end>
            </timeInterval>
            <resolution>PT15M</resolution>
              <Point>
                <position>1</position>
                <quantity>21.207</quantity>
              </Point>
              <Point>
                <position>2</position>
                <quantity>11.864</quantity>
              </Point>
              <Point>
                <position>3</position>
                <quantity>7.672</quantity>
              </Point>
              <Point>
                <position>4</position>
                <quantity>1.796</quantity>
              </Point>
              <Point>
                <position>5</position>
                <quantity>12.676</quantity>
              </Point>
              <Point>
                <position>6</position>
                <quantity>20.5</quantity>
              </Point>
          </Period>
          <Period>
            <timeInterval>
              <start>2025-11-13T05:45Z</start>
              <end>2025-11-13T08:00Z</end>
            </timeInterval>
            <resolution>PT15M</resolution>
              <Point>
                <position>1</position>
                <quantity>21.909</quantity>
              </Point>
              <Point>
                <position>2</position>
                <quantity>25.092</quantity>
              </Point>
              <Point>
                <position>3</position>
                <quantity>3.141</quantity>
              </Point>
              <Point>
                <position>4</position>
                <quantity>21.782</quantity>
              </Point>
              <Point>
                <position>5</position>
                <quantity>41.439</quantity>
              </Point>
              <Point>
                <position>6</position>
                <quantity>29.034</quantity>
              </Point>
              <Point>
                <position>7</position>
                <quantity>6.088</quantity>
              </Point>
              <Point>
                <position>8</position>
                <quantity>10.419</quantity>
              </Point>
              <Point>
                <position>9</position>
                <quantity>24.237</quantity>
              </Point>
          </Period>
          <Period>
            <timeInterval>
              <start>2025-11-13T10:45Z</start>
              <end>2025-11-13T11:30Z</end>
            </timeInterval>
            <resolution>PT15M</resolution>
              <Point>
                <position>1</position>
                <quantity>38.288</quantity>
              </Point>
              <Point>
                <position>2</position>
                <quantity>30.924</quantity>
              </Point>
              <Point>
                <position>3</position>
                <quantity>42.681</quantity>
              </Point>
          </Period>
      </TimeSeries>
  </Balancing_MarketDocument>