<?xml version="1.0" encoding="UTF-8"?>
  <Balancing_MarketDocument xmlns="urn:iec62325.351:tc57wg16:451-6:balancingdocument:3:0">
    <mRID>cc993e0aa7404e7d8cf416e6c2819696</mRID>
    <revisionNumber>1</revisionNumber>
    <type>A86</type>
    <process.processType>A16</process.processType>
    <sender_MarketParticipant.mRID codingScheme="A01">10X1001A1001A450</sender_MarketParticipant.mRID>
    <sender_MarketParticipant.marketRole.type>A32</sender_MarketParticipant.marketRole.type>
    <receiver_MarketParticipant.mRID codingScheme="A01">10X1001A1001A450</receiver_MarketParticipant.mRID>
    <receiver_MarketParticipant.marketRole.type>A33</receiver_MarketParticipant.marketRole.type>
    <createdDateTime>2025-11-24T12:09:23Z</createdDateTime>
    <controlArea_Domain.mRID codingScheme="A01">10YRO-TEL------P</controlArea_Domain.mRID>
    <period.timeInterval>
      <start>2025-11-22T23:00Z</start>
      <end>2025-11-24T11:45Z</end>
    </period.timeInterval>
      <TimeSeries>
        <mRID>1</mRID>
        <businessType>A19</businessType>
        <flowDirection.direction>A02</flowDirection.direction>
        <quantity_Measure_Unit.name>MWH</quantity_Measure_Unit.name>
        <curveType>A03</curveType>
          <Period>
            <timeInterval>
              <start>2025-11-22T23:00Z</start>
              <end>2025-11-23T00:15Z</end>
            </timeInterval>
            <resolution>PT15M</resolution>
              <Point>
                <position>1</position>
                <quantity>35.846</quantity>
              </Point>
              <Point>
                <position>2</position>
                <quantity>32.923</quantity>
              </Point>
              <Point>
                <position>3</position>
                <quantity>83.053</quantity>
              </Point>
              <Point>
                <position>4</position>
                <quantity>45.946</quantity>
              </Point>
              <Point>
                <position>5</position>
                <quantity>5.416</quantity>
              </Point>
          </Period>
          <Period>
            <timeInterval>
              <start>2025-11-23T01:45Z</start>
              <end>2025-11-23T05:30Z</end>
            </timeInterval>
            <resolution>PT15M</resolution>
              <Point>
                <position>1</position>
                <quantity>2.739</quantity>
              </Point>
              <Point>
                <position>2</position>
                <quantity>31.816</quantity>
              </Point>
              <Point>
                <position>3</position>
                <quantity>68.444</quantity>
              </Point>
              <Point>
                <position>4</position>
                <quantity>64.354</quantity>
              </Point>
              <Point>
                <position>5</position>
                <quantity>63.9</quantity>
              </Point>
              <Point>
                <position>6</position>
                <quantity>52.523</quantity>
              </Point>
              <Point>
                <position>7</position>
                <quantity>48.803</quantity>
              </Point>
              <Point>
                <position>8</position>
                <quantity>55.024</quantity>
              </Point>
              <Point>
                <position>9</position>
                <quantity>60.304</quantity>
              </Point>
              <Point>
                <position>10</position>
                <quantity>37.778</quantity>
              </Point>
              <Point>
                <position>11</position>
                <quantity>47.574</quantity>
              </Point>
              <Point>
                <position>12</position>
                <quantity>36.517</quantity>
              </Point>
              <Point>
                <position>13</position>
                <quantity>31.407</quantity>
              </Point>
              <Point>
                <position>14</position>
                <quantity>15.191</quantity>
              </Point>
              <Point>
                <position>15</position>
                <quantity>6.312</quantity>
              </Point>
          </Period>
          <Period>
            <timeInterval>
              <start>2025-11-23T05:45Z</start>
              <end>2025-11-23T13:00Z</end>
            </timeInterval>
            <resolution>PT15M</resolution>
              <Point>
                <position>1</position>
                <quantity>18.747</quantity>
              </Point>
              <Point>
                <position>2</position>
                <quantity>8.09</quantity>
              </Point>
              <Point>
                <position>3</position>
                <quantity>34.001</quantity>
              </Point>
              <Point>
                <position>4</position>
                <quantity>18.987</quantity>
              </Point>
              <Point>
                <position>5</position>
                <quantity>38.038</quantity>
              </Point>
              <Point>
                <position>6</position>
                <quantity>67.011</quantity>
              </Point>
              <Point>
                <position>7</position>
                <quantity>43.283</quantity>
              </Point>
              <Point>
                <position>8</position>
                <quantity>52.389</quantity>
              </Point>
              <Point>
                <position>9</position>
                <quantity>34.468</quantity>
              </Point>
              <Point>
                <position>10</position>
                <quantity>48.412</quantity>
              </Point>
              <Point>
                <position>11</position>
                <quantity>80.377</quantity>
              </Point>
              <Point>
                <position>12</position>
                <quantity>108.12</quantity>
              </Point>
              <Point>
                <position>13</position>
                <quantity>142.835</quantity>
              </Point>
              <Point>
                <position>14</position>
                <quantity>145.426</quantity>
              </Point>
              <Point>
                <position>15</position>
                <quantity>103.614</quantity>
              </Point>
              <Point>
                <position>16</position>
                <quantity>66.326</quantity>
              </Point>
              <Point>
                <position>17</position>
                <quantity>41.735</quantity>
              </Point>
              <Point>
                <position>18</position>
                <quantity>155.752</quantity>
              </Point>
              <Point>
                <position>19</position>
                <quantity>172.901</quantity>
              </Point>
              <Point>
                <position>20</position>
                <quantity>182.871</quantity>
              </Point>
              <Point>
                <position>21</position>
                <quantity>256.547</quantity>
              </Point>
              <Point>
                <position>22</position>
                <quantity>206.946</quantity>
              </Point>
              <Point>
                <position>23</position>
                <quantity>184.54</quantity>
              </Point>
              <Point>
                <position>24</position>
                <quantity>104.972</quantity>
              </Point>
              <Point>
                <position>25</position>
                <quantity>36.475</quantity>
              </Point>
              <Point>
                <position>26</position>
                <quantity>129.82</quantity>
              </Point>
              <Point>
                <position>27</position>
                <quantity>127.652</quantity>
              </Point>
              <Point>
                <position>28</position>
                <quantity>100.072</quantity>
              </Point>
              <Point>
                <position>29</position>
                <quantity>89.413</quantity>
              </Point>
          </Period>
          <Period>
            <timeInterval>
              <start>2025-11-23T20:00Z</start>
              <end>2025-11-23T20:15Z</end>
            </timeInterval>
            <resolution>PT15M</resolution>
              <Point>
                <position>1</position>
                <quantity>16.352</quantity>
              </Point>
          </Period>
          <Period>
            <timeInterval>
              <start>2025-11-24T06:15Z</start>
              <end>2025-11-24T06:30Z</end>
            </timeInterval>
            <resolution>PT15M</resolution>
              <Point>
                <position>1</position>
                <quantity>20.097</quantity>
              </Point>
          </Period>
          <Period>
            <timeInterval>
              <start>2025-11-24T07:15Z</start>
              <end>2025-11-24T07:45Z</end>
            </timeInterval>
            <resolution>PT15M</resolution>
              <Point>
                <position>1</position>
                <quantity>42.073</quantity>
              </Point>
              <Point>
                <position>2</position>
                <quantity>3.96</quantity>
              </Point>
          </Period>
          <Period>
            <timeInterval>
              <start>2025-11-24T08:00Z</start>
              <end>2025-11-24T09:00Z</end>
            </timeInterval>
            <resolution>PT15M</resolution>
              <Point>
                <position>1</position>
                <quantity>52.022</quantity>
              </Point>
              <Point>
                <position>2</position>
                <quantity>5.45</quantity>
              </Point>
              <Point>
                <position>3</position>
                <quantity>40.214</quantity>
              </Point>
              <Point>
                <position>4</position>
                <quantity>27.519</quantity>
              </Point>
          </Period>
      </TimeSeries>
      <TimeSeries>
        <mRID>2</mRID>
        <businessType>A19</businessType>
        <flowDirection.direction>A01</flowDirection.direction>
        <quantity_Measure_Unit.name>MWH</quantity_Measure_Unit.name>
        <curveType>A03</curveType>
          <Period>
            <timeInterval>
              <start>2025-11-23T00:15Z</start>
              <end>2025-11-23T01:45Z</end>
            </timeInterval>
            <resolution>PT15M</resolution>
              <Point>
                <position>1</position>
                <quantity>14.896</quantity>
              </Point>
              <Point>
                <position>2</position>
                <quantity>3.119</quantity>
              </Point>
              <Point>
                <position>3</position>
                <quantity>7.623</quantity>
              </Point>
              <Point>
                <position>4</position>
                <quantity>5.499</quantity>
              </Point>
              <Point>
                <position>5</position>
                <quantity>3.268</quantity>
              </Point>
              <Point>
                <position>6</position>
                <quantity>1.074</quantity>
              </Point>
          </Period>
          <Period>
            <timeInterval>
              <start>2025-11-23T05:30Z</start>
              <end>2025-11-23T05:45Z</end>
            </timeInterval>
            <resolution>PT15M</resolution>
              <Point>
                <position>1</position>
                <quantity>8.198</quantity>
              </Point>
          </Period>
          <Period>
            <timeInterval>
              <start>2025-11-23T13:00Z</start>
              <end>2025-11-23T20:00Z</end>
            </timeInterval>
            <resolution>PT15M</resolution>
              <Point>
                <position>1</position>
                <quantity>108.898</quantity>
              </Point>
              <Point>
                <position>2</position>
                <quantity>117.105</quantity>
              </Point>
              <Point>
                <position>3</position>
                <quantity>121.234</quantity>
              </Point>
              <Point>
                <position>4</position>
                <quantity>83.008</quantity>
              </Point>
              <Point>
                <position>5</position>
                <quantity>119.336</quantity>
              </Point>
              <Point>
                <position>6</position>
                <quantity>96.82</quantity>
              </Point>
              <Point>
                <position>7</position>
                <quantity>109.78</quantity>
              </Point>
              <Point>
                <position>8</position>
                <quantity>90.388</quantity>
              </Point>
              <Point>
                <position>9</position>
                <quantity>90.619</quantity>
              </Point>
              <Point>
                <position>10</position>
                <quantity>83.916</quantity>
              </Point>
              <Point>
                <position>11</position>
                <quantity>72.516</quantity>
              </Point>
              <Point>
                <position>12</position>
                <quantity>57.644</quantity>
              </Point>
              <Point>
                <position>13</position>
                <quantity>68.267</quantity>
              </Point>
              <Point>
                <position>14</position>
                <quantity>52.831</quantity>
              </Point>
              <Point>
                <position>15</position>
                <quantity>30.586</quantity>
              </Point>
              <Point>
                <position>16</position>
                <quantity>100.32</quantity>
              </Point>
              <Point>
                <position>17</position>
                <quantity>53.58</quantity>
              </Point>
              <Point>
                <position>18</position>
                <quantity>79.816</quantity>
              </Point>
              <Point>
                <position>19</position>
                <quantity>36.896</quantity>
              </Point>
              <Point>
                <position>20</position>
                <quantity>82.79</quantity>
              </Point>
              <Point>
                <position>21</position>
                <quantity>109.254</quantity>
              </Point>
              <Point>
                <position>22</position>
                <quantity>130.729</quantity>
              </Point>
              <Point>
                <position>23</position>
                <quantity>136.13</quantity>
              </Point>
              <Point>
                <position>24</position>
                <quantity>134.017</quantity>
              </Point>
              <Point>
                <position>25</position>
                <quantity>116.907</quantity>
              </Point>
              <Point>
                <position>26</position>
                <quantity>37.649</quantity>
              </Point>
              <Point>
                <position>27</position>
                <quantity>15.985</quantity>
              </Point>
              <Point>
                <position>28</position>
                <quantity>11.169</quantity>
              </Point>
          </Period>
          <Period>
            <timeInterval>
              <start>2025-11-23T20:15Z</start>
              <end>2025-11-24T06:15Z</end>
            </timeInterval>
            <resolution>PT15M</resolution>
              <Point>
                <position>1</position>
                <quantity>13.283</quantity>
              </Point>
              <Point>
                <position>2</position>
                <quantity>44.557</quantity>
              </Point>
              <Point>
                <position>3</position>
                <quantity>64.4</quantity>
              </Point>
              <Point>
                <position>4</position>
                <quantity>87.722</quantity>
              </Point>
              <Point>
                <position>5</position>
                <quantity>126.524</quantity>
              </Point>
              <Point>
                <position>6</position>
                <quantity>145.715</quantity>
              </Point>
              <Point>
                <position>7</position>
                <quantity>128.176</quantity>
              </Point>
              <Point>
                <position>8</position>
                <quantity>97.304</quantity>
              </Point>
              <Point>
                <position>9</position>
                <quantity>79.67</quantity>
              </Point>
              <Point>
                <position>10</position>
                <quantity>59.135</quantity>
              </Point>
              <Point>
                <position>11</position>
                <quantity>48.189</quantity>
              </Point>
              <Point>
                <position>12</position>
                <quantity>111.927</quantity>
              </Point>
              <Point>
                <position>13</position>
                <quantity>130.41</quantity>
              </Point>
              <Point>
                <position>14</position>
                <quantity>149.923</quantity>
              </Point>
              <Point>
                <position>15</position>
                <quantity>138.385</quantity>
              </Point>
              <Point>
                <position>16</position>
                <quantity>93.206</quantity>
              </Point>
              <Point>
                <position>17</position>
                <quantity>105.252</quantity>
              </Point>
              <Point>
                <position>18</position>
                <quantity>85.762</quantity>
              </Point>
              <Point>
                <position>19</position>
                <quantity>67.59</quantity>
              </Point>
              <Point>
                <position>20</position>
                <quantity>81.322</quantity>
              </Point>
              <Point>
                <position>21</position>
                <quantity>98.375</quantity>
              </Point>
              <Point>
                <position>22</position>
                <quantity>84.08</quantity>
              </Point>
              <Point>
                <position>23</position>
                <quantity>63.555</quantity>
              </Point>
              <Point>
                <position>24</position>
                <quantity>84.633</quantity>
              </Point>
              <Point>
                <position>25</position>
                <quantity>50.407</quantity>
              </Point>
              <Point>
                <position>26</position>
                <quantity>50.663</quantity>
              </Point>
              <Point>
                <position>27</position>
                <quantity>46.152</quantity>
              </Point>
              <Point>
                <position>28</position>
                <quantity>68.632</quantity>
              </Point>
              <Point>
                <position>29</position>
                <quantity>85.92</quantity>
              </Point>
              <Point>
                <position>30</position>
                <quantity>60.878</quantity>
              </Point>
              <Point>
                <position>31</position>
                <quantity>80.144</quantity>
              </Point>
              <Point>
                <position>32</position>
                <quantity>65.04</quantity>
              </Point>
              <Point>
                <position>33</position>
                <quantity>63.586</quantity>
              </Point>
              <Point>
                <position>34</position>
                <quantity>55.423</quantity>
              </Point>
              <Point>
                <position>35</position>
                <quantity>38.196</quantity>
              </Point>
              <Point>
                <position>36</position>
                <quantity>139.598</quantity>
              </Point>
              <Point>
                <position>37</position>
                <quantity>104.456</quantity>
              </Point>
              <Point>
                <position>38</position>
                <quantity>120.524</quantity>
              </Point>
              <Point>
                <position>39</position>
                <quantity>68.069</quantity>
              </Point>
              <Point>
                <position>40</position>
                <quantity>23.15</quantity>
              </Point>
          </Period>
          <Period>
            <timeInterval>
              <start>2025-11-24T06:30Z</start>
              <end>2025-11-24T07:15Z</end>
            </timeInterval>
            <resolution>PT15M</resolution>
              <Point>
                <position>1</position>
                <quantity>2.254</quantity>
              </Point>
              <Point>
                <position>2</position>
                <quantity>66.455</quantity>
              </Point>
              <Point>
                <position>3</position>
                <quantity>2.891</quantity>
              </Point>
          </Period>
          <Period>
            <timeInterval>
              <start>2025-11-24T07:45Z</start>
              <end>2025-11-24T08:00Z</end>
            </timeInterval>
            <resolution>PT15M</resolution>
              <Point>
                <position>1</position>
                <quantity>27.721</quantity>
              </Point>
          </Period>
          <Period>
            <timeInterval>
              <start>2025-11-24T09:00Z</start>
              <end>2025-11-24T11:45Z</end>
            </timeInterval>
            <resolution>PT15M</resolution>
              <Point>
                <position>1</position>
                <quantity>3.121</quantity>
              </Point>
              <Point>
                <position>2</position>
                <quantity>41.632</quantity>
              </Point>
              <Point>
                <position>3</position>
                <quantity>24.599</quantity>
              </Point>
              <Point>
                <position>4</position>
                <quantity>53.121</quantity>
              </Point>
              <Point>
                <position>5</position>
                <quantity>24.787</quantity>
              </Point>
              <Point>
                <position>6</position>
                <quantity>37.656</quantity>
              </Point>
              <Point>
                <position>7</position>
                <quantity>53.335</quantity>
              </Point>
              <Point>
                <position>8</position>
                <quantity>47.557</quantity>
              </Point>
              <Point>
                <position>9</position>
                <quantity>47.822</quantity>
              </Point>
              <Point>
                <position>10</position>
                <quantity>42.215</quantity>
              </Point>
              <Point>
                <position>11</position>
                <quantity>28.829</quantity>
              </Point>
          </Period>
      </TimeSeries>
  </Balancing_MarketDocument>