<?xml version="1.0" encoding="UTF-8"?>
  <Balancing_MarketDocument xmlns="urn:iec62325.351:tc57wg16:451-6:balancingdocument:3:0">
    <mRID>a3e6b8cc9245462790db2cd812570f26</mRID>
    <revisionNumber>1</revisionNumber>
    <type>A86</type>
    <process.processType>A16</process.processType>
    <sender_MarketParticipant.mRID codingScheme="A01">10X1001A1001A450</sender_MarketParticipant.mRID>
    <sender_MarketParticipant.marketRole.type>A32</sender_MarketParticipant.marketRole.type>
    <receiver_MarketParticipant.mRID codingScheme="A01">10X1001A1001A450</receiver_MarketParticipant.mRID>
    <receiver_MarketParticipant.marketRole.type>A33</receiver_MarketParticipant.marketRole.type>
    <createdDateTime>2025-11-21T06:42:01Z</createdDateTime>
    <controlArea_Domain.mRID codingScheme="A01">10YRO-TEL------P</controlArea_Domain.mRID>
    <period.timeInterval>
      <start>2025-11-19T23:00Z</start>
      <end>2025-11-21T06:30Z</end>
    </period.timeInterval>
      <TimeSeries>
        <mRID>1</mRID>
        <businessType>A19</businessType>
        <flowDirection.direction>A02</flowDirection.direction>
        <quantity_Measure_Unit.name>MWH</quantity_Measure_Unit.name>
        <curveType>A03</curveType>
          <Period>
            <timeInterval>
              <start>2025-11-19T23:00Z</start>
              <end>2025-11-20T01:00Z</end>
            </timeInterval>
            <resolution>PT15M</resolution>
              <Point>
                <position>1</position>
                <quantity>34.165</quantity>
              </Point>
              <Point>
                <position>2</position>
                <quantity>42.798</quantity>
              </Point>
              <Point>
                <position>3</position>
                <quantity>43.335</quantity>
              </Point>
              <Point>
                <position>4</position>
                <quantity>47.636</quantity>
              </Point>
              <Point>
                <position>5</position>
                <quantity>58.103</quantity>
              </Point>
              <Point>
                <position>6</position>
                <quantity>55.955</quantity>
              </Point>
              <Point>
                <position>7</position>
                <quantity>29.308</quantity>
              </Point>
              <Point>
                <position>8</position>
                <quantity>7.092</quantity>
              </Point>
          </Period>
          <Period>
            <timeInterval>
              <start>2025-11-20T01:15Z</start>
              <end>2025-11-20T03:00Z</end>
            </timeInterval>
            <resolution>PT15M</resolution>
              <Point>
                <position>1</position>
                <quantity>22.159</quantity>
              </Point>
              <Point>
                <position>2</position>
                <quantity>13.984</quantity>
              </Point>
              <Point>
                <position>3</position>
                <quantity>25.754</quantity>
              </Point>
              <Point>
                <position>4</position>
                <quantity>13.212</quantity>
              </Point>
              <Point>
                <position>5</position>
                <quantity>22.587</quantity>
              </Point>
              <Point>
                <position>6</position>
                <quantity>10.886</quantity>
              </Point>
              <Point>
                <position>7</position>
                <quantity>28.562</quantity>
              </Point>
          </Period>
          <Period>
            <timeInterval>
              <start>2025-11-20T03:30Z</start>
              <end>2025-11-20T04:00Z</end>
            </timeInterval>
            <resolution>PT15M</resolution>
              <Point>
                <position>1</position>
                <quantity>0.56</quantity>
              </Point>
              <Point>
                <position>2</position>
                <quantity>17.416</quantity>
              </Point>
          </Period>
          <Period>
            <timeInterval>
              <start>2025-11-20T04:30Z</start>
              <end>2025-11-20T04:45Z</end>
            </timeInterval>
            <resolution>PT15M</resolution>
              <Point>
                <position>1</position>
                <quantity>0.223</quantity>
              </Point>
          </Period>
          <Period>
            <timeInterval>
              <start>2025-11-20T07:00Z</start>
              <end>2025-11-20T07:15Z</end>
            </timeInterval>
            <resolution>PT15M</resolution>
              <Point>
                <position>1</position>
                <quantity>9.586</quantity>
              </Point>
          </Period>
          <Period>
            <timeInterval>
              <start>2025-11-20T07:30Z</start>
              <end>2025-11-20T07:45Z</end>
            </timeInterval>
            <resolution>PT15M</resolution>
              <Point>
                <position>1</position>
                <quantity>25.104</quantity>
              </Point>
          </Period>
          <Period>
            <timeInterval>
              <start>2025-11-20T08:00Z</start>
              <end>2025-11-20T10:15Z</end>
            </timeInterval>
            <resolution>PT15M</resolution>
              <Point>
                <position>1</position>
                <quantity>37.125</quantity>
              </Point>
              <Point>
                <position>2</position>
                <quantity>43.64</quantity>
              </Point>
              <Point>
                <position>3</position>
                <quantity>34.532</quantity>
              </Point>
              <Point>
                <position>4</position>
                <quantity>24.796</quantity>
              </Point>
              <Point>
                <position>5</position>
                <quantity>6.852</quantity>
              </Point>
              <Point>
                <position>6</position>
                <quantity>18.049</quantity>
              </Point>
              <Point>
                <position>7</position>
                <quantity>42.3</quantity>
              </Point>
              <Point>
                <position>8</position>
                <quantity>27.154</quantity>
              </Point>
              <Point>
                <position>9</position>
                <quantity>0.167</quantity>
              </Point>
          </Period>
          <Period>
            <timeInterval>
              <start>2025-11-20T11:15Z</start>
              <end>2025-11-20T13:15Z</end>
            </timeInterval>
            <resolution>PT15M</resolution>
              <Point>
                <position>1</position>
                <quantity>11.959</quantity>
              </Point>
              <Point>
                <position>2</position>
                <quantity>25.002</quantity>
              </Point>
              <Point>
                <position>3</position>
                <quantity>22.52</quantity>
              </Point>
              <Point>
                <position>4</position>
                <quantity>30.283</quantity>
              </Point>
              <Point>
                <position>5</position>
                <quantity>46.955</quantity>
              </Point>
              <Point>
                <position>6</position>
                <quantity>52.265</quantity>
              </Point>
              <Point>
                <position>7</position>
                <quantity>66.961</quantity>
              </Point>
              <Point>
                <position>8</position>
                <quantity>2.52</quantity>
              </Point>
          </Period>
          <Period>
            <timeInterval>
              <start>2025-11-20T13:45Z</start>
              <end>2025-11-20T14:00Z</end>
            </timeInterval>
            <resolution>PT15M</resolution>
              <Point>
                <position>1</position>
                <quantity>13.508</quantity>
              </Point>
          </Period>
          <Period>
            <timeInterval>
              <start>2025-11-20T14:15Z</start>
              <end>2025-11-20T14:30Z</end>
            </timeInterval>
            <resolution>PT15M</resolution>
              <Point>
                <position>1</position>
                <quantity>7.029</quantity>
              </Point>
          </Period>
          <Period>
            <timeInterval>
              <start>2025-11-20T14:45Z</start>
              <end>2025-11-20T16:00Z</end>
            </timeInterval>
            <resolution>PT15M</resolution>
              <Point>
                <position>1</position>
                <quantity>21.015</quantity>
              </Point>
              <Point>
                <position>2</position>
                <quantity>37.213</quantity>
              </Point>
              <Point>
                <position>3</position>
                <quantity>54.597</quantity>
              </Point>
              <Point>
                <position>4</position>
                <quantity>33.83</quantity>
              </Point>
              <Point>
                <position>5</position>
                <quantity>21.82</quantity>
              </Point>
          </Period>
          <Period>
            <timeInterval>
              <start>2025-11-20T16:15Z</start>
              <end>2025-11-20T16:45Z</end>
            </timeInterval>
            <resolution>PT15M</resolution>
              <Point>
                <position>1</position>
                <quantity>37.348</quantity>
              </Point>
              <Point>
                <position>2</position>
                <quantity>29.216</quantity>
              </Point>
          </Period>
          <Period>
            <timeInterval>
              <start>2025-11-20T17:00Z</start>
              <end>2025-11-20T19:00Z</end>
            </timeInterval>
            <resolution>PT15M</resolution>
              <Point>
                <position>1</position>
                <quantity>12.266</quantity>
              </Point>
              <Point>
                <position>2</position>
                <quantity>23.814</quantity>
              </Point>
              <Point>
                <position>3</position>
                <quantity>64.742</quantity>
              </Point>
              <Point>
                <position>4</position>
                <quantity>60.547</quantity>
              </Point>
              <Point>
                <position>5</position>
                <quantity>76.596</quantity>
              </Point>
              <Point>
                <position>6</position>
                <quantity>126.953</quantity>
              </Point>
              <Point>
                <position>7</position>
                <quantity>89.574</quantity>
              </Point>
              <Point>
                <position>8</position>
                <quantity>43.345</quantity>
              </Point>
          </Period>
          <Period>
            <timeInterval>
              <start>2025-11-20T19:15Z</start>
              <end>2025-11-20T19:30Z</end>
            </timeInterval>
            <resolution>PT15M</resolution>
              <Point>
                <position>1</position>
                <quantity>0.354</quantity>
              </Point>
          </Period>
          <Period>
            <timeInterval>
              <start>2025-11-20T23:15Z</start>
              <end>2025-11-21T04:15Z</end>
            </timeInterval>
            <resolution>PT15M</resolution>
              <Point>
                <position>1</position>
                <quantity>30.125</quantity>
              </Point>
              <Point>
                <position>2</position>
                <quantity>31.591</quantity>
              </Point>
              <Point>
                <position>3</position>
                <quantity>59.9</quantity>
              </Point>
              <Point>
                <position>4</position>
                <quantity>40.72</quantity>
              </Point>
              <Point>
                <position>5</position>
                <quantity>29.824</quantity>
              </Point>
              <Point>
                <position>6</position>
                <quantity>65.334</quantity>
              </Point>
              <Point>
                <position>7</position>
                <quantity>69.82</quantity>
              </Point>
              <Point>
                <position>8</position>
                <quantity>65.585</quantity>
              </Point>
              <Point>
                <position>9</position>
                <quantity>65.842</quantity>
              </Point>
              <Point>
                <position>10</position>
                <quantity>62.365</quantity>
              </Point>
              <Point>
                <position>11</position>
                <quantity>65.212</quantity>
              </Point>
              <Point>
                <position>12</position>
                <quantity>39.912</quantity>
              </Point>
              <Point>
                <position>13</position>
                <quantity>57.905</quantity>
              </Point>
              <Point>
                <position>14</position>
                <quantity>90.066</quantity>
              </Point>
              <Point>
                <position>15</position>
                <quantity>104.26</quantity>
              </Point>
              <Point>
                <position>16</position>
                <quantity>71.87</quantity>
              </Point>
              <Point>
                <position>17</position>
                <quantity>46.05</quantity>
              </Point>
              <Point>
                <position>18</position>
                <quantity>28.268</quantity>
              </Point>
              <Point>
                <position>19</position>
                <quantity>23.611</quantity>
              </Point>
              <Point>
                <position>20</position>
                <quantity>45.814</quantity>
              </Point>
          </Period>
      </TimeSeries>
      <TimeSeries>
        <mRID>2</mRID>
        <businessType>A19</businessType>
        <flowDirection.direction>A01</flowDirection.direction>
        <quantity_Measure_Unit.name>MWH</quantity_Measure_Unit.name>
        <curveType>A03</curveType>
          <Period>
            <timeInterval>
              <start>2025-11-20T01:00Z</start>
              <end>2025-11-20T01:15Z</end>
            </timeInterval>
            <resolution>PT15M</resolution>
              <Point>
                <position>1</position>
                <quantity>3.133</quantity>
              </Point>
          </Period>
          <Period>
            <timeInterval>
              <start>2025-11-20T03:00Z</start>
              <end>2025-11-20T03:30Z</end>
            </timeInterval>
            <resolution>PT15M</resolution>
              <Point>
                <position>1</position>
                <quantity>15.65</quantity>
              </Point>
              <Point>
                <position>2</position>
                <quantity>3.66</quantity>
              </Point>
          </Period>
          <Period>
            <timeInterval>
              <start>2025-11-20T04:00Z</start>
              <end>2025-11-20T04:30Z</end>
            </timeInterval>
            <resolution>PT15M</resolution>
              <Point>
                <position>1</position>
                <quantity>8.505</quantity>
              </Point>
              <Point>
                <position>2</position>
                <quantity>18.029</quantity>
              </Point>
          </Period>
          <Period>
            <timeInterval>
              <start>2025-11-20T04:45Z</start>
              <end>2025-11-20T07:00Z</end>
            </timeInterval>
            <resolution>PT15M</resolution>
              <Point>
                <position>1</position>
                <quantity>7.188</quantity>
              </Point>
              <Point>
                <position>2</position>
                <quantity>59.898</quantity>
              </Point>
              <Point>
                <position>3</position>
                <quantity>36.092</quantity>
              </Point>
              <Point>
                <position>4</position>
                <quantity>9.227</quantity>
              </Point>
              <Point>
                <position>5</position>
                <quantity>24.722</quantity>
              </Point>
              <Point>
                <position>6</position>
                <quantity>40.212</quantity>
              </Point>
              <Point>
                <position>7</position>
                <quantity>25.203</quantity>
              </Point>
              <Point>
                <position>8</position>
                <quantity>10.015</quantity>
              </Point>
              <Point>
                <position>9</position>
                <quantity>57.343</quantity>
              </Point>
          </Period>
          <Period>
            <timeInterval>
              <start>2025-11-20T07:15Z</start>
              <end>2025-11-20T07:30Z</end>
            </timeInterval>
            <resolution>PT15M</resolution>
              <Point>
                <position>1</position>
                <quantity>12.328</quantity>
              </Point>
          </Period>
          <Period>
            <timeInterval>
              <start>2025-11-20T07:45Z</start>
              <end>2025-11-20T08:00Z</end>
            </timeInterval>
            <resolution>PT15M</resolution>
              <Point>
                <position>1</position>
                <quantity>18.963</quantity>
              </Point>
          </Period>
          <Period>
            <timeInterval>
              <start>2025-11-20T10:15Z</start>
              <end>2025-11-20T11:15Z</end>
            </timeInterval>
            <resolution>PT15M</resolution>
              <Point>
                <position>1</position>
                <quantity>20.408</quantity>
              </Point>
              <Point>
                <position>2</position>
                <quantity>19.874</quantity>
              </Point>
              <Point>
                <position>3</position>
                <quantity>57.064</quantity>
              </Point>
              <Point>
                <position>4</position>
                <quantity>49.08</quantity>
              </Point>
          </Period>
          <Period>
            <timeInterval>
              <start>2025-11-20T13:15Z</start>
              <end>2025-11-20T13:45Z</end>
            </timeInterval>
            <resolution>PT15M</resolution>
              <Point>
                <position>1</position>
                <quantity>5.686</quantity>
              </Point>
              <Point>
                <position>2</position>
                <quantity>6.07</quantity>
              </Point>
          </Period>
          <Period>
            <timeInterval>
              <start>2025-11-20T14:00Z</start>
              <end>2025-11-20T14:15Z</end>
            </timeInterval>
            <resolution>PT15M</resolution>
              <Point>
                <position>1</position>
                <quantity>9.856</quantity>
              </Point>
          </Period>
          <Period>
            <timeInterval>
              <start>2025-11-20T14:30Z</start>
              <end>2025-11-20T14:45Z</end>
            </timeInterval>
            <resolution>PT15M</resolution>
              <Point>
                <position>1</position>
                <quantity>3.516</quantity>
              </Point>
          </Period>
          <Period>
            <timeInterval>
              <start>2025-11-20T16:00Z</start>
              <end>2025-11-20T16:15Z</end>
            </timeInterval>
            <resolution>PT15M</resolution>
              <Point>
                <position>1</position>
                <quantity>0.427</quantity>
              </Point>
          </Period>
          <Period>
            <timeInterval>
              <start>2025-11-20T16:45Z</start>
              <end>2025-11-20T17:00Z</end>
            </timeInterval>
            <resolution>PT15M</resolution>
              <Point>
                <position>1</position>
                <quantity>3.084</quantity>
              </Point>
          </Period>
          <Period>
            <timeInterval>
              <start>2025-11-20T19:00Z</start>
              <end>2025-11-20T19:15Z</end>
            </timeInterval>
            <resolution>PT15M</resolution>
              <Point>
                <position>1</position>
                <quantity>5.044</quantity>
              </Point>
          </Period>
          <Period>
            <timeInterval>
              <start>2025-11-20T19:30Z</start>
              <end>2025-11-20T23:15Z</end>
            </timeInterval>
            <resolution>PT15M</resolution>
              <Point>
                <position>1</position>
                <quantity>1.147</quantity>
              </Point>
              <Point>
                <position>2</position>
                <quantity>31.864</quantity>
              </Point>
              <Point>
                <position>3</position>
                <quantity>69.643</quantity>
              </Point>
              <Point>
                <position>4</position>
                <quantity>89.585</quantity>
              </Point>
              <Point>
                <position>5</position>
                <quantity>86.16</quantity>
              </Point>
              <Point>
                <position>6</position>
                <quantity>90.785</quantity>
              </Point>
              <Point>
                <position>7</position>
                <quantity>54.475</quantity>
              </Point>
              <Point>
                <position>8</position>
                <quantity>26.252</quantity>
              </Point>
              <Point>
                <position>9</position>
                <quantity>32.126</quantity>
              </Point>
              <Point>
                <position>10</position>
                <quantity>36.437</quantity>
              </Point>
              <Point>
                <position>11</position>
                <quantity>59.471</quantity>
              </Point>
              <Point>
                <position>12</position>
                <quantity>31.993</quantity>
              </Point>
              <Point>
                <position>13</position>
                <quantity>43.942</quantity>
              </Point>
              <Point>
                <position>14</position>
                <quantity>42.869</quantity>
              </Point>
              <Point>
                <position>15</position>
                <quantity>14.17</quantity>
              </Point>
          </Period>
          <Period>
            <timeInterval>
              <start>2025-11-21T04:15Z</start>
              <end>2025-11-21T06:30Z</end>
            </timeInterval>
            <resolution>PT15M</resolution>
              <Point>
                <position>1</position>
                <quantity>26.94</quantity>
              </Point>
              <Point>
                <position>2</position>
                <quantity>21.185</quantity>
              </Point>
              <Point>
                <position>3</position>
                <quantity>0.392</quantity>
              </Point>
              <Point>
                <position>4</position>
                <quantity>30.792</quantity>
              </Point>
              <Point>
                <position>5</position>
                <quantity>52.282</quantity>
              </Point>
              <Point>
                <position>6</position>
                <quantity>13.771</quantity>
              </Point>
              <Point>
                <position>7</position>
                <quantity>26.822</quantity>
              </Point>
              <Point>
                <position>8</position>
                <quantity>50.013</quantity>
              </Point>
              <Point>
                <position>9</position>
                <quantity>55.41</quantity>
              </Point>
          </Period>
      </TimeSeries>
  </Balancing_MarketDocument>