<?xml version="1.0" encoding="UTF-8"?>
<Balancing_MarketDocument xmlns="urn:iec62325.351:tc57wg16:451-6:balancingdocument:3:0">
	<mRID>92124ed61306483cb3bbad7e57e6a93b</mRID>
	<revisionNumber>1</revisionNumber>
	<type>A86</type>
	<process.processType>A16</process.processType>
	<sender_MarketParticipant.mRID codingScheme="A01">10X1001A1001A450</sender_MarketParticipant.mRID>
	<sender_MarketParticipant.marketRole.type>A32</sender_MarketParticipant.marketRole.type>
	<receiver_MarketParticipant.mRID codingScheme="A01">10X1001A1001A450</receiver_MarketParticipant.mRID>
	<receiver_MarketParticipant.marketRole.type>A33</receiver_MarketParticipant.marketRole.type>
	<createdDateTime>2025-09-23T05:02:09Z</createdDateTime>
	<controlArea_Domain.mRID codingScheme="A01">10YRO-TEL------P</controlArea_Domain.mRID>
	<period.timeInterval>
		<start>2025-09-21T23:00Z</start>
		<end>2025-09-23T04:45Z</end>
	</period.timeInterval>
	<TimeSeries>
		<mRID>1</mRID>
		<businessType>A19</businessType>
		<flowDirection.direction>A01</flowDirection.direction>
		<quantity_Measure_Unit.name>MWH</quantity_Measure_Unit.name>
		<curveType>A01</curveType>
		<Period>
			<timeInterval>
				<start>2025-09-21T23:00Z</start>
				<end>2025-09-22T01:30Z</end>
			</timeInterval>
			<resolution>PT15M</resolution>
			<Point>
				<position>1</position>
				<quantity>47</quantity>
			</Point>
			<Point>
				<position>2</position>
				<quantity>35</quantity>
			</Point>
			<Point>
				<position>3</position>
				<quantity>16</quantity>
			</Point>
			<Point>
				<position>4</position>
				<quantity>13</quantity>
			</Point>
			<Point>
				<position>5</position>
				<quantity>10</quantity>
			</Point>
			<Point>
				<position>6</position>
				<quantity>21</quantity>
			</Point>
			<Point>
				<position>7</position>
				<quantity>16</quantity>
			</Point>
			<Point>
				<position>8</position>
				<quantity>15</quantity>
			</Point>
			<Point>
				<position>9</position>
				<quantity>16</quantity>
			</Point>
			<Point>
				<position>10</position>
				<quantity>18</quantity>
			</Point>
		</Period>
		<Period>
			<timeInterval>
				<start>2025-09-22T02:00Z</start>
				<end>2025-09-22T02:30Z</end>
			</timeInterval>
			<resolution>PT15M</resolution>
			<Point>
				<position>1</position>
				<quantity>3</quantity>
			</Point>
			<Point>
				<position>2</position>
				<quantity>31</quantity>
			</Point>
		</Period>
		<Period>
			<timeInterval>
				<start>2025-09-22T05:30Z</start>
				<end>2025-09-22T06:00Z</end>
			</timeInterval>
			<resolution>PT15M</resolution>
			<Point>
				<position>1</position>
				<quantity>22</quantity>
			</Point>
			<Point>
				<position>2</position>
				<quantity>31</quantity>
			</Point>
		</Period>
		<Period>
			<timeInterval>
				<start>2025-09-22T06:30Z</start>
				<end>2025-09-22T07:45Z</end>
			</timeInterval>
			<resolution>PT15M</resolution>
			<Point>
				<position>1</position>
				<quantity>37</quantity>
			</Point>
			<Point>
				<position>2</position>
				<quantity>73</quantity>
			</Point>
			<Point>
				<position>3</position>
				<quantity>13</quantity>
			</Point>
			<Point>
				<position>4</position>
				<quantity>31</quantity>
			</Point>
			<Point>
				<position>5</position>
				<quantity>14</quantity>
			</Point>
		</Period>
		<Period>
			<timeInterval>
				<start>2025-09-22T08:00Z</start>
				<end>2025-09-22T12:00Z</end>
			</timeInterval>
			<resolution>PT15M</resolution>
			<Point>
				<position>1</position>
				<quantity>8</quantity>
			</Point>
			<Point>
				<position>2</position>
				<quantity>0</quantity>
			</Point>
			<Point>
				<position>3</position>
				<quantity>16</quantity>
			</Point>
			<Point>
				<position>4</position>
				<quantity>40</quantity>
			</Point>
			<Point>
				<position>5</position>
				<quantity>27</quantity>
			</Point>
			<Point>
				<position>6</position>
				<quantity>14</quantity>
			</Point>
			<Point>
				<position>7</position>
				<quantity>36</quantity>
			</Point>
			<Point>
				<position>8</position>
				<quantity>15</quantity>
			</Point>
			<Point>
				<position>9</position>
				<quantity>47</quantity>
			</Point>
			<Point>
				<position>10</position>
				<quantity>5</quantity>
			</Point>
			<Point>
				<position>11</position>
				<quantity>16</quantity>
			</Point>
			<Point>
				<position>12</position>
				<quantity>38</quantity>
			</Point>
			<Point>
				<position>13</position>
				<quantity>44</quantity>
			</Point>
			<Point>
				<position>14</position>
				<quantity>29</quantity>
			</Point>
			<Point>
				<position>15</position>
				<quantity>41</quantity>
			</Point>
			<Point>
				<position>16</position>
				<quantity>20</quantity>
			</Point>
		</Period>
		<Period>
			<timeInterval>
				<start>2025-09-22T12:15Z</start>
				<end>2025-09-22T13:30Z</end>
			</timeInterval>
			<resolution>PT15M</resolution>
			<Point>
				<position>1</position>
				<quantity>12</quantity>
			</Point>
			<Point>
				<position>2</position>
				<quantity>31</quantity>
			</Point>
			<Point>
				<position>3</position>
				<quantity>1</quantity>
			</Point>
			<Point>
				<position>4</position>
				<quantity>58</quantity>
			</Point>
			<Point>
				<position>5</position>
				<quantity>18</quantity>
			</Point>
		</Period>
		<Period>
			<timeInterval>
				<start>2025-09-22T14:00Z</start>
				<end>2025-09-22T14:30Z</end>
			</timeInterval>
			<resolution>PT15M</resolution>
			<Point>
				<position>1</position>
				<quantity>50</quantity>
			</Point>
			<Point>
				<position>2</position>
				<quantity>5</quantity>
			</Point>
		</Period>
		<Period>
			<timeInterval>
				<start>2025-09-22T15:00Z</start>
				<end>2025-09-22T15:30Z</end>
			</timeInterval>
			<resolution>PT15M</resolution>
			<Point>
				<position>1</position>
				<quantity>32</quantity>
			</Point>
			<Point>
				<position>2</position>
				<quantity>7</quantity>
			</Point>
		</Period>
		<Period>
			<timeInterval>
				<start>2025-09-22T17:30Z</start>
				<end>2025-09-22T17:45Z</end>
			</timeInterval>
			<resolution>PT15M</resolution>
			<Point>
				<position>1</position>
				<quantity>6</quantity>
			</Point>
		</Period>
		<Period>
			<timeInterval>
				<start>2025-09-22T18:15Z</start>
				<end>2025-09-22T22:00Z</end>
			</timeInterval>
			<resolution>PT15M</resolution>
			<Point>
				<position>1</position>
				<quantity>8</quantity>
			</Point>
			<Point>
				<position>2</position>
				<quantity>29</quantity>
			</Point>
			<Point>
				<position>3</position>
				<quantity>28</quantity>
			</Point>
			<Point>
				<position>4</position>
				<quantity>1</quantity>
			</Point>
			<Point>
				<position>5</position>
				<quantity>11</quantity>
			</Point>
			<Point>
				<position>6</position>
				<quantity>62</quantity>
			</Point>
			<Point>
				<position>7</position>
				<quantity>38</quantity>
			</Point>
			<Point>
				<position>8</position>
				<quantity>18</quantity>
			</Point>
			<Point>
				<position>9</position>
				<quantity>56</quantity>
			</Point>
			<Point>
				<position>10</position>
				<quantity>76</quantity>
			</Point>
			<Point>
				<position>11</position>
				<quantity>48</quantity>
			</Point>
			<Point>
				<position>12</position>
				<quantity>16</quantity>
			</Point>
			<Point>
				<position>13</position>
				<quantity>6</quantity>
			</Point>
			<Point>
				<position>14</position>
				<quantity>30</quantity>
			</Point>
			<Point>
				<position>15</position>
				<quantity>5</quantity>
			</Point>
		</Period>
		<Period>
			<timeInterval>
				<start>2025-09-23T00:15Z</start>
				<end>2025-09-23T00:45Z</end>
			</timeInterval>
			<resolution>PT15M</resolution>
			<Point>
				<position>1</position>
				<quantity>18</quantity>
			</Point>
			<Point>
				<position>2</position>
				<quantity>3</quantity>
			</Point>
		</Period>
		<Period>
			<timeInterval>
				<start>2025-09-23T04:00Z</start>
				<end>2025-09-23T04:15Z</end>
			</timeInterval>
			<resolution>PT15M</resolution>
			<Point>
				<position>1</position>
				<quantity>0</quantity>
			</Point>
		</Period>
	</TimeSeries>
	<TimeSeries>
		<mRID>2</mRID>
		<businessType>A19</businessType>
		<flowDirection.direction>A02</flowDirection.direction>
		<quantity_Measure_Unit.name>MWH</quantity_Measure_Unit.name>
		<curveType>A01</curveType>
		<Period>
			<timeInterval>
				<start>2025-09-22T01:30Z</start>
				<end>2025-09-22T02:00Z</end>
			</timeInterval>
			<resolution>PT15M</resolution>
			<Point>
				<position>1</position>
				<quantity>13</quantity>
			</Point>
			<Point>
				<position>2</position>
				<quantity>4</quantity>
			</Point>
		</Period>
		<Period>
			<timeInterval>
				<start>2025-09-22T02:30Z</start>
				<end>2025-09-22T05:30Z</end>
			</timeInterval>
			<resolution>PT15M</resolution>
			<Point>
				<position>1</position>
				<quantity>15</quantity>
			</Point>
			<Point>
				<position>2</position>
				<quantity>17</quantity>
			</Point>
			<Point>
				<position>3</position>
				<quantity>14</quantity>
			</Point>
			<Point>
				<position>4</position>
				<quantity>12</quantity>
			</Point>
			<Point>
				<position>5</position>
				<quantity>57</quantity>
			</Point>
			<Point>
				<position>6</position>
				<quantity>131</quantity>
			</Point>
			<Point>
				<position>7</position>
				<quantity>77</quantity>
			</Point>
			<Point>
				<position>8</position>
				<quantity>46</quantity>
			</Point>
			<Point>
				<position>9</position>
				<quantity>51</quantity>
			</Point>
			<Point>
				<position>10</position>
				<quantity>54</quantity>
			</Point>
			<Point>
				<position>11</position>
				<quantity>38</quantity>
			</Point>
			<Point>
				<position>12</position>
				<quantity>18</quantity>
			</Point>
		</Period>
		<Period>
			<timeInterval>
				<start>2025-09-22T06:00Z</start>
				<end>2025-09-22T06:30Z</end>
			</timeInterval>
			<resolution>PT15M</resolution>
			<Point>
				<position>1</position>
				<quantity>65</quantity>
			</Point>
			<Point>
				<position>2</position>
				<quantity>14</quantity>
			</Point>
		</Period>
		<Period>
			<timeInterval>
				<start>2025-09-22T07:45Z</start>
				<end>2025-09-22T08:00Z</end>
			</timeInterval>
			<resolution>PT15M</resolution>
			<Point>
				<position>1</position>
				<quantity>6</quantity>
			</Point>
		</Period>
		<Period>
			<timeInterval>
				<start>2025-09-22T12:00Z</start>
				<end>2025-09-22T12:15Z</end>
			</timeInterval>
			<resolution>PT15M</resolution>
			<Point>
				<position>1</position>
				<quantity>11</quantity>
			</Point>
		</Period>
		<Period>
			<timeInterval>
				<start>2025-09-22T13:30Z</start>
				<end>2025-09-22T14:00Z</end>
			</timeInterval>
			<resolution>PT15M</resolution>
			<Point>
				<position>1</position>
				<quantity>4</quantity>
			</Point>
			<Point>
				<position>2</position>
				<quantity>22</quantity>
			</Point>
		</Period>
		<Period>
			<timeInterval>
				<start>2025-09-22T14:30Z</start>
				<end>2025-09-22T15:00Z</end>
			</timeInterval>
			<resolution>PT15M</resolution>
			<Point>
				<position>1</position>
				<quantity>21</quantity>
			</Point>
			<Point>
				<position>2</position>
				<quantity>40</quantity>
			</Point>
		</Period>
		<Period>
			<timeInterval>
				<start>2025-09-22T15:30Z</start>
				<end>2025-09-22T17:30Z</end>
			</timeInterval>
			<resolution>PT15M</resolution>
			<Point>
				<position>1</position>
				<quantity>12</quantity>
			</Point>
			<Point>
				<position>2</position>
				<quantity>48</quantity>
			</Point>
			<Point>
				<position>3</position>
				<quantity>21</quantity>
			</Point>
			<Point>
				<position>4</position>
				<quantity>45</quantity>
			</Point>
			<Point>
				<position>5</position>
				<quantity>57</quantity>
			</Point>
			<Point>
				<position>6</position>
				<quantity>77</quantity>
			</Point>
			<Point>
				<position>7</position>
				<quantity>13</quantity>
			</Point>
			<Point>
				<position>8</position>
				<quantity>4</quantity>
			</Point>
		</Period>
		<Period>
			<timeInterval>
				<start>2025-09-22T17:45Z</start>
				<end>2025-09-22T18:15Z</end>
			</timeInterval>
			<resolution>PT15M</resolution>
			<Point>
				<position>1</position>
				<quantity>1</quantity>
			</Point>
			<Point>
				<position>2</position>
				<quantity>7</quantity>
			</Point>
		</Period>
		<Period>
			<timeInterval>
				<start>2025-09-22T22:00Z</start>
				<end>2025-09-23T00:15Z</end>
			</timeInterval>
			<resolution>PT15M</resolution>
			<Point>
				<position>1</position>
				<quantity>20</quantity>
			</Point>
			<Point>
				<position>2</position>
				<quantity>56</quantity>
			</Point>
			<Point>
				<position>3</position>
				<quantity>58</quantity>
			</Point>
			<Point>
				<position>4</position>
				<quantity>46</quantity>
			</Point>
			<Point>
				<position>5</position>
				<quantity>9</quantity>
			</Point>
			<Point>
				<position>6</position>
				<quantity>27</quantity>
			</Point>
			<Point>
				<position>7</position>
				<quantity>29</quantity>
			</Point>
			<Point>
				<position>8</position>
				<quantity>17</quantity>
			</Point>
			<Point>
				<position>9</position>
				<quantity>3</quantity>
			</Point>
		</Period>
		<Period>
			<timeInterval>
				<start>2025-09-23T00:45Z</start>
				<end>2025-09-23T04:00Z</end>
			</timeInterval>
			<resolution>PT15M</resolution>
			<Point>
				<position>1</position>
				<quantity>6</quantity>
			</Point>
			<Point>
				<position>2</position>
				<quantity>11</quantity>
			</Point>
			<Point>
				<position>3</position>
				<quantity>32</quantity>
			</Point>
			<Point>
				<position>4</position>
				<quantity>75</quantity>
			</Point>
			<Point>
				<position>5</position>
				<quantity>25</quantity>
			</Point>
			<Point>
				<position>6</position>
				<quantity>13</quantity>
			</Point>
			<Point>
				<position>7</position>
				<quantity>8</quantity>
			</Point>
			<Point>
				<position>8</position>
				<quantity>39</quantity>
			</Point>
			<Point>
				<position>9</position>
				<quantity>24</quantity>
			</Point>
			<Point>
				<position>10</position>
				<quantity>7</quantity>
			</Point>
			<Point>
				<position>11</position>
				<quantity>16</quantity>
			</Point>
			<Point>
				<position>12</position>
				<quantity>26</quantity>
			</Point>
			<Point>
				<position>13</position>
				<quantity>34</quantity>
			</Point>
		</Period>
		<Period>
			<timeInterval>
				<start>2025-09-23T04:15Z</start>
				<end>2025-09-23T04:45Z</end>
			</timeInterval>
			<resolution>PT15M</resolution>
			<Point>
				<position>1</position>
				<quantity>34</quantity>
			</Point>
			<Point>
				<position>2</position>
				<quantity>22</quantity>
			</Point>
		</Period>
	</TimeSeries>
</Balancing_MarketDocument>
