<?xml version="1.0" encoding="UTF-8"?>
  <Balancing_MarketDocument xmlns="urn:iec62325.351:tc57wg16:451-6:balancingdocument:3:0">
    <mRID>901832a7adc04ac0ae564ab5b19cbc71</mRID>
    <revisionNumber>1</revisionNumber>
    <type>A86</type>
    <process.processType>A16</process.processType>
    <sender_MarketParticipant.mRID codingScheme="A01">10X1001A1001A450</sender_MarketParticipant.mRID>
    <sender_MarketParticipant.marketRole.type>A32</sender_MarketParticipant.marketRole.type>
    <receiver_MarketParticipant.mRID codingScheme="A01">10X1001A1001A450</receiver_MarketParticipant.mRID>
    <receiver_MarketParticipant.marketRole.type>A33</receiver_MarketParticipant.marketRole.type>
    <createdDateTime>2026-02-20T06:20:12Z</createdDateTime>
    <controlArea_Domain.mRID codingScheme="A01">10YRO-TEL------P</controlArea_Domain.mRID>
    <period.timeInterval>
      <start>2026-02-18T23:00Z</start>
      <end>2026-02-20T06:00Z</end>
    </period.timeInterval>
      <TimeSeries>
        <mRID>1</mRID>
        <businessType>A19</businessType>
        <flowDirection.direction>A02</flowDirection.direction>
        <quantity_Measure_Unit.name>MWH</quantity_Measure_Unit.name>
        <curveType>A03</curveType>
          <Period>
            <timeInterval>
              <start>2026-02-18T23:00Z</start>
              <end>2026-02-19T00:00Z</end>
            </timeInterval>
            <resolution>PT15M</resolution>
              <Point>
                <position>1</position>
                <quantity>85.745</quantity>
              </Point>
              <Point>
                <position>2</position>
                <quantity>38.189</quantity>
              </Point>
              <Point>
                <position>3</position>
                <quantity>22.722</quantity>
              </Point>
              <Point>
                <position>4</position>
                <quantity>0.528</quantity>
              </Point>
          </Period>
          <Period>
            <timeInterval>
              <start>2026-02-19T00:15Z</start>
              <end>2026-02-19T00:30Z</end>
            </timeInterval>
            <resolution>PT15M</resolution>
              <Point>
                <position>1</position>
                <quantity>11.841</quantity>
              </Point>
          </Period>
          <Period>
            <timeInterval>
              <start>2026-02-19T00:45Z</start>
              <end>2026-02-19T04:00Z</end>
            </timeInterval>
            <resolution>PT15M</resolution>
              <Point>
                <position>1</position>
                <quantity>2.939</quantity>
              </Point>
              <Point>
                <position>2</position>
                <quantity>15.701</quantity>
              </Point>
              <Point>
                <position>3</position>
                <quantity>37.437</quantity>
              </Point>
              <Point>
                <position>4</position>
                <quantity>22.442</quantity>
              </Point>
              <Point>
                <position>5</position>
                <quantity>24.954</quantity>
              </Point>
              <Point>
                <position>6</position>
                <quantity>26.363</quantity>
              </Point>
              <Point>
                <position>7</position>
                <quantity>62.193</quantity>
              </Point>
              <Point>
                <position>8</position>
                <quantity>39.852</quantity>
              </Point>
              <Point>
                <position>9</position>
                <quantity>38.769</quantity>
              </Point>
              <Point>
                <position>10</position>
                <quantity>6.537</quantity>
              </Point>
              <Point>
                <position>11</position>
                <quantity>24.228</quantity>
              </Point>
              <Point>
                <position>12</position>
                <quantity>19.647</quantity>
              </Point>
              <Point>
                <position>13</position>
                <quantity>27.223</quantity>
              </Point>
          </Period>
          <Period>
            <timeInterval>
              <start>2026-02-19T04:45Z</start>
              <end>2026-02-19T05:00Z</end>
            </timeInterval>
            <resolution>PT15M</resolution>
              <Point>
                <position>1</position>
                <quantity>8.618</quantity>
              </Point>
          </Period>
          <Period>
            <timeInterval>
              <start>2026-02-19T07:45Z</start>
              <end>2026-02-19T08:00Z</end>
            </timeInterval>
            <resolution>PT15M</resolution>
              <Point>
                <position>1</position>
                <quantity>72.076</quantity>
              </Point>
          </Period>
          <Period>
            <timeInterval>
              <start>2026-02-19T09:00Z</start>
              <end>2026-02-19T09:15Z</end>
            </timeInterval>
            <resolution>PT15M</resolution>
              <Point>
                <position>1</position>
                <quantity>10.286</quantity>
              </Point>
          </Period>
          <Period>
            <timeInterval>
              <start>2026-02-19T12:15Z</start>
              <end>2026-02-19T13:00Z</end>
            </timeInterval>
            <resolution>PT15M</resolution>
              <Point>
                <position>1</position>
                <quantity>36.08</quantity>
              </Point>
              <Point>
                <position>2</position>
                <quantity>17.004</quantity>
              </Point>
              <Point>
                <position>3</position>
                <quantity>23.961</quantity>
              </Point>
          </Period>
          <Period>
            <timeInterval>
              <start>2026-02-19T13:15Z</start>
              <end>2026-02-19T14:00Z</end>
            </timeInterval>
            <resolution>PT15M</resolution>
              <Point>
                <position>1</position>
                <quantity>1.19</quantity>
              </Point>
              <Point>
                <position>2</position>
                <quantity>22.737</quantity>
              </Point>
              <Point>
                <position>3</position>
                <quantity>14.081</quantity>
              </Point>
          </Period>
          <Period>
            <timeInterval>
              <start>2026-02-19T22:00Z</start>
              <end>2026-02-19T23:00Z</end>
            </timeInterval>
            <resolution>PT15M</resolution>
              <Point>
                <position>1</position>
                <quantity>8.103</quantity>
              </Point>
              <Point>
                <position>2</position>
                <quantity>0.758</quantity>
              </Point>
              <Point>
                <position>3</position>
                <quantity>8.859</quantity>
              </Point>
              <Point>
                <position>4</position>
                <quantity>30.775</quantity>
              </Point>
          </Period>
          <Period>
            <timeInterval>
              <start>2026-02-19T23:30Z</start>
              <end>2026-02-20T01:00Z</end>
            </timeInterval>
            <resolution>PT15M</resolution>
              <Point>
                <position>1</position>
                <quantity>36.616</quantity>
              </Point>
              <Point>
                <position>2</position>
                <quantity>42.395</quantity>
              </Point>
              <Point>
                <position>3</position>
                <quantity>26.475</quantity>
              </Point>
              <Point>
                <position>4</position>
                <quantity>15.193</quantity>
              </Point>
              <Point>
                <position>5</position>
                <quantity>46.129</quantity>
              </Point>
              <Point>
                <position>6</position>
                <quantity>18.88</quantity>
              </Point>
          </Period>
          <Period>
            <timeInterval>
              <start>2026-02-20T02:45Z</start>
              <end>2026-02-20T06:00Z</end>
            </timeInterval>
            <resolution>PT15M</resolution>
              <Point>
                <position>1</position>
                <quantity>25.201</quantity>
              </Point>
              <Point>
                <position>2</position>
                <quantity>17.062</quantity>
              </Point>
              <Point>
                <position>3</position>
                <quantity>0.804</quantity>
              </Point>
              <Point>
                <position>4</position>
                <quantity>34.352</quantity>
              </Point>
              <Point>
                <position>5</position>
                <quantity>95.896</quantity>
              </Point>
              <Point>
                <position>6</position>
                <quantity>43.445</quantity>
              </Point>
              <Point>
                <position>7</position>
                <quantity>96.169</quantity>
              </Point>
              <Point>
                <position>8</position>
                <quantity>114.308</quantity>
              </Point>
              <Point>
                <position>9</position>
                <quantity>120.568</quantity>
              </Point>
              <Point>
                <position>10</position>
                <quantity>37.943</quantity>
              </Point>
              <Point>
                <position>11</position>
                <quantity>53.757</quantity>
              </Point>
              <Point>
                <position>12</position>
                <quantity>7.53</quantity>
              </Point>
              <Point>
                <position>13</position>
                <quantity>3.754</quantity>
              </Point>
          </Period>
      </TimeSeries>
      <TimeSeries>
        <mRID>2</mRID>
        <businessType>A19</businessType>
        <flowDirection.direction>A01</flowDirection.direction>
        <quantity_Measure_Unit.name>MWH</quantity_Measure_Unit.name>
        <curveType>A03</curveType>
          <Period>
            <timeInterval>
              <start>2026-02-19T00:00Z</start>
              <end>2026-02-19T00:15Z</end>
            </timeInterval>
            <resolution>PT15M</resolution>
              <Point>
                <position>1</position>
                <quantity>10.621</quantity>
              </Point>
          </Period>
          <Period>
            <timeInterval>
              <start>2026-02-19T00:30Z</start>
              <end>2026-02-19T00:45Z</end>
            </timeInterval>
            <resolution>PT15M</resolution>
              <Point>
                <position>1</position>
                <quantity>5.308</quantity>
              </Point>
          </Period>
          <Period>
            <timeInterval>
              <start>2026-02-19T04:00Z</start>
              <end>2026-02-19T04:45Z</end>
            </timeInterval>
            <resolution>PT15M</resolution>
              <Point>
                <position>1</position>
                <quantity>20.36</quantity>
              </Point>
              <Point>
                <position>2</position>
                <quantity>2.029</quantity>
              </Point>
              <Point>
                <position>3</position>
                <quantity>19.037</quantity>
              </Point>
          </Period>
          <Period>
            <timeInterval>
              <start>2026-02-19T05:00Z</start>
              <end>2026-02-19T07:45Z</end>
            </timeInterval>
            <resolution>PT15M</resolution>
              <Point>
                <position>1</position>
                <quantity>54.739</quantity>
              </Point>
              <Point>
                <position>2</position>
                <quantity>19.033</quantity>
              </Point>
              <Point>
                <position>3</position>
                <quantity>6.92</quantity>
              </Point>
              <Point>
                <position>4</position>
                <quantity>53.17</quantity>
              </Point>
              <Point>
                <position>5</position>
                <quantity>14.683</quantity>
              </Point>
              <Point>
                <position>6</position>
                <quantity>11.324</quantity>
              </Point>
              <Point>
                <position>7</position>
                <quantity>41.835</quantity>
              </Point>
              <Point>
                <position>8</position>
                <quantity>72.663</quantity>
              </Point>
              <Point>
                <position>9</position>
                <quantity>7.912</quantity>
              </Point>
              <Point>
                <position>10</position>
                <quantity>18.186</quantity>
              </Point>
              <Point>
                <position>11</position>
                <quantity>21.888</quantity>
              </Point>
          </Period>
          <Period>
            <timeInterval>
              <start>2026-02-19T08:00Z</start>
              <end>2026-02-19T09:00Z</end>
            </timeInterval>
            <resolution>PT15M</resolution>
              <Point>
                <position>1</position>
                <quantity>66.707</quantity>
              </Point>
              <Point>
                <position>2</position>
                <quantity>70.781</quantity>
              </Point>
              <Point>
                <position>3</position>
                <quantity>38.203</quantity>
              </Point>
              <Point>
                <position>4</position>
                <quantity>23.034</quantity>
              </Point>
          </Period>
          <Period>
            <timeInterval>
              <start>2026-02-19T09:15Z</start>
              <end>2026-02-19T12:15Z</end>
            </timeInterval>
            <resolution>PT15M</resolution>
              <Point>
                <position>1</position>
                <quantity>14.68</quantity>
              </Point>
              <Point>
                <position>2</position>
                <quantity>28.506</quantity>
              </Point>
              <Point>
                <position>3</position>
                <quantity>32.695</quantity>
              </Point>
              <Point>
                <position>4</position>
                <quantity>20.593</quantity>
              </Point>
              <Point>
                <position>5</position>
                <quantity>7.358</quantity>
              </Point>
              <Point>
                <position>6</position>
                <quantity>32.607</quantity>
              </Point>
              <Point>
                <position>7</position>
                <quantity>44.608</quantity>
              </Point>
              <Point>
                <position>8</position>
                <quantity>33.947</quantity>
              </Point>
              <Point>
                <position>9</position>
                <quantity>11.738</quantity>
              </Point>
              <Point>
                <position>10</position>
                <quantity>16.628</quantity>
              </Point>
              <Point>
                <position>11</position>
                <quantity>1.591</quantity>
              </Point>
              <Point>
                <position>12</position>
                <quantity>11.296</quantity>
              </Point>
          </Period>
          <Period>
            <timeInterval>
              <start>2026-02-19T13:00Z</start>
              <end>2026-02-19T13:15Z</end>
            </timeInterval>
            <resolution>PT15M</resolution>
              <Point>
                <position>1</position>
                <quantity>11.44</quantity>
              </Point>
          </Period>
          <Period>
            <timeInterval>
              <start>2026-02-19T14:00Z</start>
              <end>2026-02-19T22:00Z</end>
            </timeInterval>
            <resolution>PT15M</resolution>
              <Point>
                <position>1</position>
                <quantity>53.129</quantity>
              </Point>
              <Point>
                <position>2</position>
                <quantity>46.138</quantity>
              </Point>
              <Point>
                <position>3</position>
                <quantity>54.538</quantity>
              </Point>
              <Point>
                <position>4</position>
                <quantity>52.377</quantity>
              </Point>
              <Point>
                <position>5</position>
                <quantity>82.483</quantity>
              </Point>
              <Point>
                <position>6</position>
                <quantity>75.167</quantity>
              </Point>
              <Point>
                <position>7</position>
                <quantity>90.7</quantity>
              </Point>
              <Point>
                <position>8</position>
                <quantity>76.237</quantity>
              </Point>
              <Point>
                <position>9</position>
                <quantity>55.935</quantity>
              </Point>
              <Point>
                <position>10</position>
                <quantity>41.902</quantity>
              </Point>
              <Point>
                <position>11</position>
                <quantity>27.596</quantity>
              </Point>
              <Point>
                <position>12</position>
                <quantity>60.718</quantity>
              </Point>
              <Point>
                <position>13</position>
                <quantity>49.586</quantity>
              </Point>
              <Point>
                <position>14</position>
                <quantity>84.787</quantity>
              </Point>
              <Point>
                <position>15</position>
                <quantity>84.807</quantity>
              </Point>
              <Point>
                <position>16</position>
                <quantity>109.261</quantity>
              </Point>
              <Point>
                <position>17</position>
                <quantity>86.099</quantity>
              </Point>
              <Point>
                <position>18</position>
                <quantity>56.232</quantity>
              </Point>
              <Point>
                <position>19</position>
                <quantity>77.056</quantity>
              </Point>
              <Point>
                <position>20</position>
                <quantity>67.467</quantity>
              </Point>
              <Point>
                <position>21</position>
                <quantity>38.545</quantity>
              </Point>
              <Point>
                <position>22</position>
                <quantity>34.838</quantity>
              </Point>
              <Point>
                <position>23</position>
                <quantity>51.412</quantity>
              </Point>
              <Point>
                <position>24</position>
                <quantity>57.035</quantity>
              </Point>
              <Point>
                <position>25</position>
                <quantity>34.354</quantity>
              </Point>
              <Point>
                <position>26</position>
                <quantity>42.529</quantity>
              </Point>
              <Point>
                <position>27</position>
                <quantity>55.737</quantity>
              </Point>
              <Point>
                <position>28</position>
                <quantity>56.678</quantity>
              </Point>
              <Point>
                <position>29</position>
                <quantity>60.991</quantity>
              </Point>
              <Point>
                <position>30</position>
                <quantity>64.961</quantity>
              </Point>
              <Point>
                <position>31</position>
                <quantity>14.055</quantity>
              </Point>
              <Point>
                <position>32</position>
                <quantity>10.855</quantity>
              </Point>
          </Period>
          <Period>
            <timeInterval>
              <start>2026-02-19T23:00Z</start>
              <end>2026-02-19T23:30Z</end>
            </timeInterval>
            <resolution>PT15M</resolution>
              <Point>
                <position>1</position>
                <quantity>9.81</quantity>
              </Point>
              <Point>
                <position>2</position>
                <quantity>7.581</quantity>
              </Point>
          </Period>
          <Period>
            <timeInterval>
              <start>2026-02-20T01:00Z</start>
              <end>2026-02-20T02:45Z</end>
            </timeInterval>
            <resolution>PT15M</resolution>
              <Point>
                <position>1</position>
                <quantity>14.727</quantity>
              </Point>
              <Point>
                <position>2</position>
                <quantity>36.674</quantity>
              </Point>
              <Point>
                <position>3</position>
                <quantity>30.492</quantity>
              </Point>
              <Point>
                <position>4</position>
                <quantity>16.571</quantity>
              </Point>
              <Point>
                <position>5</position>
                <quantity>32.099</quantity>
              </Point>
              <Point>
                <position>6</position>
                <quantity>66.279</quantity>
              </Point>
              <Point>
                <position>7</position>
                <quantity>9.887</quantity>
              </Point>
          </Period>
      </TimeSeries>
  </Balancing_MarketDocument>