<?xml version="1.0" encoding="UTF-8"?>
  <Balancing_MarketDocument xmlns="urn:iec62325.351:tc57wg16:451-6:balancingdocument:3:0">
    <mRID>a4d04c181f2940b69f65bf713196f1de</mRID>
    <revisionNumber>1</revisionNumber>
    <type>A86</type>
    <process.processType>A16</process.processType>
    <sender_MarketParticipant.mRID codingScheme="A01">10X1001A1001A450</sender_MarketParticipant.mRID>
    <sender_MarketParticipant.marketRole.type>A32</sender_MarketParticipant.marketRole.type>
    <receiver_MarketParticipant.mRID codingScheme="A01">10X1001A1001A450</receiver_MarketParticipant.mRID>
    <receiver_MarketParticipant.marketRole.type>A33</receiver_MarketParticipant.marketRole.type>
    <createdDateTime>2026-01-27T09:57:17Z</createdDateTime>
    <controlArea_Domain.mRID codingScheme="A01">10YRO-TEL------P</controlArea_Domain.mRID>
    <period.timeInterval>
      <start>2026-01-25T23:00Z</start>
      <end>2026-01-27T09:45Z</end>
    </period.timeInterval>
      <TimeSeries>
        <mRID>1</mRID>
        <businessType>A19</businessType>
        <flowDirection.direction>A02</flowDirection.direction>
        <quantity_Measure_Unit.name>MWH</quantity_Measure_Unit.name>
        <curveType>A03</curveType>
          <Period>
            <timeInterval>
              <start>2026-01-25T23:00Z</start>
              <end>2026-01-26T02:15Z</end>
            </timeInterval>
            <resolution>PT15M</resolution>
              <Point>
                <position>1</position>
                <quantity>72.898</quantity>
              </Point>
              <Point>
                <position>2</position>
                <quantity>101.489</quantity>
              </Point>
              <Point>
                <position>3</position>
                <quantity>96.175</quantity>
              </Point>
              <Point>
                <position>4</position>
                <quantity>58.944</quantity>
              </Point>
              <Point>
                <position>5</position>
                <quantity>25.934</quantity>
              </Point>
              <Point>
                <position>6</position>
                <quantity>35.242</quantity>
              </Point>
              <Point>
                <position>7</position>
                <quantity>32.075</quantity>
              </Point>
              <Point>
                <position>8</position>
                <quantity>67.049</quantity>
              </Point>
              <Point>
                <position>9</position>
                <quantity>29.704</quantity>
              </Point>
              <Point>
                <position>10</position>
                <quantity>24.125</quantity>
              </Point>
              <Point>
                <position>11</position>
                <quantity>30.829</quantity>
              </Point>
              <Point>
                <position>12</position>
                <quantity>16.01</quantity>
              </Point>
              <Point>
                <position>13</position>
                <quantity>1.572</quantity>
              </Point>
          </Period>
          <Period>
            <timeInterval>
              <start>2026-01-26T02:45Z</start>
              <end>2026-01-26T05:00Z</end>
            </timeInterval>
            <resolution>PT15M</resolution>
              <Point>
                <position>1</position>
                <quantity>3.172</quantity>
              </Point>
              <Point>
                <position>2</position>
                <quantity>38.664</quantity>
              </Point>
              <Point>
                <position>3</position>
                <quantity>0.126</quantity>
              </Point>
              <Point>
                <position>4</position>
                <quantity>31.641</quantity>
              </Point>
              <Point>
                <position>5</position>
                <quantity>41.673</quantity>
              </Point>
              <Point>
                <position>6</position>
                <quantity>54.629</quantity>
              </Point>
              <Point>
                <position>7</position>
                <quantity>44.376</quantity>
              </Point>
              <Point>
                <position>8</position>
                <quantity>2.452</quantity>
              </Point>
              <Point>
                <position>9</position>
                <quantity>23.336</quantity>
              </Point>
          </Period>
          <Period>
            <timeInterval>
              <start>2026-01-26T06:45Z</start>
              <end>2026-01-26T07:00Z</end>
            </timeInterval>
            <resolution>PT15M</resolution>
              <Point>
                <position>1</position>
                <quantity>13.638</quantity>
              </Point>
          </Period>
          <Period>
            <timeInterval>
              <start>2026-01-26T07:15Z</start>
              <end>2026-01-26T13:15Z</end>
            </timeInterval>
            <resolution>PT15M</resolution>
              <Point>
                <position>1</position>
                <quantity>18.121</quantity>
              </Point>
              <Point>
                <position>2</position>
                <quantity>38.405</quantity>
              </Point>
              <Point>
                <position>3</position>
                <quantity>52.884</quantity>
              </Point>
              <Point>
                <position>4</position>
                <quantity>109.651</quantity>
              </Point>
              <Point>
                <position>5</position>
                <quantity>117.959</quantity>
              </Point>
              <Point>
                <position>6</position>
                <quantity>111.591</quantity>
              </Point>
              <Point>
                <position>7</position>
                <quantity>78.568</quantity>
              </Point>
              <Point>
                <position>8</position>
                <quantity>54.794</quantity>
              </Point>
              <Point>
                <position>9</position>
                <quantity>27.799</quantity>
              </Point>
              <Point>
                <position>10</position>
                <quantity>90.118</quantity>
              </Point>
              <Point>
                <position>11</position>
                <quantity>69.908</quantity>
              </Point>
              <Point>
                <position>12</position>
                <quantity>77.119</quantity>
              </Point>
              <Point>
                <position>13</position>
                <quantity>42.477</quantity>
              </Point>
              <Point>
                <position>14</position>
                <quantity>10.78</quantity>
              </Point>
              <Point>
                <position>15</position>
                <quantity>12.277</quantity>
              </Point>
              <Point>
                <position>16</position>
                <quantity>69.493</quantity>
              </Point>
              <Point>
                <position>17</position>
                <quantity>27.054</quantity>
              </Point>
              <Point>
                <position>18</position>
                <quantity>28.535</quantity>
              </Point>
              <Point>
                <position>19</position>
                <quantity>68.92</quantity>
              </Point>
              <Point>
                <position>20</position>
                <quantity>97.734</quantity>
              </Point>
              <Point>
                <position>21</position>
                <quantity>68.58</quantity>
              </Point>
              <Point>
                <position>22</position>
                <quantity>75.973</quantity>
              </Point>
              <Point>
                <position>23</position>
                <quantity>52.508</quantity>
              </Point>
              <Point>
                <position>24</position>
                <quantity>30.604</quantity>
              </Point>
          </Period>
          <Period>
            <timeInterval>
              <start>2026-01-26T14:00Z</start>
              <end>2026-01-26T14:15Z</end>
            </timeInterval>
            <resolution>PT15M</resolution>
              <Point>
                <position>1</position>
                <quantity>12.77</quantity>
              </Point>
          </Period>
          <Period>
            <timeInterval>
              <start>2026-01-26T14:30Z</start>
              <end>2026-01-26T16:30Z</end>
            </timeInterval>
            <resolution>PT15M</resolution>
              <Point>
                <position>1</position>
                <quantity>2.752</quantity>
              </Point>
              <Point>
                <position>2</position>
                <quantity>54.766</quantity>
              </Point>
              <Point>
                <position>3</position>
                <quantity>128.579</quantity>
              </Point>
              <Point>
                <position>4</position>
                <quantity>124.146</quantity>
              </Point>
              <Point>
                <position>5</position>
                <quantity>33.027</quantity>
              </Point>
              <Point>
                <position>6</position>
                <quantity>48.747</quantity>
              </Point>
              <Point>
                <position>7</position>
                <quantity>98.857</quantity>
              </Point>
              <Point>
                <position>8</position>
                <quantity>62.196</quantity>
              </Point>
          </Period>
          <Period>
            <timeInterval>
              <start>2026-01-26T19:00Z</start>
              <end>2026-01-26T19:15Z</end>
            </timeInterval>
            <resolution>PT15M</resolution>
              <Point>
                <position>1</position>
                <quantity>10.272</quantity>
              </Point>
          </Period>
          <Period>
            <timeInterval>
              <start>2026-01-26T20:00Z</start>
              <end>2026-01-26T20:30Z</end>
            </timeInterval>
            <resolution>PT15M</resolution>
              <Point>
                <position>1</position>
                <quantity>38.66</quantity>
              </Point>
              <Point>
                <position>2</position>
                <quantity>25.031</quantity>
              </Point>
          </Period>
          <Period>
            <timeInterval>
              <start>2026-01-26T21:00Z</start>
              <end>2026-01-26T21:15Z</end>
            </timeInterval>
            <resolution>PT15M</resolution>
              <Point>
                <position>1</position>
                <quantity>2.238</quantity>
              </Point>
          </Period>
          <Period>
            <timeInterval>
              <start>2026-01-26T23:30Z</start>
              <end>2026-01-26T23:45Z</end>
            </timeInterval>
            <resolution>PT15M</resolution>
              <Point>
                <position>1</position>
                <quantity>1.385</quantity>
              </Point>
          </Period>
          <Period>
            <timeInterval>
              <start>2026-01-27T08:00Z</start>
              <end>2026-01-27T09:45Z</end>
            </timeInterval>
            <resolution>PT15M</resolution>
              <Point>
                <position>1</position>
                <quantity>31.817</quantity>
              </Point>
              <Point>
                <position>2</position>
                <quantity>42.27</quantity>
              </Point>
              <Point>
                <position>3</position>
                <quantity>48.847</quantity>
              </Point>
              <Point>
                <position>4</position>
                <quantity>47.659</quantity>
              </Point>
              <Point>
                <position>5</position>
                <quantity>43.827</quantity>
              </Point>
              <Point>
                <position>6</position>
                <quantity>31.549</quantity>
              </Point>
              <Point>
                <position>7</position>
                <quantity>63.448</quantity>
              </Point>
          </Period>
      </TimeSeries>
      <TimeSeries>
        <mRID>2</mRID>
        <businessType>A19</businessType>
        <flowDirection.direction>A01</flowDirection.direction>
        <quantity_Measure_Unit.name>MWH</quantity_Measure_Unit.name>
        <curveType>A03</curveType>
          <Period>
            <timeInterval>
              <start>2026-01-26T02:15Z</start>
              <end>2026-01-26T02:45Z</end>
            </timeInterval>
            <resolution>PT15M</resolution>
              <Point>
                <position>1</position>
                <quantity>11.465</quantity>
              </Point>
              <Point>
                <position>2</position>
                <quantity>10.444</quantity>
              </Point>
          </Period>
          <Period>
            <timeInterval>
              <start>2026-01-26T05:00Z</start>
              <end>2026-01-26T06:45Z</end>
            </timeInterval>
            <resolution>PT15M</resolution>
              <Point>
                <position>1</position>
                <quantity>42.688</quantity>
              </Point>
              <Point>
                <position>2</position>
                <quantity>21.233</quantity>
              </Point>
              <Point>
                <position>3</position>
                <quantity>83.665</quantity>
              </Point>
              <Point>
                <position>4</position>
                <quantity>71.387</quantity>
              </Point>
              <Point>
                <position>5</position>
                <quantity>75.729</quantity>
              </Point>
              <Point>
                <position>6</position>
                <quantity>63.827</quantity>
              </Point>
              <Point>
                <position>7</position>
                <quantity>7.633</quantity>
              </Point>
          </Period>
          <Period>
            <timeInterval>
              <start>2026-01-26T07:00Z</start>
              <end>2026-01-26T07:15Z</end>
            </timeInterval>
            <resolution>PT15M</resolution>
              <Point>
                <position>1</position>
                <quantity>5.352</quantity>
              </Point>
          </Period>
          <Period>
            <timeInterval>
              <start>2026-01-26T13:15Z</start>
              <end>2026-01-26T14:00Z</end>
            </timeInterval>
            <resolution>PT15M</resolution>
              <Point>
                <position>1</position>
                <quantity>0.51</quantity>
              </Point>
              <Point>
                <position>2</position>
                <quantity>16.984</quantity>
              </Point>
              <Point>
                <position>3</position>
                <quantity>18.628</quantity>
              </Point>
          </Period>
          <Period>
            <timeInterval>
              <start>2026-01-26T14:15Z</start>
              <end>2026-01-26T14:30Z</end>
            </timeInterval>
            <resolution>PT15M</resolution>
              <Point>
                <position>1</position>
                <quantity>6.323</quantity>
              </Point>
          </Period>
          <Period>
            <timeInterval>
              <start>2026-01-26T16:30Z</start>
              <end>2026-01-26T19:00Z</end>
            </timeInterval>
            <resolution>PT15M</resolution>
              <Point>
                <position>1</position>
                <quantity>11.021</quantity>
              </Point>
              <Point>
                <position>2</position>
                <quantity>98.152</quantity>
              </Point>
              <Point>
                <position>3</position>
                <quantity>99.847</quantity>
              </Point>
              <Point>
                <position>4</position>
                <quantity>91.146</quantity>
              </Point>
              <Point>
                <position>5</position>
                <quantity>128.707</quantity>
              </Point>
              <Point>
                <position>6</position>
                <quantity>85.626</quantity>
              </Point>
              <Point>
                <position>7</position>
                <quantity>42.284</quantity>
              </Point>
              <Point>
                <position>8</position>
                <quantity>67.721</quantity>
              </Point>
              <Point>
                <position>9</position>
                <quantity>37.875</quantity>
              </Point>
              <Point>
                <position>10</position>
                <quantity>36.348</quantity>
              </Point>
          </Period>
          <Period>
            <timeInterval>
              <start>2026-01-26T19:15Z</start>
              <end>2026-01-26T20:00Z</end>
            </timeInterval>
            <resolution>PT15M</resolution>
              <Point>
                <position>1</position>
                <quantity>4.041</quantity>
              </Point>
              <Point>
                <position>2</position>
                <quantity>47.969</quantity>
              </Point>
              <Point>
                <position>3</position>
                <quantity>14.359</quantity>
              </Point>
          </Period>
          <Period>
            <timeInterval>
              <start>2026-01-26T20:30Z</start>
              <end>2026-01-26T21:00Z</end>
            </timeInterval>
            <resolution>PT15M</resolution>
              <Point>
                <position>1</position>
                <quantity>2.595</quantity>
              </Point>
              <Point>
                <position>2</position>
                <quantity>40.727</quantity>
              </Point>
          </Period>
          <Period>
            <timeInterval>
              <start>2026-01-26T21:15Z</start>
              <end>2026-01-26T23:30Z</end>
            </timeInterval>
            <resolution>PT15M</resolution>
              <Point>
                <position>1</position>
                <quantity>18.649</quantity>
              </Point>
              <Point>
                <position>2</position>
                <quantity>23.352</quantity>
              </Point>
              <Point>
                <position>3</position>
                <quantity>54.387</quantity>
              </Point>
              <Point>
                <position>4</position>
                <quantity>34.917</quantity>
              </Point>
              <Point>
                <position>5</position>
                <quantity>26.99</quantity>
              </Point>
              <Point>
                <position>6</position>
                <quantity>38.707</quantity>
              </Point>
              <Point>
                <position>7</position>
                <quantity>56.289</quantity>
              </Point>
              <Point>
                <position>8</position>
                <quantity>57.285</quantity>
              </Point>
              <Point>
                <position>9</position>
                <quantity>23.537</quantity>
              </Point>
          </Period>
          <Period>
            <timeInterval>
              <start>2026-01-26T23:45Z</start>
              <end>2026-01-27T08:00Z</end>
            </timeInterval>
            <resolution>PT15M</resolution>
              <Point>
                <position>1</position>
                <quantity>78.917</quantity>
              </Point>
              <Point>
                <position>2</position>
                <quantity>86.668</quantity>
              </Point>
              <Point>
                <position>3</position>
                <quantity>95.556</quantity>
              </Point>
              <Point>
                <position>4</position>
                <quantity>101.341</quantity>
              </Point>
              <Point>
                <position>5</position>
                <quantity>77.455</quantity>
              </Point>
              <Point>
                <position>6</position>
                <quantity>100.52</quantity>
              </Point>
              <Point>
                <position>7</position>
                <quantity>90.843</quantity>
              </Point>
              <Point>
                <position>8</position>
                <quantity>47.899</quantity>
              </Point>
              <Point>
                <position>9</position>
                <quantity>35.794</quantity>
              </Point>
              <Point>
                <position>10</position>
                <quantity>37.865</quantity>
              </Point>
              <Point>
                <position>11</position>
                <quantity>44.924</quantity>
              </Point>
              <Point>
                <position>12</position>
                <quantity>38.034</quantity>
              </Point>
              <Point>
                <position>13</position>
                <quantity>67.543</quantity>
              </Point>
              <Point>
                <position>14</position>
                <quantity>81.39</quantity>
              </Point>
              <Point>
                <position>15</position>
                <quantity>87.533</quantity>
              </Point>
              <Point>
                <position>16</position>
                <quantity>81.259</quantity>
              </Point>
              <Point>
                <position>17</position>
                <quantity>63.682</quantity>
              </Point>
              <Point>
                <position>18</position>
                <quantity>128.793</quantity>
              </Point>
              <Point>
                <position>19</position>
                <quantity>90.792</quantity>
              </Point>
              <Point>
                <position>20</position>
                <quantity>79.917</quantity>
              </Point>
              <Point>
                <position>21</position>
                <quantity>77.324</quantity>
              </Point>
              <Point>
                <position>22</position>
                <quantity>119.688</quantity>
              </Point>
              <Point>
                <position>23</position>
                <quantity>72.417</quantity>
              </Point>
              <Point>
                <position>24</position>
                <quantity>31.273</quantity>
              </Point>
              <Point>
                <position>25</position>
                <quantity>19.33</quantity>
              </Point>
              <Point>
                <position>26</position>
                <quantity>66.141</quantity>
              </Point>
              <Point>
                <position>27</position>
                <quantity>29.745</quantity>
              </Point>
              <Point>
                <position>28</position>
                <quantity>23.215</quantity>
              </Point>
              <Point>
                <position>29</position>
                <quantity>3.321</quantity>
              </Point>
              <Point>
                <position>30</position>
                <quantity>21.782</quantity>
              </Point>
              <Point>
                <position>31</position>
                <quantity>17.133</quantity>
              </Point>
              <Point>
                <position>32</position>
                <quantity>21.029</quantity>
              </Point>
              <Point>
                <position>33</position>
                <quantity>7.268</quantity>
              </Point>
          </Period>
      </TimeSeries>
  </Balancing_MarketDocument>