<?xml version="1.0" encoding="UTF-8"?>
  <Balancing_MarketDocument xmlns="urn:iec62325.351:tc57wg16:451-6:balancingdocument:3:0">
    <mRID>e4b5167ccded4188972ebea14eccd350</mRID>
    <revisionNumber>1</revisionNumber>
    <type>A86</type>
    <process.processType>A16</process.processType>
    <sender_MarketParticipant.mRID codingScheme="A01">10X1001A1001A450</sender_MarketParticipant.mRID>
    <sender_MarketParticipant.marketRole.type>A32</sender_MarketParticipant.marketRole.type>
    <receiver_MarketParticipant.mRID codingScheme="A01">10X1001A1001A450</receiver_MarketParticipant.mRID>
    <receiver_MarketParticipant.marketRole.type>A33</receiver_MarketParticipant.marketRole.type>
    <createdDateTime>2025-12-31T09:15:26Z</createdDateTime>
    <controlArea_Domain.mRID codingScheme="A01">10YRO-TEL------P</controlArea_Domain.mRID>
    <period.timeInterval>
      <start>2025-12-29T23:00Z</start>
      <end>2025-12-31T08:30Z</end>
    </period.timeInterval>
      <TimeSeries>
        <mRID>1</mRID>
        <businessType>A19</businessType>
        <flowDirection.direction>A01</flowDirection.direction>
        <quantity_Measure_Unit.name>MWH</quantity_Measure_Unit.name>
        <curveType>A03</curveType>
          <Period>
            <timeInterval>
              <start>2025-12-29T23:00Z</start>
              <end>2025-12-29T23:45Z</end>
            </timeInterval>
            <resolution>PT15M</resolution>
              <Point>
                <position>1</position>
                <quantity>33.588</quantity>
              </Point>
              <Point>
                <position>2</position>
                <quantity>36.545</quantity>
              </Point>
              <Point>
                <position>3</position>
                <quantity>17.596</quantity>
              </Point>
          </Period>
          <Period>
            <timeInterval>
              <start>2025-12-30T00:00Z</start>
              <end>2025-12-30T00:15Z</end>
            </timeInterval>
            <resolution>PT15M</resolution>
              <Point>
                <position>1</position>
                <quantity>15.406</quantity>
              </Point>
          </Period>
          <Period>
            <timeInterval>
              <start>2025-12-30T06:45Z</start>
              <end>2025-12-30T07:00Z</end>
            </timeInterval>
            <resolution>PT15M</resolution>
              <Point>
                <position>1</position>
                <quantity>6.763</quantity>
              </Point>
          </Period>
          <Period>
            <timeInterval>
              <start>2025-12-30T07:30Z</start>
              <end>2025-12-30T08:00Z</end>
            </timeInterval>
            <resolution>PT15M</resolution>
              <Point>
                <position>1</position>
                <quantity>7.279</quantity>
              </Point>
              <Point>
                <position>2</position>
                <quantity>32.942</quantity>
              </Point>
          </Period>
          <Period>
            <timeInterval>
              <start>2025-12-30T08:30Z</start>
              <end>2025-12-30T09:15Z</end>
            </timeInterval>
            <resolution>PT15M</resolution>
              <Point>
                <position>1</position>
                <quantity>24.983</quantity>
              </Point>
              <Point>
                <position>2</position>
                <quantity>64.178</quantity>
              </Point>
              <Point>
                <position>3</position>
                <quantity>30.648</quantity>
              </Point>
          </Period>
          <Period>
            <timeInterval>
              <start>2025-12-30T09:45Z</start>
              <end>2025-12-30T10:00Z</end>
            </timeInterval>
            <resolution>PT15M</resolution>
              <Point>
                <position>1</position>
                <quantity>9.038</quantity>
              </Point>
          </Period>
          <Period>
            <timeInterval>
              <start>2025-12-30T11:45Z</start>
              <end>2025-12-30T13:15Z</end>
            </timeInterval>
            <resolution>PT15M</resolution>
              <Point>
                <position>1</position>
                <quantity>22.453</quantity>
              </Point>
              <Point>
                <position>2</position>
                <quantity>63.19</quantity>
              </Point>
              <Point>
                <position>3</position>
                <quantity>68.417</quantity>
              </Point>
              <Point>
                <position>4</position>
                <quantity>54.55</quantity>
              </Point>
              <Point>
                <position>5</position>
                <quantity>19.563</quantity>
              </Point>
              <Point>
                <position>6</position>
                <quantity>27.779</quantity>
              </Point>
          </Period>
          <Period>
            <timeInterval>
              <start>2025-12-30T19:15Z</start>
              <end>2025-12-30T20:15Z</end>
            </timeInterval>
            <resolution>PT15M</resolution>
              <Point>
                <position>1</position>
                <quantity>8.271</quantity>
              </Point>
              <Point>
                <position>2</position>
                <quantity>13.799</quantity>
              </Point>
              <Point>
                <position>3</position>
                <quantity>48.524</quantity>
              </Point>
              <Point>
                <position>4</position>
                <quantity>19.036</quantity>
              </Point>
          </Period>
          <Period>
            <timeInterval>
              <start>2025-12-30T21:45Z</start>
              <end>2025-12-30T22:00Z</end>
            </timeInterval>
            <resolution>PT15M</resolution>
              <Point>
                <position>1</position>
                <quantity>11.64</quantity>
              </Point>
          </Period>
          <Period>
            <timeInterval>
              <start>2025-12-30T22:30Z</start>
              <end>2025-12-30T23:00Z</end>
            </timeInterval>
            <resolution>PT15M</resolution>
              <Point>
                <position>1</position>
                <quantity>57.647</quantity>
              </Point>
              <Point>
                <position>2</position>
                <quantity>31.858</quantity>
              </Point>
          </Period>
          <Period>
            <timeInterval>
              <start>2025-12-30T23:15Z</start>
              <end>2025-12-31T01:15Z</end>
            </timeInterval>
            <resolution>PT15M</resolution>
              <Point>
                <position>1</position>
                <quantity>8.23</quantity>
              </Point>
              <Point>
                <position>2</position>
                <quantity>34.758</quantity>
              </Point>
              <Point>
                <position>3</position>
                <quantity>57.985</quantity>
              </Point>
              <Point>
                <position>4</position>
                <quantity>44.134</quantity>
              </Point>
              <Point>
                <position>5</position>
                <quantity>22.791</quantity>
              </Point>
              <Point>
                <position>6</position>
                <quantity>30.979</quantity>
              </Point>
              <Point>
                <position>7</position>
                <quantity>20.12</quantity>
              </Point>
              <Point>
                <position>8</position>
                <quantity>8.476</quantity>
              </Point>
          </Period>
          <Period>
            <timeInterval>
              <start>2025-12-31T03:30Z</start>
              <end>2025-12-31T04:45Z</end>
            </timeInterval>
            <resolution>PT15M</resolution>
              <Point>
                <position>1</position>
                <quantity>42.281</quantity>
              </Point>
              <Point>
                <position>2</position>
                <quantity>49.012</quantity>
              </Point>
              <Point>
                <position>3</position>
                <quantity>52.418</quantity>
              </Point>
              <Point>
                <position>4</position>
                <quantity>50.002</quantity>
              </Point>
              <Point>
                <position>5</position>
                <quantity>23.369</quantity>
              </Point>
          </Period>
          <Period>
            <timeInterval>
              <start>2025-12-31T05:00Z</start>
              <end>2025-12-31T08:00Z</end>
            </timeInterval>
            <resolution>PT15M</resolution>
              <Point>
                <position>1</position>
                <quantity>67.48</quantity>
              </Point>
              <Point>
                <position>2</position>
                <quantity>90.499</quantity>
              </Point>
              <Point>
                <position>3</position>
                <quantity>84.356</quantity>
              </Point>
              <Point>
                <position>4</position>
                <quantity>97.302</quantity>
              </Point>
              <Point>
                <position>5</position>
                <quantity>100.676</quantity>
              </Point>
              <Point>
                <position>6</position>
                <quantity>61.966</quantity>
              </Point>
              <Point>
                <position>7</position>
                <quantity>59.474</quantity>
              </Point>
              <Point>
                <position>8</position>
                <quantity>69.06</quantity>
              </Point>
              <Point>
                <position>9</position>
                <quantity>45.909</quantity>
              </Point>
              <Point>
                <position>10</position>
                <quantity>38.557</quantity>
              </Point>
              <Point>
                <position>11</position>
                <quantity>33.358</quantity>
              </Point>
              <Point>
                <position>12</position>
                <quantity>52.065</quantity>
              </Point>
          </Period>
          <Period>
            <timeInterval>
              <start>2025-12-31T08:15Z</start>
              <end>2025-12-31T08:30Z</end>
            </timeInterval>
            <resolution>PT15M</resolution>
              <Point>
                <position>1</position>
                <quantity>37.11</quantity>
              </Point>
          </Period>
      </TimeSeries>
      <TimeSeries>
        <mRID>2</mRID>
        <businessType>A19</businessType>
        <flowDirection.direction>A02</flowDirection.direction>
        <quantity_Measure_Unit.name>MWH</quantity_Measure_Unit.name>
        <curveType>A03</curveType>
          <Period>
            <timeInterval>
              <start>2025-12-29T23:45Z</start>
              <end>2025-12-30T00:00Z</end>
            </timeInterval>
            <resolution>PT15M</resolution>
              <Point>
                <position>1</position>
                <quantity>3.586</quantity>
              </Point>
          </Period>
          <Period>
            <timeInterval>
              <start>2025-12-30T00:15Z</start>
              <end>2025-12-30T06:45Z</end>
            </timeInterval>
            <resolution>PT15M</resolution>
              <Point>
                <position>1</position>
                <quantity>10.1</quantity>
              </Point>
              <Point>
                <position>2</position>
                <quantity>16.68</quantity>
              </Point>
              <Point>
                <position>3</position>
                <quantity>24.604</quantity>
              </Point>
              <Point>
                <position>4</position>
                <quantity>8.754</quantity>
              </Point>
              <Point>
                <position>5</position>
                <quantity>48.437</quantity>
              </Point>
              <Point>
                <position>6</position>
                <quantity>76.574</quantity>
              </Point>
              <Point>
                <position>7</position>
                <quantity>51.025</quantity>
              </Point>
              <Point>
                <position>8</position>
                <quantity>18.357</quantity>
              </Point>
              <Point>
                <position>9</position>
                <quantity>33.608</quantity>
              </Point>
              <Point>
                <position>10</position>
                <quantity>48.949</quantity>
              </Point>
              <Point>
                <position>11</position>
                <quantity>62.953</quantity>
              </Point>
              <Point>
                <position>12</position>
                <quantity>48.345</quantity>
              </Point>
              <Point>
                <position>13</position>
                <quantity>50.794</quantity>
              </Point>
              <Point>
                <position>14</position>
                <quantity>50.644</quantity>
              </Point>
              <Point>
                <position>15</position>
                <quantity>39.266</quantity>
              </Point>
              <Point>
                <position>16</position>
                <quantity>33.311</quantity>
              </Point>
              <Point>
                <position>17</position>
                <quantity>69.91</quantity>
              </Point>
              <Point>
                <position>18</position>
                <quantity>78.885</quantity>
              </Point>
              <Point>
                <position>19</position>
                <quantity>63.856</quantity>
              </Point>
              <Point>
                <position>20</position>
                <quantity>27.946</quantity>
              </Point>
              <Point>
                <position>21</position>
                <quantity>43.38</quantity>
              </Point>
              <Point>
                <position>22</position>
                <quantity>28.489</quantity>
              </Point>
              <Point>
                <position>23</position>
                <quantity>41.552</quantity>
              </Point>
              <Point>
                <position>24</position>
                <quantity>85.833</quantity>
              </Point>
              <Point>
                <position>25</position>
                <quantity>72.441</quantity>
              </Point>
              <Point>
                <position>26</position>
                <quantity>41.682</quantity>
              </Point>
          </Period>
          <Period>
            <timeInterval>
              <start>2025-12-30T07:00Z</start>
              <end>2025-12-30T07:30Z</end>
            </timeInterval>
            <resolution>PT15M</resolution>
              <Point>
                <position>1</position>
                <quantity>17.636</quantity>
              </Point>
              <Point>
                <position>2</position>
                <quantity>11.732</quantity>
              </Point>
          </Period>
          <Period>
            <timeInterval>
              <start>2025-12-30T08:00Z</start>
              <end>2025-12-30T08:30Z</end>
            </timeInterval>
            <resolution>PT15M</resolution>
              <Point>
                <position>1</position>
                <quantity>2.299</quantity>
              </Point>
              <Point>
                <position>2</position>
                <quantity>2.079</quantity>
              </Point>
          </Period>
          <Period>
            <timeInterval>
              <start>2025-12-30T09:15Z</start>
              <end>2025-12-30T09:45Z</end>
            </timeInterval>
            <resolution>PT15M</resolution>
              <Point>
                <position>1</position>
                <quantity>23.122</quantity>
              </Point>
              <Point>
                <position>2</position>
                <quantity>7.712</quantity>
              </Point>
          </Period>
          <Period>
            <timeInterval>
              <start>2025-12-30T10:00Z</start>
              <end>2025-12-30T11:45Z</end>
            </timeInterval>
            <resolution>PT15M</resolution>
              <Point>
                <position>1</position>
                <quantity>41.061</quantity>
              </Point>
              <Point>
                <position>2</position>
                <quantity>56.752</quantity>
              </Point>
              <Point>
                <position>3</position>
                <quantity>54.507</quantity>
              </Point>
              <Point>
                <position>4</position>
                <quantity>8.426</quantity>
              </Point>
              <Point>
                <position>5</position>
                <quantity>28.512</quantity>
              </Point>
              <Point>
                <position>6</position>
                <quantity>34.342</quantity>
              </Point>
              <Point>
                <position>7</position>
                <quantity>9.31</quantity>
              </Point>
          </Period>
          <Period>
            <timeInterval>
              <start>2025-12-30T13:15Z</start>
              <end>2025-12-30T19:15Z</end>
            </timeInterval>
            <resolution>PT15M</resolution>
              <Point>
                <position>1</position>
                <quantity>4.07</quantity>
              </Point>
              <Point>
                <position>2</position>
                <quantity>50.425</quantity>
              </Point>
              <Point>
                <position>3</position>
                <quantity>88.544</quantity>
              </Point>
              <Point>
                <position>4</position>
                <quantity>91.753</quantity>
              </Point>
              <Point>
                <position>5</position>
                <quantity>102.892</quantity>
              </Point>
              <Point>
                <position>6</position>
                <quantity>124.935</quantity>
              </Point>
              <Point>
                <position>7</position>
                <quantity>126.814</quantity>
              </Point>
              <Point>
                <position>8</position>
                <quantity>105.02</quantity>
              </Point>
              <Point>
                <position>9</position>
                <quantity>142.45</quantity>
              </Point>
              <Point>
                <position>10</position>
                <quantity>202.293</quantity>
              </Point>
              <Point>
                <position>11</position>
                <quantity>163.709</quantity>
              </Point>
              <Point>
                <position>12</position>
                <quantity>116.774</quantity>
              </Point>
              <Point>
                <position>13</position>
                <quantity>109.84</quantity>
              </Point>
              <Point>
                <position>14</position>
                <quantity>109.194</quantity>
              </Point>
              <Point>
                <position>15</position>
                <quantity>121.45</quantity>
              </Point>
              <Point>
                <position>16</position>
                <quantity>144.939</quantity>
              </Point>
              <Point>
                <position>17</position>
                <quantity>181.577</quantity>
              </Point>
              <Point>
                <position>18</position>
                <quantity>179.294</quantity>
              </Point>
              <Point>
                <position>19</position>
                <quantity>126.52</quantity>
              </Point>
              <Point>
                <position>20</position>
                <quantity>104.506</quantity>
              </Point>
              <Point>
                <position>21</position>
                <quantity>76.904</quantity>
              </Point>
              <Point>
                <position>22</position>
                <quantity>36.977</quantity>
              </Point>
              <Point>
                <position>23</position>
                <quantity>20.46</quantity>
              </Point>
              <Point>
                <position>24</position>
                <quantity>18.862</quantity>
              </Point>
          </Period>
          <Period>
            <timeInterval>
              <start>2025-12-30T20:15Z</start>
              <end>2025-12-30T21:45Z</end>
            </timeInterval>
            <resolution>PT15M</resolution>
              <Point>
                <position>1</position>
                <quantity>8.625</quantity>
              </Point>
              <Point>
                <position>2</position>
                <quantity>26.328</quantity>
              </Point>
              <Point>
                <position>3</position>
                <quantity>26.545</quantity>
              </Point>
              <Point>
                <position>4</position>
                <quantity>85.736</quantity>
              </Point>
              <Point>
                <position>5</position>
                <quantity>55.191</quantity>
              </Point>
              <Point>
                <position>6</position>
                <quantity>47.122</quantity>
              </Point>
          </Period>
          <Period>
            <timeInterval>
              <start>2025-12-30T22:00Z</start>
              <end>2025-12-30T22:30Z</end>
            </timeInterval>
            <resolution>PT15M</resolution>
              <Point>
                <position>1</position>
                <quantity>9.941</quantity>
              </Point>
              <Point>
                <position>2</position>
                <quantity>2.295</quantity>
              </Point>
          </Period>
          <Period>
            <timeInterval>
              <start>2025-12-30T23:00Z</start>
              <end>2025-12-30T23:15Z</end>
            </timeInterval>
            <resolution>PT15M</resolution>
              <Point>
                <position>1</position>
                <quantity>2.412</quantity>
              </Point>
          </Period>
          <Period>
            <timeInterval>
              <start>2025-12-31T01:15Z</start>
              <end>2025-12-31T03:30Z</end>
            </timeInterval>
            <resolution>PT15M</resolution>
              <Point>
                <position>1</position>
                <quantity>29.93</quantity>
              </Point>
              <Point>
                <position>2</position>
                <quantity>68.431</quantity>
              </Point>
              <Point>
                <position>3</position>
                <quantity>90.233</quantity>
              </Point>
              <Point>
                <position>4</position>
                <quantity>75.191</quantity>
              </Point>
              <Point>
                <position>5</position>
                <quantity>102.645</quantity>
              </Point>
              <Point>
                <position>6</position>
                <quantity>87.591</quantity>
              </Point>
              <Point>
                <position>7</position>
                <quantity>69.897</quantity>
              </Point>
              <Point>
                <position>8</position>
                <quantity>58.891</quantity>
              </Point>
              <Point>
                <position>9</position>
                <quantity>2.679</quantity>
              </Point>
          </Period>
          <Period>
            <timeInterval>
              <start>2025-12-31T04:45Z</start>
              <end>2025-12-31T05:00Z</end>
            </timeInterval>
            <resolution>PT15M</resolution>
              <Point>
                <position>1</position>
                <quantity>5.073</quantity>
              </Point>
          </Period>
          <Period>
            <timeInterval>
              <start>2025-12-31T08:00Z</start>
              <end>2025-12-31T08:15Z</end>
            </timeInterval>
            <resolution>PT15M</resolution>
              <Point>
                <position>1</position>
                <quantity>3.704</quantity>
              </Point>
          </Period>
      </TimeSeries>
  </Balancing_MarketDocument>