<?xml version="1.0" encoding="UTF-8"?>
  <Balancing_MarketDocument xmlns="urn:iec62325.351:tc57wg16:451-6:balancingdocument:3:0">
    <mRID>c803a30f94df4dd89587d17ec9bb1b97</mRID>
    <revisionNumber>1</revisionNumber>
    <type>A86</type>
    <process.processType>A16</process.processType>
    <sender_MarketParticipant.mRID codingScheme="A01">10X1001A1001A450</sender_MarketParticipant.mRID>
    <sender_MarketParticipant.marketRole.type>A32</sender_MarketParticipant.marketRole.type>
    <receiver_MarketParticipant.mRID codingScheme="A01">10X1001A1001A450</receiver_MarketParticipant.mRID>
    <receiver_MarketParticipant.marketRole.type>A33</receiver_MarketParticipant.marketRole.type>
    <createdDateTime>2025-12-15T06:15:51Z</createdDateTime>
    <controlArea_Domain.mRID codingScheme="A01">10YRO-TEL------P</controlArea_Domain.mRID>
    <period.timeInterval>
      <start>2025-12-10T23:00Z</start>
      <end>2025-12-15T06:00Z</end>
    </period.timeInterval>
      <TimeSeries>
        <mRID>1</mRID>
        <businessType>A19</businessType>
        <flowDirection.direction>A01</flowDirection.direction>
        <quantity_Measure_Unit.name>MWH</quantity_Measure_Unit.name>
        <curveType>A03</curveType>
          <Period>
            <timeInterval>
              <start>2025-12-10T23:00Z</start>
              <end>2025-12-10T23:15Z</end>
            </timeInterval>
            <resolution>PT15M</resolution>
              <Point>
                <position>1</position>
                <quantity>8.429</quantity>
              </Point>
          </Period>
          <Period>
            <timeInterval>
              <start>2025-12-11T00:30Z</start>
              <end>2025-12-11T02:00Z</end>
            </timeInterval>
            <resolution>PT15M</resolution>
              <Point>
                <position>1</position>
                <quantity>3.878</quantity>
              </Point>
              <Point>
                <position>2</position>
                <quantity>15.601</quantity>
              </Point>
              <Point>
                <position>3</position>
                <quantity>5.03</quantity>
              </Point>
              <Point>
                <position>4</position>
                <quantity>22.292</quantity>
              </Point>
              <Point>
                <position>5</position>
                <quantity>26.675</quantity>
              </Point>
              <Point>
                <position>6</position>
                <quantity>18.801</quantity>
              </Point>
          </Period>
          <Period>
            <timeInterval>
              <start>2025-12-11T02:15Z</start>
              <end>2025-12-11T02:30Z</end>
            </timeInterval>
            <resolution>PT15M</resolution>
              <Point>
                <position>1</position>
                <quantity>3.057</quantity>
              </Point>
          </Period>
          <Period>
            <timeInterval>
              <start>2025-12-11T02:45Z</start>
              <end>2025-12-11T03:30Z</end>
            </timeInterval>
            <resolution>PT15M</resolution>
              <Point>
                <position>1</position>
                <quantity>15.6</quantity>
              </Point>
              <Point>
                <position>2</position>
                <quantity>27.372</quantity>
              </Point>
              <Point>
                <position>3</position>
                <quantity>17.382</quantity>
              </Point>
          </Period>
          <Period>
            <timeInterval>
              <start>2025-12-11T03:45Z</start>
              <end>2025-12-11T06:45Z</end>
            </timeInterval>
            <resolution>PT15M</resolution>
              <Point>
                <position>1</position>
                <quantity>13.662</quantity>
              </Point>
              <Point>
                <position>2</position>
                <quantity>59.356</quantity>
              </Point>
              <Point>
                <position>3</position>
                <quantity>29.576</quantity>
              </Point>
              <Point>
                <position>4</position>
                <quantity>41.652</quantity>
              </Point>
              <Point>
                <position>5</position>
                <quantity>11.762</quantity>
              </Point>
              <Point>
                <position>6</position>
                <quantity>58.26</quantity>
              </Point>
              <Point>
                <position>7</position>
                <quantity>47.359</quantity>
              </Point>
              <Point>
                <position>8</position>
                <quantity>31.021</quantity>
              </Point>
              <Point>
                <position>9</position>
                <quantity>44.172</quantity>
              </Point>
              <Point>
                <position>10</position>
                <quantity>4.138</quantity>
              </Point>
              <Point>
                <position>11</position>
                <quantity>33.832</quantity>
              </Point>
              <Point>
                <position>12</position>
                <quantity>23.659</quantity>
              </Point>
          </Period>
          <Period>
            <timeInterval>
              <start>2025-12-11T08:30Z</start>
              <end>2025-12-11T11:45Z</end>
            </timeInterval>
            <resolution>PT15M</resolution>
              <Point>
                <position>1</position>
                <quantity>3.185</quantity>
              </Point>
              <Point>
                <position>2</position>
                <quantity>22.62</quantity>
              </Point>
              <Point>
                <position>3</position>
                <quantity>20.058</quantity>
              </Point>
              <Point>
                <position>4</position>
                <quantity>29.253</quantity>
              </Point>
              <Point>
                <position>5</position>
                <quantity>22.117</quantity>
              </Point>
              <Point>
                <position>6</position>
                <quantity>26.295</quantity>
              </Point>
              <Point>
                <position>7</position>
                <quantity>37.708</quantity>
              </Point>
              <Point>
                <position>8</position>
                <quantity>94.724</quantity>
              </Point>
              <Point>
                <position>9</position>
                <quantity>83.074</quantity>
              </Point>
              <Point>
                <position>10</position>
                <quantity>68.898</quantity>
              </Point>
              <Point>
                <position>11</position>
                <quantity>32.512</quantity>
              </Point>
              <Point>
                <position>12</position>
                <quantity>52.213</quantity>
              </Point>
              <Point>
                <position>13</position>
                <quantity>19.952</quantity>
              </Point>
          </Period>
          <Period>
            <timeInterval>
              <start>2025-12-11T12:30Z</start>
              <end>2025-12-11T14:15Z</end>
            </timeInterval>
            <resolution>PT15M</resolution>
              <Point>
                <position>1</position>
                <quantity>4.029</quantity>
              </Point>
              <Point>
                <position>2</position>
                <quantity>19.504</quantity>
              </Point>
              <Point>
                <position>3</position>
                <quantity>81.749</quantity>
              </Point>
              <Point>
                <position>4</position>
                <quantity>59.406</quantity>
              </Point>
              <Point>
                <position>5</position>
                <quantity>35.228</quantity>
              </Point>
              <Point>
                <position>6</position>
                <quantity>14.141</quantity>
              </Point>
              <Point>
                <position>7</position>
                <quantity>36.86</quantity>
              </Point>
          </Period>
          <Period>
            <timeInterval>
              <start>2025-12-11T16:15Z</start>
              <end>2025-12-11T16:30Z</end>
            </timeInterval>
            <resolution>PT15M</resolution>
              <Point>
                <position>1</position>
                <quantity>1.922</quantity>
              </Point>
          </Period>
          <Period>
            <timeInterval>
              <start>2025-12-11T17:00Z</start>
              <end>2025-12-11T20:00Z</end>
            </timeInterval>
            <resolution>PT15M</resolution>
              <Point>
                <position>1</position>
                <quantity>34.693</quantity>
              </Point>
              <Point>
                <position>2</position>
                <quantity>12.965</quantity>
              </Point>
              <Point>
                <position>3</position>
                <quantity>5.273</quantity>
              </Point>
              <Point>
                <position>4</position>
                <quantity>34.303</quantity>
              </Point>
              <Point>
                <position>5</position>
                <quantity>50.829</quantity>
              </Point>
              <Point>
                <position>6</position>
                <quantity>36.051</quantity>
              </Point>
              <Point>
                <position>7</position>
                <quantity>46.181</quantity>
              </Point>
              <Point>
                <position>8</position>
                <quantity>36.206</quantity>
              </Point>
              <Point>
                <position>9</position>
                <quantity>24.254</quantity>
              </Point>
              <Point>
                <position>10</position>
                <quantity>16.409</quantity>
              </Point>
              <Point>
                <position>11</position>
                <quantity>18.175</quantity>
              </Point>
              <Point>
                <position>12</position>
                <quantity>32.619</quantity>
              </Point>
          </Period>
          <Period>
            <timeInterval>
              <start>2025-12-11T20:15Z</start>
              <end>2025-12-11T21:00Z</end>
            </timeInterval>
            <resolution>PT15M</resolution>
              <Point>
                <position>1</position>
                <quantity>43.537</quantity>
              </Point>
              <Point>
                <position>2</position>
                <quantity>42.615</quantity>
              </Point>
              <Point>
                <position>3</position>
                <quantity>23.091</quantity>
              </Point>
          </Period>
          <Period>
            <timeInterval>
              <start>2025-12-11T21:45Z</start>
              <end>2025-12-11T23:30Z</end>
            </timeInterval>
            <resolution>PT15M</resolution>
              <Point>
                <position>1</position>
                <quantity>29.11</quantity>
              </Point>
              <Point>
                <position>2</position>
                <quantity>45.659</quantity>
              </Point>
              <Point>
                <position>3</position>
                <quantity>29.868</quantity>
              </Point>
              <Point>
                <position>4</position>
                <quantity>45.939</quantity>
              </Point>
              <Point>
                <position>5</position>
                <quantity>13.148</quantity>
              </Point>
              <Point>
                <position>6</position>
                <quantity>10.885</quantity>
              </Point>
              <Point>
                <position>7</position>
                <quantity>36.342</quantity>
              </Point>
          </Period>
          <Period>
            <timeInterval>
              <start>2025-12-11T23:45Z</start>
              <end>2025-12-12T03:00Z</end>
            </timeInterval>
            <resolution>PT15M</resolution>
              <Point>
                <position>1</position>
                <quantity>20.514</quantity>
              </Point>
              <Point>
                <position>2</position>
                <quantity>21.204</quantity>
              </Point>
              <Point>
                <position>3</position>
                <quantity>18.342</quantity>
              </Point>
              <Point>
                <position>4</position>
                <quantity>44.264</quantity>
              </Point>
              <Point>
                <position>5</position>
                <quantity>34.273</quantity>
              </Point>
              <Point>
                <position>6</position>
                <quantity>28.751</quantity>
              </Point>
              <Point>
                <position>7</position>
                <quantity>57.63</quantity>
              </Point>
              <Point>
                <position>8</position>
                <quantity>52.492</quantity>
              </Point>
              <Point>
                <position>9</position>
                <quantity>35.63</quantity>
              </Point>
              <Point>
                <position>10</position>
                <quantity>17.452</quantity>
              </Point>
              <Point>
                <position>11</position>
                <quantity>6.265</quantity>
              </Point>
              <Point>
                <position>12</position>
                <quantity>2.134</quantity>
              </Point>
              <Point>
                <position>13</position>
                <quantity>1.798</quantity>
              </Point>
          </Period>
          <Period>
            <timeInterval>
              <start>2025-12-12T04:00Z</start>
              <end>2025-12-12T04:45Z</end>
            </timeInterval>
            <resolution>PT15M</resolution>
              <Point>
                <position>1</position>
                <quantity>34.207</quantity>
              </Point>
              <Point>
                <position>2</position>
                <quantity>9.442</quantity>
              </Point>
              <Point>
                <position>3</position>
                <quantity>7.431</quantity>
              </Point>
          </Period>
          <Period>
            <timeInterval>
              <start>2025-12-12T07:00Z</start>
              <end>2025-12-12T07:15Z</end>
            </timeInterval>
            <resolution>PT15M</resolution>
              <Point>
                <position>1</position>
                <quantity>29.222</quantity>
              </Point>
          </Period>
          <Period>
            <timeInterval>
              <start>2025-12-12T11:00Z</start>
              <end>2025-12-12T11:15Z</end>
            </timeInterval>
            <resolution>PT15M</resolution>
              <Point>
                <position>1</position>
                <quantity>18.481</quantity>
              </Point>
          </Period>
          <Period>
            <timeInterval>
              <start>2025-12-12T12:15Z</start>
              <end>2025-12-12T14:45Z</end>
            </timeInterval>
            <resolution>PT15M</resolution>
              <Point>
                <position>1</position>
                <quantity>20.753</quantity>
              </Point>
              <Point>
                <position>2</position>
                <quantity>38.444</quantity>
              </Point>
              <Point>
                <position>3</position>
                <quantity>43.785</quantity>
              </Point>
              <Point>
                <position>4</position>
                <quantity>57.569</quantity>
              </Point>
              <Point>
                <position>5</position>
                <quantity>33.911</quantity>
              </Point>
              <Point>
                <position>6</position>
                <quantity>46.308</quantity>
              </Point>
              <Point>
                <position>7</position>
                <quantity>64.027</quantity>
              </Point>
              <Point>
                <position>8</position>
                <quantity>29.497</quantity>
              </Point>
              <Point>
                <position>9</position>
                <quantity>4.045</quantity>
              </Point>
              <Point>
                <position>10</position>
                <quantity>12.5</quantity>
              </Point>
          </Period>
          <Period>
            <timeInterval>
              <start>2025-12-12T16:30Z</start>
              <end>2025-12-12T17:00Z</end>
            </timeInterval>
            <resolution>PT15M</resolution>
              <Point>
                <position>1</position>
                <quantity>10.775</quantity>
              </Point>
              <Point>
                <position>2</position>
                <quantity>21.19</quantity>
              </Point>
          </Period>
          <Period>
            <timeInterval>
              <start>2025-12-12T18:15Z</start>
              <end>2025-12-12T18:30Z</end>
            </timeInterval>
            <resolution>PT15M</resolution>
              <Point>
                <position>1</position>
                <quantity>16.87</quantity>
              </Point>
          </Period>
          <Period>
            <timeInterval>
              <start>2025-12-12T18:45Z</start>
              <end>2025-12-12T20:00Z</end>
            </timeInterval>
            <resolution>PT15M</resolution>
              <Point>
                <position>1</position>
                <quantity>25.936</quantity>
              </Point>
              <Point>
                <position>2</position>
                <quantity>9.942</quantity>
              </Point>
              <Point>
                <position>3</position>
                <quantity>41.501</quantity>
              </Point>
              <Point>
                <position>4</position>
                <quantity>37.496</quantity>
              </Point>
              <Point>
                <position>5</position>
                <quantity>16.61</quantity>
              </Point>
          </Period>
          <Period>
            <timeInterval>
              <start>2025-12-12T20:30Z</start>
              <end>2025-12-12T20:45Z</end>
            </timeInterval>
            <resolution>PT15M</resolution>
              <Point>
                <position>1</position>
                <quantity>9.899</quantity>
              </Point>
          </Period>
          <Period>
            <timeInterval>
              <start>2025-12-12T22:15Z</start>
              <end>2025-12-12T22:30Z</end>
            </timeInterval>
            <resolution>PT15M</resolution>
              <Point>
                <position>1</position>
                <quantity>2.955</quantity>
              </Point>
          </Period>
          <Period>
            <timeInterval>
              <start>2025-12-13T00:15Z</start>
              <end>2025-12-13T02:30Z</end>
            </timeInterval>
            <resolution>PT15M</resolution>
              <Point>
                <position>1</position>
                <quantity>6.961</quantity>
              </Point>
              <Point>
                <position>2</position>
                <quantity>9.114</quantity>
              </Point>
              <Point>
                <position>3</position>
                <quantity>15.027</quantity>
              </Point>
              <Point>
                <position>4</position>
                <quantity>10.63</quantity>
              </Point>
              <Point>
                <position>5</position>
                <quantity>26.903</quantity>
              </Point>
              <Point>
                <position>6</position>
                <quantity>54.923</quantity>
              </Point>
              <Point>
                <position>7</position>
                <quantity>17.939</quantity>
              </Point>
              <Point>
                <position>8</position>
                <quantity>2.118</quantity>
              </Point>
              <Point>
                <position>9</position>
                <quantity>0.674</quantity>
              </Point>
          </Period>
          <Period>
            <timeInterval>
              <start>2025-12-13T03:45Z</start>
              <end>2025-12-13T04:00Z</end>
            </timeInterval>
            <resolution>PT15M</resolution>
              <Point>
                <position>1</position>
                <quantity>2.557</quantity>
              </Point>
          </Period>
          <Period>
            <timeInterval>
              <start>2025-12-13T04:15Z</start>
              <end>2025-12-13T06:00Z</end>
            </timeInterval>
            <resolution>PT15M</resolution>
              <Point>
                <position>1</position>
                <quantity>4.475</quantity>
              </Point>
              <Point>
                <position>2</position>
                <quantity>6.645</quantity>
              </Point>
              <Point>
                <position>3</position>
                <quantity>47.181</quantity>
              </Point>
              <Point>
                <position>4</position>
                <quantity>51.172</quantity>
              </Point>
              <Point>
                <position>5</position>
                <quantity>25.168</quantity>
              </Point>
              <Point>
                <position>6</position>
                <quantity>36.242</quantity>
              </Point>
              <Point>
                <position>7</position>
                <quantity>17.669</quantity>
              </Point>
          </Period>
          <Period>
            <timeInterval>
              <start>2025-12-13T06:15Z</start>
              <end>2025-12-13T07:00Z</end>
            </timeInterval>
            <resolution>PT15M</resolution>
              <Point>
                <position>1</position>
                <quantity>22.001</quantity>
              </Point>
              <Point>
                <position>2</position>
                <quantity>26.696</quantity>
              </Point>
              <Point>
                <position>3</position>
                <quantity>46.864</quantity>
              </Point>
          </Period>
          <Period>
            <timeInterval>
              <start>2025-12-13T09:45Z</start>
              <end>2025-12-13T10:00Z</end>
            </timeInterval>
            <resolution>PT15M</resolution>
              <Point>
                <position>1</position>
                <quantity>4.291</quantity>
              </Point>
          </Period>
          <Period>
            <timeInterval>
              <start>2025-12-13T11:30Z</start>
              <end>2025-12-13T14:30Z</end>
            </timeInterval>
            <resolution>PT15M</resolution>
              <Point>
                <position>1</position>
                <quantity>7.404</quantity>
              </Point>
              <Point>
                <position>2</position>
                <quantity>38.786</quantity>
              </Point>
              <Point>
                <position>3</position>
                <quantity>69.302</quantity>
              </Point>
              <Point>
                <position>4</position>
                <quantity>82.673</quantity>
              </Point>
              <Point>
                <position>5</position>
                <quantity>94.165</quantity>
              </Point>
              <Point>
                <position>6</position>
                <quantity>65.263</quantity>
              </Point>
              <Point>
                <position>7</position>
                <quantity>82.293</quantity>
              </Point>
              <Point>
                <position>8</position>
                <quantity>85.37</quantity>
              </Point>
              <Point>
                <position>9</position>
                <quantity>58.203</quantity>
              </Point>
              <Point>
                <position>10</position>
                <quantity>18.126</quantity>
              </Point>
              <Point>
                <position>11</position>
                <quantity>17.99</quantity>
              </Point>
              <Point>
                <position>12</position>
                <quantity>4.266</quantity>
              </Point>
          </Period>
          <Period>
            <timeInterval>
              <start>2025-12-13T16:00Z</start>
              <end>2025-12-13T18:00Z</end>
            </timeInterval>
            <resolution>PT15M</resolution>
              <Point>
                <position>1</position>
                <quantity>16.598</quantity>
              </Point>
              <Point>
                <position>2</position>
                <quantity>14.593</quantity>
              </Point>
              <Point>
                <position>3</position>
                <quantity>23.725</quantity>
              </Point>
              <Point>
                <position>4</position>
                <quantity>26.512</quantity>
              </Point>
              <Point>
                <position>5</position>
                <quantity>20.535</quantity>
              </Point>
              <Point>
                <position>6</position>
                <quantity>21.064</quantity>
              </Point>
              <Point>
                <position>7</position>
                <quantity>14.108</quantity>
              </Point>
              <Point>
                <position>8</position>
                <quantity>33.003</quantity>
              </Point>
          </Period>
          <Period>
            <timeInterval>
              <start>2025-12-13T18:15Z</start>
              <end>2025-12-13T18:45Z</end>
            </timeInterval>
            <resolution>PT15M</resolution>
              <Point>
                <position>1</position>
                <quantity>6.78</quantity>
              </Point>
              <Point>
                <position>2</position>
                <quantity>1.256</quantity>
              </Point>
          </Period>
          <Period>
            <timeInterval>
              <start>2025-12-13T19:00Z</start>
              <end>2025-12-13T19:15Z</end>
            </timeInterval>
            <resolution>PT15M</resolution>
              <Point>
                <position>1</position>
                <quantity>2.09</quantity>
              </Point>
          </Period>
          <Period>
            <timeInterval>
              <start>2025-12-13T19:30Z</start>
              <end>2025-12-13T19:45Z</end>
            </timeInterval>
            <resolution>PT15M</resolution>
              <Point>
                <position>1</position>
                <quantity>8.553</quantity>
              </Point>
          </Period>
          <Period>
            <timeInterval>
              <start>2025-12-13T20:30Z</start>
              <end>2025-12-14T07:45Z</end>
            </timeInterval>
            <resolution>PT15M</resolution>
              <Point>
                <position>1</position>
                <quantity>2.88</quantity>
              </Point>
              <Point>
                <position>2</position>
                <quantity>2.958</quantity>
              </Point>
              <Point>
                <position>3</position>
                <quantity>3.592</quantity>
              </Point>
              <Point>
                <position>4</position>
                <quantity>33.549</quantity>
              </Point>
              <Point>
                <position>5</position>
                <quantity>3.497</quantity>
              </Point>
              <Point>
                <position>6</position>
                <quantity>13.04</quantity>
              </Point>
              <Point>
                <position>7</position>
                <quantity>32.031</quantity>
              </Point>
              <Point>
                <position>8</position>
                <quantity>31.663</quantity>
              </Point>
              <Point>
                <position>9</position>
                <quantity>39.232</quantity>
              </Point>
              <Point>
                <position>10</position>
                <quantity>15.991</quantity>
              </Point>
              <Point>
                <position>11</position>
                <quantity>56.288</quantity>
              </Point>
              <Point>
                <position>12</position>
                <quantity>60.287</quantity>
              </Point>
              <Point>
                <position>13</position>
                <quantity>44.527</quantity>
              </Point>
              <Point>
                <position>14</position>
                <quantity>36.725</quantity>
              </Point>
              <Point>
                <position>15</position>
                <quantity>49.73</quantity>
              </Point>
              <Point>
                <position>16</position>
                <quantity>51.757</quantity>
              </Point>
              <Point>
                <position>17</position>
                <quantity>30.471</quantity>
              </Point>
              <Point>
                <position>18</position>
                <quantity>18.277</quantity>
              </Point>
              <Point>
                <position>19</position>
                <quantity>34.09</quantity>
              </Point>
              <Point>
                <position>20</position>
                <quantity>36.661</quantity>
              </Point>
              <Point>
                <position>21</position>
                <quantity>55.094</quantity>
              </Point>
              <Point>
                <position>22</position>
                <quantity>25.969</quantity>
              </Point>
              <Point>
                <position>23</position>
                <quantity>54.069</quantity>
              </Point>
              <Point>
                <position>24</position>
                <quantity>41.112</quantity>
              </Point>
              <Point>
                <position>25</position>
                <quantity>47.392</quantity>
              </Point>
              <Point>
                <position>26</position>
                <quantity>47.895</quantity>
              </Point>
              <Point>
                <position>27</position>
                <quantity>109.75</quantity>
              </Point>
              <Point>
                <position>28</position>
                <quantity>116.708</quantity>
              </Point>
              <Point>
                <position>29</position>
                <quantity>102.162</quantity>
              </Point>
              <Point>
                <position>30</position>
                <quantity>95.618</quantity>
              </Point>
              <Point>
                <position>31</position>
                <quantity>137.277</quantity>
              </Point>
              <Point>
                <position>32</position>
                <quantity>110.544</quantity>
              </Point>
              <Point>
                <position>33</position>
                <quantity>89.809</quantity>
              </Point>
              <Point>
                <position>34</position>
                <quantity>67.367</quantity>
              </Point>
              <Point>
                <position>35</position>
                <quantity>17.956</quantity>
              </Point>
              <Point>
                <position>36</position>
                <quantity>21.155</quantity>
              </Point>
              <Point>
                <position>37</position>
                <quantity>12.415</quantity>
              </Point>
              <Point>
                <position>38</position>
                <quantity>27.487</quantity>
              </Point>
              <Point>
                <position>39</position>
                <quantity>12.809</quantity>
              </Point>
              <Point>
                <position>40</position>
                <quantity>28.945</quantity>
              </Point>
              <Point>
                <position>41</position>
                <quantity>80.579</quantity>
              </Point>
              <Point>
                <position>42</position>
                <quantity>85.514</quantity>
              </Point>
              <Point>
                <position>43</position>
                <quantity>40.671</quantity>
              </Point>
              <Point>
                <position>44</position>
                <quantity>16.089</quantity>
              </Point>
              <Point>
                <position>45</position>
                <quantity>7.773</quantity>
              </Point>
          </Period>
          <Period>
            <timeInterval>
              <start>2025-12-14T13:00Z</start>
              <end>2025-12-14T13:45Z</end>
            </timeInterval>
            <resolution>PT15M</resolution>
              <Point>
                <position>1</position>
                <quantity>34.342</quantity>
              </Point>
              <Point>
                <position>2</position>
                <quantity>39.343</quantity>
              </Point>
              <Point>
                <position>3</position>
                <quantity>9.2</quantity>
              </Point>
          </Period>
          <Period>
            <timeInterval>
              <start>2025-12-14T14:00Z</start>
              <end>2025-12-14T14:45Z</end>
            </timeInterval>
            <resolution>PT15M</resolution>
              <Point>
                <position>1</position>
                <quantity>22.768</quantity>
              </Point>
              <Point>
                <position>2</position>
                <quantity>22.825</quantity>
              </Point>
              <Point>
                <position>3</position>
                <quantity>5.368</quantity>
              </Point>
          </Period>
          <Period>
            <timeInterval>
              <start>2025-12-14T15:00Z</start>
              <end>2025-12-14T19:00Z</end>
            </timeInterval>
            <resolution>PT15M</resolution>
              <Point>
                <position>1</position>
                <quantity>56.548</quantity>
              </Point>
              <Point>
                <position>2</position>
                <quantity>37.081</quantity>
              </Point>
              <Point>
                <position>3</position>
                <quantity>44.136</quantity>
              </Point>
              <Point>
                <position>4</position>
                <quantity>84.352</quantity>
              </Point>
              <Point>
                <position>5</position>
                <quantity>125.366</quantity>
              </Point>
              <Point>
                <position>6</position>
                <quantity>129.609</quantity>
              </Point>
              <Point>
                <position>7</position>
                <quantity>110.199</quantity>
              </Point>
              <Point>
                <position>8</position>
                <quantity>141.45</quantity>
              </Point>
              <Point>
                <position>9</position>
                <quantity>167.849</quantity>
              </Point>
              <Point>
                <position>10</position>
                <quantity>130.621</quantity>
              </Point>
              <Point>
                <position>11</position>
                <quantity>94.579</quantity>
              </Point>
              <Point>
                <position>12</position>
                <quantity>65.891</quantity>
              </Point>
              <Point>
                <position>13</position>
                <quantity>48.159</quantity>
              </Point>
              <Point>
                <position>14</position>
                <quantity>64.777</quantity>
              </Point>
              <Point>
                <position>15</position>
                <quantity>27.939</quantity>
              </Point>
              <Point>
                <position>16</position>
                <quantity>8.767</quantity>
              </Point>
          </Period>
          <Period>
            <timeInterval>
              <start>2025-12-14T19:15Z</start>
              <end>2025-12-14T23:45Z</end>
            </timeInterval>
            <resolution>PT15M</resolution>
              <Point>
                <position>1</position>
                <quantity>15.589</quantity>
              </Point>
              <Point>
                <position>2</position>
                <quantity>26.29</quantity>
              </Point>
              <Point>
                <position>3</position>
                <quantity>52.006</quantity>
              </Point>
              <Point>
                <position>4</position>
                <quantity>33.379</quantity>
              </Point>
              <Point>
                <position>5</position>
                <quantity>47.906</quantity>
              </Point>
              <Point>
                <position>6</position>
                <quantity>73.804</quantity>
              </Point>
              <Point>
                <position>7</position>
                <quantity>77.324</quantity>
              </Point>
              <Point>
                <position>8</position>
                <quantity>43.035</quantity>
              </Point>
              <Point>
                <position>9</position>
                <quantity>28.732</quantity>
              </Point>
              <Point>
                <position>10</position>
                <quantity>16.436</quantity>
              </Point>
              <Point>
                <position>11</position>
                <quantity>29.402</quantity>
              </Point>
              <Point>
                <position>12</position>
                <quantity>59.276</quantity>
              </Point>
              <Point>
                <position>13</position>
                <quantity>23.999</quantity>
              </Point>
              <Point>
                <position>14</position>
                <quantity>22.598</quantity>
              </Point>
              <Point>
                <position>15</position>
                <quantity>30.964</quantity>
              </Point>
              <Point>
                <position>16</position>
                <quantity>32.331</quantity>
              </Point>
              <Point>
                <position>17</position>
                <quantity>30.407</quantity>
              </Point>
              <Point>
                <position>18</position>
                <quantity>35.266</quantity>
              </Point>
          </Period>
          <Period>
            <timeInterval>
              <start>2025-12-15T00:00Z</start>
              <end>2025-12-15T01:45Z</end>
            </timeInterval>
            <resolution>PT15M</resolution>
              <Point>
                <position>1</position>
                <quantity>51.439</quantity>
              </Point>
              <Point>
                <position>2</position>
                <quantity>34.235</quantity>
              </Point>
              <Point>
                <position>3</position>
                <quantity>39.093</quantity>
              </Point>
              <Point>
                <position>4</position>
                <quantity>6.458</quantity>
              </Point>
              <Point>
                <position>5</position>
                <quantity>5.921</quantity>
              </Point>
              <Point>
                <position>6</position>
                <quantity>11.34</quantity>
              </Point>
              <Point>
                <position>7</position>
                <quantity>20.721</quantity>
              </Point>
          </Period>
          <Period>
            <timeInterval>
              <start>2025-12-15T02:00Z</start>
              <end>2025-12-15T03:30Z</end>
            </timeInterval>
            <resolution>PT15M</resolution>
              <Point>
                <position>1</position>
                <quantity>9.178</quantity>
              </Point>
              <Point>
                <position>2</position>
                <quantity>17.151</quantity>
              </Point>
              <Point>
                <position>3</position>
                <quantity>11.282</quantity>
              </Point>
              <Point>
                <position>4</position>
                <quantity>15.695</quantity>
              </Point>
              <Point>
                <position>5</position>
                <quantity>34.961</quantity>
              </Point>
              <Point>
                <position>6</position>
                <quantity>12.865</quantity>
              </Point>
          </Period>
          <Period>
            <timeInterval>
              <start>2025-12-15T04:00Z</start>
              <end>2025-12-15T04:30Z</end>
            </timeInterval>
            <resolution>PT15M</resolution>
              <Point>
                <position>1</position>
                <quantity>47.956</quantity>
              </Point>
              <Point>
                <position>2</position>
                <quantity>16.924</quantity>
              </Point>
          </Period>
          <Period>
            <timeInterval>
              <start>2025-12-15T05:00Z</start>
              <end>2025-12-15T05:15Z</end>
            </timeInterval>
            <resolution>PT15M</resolution>
              <Point>
                <position>1</position>
                <quantity>38.249</quantity>
              </Point>
          </Period>
      </TimeSeries>
      <TimeSeries>
        <mRID>2</mRID>
        <businessType>A19</businessType>
        <flowDirection.direction>A02</flowDirection.direction>
        <quantity_Measure_Unit.name>MWH</quantity_Measure_Unit.name>
        <curveType>A03</curveType>
          <Period>
            <timeInterval>
              <start>2025-12-10T23:15Z</start>
              <end>2025-12-11T00:30Z</end>
            </timeInterval>
            <resolution>PT15M</resolution>
              <Point>
                <position>1</position>
                <quantity>14.353</quantity>
              </Point>
              <Point>
                <position>2</position>
                <quantity>9.692</quantity>
              </Point>
              <Point>
                <position>3</position>
                <quantity>19.101</quantity>
              </Point>
              <Point>
                <position>4</position>
                <quantity>53.054</quantity>
              </Point>
              <Point>
                <position>5</position>
                <quantity>28.587</quantity>
              </Point>
          </Period>
          <Period>
            <timeInterval>
              <start>2025-12-11T02:00Z</start>
              <end>2025-12-11T02:15Z</end>
            </timeInterval>
            <resolution>PT15M</resolution>
              <Point>
                <position>1</position>
                <quantity>5.941</quantity>
              </Point>
          </Period>
          <Period>
            <timeInterval>
              <start>2025-12-11T02:30Z</start>
              <end>2025-12-11T02:45Z</end>
            </timeInterval>
            <resolution>PT15M</resolution>
              <Point>
                <position>1</position>
                <quantity>1.61</quantity>
              </Point>
          </Period>
          <Period>
            <timeInterval>
              <start>2025-12-11T03:30Z</start>
              <end>2025-12-11T03:45Z</end>
            </timeInterval>
            <resolution>PT15M</resolution>
              <Point>
                <position>1</position>
                <quantity>13.168</quantity>
              </Point>
          </Period>
          <Period>
            <timeInterval>
              <start>2025-12-11T06:45Z</start>
              <end>2025-12-11T08:30Z</end>
            </timeInterval>
            <resolution>PT15M</resolution>
              <Point>
                <position>1</position>
                <quantity>2.157</quantity>
              </Point>
              <Point>
                <position>2</position>
                <quantity>21.67</quantity>
              </Point>
              <Point>
                <position>3</position>
                <quantity>48.712</quantity>
              </Point>
              <Point>
                <position>4</position>
                <quantity>41.497</quantity>
              </Point>
              <Point>
                <position>5</position>
                <quantity>9.451</quantity>
              </Point>
              <Point>
                <position>6</position>
                <quantity>39.788</quantity>
              </Point>
              <Point>
                <position>7</position>
                <quantity>31.232</quantity>
              </Point>
          </Period>
          <Period>
            <timeInterval>
              <start>2025-12-11T11:45Z</start>
              <end>2025-12-11T12:30Z</end>
            </timeInterval>
            <resolution>PT15M</resolution>
              <Point>
                <position>1</position>
                <quantity>17.983</quantity>
              </Point>
              <Point>
                <position>2</position>
                <quantity>4.314</quantity>
              </Point>
              <Point>
                <position>3</position>
                <quantity>31.459</quantity>
              </Point>
          </Period>
          <Period>
            <timeInterval>
              <start>2025-12-11T14:15Z</start>
              <end>2025-12-11T16:15Z</end>
            </timeInterval>
            <resolution>PT15M</resolution>
              <Point>
                <position>1</position>
                <quantity>0.634</quantity>
              </Point>
              <Point>
                <position>2</position>
                <quantity>20.877</quantity>
              </Point>
              <Point>
                <position>3</position>
                <quantity>21.679</quantity>
              </Point>
              <Point>
                <position>4</position>
                <quantity>13.267</quantity>
              </Point>
              <Point>
                <position>5</position>
                <quantity>25.065</quantity>
              </Point>
              <Point>
                <position>6</position>
                <quantity>33.21</quantity>
              </Point>
              <Point>
                <position>7</position>
                <quantity>8.846</quantity>
              </Point>
              <Point>
                <position>8</position>
                <quantity>20.628</quantity>
              </Point>
          </Period>
          <Period>
            <timeInterval>
              <start>2025-12-11T16:30Z</start>
              <end>2025-12-11T17:00Z</end>
            </timeInterval>
            <resolution>PT15M</resolution>
              <Point>
                <position>1</position>
                <quantity>4.484</quantity>
              </Point>
              <Point>
                <position>2</position>
                <quantity>1.208</quantity>
              </Point>
          </Period>
          <Period>
            <timeInterval>
              <start>2025-12-11T20:00Z</start>
              <end>2025-12-11T20:15Z</end>
            </timeInterval>
            <resolution>PT15M</resolution>
              <Point>
                <position>1</position>
                <quantity>3.055</quantity>
              </Point>
          </Period>
          <Period>
            <timeInterval>
              <start>2025-12-11T21:00Z</start>
              <end>2025-12-11T21:45Z</end>
            </timeInterval>
            <resolution>PT15M</resolution>
              <Point>
                <position>1</position>
                <quantity>43.979</quantity>
              </Point>
              <Point>
                <position>2</position>
                <quantity>29.817</quantity>
              </Point>
              <Point>
                <position>3</position>
                <quantity>1.579</quantity>
              </Point>
          </Period>
          <Period>
            <timeInterval>
              <start>2025-12-11T23:30Z</start>
              <end>2025-12-11T23:45Z</end>
            </timeInterval>
            <resolution>PT15M</resolution>
              <Point>
                <position>1</position>
                <quantity>4.721</quantity>
              </Point>
          </Period>
          <Period>
            <timeInterval>
              <start>2025-12-12T03:00Z</start>
              <end>2025-12-12T04:00Z</end>
            </timeInterval>
            <resolution>PT15M</resolution>
              <Point>
                <position>1</position>
                <quantity>9.781</quantity>
              </Point>
              <Point>
                <position>2</position>
                <quantity>40.324</quantity>
              </Point>
              <Point>
                <position>3</position>
                <quantity>41.347</quantity>
              </Point>
              <Point>
                <position>4</position>
                <quantity>20.168</quantity>
              </Point>
          </Period>
          <Period>
            <timeInterval>
              <start>2025-12-12T04:45Z</start>
              <end>2025-12-12T06:45Z</end>
            </timeInterval>
            <resolution>PT15M</resolution>
              <Point>
                <position>1</position>
                <quantity>35.491</quantity>
              </Point>
              <Point>
                <position>2</position>
                <quantity>11.861</quantity>
              </Point>
              <Point>
                <position>3</position>
                <quantity>9.608</quantity>
              </Point>
              <Point>
                <position>4</position>
                <quantity>18.162</quantity>
              </Point>
              <Point>
                <position>5</position>
                <quantity>43.728</quantity>
              </Point>
              <Point>
                <position>6</position>
                <quantity>30.604</quantity>
              </Point>
              <Point>
                <position>7</position>
                <quantity>46.927</quantity>
              </Point>
              <Point>
                <position>8</position>
                <quantity>15.847</quantity>
              </Point>
          </Period>
          <Period>
            <timeInterval>
              <start>2025-12-12T07:15Z</start>
              <end>2025-12-12T11:00Z</end>
            </timeInterval>
            <resolution>PT15M</resolution>
              <Point>
                <position>1</position>
                <quantity>0.551</quantity>
              </Point>
              <Point>
                <position>2</position>
                <quantity>7.342</quantity>
              </Point>
              <Point>
                <position>3</position>
                <quantity>22.999</quantity>
              </Point>
              <Point>
                <position>4</position>
                <quantity>31.063</quantity>
              </Point>
              <Point>
                <position>5</position>
                <quantity>16.356</quantity>
              </Point>
              <Point>
                <position>6</position>
                <quantity>31.514</quantity>
              </Point>
              <Point>
                <position>7</position>
                <quantity>46.297</quantity>
              </Point>
              <Point>
                <position>8</position>
                <quantity>62.572</quantity>
              </Point>
              <Point>
                <position>9</position>
                <quantity>74.282</quantity>
              </Point>
              <Point>
                <position>10</position>
                <quantity>83.709</quantity>
              </Point>
              <Point>
                <position>11</position>
                <quantity>45.057</quantity>
              </Point>
              <Point>
                <position>12</position>
                <quantity>19.877</quantity>
              </Point>
              <Point>
                <position>13</position>
                <quantity>22.422</quantity>
              </Point>
              <Point>
                <position>14</position>
                <quantity>12.561</quantity>
              </Point>
              <Point>
                <position>15</position>
                <quantity>26.033</quantity>
              </Point>
          </Period>
          <Period>
            <timeInterval>
              <start>2025-12-12T11:15Z</start>
              <end>2025-12-12T12:15Z</end>
            </timeInterval>
            <resolution>PT15M</resolution>
              <Point>
                <position>1</position>
                <quantity>23.288</quantity>
              </Point>
              <Point>
                <position>2</position>
                <quantity>26.109</quantity>
              </Point>
              <Point>
                <position>3</position>
                <quantity>32.186</quantity>
              </Point>
              <Point>
                <position>4</position>
                <quantity>40.482</quantity>
              </Point>
          </Period>
          <Period>
            <timeInterval>
              <start>2025-12-12T14:45Z</start>
              <end>2025-12-12T16:30Z</end>
            </timeInterval>
            <resolution>PT15M</resolution>
              <Point>
                <position>1</position>
                <quantity>42.799</quantity>
              </Point>
              <Point>
                <position>2</position>
                <quantity>53.674</quantity>
              </Point>
              <Point>
                <position>3</position>
                <quantity>34.314</quantity>
              </Point>
              <Point>
                <position>4</position>
                <quantity>37.197</quantity>
              </Point>
              <Point>
                <position>5</position>
                <quantity>52.99</quantity>
              </Point>
              <Point>
                <position>6</position>
                <quantity>8.987</quantity>
              </Point>
              <Point>
                <position>7</position>
                <quantity>0.996</quantity>
              </Point>
          </Period>
          <Period>
            <timeInterval>
              <start>2025-12-12T17:00Z</start>
              <end>2025-12-12T18:15Z</end>
            </timeInterval>
            <resolution>PT15M</resolution>
              <Point>
                <position>1</position>
                <quantity>7.358</quantity>
              </Point>
              <Point>
                <position>2</position>
                <quantity>27.496</quantity>
              </Point>
              <Point>
                <position>3</position>
                <quantity>20.395</quantity>
              </Point>
              <Point>
                <position>4</position>
                <quantity>19.399</quantity>
              </Point>
              <Point>
                <position>5</position>
                <quantity>10.09</quantity>
              </Point>
          </Period>
          <Period>
            <timeInterval>
              <start>2025-12-12T18:30Z</start>
              <end>2025-12-12T18:45Z</end>
            </timeInterval>
            <resolution>PT15M</resolution>
              <Point>
                <position>1</position>
                <quantity>1.425</quantity>
              </Point>
          </Period>
          <Period>
            <timeInterval>
              <start>2025-12-12T20:00Z</start>
              <end>2025-12-12T20:30Z</end>
            </timeInterval>
            <resolution>PT15M</resolution>
              <Point>
                <position>1</position>
                <quantity>26.518</quantity>
              </Point>
              <Point>
                <position>2</position>
                <quantity>29.986</quantity>
              </Point>
          </Period>
          <Period>
            <timeInterval>
              <start>2025-12-12T20:45Z</start>
              <end>2025-12-12T22:15Z</end>
            </timeInterval>
            <resolution>PT15M</resolution>
              <Point>
                <position>1</position>
                <quantity>3.64</quantity>
              </Point>
              <Point>
                <position>2</position>
                <quantity>27.556</quantity>
              </Point>
              <Point>
                <position>3</position>
                <quantity>52.522</quantity>
              </Point>
              <Point>
                <position>4</position>
                <quantity>26.96</quantity>
              </Point>
              <Point>
                <position>5</position>
                <quantity>18.99</quantity>
              </Point>
              <Point>
                <position>6</position>
                <quantity>18.948</quantity>
              </Point>
          </Period>
          <Period>
            <timeInterval>
              <start>2025-12-12T22:30Z</start>
              <end>2025-12-13T00:15Z</end>
            </timeInterval>
            <resolution>PT15M</resolution>
              <Point>
                <position>1</position>
                <quantity>13.984</quantity>
              </Point>
              <Point>
                <position>2</position>
                <quantity>27.983</quantity>
              </Point>
              <Point>
                <position>3</position>
                <quantity>28.156</quantity>
              </Point>
              <Point>
                <position>4</position>
                <quantity>51.623</quantity>
              </Point>
              <Point>
                <position>5</position>
                <quantity>96.88</quantity>
              </Point>
              <Point>
                <position>6</position>
                <quantity>77.254</quantity>
              </Point>
              <Point>
                <position>7</position>
                <quantity>27.297</quantity>
              </Point>
          </Period>
          <Period>
            <timeInterval>
              <start>2025-12-13T02:30Z</start>
              <end>2025-12-13T03:45Z</end>
            </timeInterval>
            <resolution>PT15M</resolution>
              <Point>
                <position>1</position>
                <quantity>11.406</quantity>
              </Point>
              <Point>
                <position>2</position>
                <quantity>28.775</quantity>
              </Point>
              <Point>
                <position>3</position>
                <quantity>37.173</quantity>
              </Point>
              <Point>
                <position>4</position>
                <quantity>25.241</quantity>
              </Point>
              <Point>
                <position>5</position>
                <quantity>3.893</quantity>
              </Point>
          </Period>
          <Period>
            <timeInterval>
              <start>2025-12-13T04:00Z</start>
              <end>2025-12-13T04:15Z</end>
            </timeInterval>
            <resolution>PT15M</resolution>
              <Point>
                <position>1</position>
                <quantity>22.104</quantity>
              </Point>
          </Period>
          <Period>
            <timeInterval>
              <start>2025-12-13T06:00Z</start>
              <end>2025-12-13T06:15Z</end>
            </timeInterval>
            <resolution>PT15M</resolution>
              <Point>
                <position>1</position>
                <quantity>0.336</quantity>
              </Point>
          </Period>
          <Period>
            <timeInterval>
              <start>2025-12-13T07:00Z</start>
              <end>2025-12-13T09:45Z</end>
            </timeInterval>
            <resolution>PT15M</resolution>
              <Point>
                <position>1</position>
                <quantity>8.887</quantity>
              </Point>
              <Point>
                <position>2</position>
                <quantity>24.644</quantity>
              </Point>
              <Point>
                <position>3</position>
                <quantity>53.68</quantity>
              </Point>
              <Point>
                <position>4</position>
                <quantity>43.454</quantity>
              </Point>
              <Point>
                <position>5</position>
                <quantity>28.308</quantity>
              </Point>
              <Point>
                <position>6</position>
                <quantity>30.441</quantity>
              </Point>
              <Point>
                <position>7</position>
                <quantity>19.483</quantity>
              </Point>
              <Point>
                <position>8</position>
                <quantity>9.411</quantity>
              </Point>
              <Point>
                <position>9</position>
                <quantity>13.177</quantity>
              </Point>
              <Point>
                <position>10</position>
                <quantity>17.026</quantity>
              </Point>
              <Point>
                <position>11</position>
                <quantity>3.676</quantity>
              </Point>
          </Period>
          <Period>
            <timeInterval>
              <start>2025-12-13T10:00Z</start>
              <end>2025-12-13T11:30Z</end>
            </timeInterval>
            <resolution>PT15M</resolution>
              <Point>
                <position>1</position>
                <quantity>26.161</quantity>
              </Point>
              <Point>
                <position>2</position>
                <quantity>48.368</quantity>
              </Point>
              <Point>
                <position>3</position>
                <quantity>36.582</quantity>
              </Point>
              <Point>
                <position>4</position>
                <quantity>20.992</quantity>
              </Point>
              <Point>
                <position>5</position>
                <quantity>16.285</quantity>
              </Point>
              <Point>
                <position>6</position>
                <quantity>23.848</quantity>
              </Point>
          </Period>
          <Period>
            <timeInterval>
              <start>2025-12-13T14:30Z</start>
              <end>2025-12-13T16:00Z</end>
            </timeInterval>
            <resolution>PT15M</resolution>
              <Point>
                <position>1</position>
                <quantity>10.06</quantity>
              </Point>
              <Point>
                <position>2</position>
                <quantity>19.653</quantity>
              </Point>
              <Point>
                <position>3</position>
                <quantity>8.6</quantity>
              </Point>
              <Point>
                <position>4</position>
                <quantity>26.341</quantity>
              </Point>
              <Point>
                <position>5</position>
                <quantity>40.359</quantity>
              </Point>
              <Point>
                <position>6</position>
                <quantity>41.468</quantity>
              </Point>
          </Period>
          <Period>
            <timeInterval>
              <start>2025-12-13T18:00Z</start>
              <end>2025-12-13T18:15Z</end>
            </timeInterval>
            <resolution>PT15M</resolution>
              <Point>
                <position>1</position>
                <quantity>5.432</quantity>
              </Point>
          </Period>
          <Period>
            <timeInterval>
              <start>2025-12-13T18:45Z</start>
              <end>2025-12-13T19:00Z</end>
            </timeInterval>
            <resolution>PT15M</resolution>
              <Point>
                <position>1</position>
                <quantity>8.963</quantity>
              </Point>
          </Period>
          <Period>
            <timeInterval>
              <start>2025-12-13T19:15Z</start>
              <end>2025-12-13T19:30Z</end>
            </timeInterval>
            <resolution>PT15M</resolution>
              <Point>
                <position>1</position>
                <quantity>3.591</quantity>
              </Point>
          </Period>
          <Period>
            <timeInterval>
              <start>2025-12-13T19:45Z</start>
              <end>2025-12-13T20:30Z</end>
            </timeInterval>
            <resolution>PT15M</resolution>
              <Point>
                <position>1</position>
                <quantity>6.133</quantity>
              </Point>
              <Point>
                <position>2</position>
                <quantity>51.654</quantity>
              </Point>
              <Point>
                <position>3</position>
                <quantity>9.837</quantity>
              </Point>
          </Period>
          <Period>
            <timeInterval>
              <start>2025-12-14T07:45Z</start>
              <end>2025-12-14T13:00Z</end>
            </timeInterval>
            <resolution>PT15M</resolution>
              <Point>
                <position>1</position>
                <quantity>1.234</quantity>
              </Point>
              <Point>
                <position>2</position>
                <quantity>33.741</quantity>
              </Point>
              <Point>
                <position>3</position>
                <quantity>53.105</quantity>
              </Point>
              <Point>
                <position>4</position>
                <quantity>29.357</quantity>
              </Point>
              <Point>
                <position>5</position>
                <quantity>29.536</quantity>
              </Point>
              <Point>
                <position>6</position>
                <quantity>45.497</quantity>
              </Point>
              <Point>
                <position>7</position>
                <quantity>44.054</quantity>
              </Point>
              <Point>
                <position>8</position>
                <quantity>50.723</quantity>
              </Point>
              <Point>
                <position>9</position>
                <quantity>28.258</quantity>
              </Point>
              <Point>
                <position>10</position>
                <quantity>45.908</quantity>
              </Point>
              <Point>
                <position>11</position>
                <quantity>58.187</quantity>
              </Point>
              <Point>
                <position>12</position>
                <quantity>104.445</quantity>
              </Point>
              <Point>
                <position>13</position>
                <quantity>89.073</quantity>
              </Point>
              <Point>
                <position>14</position>
                <quantity>57.561</quantity>
              </Point>
              <Point>
                <position>15</position>
                <quantity>62.854</quantity>
              </Point>
              <Point>
                <position>16</position>
                <quantity>90.109</quantity>
              </Point>
              <Point>
                <position>17</position>
                <quantity>72.745</quantity>
              </Point>
              <Point>
                <position>18</position>
                <quantity>35.049</quantity>
              </Point>
              <Point>
                <position>19</position>
                <quantity>32.099</quantity>
              </Point>
              <Point>
                <position>20</position>
                <quantity>23.611</quantity>
              </Point>
              <Point>
                <position>21</position>
                <quantity>29.294</quantity>
              </Point>
          </Period>
          <Period>
            <timeInterval>
              <start>2025-12-14T13:45Z</start>
              <end>2025-12-14T14:00Z</end>
            </timeInterval>
            <resolution>PT15M</resolution>
              <Point>
                <position>1</position>
                <quantity>20.422</quantity>
              </Point>
          </Period>
          <Period>
            <timeInterval>
              <start>2025-12-14T14:45Z</start>
              <end>2025-12-14T15:00Z</end>
            </timeInterval>
            <resolution>PT15M</resolution>
              <Point>
                <position>1</position>
                <quantity>5.426</quantity>
              </Point>
          </Period>
          <Period>
            <timeInterval>
              <start>2025-12-14T19:00Z</start>
              <end>2025-12-14T19:15Z</end>
            </timeInterval>
            <resolution>PT15M</resolution>
              <Point>
                <position>1</position>
                <quantity>0.838</quantity>
              </Point>
          </Period>
          <Period>
            <timeInterval>
              <start>2025-12-15T01:45Z</start>
              <end>2025-12-15T02:00Z</end>
            </timeInterval>
            <resolution>PT15M</resolution>
              <Point>
                <position>1</position>
                <quantity>3.009</quantity>
              </Point>
          </Period>
          <Period>
            <timeInterval>
              <start>2025-12-15T03:30Z</start>
              <end>2025-12-15T04:00Z</end>
            </timeInterval>
            <resolution>PT15M</resolution>
              <Point>
                <position>1</position>
                <quantity>5.635</quantity>
              </Point>
              <Point>
                <position>2</position>
                <quantity>0.589</quantity>
              </Point>
          </Period>
          <Period>
            <timeInterval>
              <start>2025-12-15T04:30Z</start>
              <end>2025-12-15T05:00Z</end>
            </timeInterval>
            <resolution>PT15M</resolution>
              <Point>
                <position>1</position>
                <quantity>3.589</quantity>
              </Point>
              <Point>
                <position>2</position>
                <quantity>17.635</quantity>
              </Point>
          </Period>
          <Period>
            <timeInterval>
              <start>2025-12-15T05:15Z</start>
              <end>2025-12-15T06:00Z</end>
            </timeInterval>
            <resolution>PT15M</resolution>
              <Point>
                <position>1</position>
                <quantity>3.47</quantity>
              </Point>
              <Point>
                <position>2</position>
                <quantity>15.601</quantity>
              </Point>
              <Point>
                <position>3</position>
                <quantity>17.719</quantity>
              </Point>
          </Period>
      </TimeSeries>
  </Balancing_MarketDocument>