<?xml version="1.0" encoding="UTF-8"?>
<Balancing_MarketDocument xmlns="urn:iec62325.351:tc57wg16:451-6:balancingdocument:3:0">
	<mRID>c07e1936a3ae437f9068ceb4575e310b</mRID>
	<revisionNumber>1</revisionNumber>
	<type>A86</type>
	<process.processType>A16</process.processType>
	<sender_MarketParticipant.mRID codingScheme="A01">10X1001A1001A450</sender_MarketParticipant.mRID>
	<sender_MarketParticipant.marketRole.type>A32</sender_MarketParticipant.marketRole.type>
	<receiver_MarketParticipant.mRID codingScheme="A01">10X1001A1001A450</receiver_MarketParticipant.mRID>
	<receiver_MarketParticipant.marketRole.type>A33</receiver_MarketParticipant.marketRole.type>
	<createdDateTime>2025-06-20T09:42:46Z</createdDateTime>
	<controlArea_Domain.mRID codingScheme="A01">10YRO-TEL------P</controlArea_Domain.mRID>
	<period.timeInterval>
		<start>2025-06-16T23:00Z</start>
		<end>2025-06-20T09:15Z</end>
	</period.timeInterval>
	<TimeSeries>
		<mRID>1</mRID>
		<businessType>A19</businessType>
		<flowDirection.direction>A02</flowDirection.direction>
		<quantity_Measure_Unit.name>MWH</quantity_Measure_Unit.name>
		<curveType>A01</curveType>
		<Period>
			<timeInterval>
				<start>2025-06-16T23:00Z</start>
				<end>2025-06-17T02:15Z</end>
			</timeInterval>
			<resolution>PT15M</resolution>
			<Point>
				<position>1</position>
				<quantity>23</quantity>
			</Point>
			<Point>
				<position>2</position>
				<quantity>29</quantity>
			</Point>
			<Point>
				<position>3</position>
				<quantity>31</quantity>
			</Point>
			<Point>
				<position>4</position>
				<quantity>51</quantity>
			</Point>
			<Point>
				<position>5</position>
				<quantity>66</quantity>
			</Point>
			<Point>
				<position>6</position>
				<quantity>63</quantity>
			</Point>
			<Point>
				<position>7</position>
				<quantity>67</quantity>
			</Point>
			<Point>
				<position>8</position>
				<quantity>75</quantity>
			</Point>
			<Point>
				<position>9</position>
				<quantity>75</quantity>
			</Point>
			<Point>
				<position>10</position>
				<quantity>44</quantity>
			</Point>
			<Point>
				<position>11</position>
				<quantity>74</quantity>
			</Point>
			<Point>
				<position>12</position>
				<quantity>26</quantity>
			</Point>
			<Point>
				<position>13</position>
				<quantity>3</quantity>
			</Point>
		</Period>
		<Period>
			<timeInterval>
				<start>2025-06-17T02:45Z</start>
				<end>2025-06-17T04:15Z</end>
			</timeInterval>
			<resolution>PT15M</resolution>
			<Point>
				<position>1</position>
				<quantity>27</quantity>
			</Point>
			<Point>
				<position>2</position>
				<quantity>35</quantity>
			</Point>
			<Point>
				<position>3</position>
				<quantity>28</quantity>
			</Point>
			<Point>
				<position>4</position>
				<quantity>25</quantity>
			</Point>
			<Point>
				<position>5</position>
				<quantity>18</quantity>
			</Point>
			<Point>
				<position>6</position>
				<quantity>41</quantity>
			</Point>
		</Period>
		<Period>
			<timeInterval>
				<start>2025-06-17T05:00Z</start>
				<end>2025-06-17T05:30Z</end>
			</timeInterval>
			<resolution>PT15M</resolution>
			<Point>
				<position>1</position>
				<quantity>21</quantity>
			</Point>
			<Point>
				<position>2</position>
				<quantity>6</quantity>
			</Point>
		</Period>
		<Period>
			<timeInterval>
				<start>2025-06-17T06:00Z</start>
				<end>2025-06-17T06:15Z</end>
			</timeInterval>
			<resolution>PT15M</resolution>
			<Point>
				<position>1</position>
				<quantity>34</quantity>
			</Point>
		</Period>
	</TimeSeries>
	<TimeSeries>
		<mRID>2</mRID>
		<businessType>A19</businessType>
		<flowDirection.direction>A01</flowDirection.direction>
		<quantity_Measure_Unit.name>MWH</quantity_Measure_Unit.name>
		<curveType>A01</curveType>
		<Period>
			<timeInterval>
				<start>2025-06-17T02:15Z</start>
				<end>2025-06-17T02:45Z</end>
			</timeInterval>
			<resolution>PT15M</resolution>
			<Point>
				<position>1</position>
				<quantity>2</quantity>
			</Point>
			<Point>
				<position>2</position>
				<quantity>10</quantity>
			</Point>
		</Period>
		<Period>
			<timeInterval>
				<start>2025-06-17T04:15Z</start>
				<end>2025-06-17T05:00Z</end>
			</timeInterval>
			<resolution>PT15M</resolution>
			<Point>
				<position>1</position>
				<quantity>5</quantity>
			</Point>
			<Point>
				<position>2</position>
				<quantity>22</quantity>
			</Point>
			<Point>
				<position>3</position>
				<quantity>34</quantity>
			</Point>
		</Period>
		<Period>
			<timeInterval>
				<start>2025-06-17T05:30Z</start>
				<end>2025-06-17T06:00Z</end>
			</timeInterval>
			<resolution>PT15M</resolution>
			<Point>
				<position>1</position>
				<quantity>17</quantity>
			</Point>
			<Point>
				<position>2</position>
				<quantity>18</quantity>
			</Point>
		</Period>
		<Period>
			<timeInterval>
				<start>2025-06-17T06:15Z</start>
				<end>2025-06-17T10:15Z</end>
			</timeInterval>
			<resolution>PT15M</resolution>
			<Point>
				<position>1</position>
				<quantity>19</quantity>
			</Point>
			<Point>
				<position>2</position>
				<quantity>17</quantity>
			</Point>
			<Point>
				<position>3</position>
				<quantity>54</quantity>
			</Point>
			<Point>
				<position>4</position>
				<quantity>29</quantity>
			</Point>
			<Point>
				<position>5</position>
				<quantity>52</quantity>
			</Point>
			<Point>
				<position>6</position>
				<quantity>46</quantity>
			</Point>
			<Point>
				<position>7</position>
				<quantity>59</quantity>
			</Point>
			<Point>
				<position>8</position>
				<quantity>49</quantity>
			</Point>
			<Point>
				<position>9</position>
				<quantity>78</quantity>
			</Point>
			<Point>
				<position>10</position>
				<quantity>85</quantity>
			</Point>
			<Point>
				<position>11</position>
				<quantity>80</quantity>
			</Point>
			<Point>
				<position>12</position>
				<quantity>74</quantity>
			</Point>
			<Point>
				<position>13</position>
				<quantity>49</quantity>
			</Point>
			<Point>
				<position>14</position>
				<quantity>36</quantity>
			</Point>
			<Point>
				<position>15</position>
				<quantity>67</quantity>
			</Point>
			<Point>
				<position>16</position>
				<quantity>69</quantity>
			</Point>
		</Period>
	</TimeSeries>
	<TimeSeries>
		<mRID>3</mRID>
		<businessType>A19</businessType>
		<flowDirection.direction>A01</flowDirection.direction>
		<quantity_Measure_Unit.name>MWH</quantity_Measure_Unit.name>
		<curveType>A01</curveType>
		<Period>
			<timeInterval>
				<start>2025-06-17T14:45Z</start>
				<end>2025-06-17T15:00Z</end>
			</timeInterval>
			<resolution>PT15M</resolution>
			<Point>
				<position>1</position>
				<quantity>10</quantity>
			</Point>
		</Period>
		<Period>
			<timeInterval>
				<start>2025-06-17T15:30Z</start>
				<end>2025-06-17T15:45Z</end>
			</timeInterval>
			<resolution>PT15M</resolution>
			<Point>
				<position>1</position>
				<quantity>3</quantity>
			</Point>
		</Period>
		<Period>
			<timeInterval>
				<start>2025-06-17T16:00Z</start>
				<end>2025-06-17T16:15Z</end>
			</timeInterval>
			<resolution>PT15M</resolution>
			<Point>
				<position>1</position>
				<quantity>15</quantity>
			</Point>
		</Period>
		<Period>
			<timeInterval>
				<start>2025-06-17T17:30Z</start>
				<end>2025-06-17T17:45Z</end>
			</timeInterval>
			<resolution>PT15M</resolution>
			<Point>
				<position>1</position>
				<quantity>6</quantity>
			</Point>
		</Period>
		<Period>
			<timeInterval>
				<start>2025-06-17T19:15Z</start>
				<end>2025-06-17T21:00Z</end>
			</timeInterval>
			<resolution>PT15M</resolution>
			<Point>
				<position>1</position>
				<quantity>9</quantity>
			</Point>
			<Point>
				<position>2</position>
				<quantity>85</quantity>
			</Point>
			<Point>
				<position>3</position>
				<quantity>119</quantity>
			</Point>
			<Point>
				<position>4</position>
				<quantity>145</quantity>
			</Point>
			<Point>
				<position>5</position>
				<quantity>80</quantity>
			</Point>
			<Point>
				<position>6</position>
				<quantity>107</quantity>
			</Point>
			<Point>
				<position>7</position>
				<quantity>88</quantity>
			</Point>
		</Period>
		<Period>
			<timeInterval>
				<start>2025-06-17T22:30Z</start>
				<end>2025-06-17T23:00Z</end>
			</timeInterval>
			<resolution>PT15M</resolution>
			<Point>
				<position>1</position>
				<quantity>2</quantity>
			</Point>
			<Point>
				<position>2</position>
				<quantity>5</quantity>
			</Point>
		</Period>
		<Period>
			<timeInterval>
				<start>2025-06-17T23:45Z</start>
				<end>2025-06-18T00:15Z</end>
			</timeInterval>
			<resolution>PT15M</resolution>
			<Point>
				<position>1</position>
				<quantity>5</quantity>
			</Point>
			<Point>
				<position>2</position>
				<quantity>43</quantity>
			</Point>
		</Period>
		<Period>
			<timeInterval>
				<start>2025-06-18T01:00Z</start>
				<end>2025-06-18T01:30Z</end>
			</timeInterval>
			<resolution>PT15M</resolution>
			<Point>
				<position>1</position>
				<quantity>30</quantity>
			</Point>
			<Point>
				<position>2</position>
				<quantity>26</quantity>
			</Point>
		</Period>
		<Period>
			<timeInterval>
				<start>2025-06-18T01:45Z</start>
				<end>2025-06-18T02:45Z</end>
			</timeInterval>
			<resolution>PT15M</resolution>
			<Point>
				<position>1</position>
				<quantity>1</quantity>
			</Point>
			<Point>
				<position>2</position>
				<quantity>35</quantity>
			</Point>
			<Point>
				<position>3</position>
				<quantity>31</quantity>
			</Point>
			<Point>
				<position>4</position>
				<quantity>6</quantity>
			</Point>
		</Period>
		<Period>
			<timeInterval>
				<start>2025-06-18T05:45Z</start>
				<end>2025-06-18T11:15Z</end>
			</timeInterval>
			<resolution>PT15M</resolution>
			<Point>
				<position>1</position>
				<quantity>53</quantity>
			</Point>
			<Point>
				<position>2</position>
				<quantity>15</quantity>
			</Point>
			<Point>
				<position>3</position>
				<quantity>6</quantity>
			</Point>
			<Point>
				<position>4</position>
				<quantity>47</quantity>
			</Point>
			<Point>
				<position>5</position>
				<quantity>11</quantity>
			</Point>
			<Point>
				<position>6</position>
				<quantity>33</quantity>
			</Point>
			<Point>
				<position>7</position>
				<quantity>11</quantity>
			</Point>
			<Point>
				<position>8</position>
				<quantity>18</quantity>
			</Point>
			<Point>
				<position>9</position>
				<quantity>21</quantity>
			</Point>
			<Point>
				<position>10</position>
				<quantity>9</quantity>
			</Point>
			<Point>
				<position>11</position>
				<quantity>56</quantity>
			</Point>
			<Point>
				<position>12</position>
				<quantity>38</quantity>
			</Point>
			<Point>
				<position>13</position>
				<quantity>29</quantity>
			</Point>
			<Point>
				<position>14</position>
				<quantity>84</quantity>
			</Point>
			<Point>
				<position>15</position>
				<quantity>109</quantity>
			</Point>
			<Point>
				<position>16</position>
				<quantity>108</quantity>
			</Point>
			<Point>
				<position>17</position>
				<quantity>113</quantity>
			</Point>
			<Point>
				<position>18</position>
				<quantity>120</quantity>
			</Point>
			<Point>
				<position>19</position>
				<quantity>68</quantity>
			</Point>
			<Point>
				<position>20</position>
				<quantity>56</quantity>
			</Point>
			<Point>
				<position>21</position>
				<quantity>47</quantity>
			</Point>
			<Point>
				<position>22</position>
				<quantity>6</quantity>
			</Point>
		</Period>
		<Period>
			<timeInterval>
				<start>2025-06-18T11:45Z</start>
				<end>2025-06-18T14:45Z</end>
			</timeInterval>
			<resolution>PT15M</resolution>
			<Point>
				<position>1</position>
				<quantity>17</quantity>
			</Point>
			<Point>
				<position>2</position>
				<quantity>49</quantity>
			</Point>
			<Point>
				<position>3</position>
				<quantity>32</quantity>
			</Point>
			<Point>
				<position>4</position>
				<quantity>40</quantity>
			</Point>
			<Point>
				<position>5</position>
				<quantity>35</quantity>
			</Point>
			<Point>
				<position>6</position>
				<quantity>69</quantity>
			</Point>
			<Point>
				<position>7</position>
				<quantity>97</quantity>
			</Point>
			<Point>
				<position>8</position>
				<quantity>55</quantity>
			</Point>
			<Point>
				<position>9</position>
				<quantity>41</quantity>
			</Point>
			<Point>
				<position>10</position>
				<quantity>42</quantity>
			</Point>
			<Point>
				<position>11</position>
				<quantity>68</quantity>
			</Point>
			<Point>
				<position>12</position>
				<quantity>5</quantity>
			</Point>
		</Period>
		<Period>
			<timeInterval>
				<start>2025-06-18T15:00Z</start>
				<end>2025-06-18T15:30Z</end>
			</timeInterval>
			<resolution>PT15M</resolution>
			<Point>
				<position>1</position>
				<quantity>25</quantity>
			</Point>
			<Point>
				<position>2</position>
				<quantity>3</quantity>
			</Point>
		</Period>
		<Period>
			<timeInterval>
				<start>2025-06-18T16:00Z</start>
				<end>2025-06-18T16:15Z</end>
			</timeInterval>
			<resolution>PT15M</resolution>
			<Point>
				<position>1</position>
				<quantity>35</quantity>
			</Point>
		</Period>
		<Period>
			<timeInterval>
				<start>2025-06-18T19:45Z</start>
				<end>2025-06-18T20:00Z</end>
			</timeInterval>
			<resolution>PT15M</resolution>
			<Point>
				<position>1</position>
				<quantity>15</quantity>
			</Point>
		</Period>
		<Period>
			<timeInterval>
				<start>2025-06-18T21:15Z</start>
				<end>2025-06-18T21:45Z</end>
			</timeInterval>
			<resolution>PT15M</resolution>
			<Point>
				<position>1</position>
				<quantity>24</quantity>
			</Point>
			<Point>
				<position>2</position>
				<quantity>35</quantity>
			</Point>
		</Period>
		<Period>
			<timeInterval>
				<start>2025-06-18T22:00Z</start>
				<end>2025-06-18T22:15Z</end>
			</timeInterval>
			<resolution>PT15M</resolution>
			<Point>
				<position>1</position>
				<quantity>2</quantity>
			</Point>
		</Period>
		<Period>
			<timeInterval>
				<start>2025-06-18T22:30Z</start>
				<end>2025-06-18T23:00Z</end>
			</timeInterval>
			<resolution>PT15M</resolution>
			<Point>
				<position>1</position>
				<quantity>7</quantity>
			</Point>
			<Point>
				<position>2</position>
				<quantity>24</quantity>
			</Point>
		</Period>
		<Period>
			<timeInterval>
				<start>2025-06-18T23:15Z</start>
				<end>2025-06-18T23:30Z</end>
			</timeInterval>
			<resolution>PT15M</resolution>
			<Point>
				<position>1</position>
				<quantity>43</quantity>
			</Point>
		</Period>
		<Period>
			<timeInterval>
				<start>2025-06-19T00:00Z</start>
				<end>2025-06-19T00:15Z</end>
			</timeInterval>
			<resolution>PT15M</resolution>
			<Point>
				<position>1</position>
				<quantity>12</quantity>
			</Point>
		</Period>
		<Period>
			<timeInterval>
				<start>2025-06-19T00:30Z</start>
				<end>2025-06-19T00:45Z</end>
			</timeInterval>
			<resolution>PT15M</resolution>
			<Point>
				<position>1</position>
				<quantity>7</quantity>
			</Point>
		</Period>
		<Period>
			<timeInterval>
				<start>2025-06-19T01:15Z</start>
				<end>2025-06-19T01:30Z</end>
			</timeInterval>
			<resolution>PT15M</resolution>
			<Point>
				<position>1</position>
				<quantity>1</quantity>
			</Point>
		</Period>
		<Period>
			<timeInterval>
				<start>2025-06-19T01:45Z</start>
				<end>2025-06-19T05:00Z</end>
			</timeInterval>
			<resolution>PT15M</resolution>
			<Point>
				<position>1</position>
				<quantity>0</quantity>
			</Point>
			<Point>
				<position>2</position>
				<quantity>23</quantity>
			</Point>
			<Point>
				<position>3</position>
				<quantity>12</quantity>
			</Point>
			<Point>
				<position>4</position>
				<quantity>34</quantity>
			</Point>
			<Point>
				<position>5</position>
				<quantity>50</quantity>
			</Point>
			<Point>
				<position>6</position>
				<quantity>47</quantity>
			</Point>
			<Point>
				<position>7</position>
				<quantity>48</quantity>
			</Point>
			<Point>
				<position>8</position>
				<quantity>70</quantity>
			</Point>
			<Point>
				<position>9</position>
				<quantity>57</quantity>
			</Point>
			<Point>
				<position>10</position>
				<quantity>44</quantity>
			</Point>
			<Point>
				<position>11</position>
				<quantity>12</quantity>
			</Point>
			<Point>
				<position>12</position>
				<quantity>22</quantity>
			</Point>
			<Point>
				<position>13</position>
				<quantity>46</quantity>
			</Point>
		</Period>
		<Period>
			<timeInterval>
				<start>2025-06-19T05:45Z</start>
				<end>2025-06-19T06:00Z</end>
			</timeInterval>
			<resolution>PT15M</resolution>
			<Point>
				<position>1</position>
				<quantity>29</quantity>
			</Point>
		</Period>
		<Period>
			<timeInterval>
				<start>2025-06-19T06:45Z</start>
				<end>2025-06-19T07:15Z</end>
			</timeInterval>
			<resolution>PT15M</resolution>
			<Point>
				<position>1</position>
				<quantity>12</quantity>
			</Point>
			<Point>
				<position>2</position>
				<quantity>3</quantity>
			</Point>
		</Period>
		<Period>
			<timeInterval>
				<start>2025-06-19T07:45Z</start>
				<end>2025-06-19T08:15Z</end>
			</timeInterval>
			<resolution>PT15M</resolution>
			<Point>
				<position>1</position>
				<quantity>21</quantity>
			</Point>
			<Point>
				<position>2</position>
				<quantity>30</quantity>
			</Point>
		</Period>
		<Period>
			<timeInterval>
				<start>2025-06-19T08:30Z</start>
				<end>2025-06-19T08:45Z</end>
			</timeInterval>
			<resolution>PT15M</resolution>
			<Point>
				<position>1</position>
				<quantity>13</quantity>
			</Point>
		</Period>
		<Period>
			<timeInterval>
				<start>2025-06-19T09:00Z</start>
				<end>2025-06-19T09:45Z</end>
			</timeInterval>
			<resolution>PT15M</resolution>
			<Point>
				<position>1</position>
				<quantity>3</quantity>
			</Point>
			<Point>
				<position>2</position>
				<quantity>19</quantity>
			</Point>
			<Point>
				<position>3</position>
				<quantity>12</quantity>
			</Point>
		</Period>
		<Period>
			<timeInterval>
				<start>2025-06-19T10:00Z</start>
				<end>2025-06-19T14:30Z</end>
			</timeInterval>
			<resolution>PT15M</resolution>
			<Point>
				<position>1</position>
				<quantity>22</quantity>
			</Point>
			<Point>
				<position>2</position>
				<quantity>26</quantity>
			</Point>
			<Point>
				<position>3</position>
				<quantity>47</quantity>
			</Point>
			<Point>
				<position>4</position>
				<quantity>40</quantity>
			</Point>
			<Point>
				<position>5</position>
				<quantity>71</quantity>
			</Point>
			<Point>
				<position>6</position>
				<quantity>90</quantity>
			</Point>
			<Point>
				<position>7</position>
				<quantity>99</quantity>
			</Point>
			<Point>
				<position>8</position>
				<quantity>59</quantity>
			</Point>
			<Point>
				<position>9</position>
				<quantity>73</quantity>
			</Point>
			<Point>
				<position>10</position>
				<quantity>85</quantity>
			</Point>
			<Point>
				<position>11</position>
				<quantity>72</quantity>
			</Point>
			<Point>
				<position>12</position>
				<quantity>73</quantity>
			</Point>
			<Point>
				<position>13</position>
				<quantity>82</quantity>
			</Point>
			<Point>
				<position>14</position>
				<quantity>74</quantity>
			</Point>
			<Point>
				<position>15</position>
				<quantity>27</quantity>
			</Point>
			<Point>
				<position>16</position>
				<quantity>27</quantity>
			</Point>
			<Point>
				<position>17</position>
				<quantity>34</quantity>
			</Point>
			<Point>
				<position>18</position>
				<quantity>20</quantity>
			</Point>
		</Period>
		<Period>
			<timeInterval>
				<start>2025-06-19T15:00Z</start>
				<end>2025-06-19T15:45Z</end>
			</timeInterval>
			<resolution>PT15M</resolution>
			<Point>
				<position>1</position>
				<quantity>51</quantity>
			</Point>
			<Point>
				<position>2</position>
				<quantity>68</quantity>
			</Point>
			<Point>
				<position>3</position>
				<quantity>20</quantity>
			</Point>
		</Period>
		<Period>
			<timeInterval>
				<start>2025-06-19T16:00Z</start>
				<end>2025-06-19T16:30Z</end>
			</timeInterval>
			<resolution>PT15M</resolution>
			<Point>
				<position>1</position>
				<quantity>5</quantity>
			</Point>
			<Point>
				<position>2</position>
				<quantity>18</quantity>
			</Point>
		</Period>
		<Period>
			<timeInterval>
				<start>2025-06-19T18:00Z</start>
				<end>2025-06-19T19:00Z</end>
			</timeInterval>
			<resolution>PT15M</resolution>
			<Point>
				<position>1</position>
				<quantity>11</quantity>
			</Point>
			<Point>
				<position>2</position>
				<quantity>9</quantity>
			</Point>
			<Point>
				<position>3</position>
				<quantity>43</quantity>
			</Point>
			<Point>
				<position>4</position>
				<quantity>44</quantity>
			</Point>
		</Period>
		<Period>
			<timeInterval>
				<start>2025-06-19T21:45Z</start>
				<end>2025-06-19T22:00Z</end>
			</timeInterval>
			<resolution>PT15M</resolution>
			<Point>
				<position>1</position>
				<quantity>5</quantity>
			</Point>
		</Period>
		<Period>
			<timeInterval>
				<start>2025-06-19T23:30Z</start>
				<end>2025-06-20T03:00Z</end>
			</timeInterval>
			<resolution>PT15M</resolution>
			<Point>
				<position>1</position>
				<quantity>15</quantity>
			</Point>
			<Point>
				<position>2</position>
				<quantity>8</quantity>
			</Point>
			<Point>
				<position>3</position>
				<quantity>42</quantity>
			</Point>
			<Point>
				<position>4</position>
				<quantity>108</quantity>
			</Point>
			<Point>
				<position>5</position>
				<quantity>199</quantity>
			</Point>
			<Point>
				<position>6</position>
				<quantity>153</quantity>
			</Point>
			<Point>
				<position>7</position>
				<quantity>111</quantity>
			</Point>
			<Point>
				<position>8</position>
				<quantity>110</quantity>
			</Point>
			<Point>
				<position>9</position>
				<quantity>127</quantity>
			</Point>
			<Point>
				<position>10</position>
				<quantity>98</quantity>
			</Point>
			<Point>
				<position>11</position>
				<quantity>9</quantity>
			</Point>
			<Point>
				<position>12</position>
				<quantity>49</quantity>
			</Point>
			<Point>
				<position>13</position>
				<quantity>111</quantity>
			</Point>
			<Point>
				<position>14</position>
				<quantity>33</quantity>
			</Point>
		</Period>
		<Period>
			<timeInterval>
				<start>2025-06-20T04:45Z</start>
				<end>2025-06-20T05:00Z</end>
			</timeInterval>
			<resolution>PT15M</resolution>
			<Point>
				<position>1</position>
				<quantity>14</quantity>
			</Point>
		</Period>
		<Period>
			<timeInterval>
				<start>2025-06-20T05:30Z</start>
				<end>2025-06-20T09:15Z</end>
			</timeInterval>
			<resolution>PT15M</resolution>
			<Point>
				<position>1</position>
				<quantity>11</quantity>
			</Point>
			<Point>
				<position>2</position>
				<quantity>25</quantity>
			</Point>
			<Point>
				<position>3</position>
				<quantity>20</quantity>
			</Point>
			<Point>
				<position>4</position>
				<quantity>36</quantity>
			</Point>
			<Point>
				<position>5</position>
				<quantity>21</quantity>
			</Point>
			<Point>
				<position>6</position>
				<quantity>65</quantity>
			</Point>
			<Point>
				<position>7</position>
				<quantity>112</quantity>
			</Point>
			<Point>
				<position>8</position>
				<quantity>130</quantity>
			</Point>
			<Point>
				<position>9</position>
				<quantity>83</quantity>
			</Point>
			<Point>
				<position>10</position>
				<quantity>71</quantity>
			</Point>
			<Point>
				<position>11</position>
				<quantity>76</quantity>
			</Point>
			<Point>
				<position>12</position>
				<quantity>93</quantity>
			</Point>
			<Point>
				<position>13</position>
				<quantity>36</quantity>
			</Point>
			<Point>
				<position>14</position>
				<quantity>32</quantity>
			</Point>
			<Point>
				<position>15</position>
				<quantity>74</quantity>
			</Point>
		</Period>
	</TimeSeries>
	<TimeSeries>
		<mRID>4</mRID>
		<businessType>A19</businessType>
		<flowDirection.direction>A02</flowDirection.direction>
		<quantity_Measure_Unit.name>MWH</quantity_Measure_Unit.name>
		<curveType>A01</curveType>
		<Period>
			<timeInterval>
				<start>2025-06-17T15:00Z</start>
				<end>2025-06-17T15:30Z</end>
			</timeInterval>
			<resolution>PT15M</resolution>
			<Point>
				<position>1</position>
				<quantity>1</quantity>
			</Point>
			<Point>
				<position>2</position>
				<quantity>1</quantity>
			</Point>
		</Period>
		<Period>
			<timeInterval>
				<start>2025-06-17T15:45Z</start>
				<end>2025-06-17T16:00Z</end>
			</timeInterval>
			<resolution>PT15M</resolution>
			<Point>
				<position>1</position>
				<quantity>22</quantity>
			</Point>
		</Period>
		<Period>
			<timeInterval>
				<start>2025-06-17T16:15Z</start>
				<end>2025-06-17T17:30Z</end>
			</timeInterval>
			<resolution>PT15M</resolution>
			<Point>
				<position>1</position>
				<quantity>48</quantity>
			</Point>
			<Point>
				<position>2</position>
				<quantity>23</quantity>
			</Point>
			<Point>
				<position>3</position>
				<quantity>25</quantity>
			</Point>
			<Point>
				<position>4</position>
				<quantity>43</quantity>
			</Point>
			<Point>
				<position>5</position>
				<quantity>52</quantity>
			</Point>
		</Period>
		<Period>
			<timeInterval>
				<start>2025-06-17T17:45Z</start>
				<end>2025-06-17T19:15Z</end>
			</timeInterval>
			<resolution>PT15M</resolution>
			<Point>
				<position>1</position>
				<quantity>33</quantity>
			</Point>
			<Point>
				<position>2</position>
				<quantity>44</quantity>
			</Point>
			<Point>
				<position>3</position>
				<quantity>16</quantity>
			</Point>
			<Point>
				<position>4</position>
				<quantity>22</quantity>
			</Point>
			<Point>
				<position>5</position>
				<quantity>2</quantity>
			</Point>
			<Point>
				<position>6</position>
				<quantity>92</quantity>
			</Point>
		</Period>
		<Period>
			<timeInterval>
				<start>2025-06-17T21:00Z</start>
				<end>2025-06-17T22:30Z</end>
			</timeInterval>
			<resolution>PT15M</resolution>
			<Point>
				<position>1</position>
				<quantity>11</quantity>
			</Point>
			<Point>
				<position>2</position>
				<quantity>44</quantity>
			</Point>
			<Point>
				<position>3</position>
				<quantity>38</quantity>
			</Point>
			<Point>
				<position>4</position>
				<quantity>22</quantity>
			</Point>
			<Point>
				<position>5</position>
				<quantity>98</quantity>
			</Point>
			<Point>
				<position>6</position>
				<quantity>53</quantity>
			</Point>
		</Period>
		<Period>
			<timeInterval>
				<start>2025-06-17T23:00Z</start>
				<end>2025-06-17T23:45Z</end>
			</timeInterval>
			<resolution>PT15M</resolution>
			<Point>
				<position>1</position>
				<quantity>49</quantity>
			</Point>
			<Point>
				<position>2</position>
				<quantity>14</quantity>
			</Point>
			<Point>
				<position>3</position>
				<quantity>51</quantity>
			</Point>
		</Period>
		<Period>
			<timeInterval>
				<start>2025-06-18T00:15Z</start>
				<end>2025-06-18T01:00Z</end>
			</timeInterval>
			<resolution>PT15M</resolution>
			<Point>
				<position>1</position>
				<quantity>12</quantity>
			</Point>
			<Point>
				<position>2</position>
				<quantity>34</quantity>
			</Point>
			<Point>
				<position>3</position>
				<quantity>34</quantity>
			</Point>
		</Period>
		<Period>
			<timeInterval>
				<start>2025-06-18T01:30Z</start>
				<end>2025-06-18T01:45Z</end>
			</timeInterval>
			<resolution>PT15M</resolution>
			<Point>
				<position>1</position>
				<quantity>26</quantity>
			</Point>
		</Period>
		<Period>
			<timeInterval>
				<start>2025-06-18T02:45Z</start>
				<end>2025-06-18T05:45Z</end>
			</timeInterval>
			<resolution>PT15M</resolution>
			<Point>
				<position>1</position>
				<quantity>26</quantity>
			</Point>
			<Point>
				<position>2</position>
				<quantity>24</quantity>
			</Point>
			<Point>
				<position>3</position>
				<quantity>16</quantity>
			</Point>
			<Point>
				<position>4</position>
				<quantity>30</quantity>
			</Point>
			<Point>
				<position>5</position>
				<quantity>79</quantity>
			</Point>
			<Point>
				<position>6</position>
				<quantity>66</quantity>
			</Point>
			<Point>
				<position>7</position>
				<quantity>91</quantity>
			</Point>
			<Point>
				<position>8</position>
				<quantity>73</quantity>
			</Point>
			<Point>
				<position>9</position>
				<quantity>39</quantity>
			</Point>
			<Point>
				<position>10</position>
				<quantity>36</quantity>
			</Point>
			<Point>
				<position>11</position>
				<quantity>24</quantity>
			</Point>
			<Point>
				<position>12</position>
				<quantity>8</quantity>
			</Point>
		</Period>
		<Period>
			<timeInterval>
				<start>2025-06-18T11:15Z</start>
				<end>2025-06-18T11:45Z</end>
			</timeInterval>
			<resolution>PT15M</resolution>
			<Point>
				<position>1</position>
				<quantity>3</quantity>
			</Point>
			<Point>
				<position>2</position>
				<quantity>16</quantity>
			</Point>
		</Period>
		<Period>
			<timeInterval>
				<start>2025-06-18T14:45Z</start>
				<end>2025-06-18T15:00Z</end>
			</timeInterval>
			<resolution>PT15M</resolution>
			<Point>
				<position>1</position>
				<quantity>28</quantity>
			</Point>
		</Period>
		<Period>
			<timeInterval>
				<start>2025-06-18T15:30Z</start>
				<end>2025-06-18T16:00Z</end>
			</timeInterval>
			<resolution>PT15M</resolution>
			<Point>
				<position>1</position>
				<quantity>29</quantity>
			</Point>
			<Point>
				<position>2</position>
				<quantity>16</quantity>
			</Point>
		</Period>
		<Period>
			<timeInterval>
				<start>2025-06-18T16:15Z</start>
				<end>2025-06-18T19:45Z</end>
			</timeInterval>
			<resolution>PT15M</resolution>
			<Point>
				<position>1</position>
				<quantity>2</quantity>
			</Point>
			<Point>
				<position>2</position>
				<quantity>51</quantity>
			</Point>
			<Point>
				<position>3</position>
				<quantity>54</quantity>
			</Point>
			<Point>
				<position>4</position>
				<quantity>9</quantity>
			</Point>
			<Point>
				<position>5</position>
				<quantity>23</quantity>
			</Point>
			<Point>
				<position>6</position>
				<quantity>44</quantity>
			</Point>
			<Point>
				<position>7</position>
				<quantity>44</quantity>
			</Point>
			<Point>
				<position>8</position>
				<quantity>10</quantity>
			</Point>
			<Point>
				<position>9</position>
				<quantity>44</quantity>
			</Point>
			<Point>
				<position>10</position>
				<quantity>51</quantity>
			</Point>
			<Point>
				<position>11</position>
				<quantity>33</quantity>
			</Point>
			<Point>
				<position>12</position>
				<quantity>141</quantity>
			</Point>
			<Point>
				<position>13</position>
				<quantity>151</quantity>
			</Point>
			<Point>
				<position>14</position>
				<quantity>62</quantity>
			</Point>
		</Period>
		<Period>
			<timeInterval>
				<start>2025-06-18T20:00Z</start>
				<end>2025-06-18T21:15Z</end>
			</timeInterval>
			<resolution>PT15M</resolution>
			<Point>
				<position>1</position>
				<quantity>61</quantity>
			</Point>
			<Point>
				<position>2</position>
				<quantity>7</quantity>
			</Point>
			<Point>
				<position>3</position>
				<quantity>12</quantity>
			</Point>
			<Point>
				<position>4</position>
				<quantity>17</quantity>
			</Point>
			<Point>
				<position>5</position>
				<quantity>20</quantity>
			</Point>
		</Period>
		<Period>
			<timeInterval>
				<start>2025-06-18T21:45Z</start>
				<end>2025-06-18T22:00Z</end>
			</timeInterval>
			<resolution>PT15M</resolution>
			<Point>
				<position>1</position>
				<quantity>24</quantity>
			</Point>
		</Period>
		<Period>
			<timeInterval>
				<start>2025-06-18T22:15Z</start>
				<end>2025-06-18T22:30Z</end>
			</timeInterval>
			<resolution>PT15M</resolution>
			<Point>
				<position>1</position>
				<quantity>6</quantity>
			</Point>
		</Period>
		<Period>
			<timeInterval>
				<start>2025-06-18T23:00Z</start>
				<end>2025-06-18T23:15Z</end>
			</timeInterval>
			<resolution>PT15M</resolution>
			<Point>
				<position>1</position>
				<quantity>9</quantity>
			</Point>
		</Period>
		<Period>
			<timeInterval>
				<start>2025-06-18T23:30Z</start>
				<end>2025-06-19T00:00Z</end>
			</timeInterval>
			<resolution>PT15M</resolution>
			<Point>
				<position>1</position>
				<quantity>12</quantity>
			</Point>
			<Point>
				<position>2</position>
				<quantity>7</quantity>
			</Point>
		</Period>
		<Period>
			<timeInterval>
				<start>2025-06-19T00:15Z</start>
				<end>2025-06-19T00:30Z</end>
			</timeInterval>
			<resolution>PT15M</resolution>
			<Point>
				<position>1</position>
				<quantity>26</quantity>
			</Point>
		</Period>
		<Period>
			<timeInterval>
				<start>2025-06-19T00:45Z</start>
				<end>2025-06-19T01:15Z</end>
			</timeInterval>
			<resolution>PT15M</resolution>
			<Point>
				<position>1</position>
				<quantity>31</quantity>
			</Point>
			<Point>
				<position>2</position>
				<quantity>2</quantity>
			</Point>
		</Period>
		<Period>
			<timeInterval>
				<start>2025-06-19T01:30Z</start>
				<end>2025-06-19T01:45Z</end>
			</timeInterval>
			<resolution>PT15M</resolution>
			<Point>
				<position>1</position>
				<quantity>20</quantity>
			</Point>
		</Period>
		<Period>
			<timeInterval>
				<start>2025-06-19T05:00Z</start>
				<end>2025-06-19T05:45Z</end>
			</timeInterval>
			<resolution>PT15M</resolution>
			<Point>
				<position>1</position>
				<quantity>6</quantity>
			</Point>
			<Point>
				<position>2</position>
				<quantity>43</quantity>
			</Point>
			<Point>
				<position>3</position>
				<quantity>7</quantity>
			</Point>
		</Period>
		<Period>
			<timeInterval>
				<start>2025-06-19T06:00Z</start>
				<end>2025-06-19T06:45Z</end>
			</timeInterval>
			<resolution>PT15M</resolution>
			<Point>
				<position>1</position>
				<quantity>16</quantity>
			</Point>
			<Point>
				<position>2</position>
				<quantity>1</quantity>
			</Point>
			<Point>
				<position>3</position>
				<quantity>17</quantity>
			</Point>
		</Period>
		<Period>
			<timeInterval>
				<start>2025-06-19T07:15Z</start>
				<end>2025-06-19T07:45Z</end>
			</timeInterval>
			<resolution>PT15M</resolution>
			<Point>
				<position>1</position>
				<quantity>40</quantity>
			</Point>
			<Point>
				<position>2</position>
				<quantity>3</quantity>
			</Point>
		</Period>
		<Period>
			<timeInterval>
				<start>2025-06-19T08:15Z</start>
				<end>2025-06-19T08:30Z</end>
			</timeInterval>
			<resolution>PT15M</resolution>
			<Point>
				<position>1</position>
				<quantity>9</quantity>
			</Point>
		</Period>
		<Period>
			<timeInterval>
				<start>2025-06-19T08:45Z</start>
				<end>2025-06-19T09:00Z</end>
			</timeInterval>
			<resolution>PT15M</resolution>
			<Point>
				<position>1</position>
				<quantity>7</quantity>
			</Point>
		</Period>
		<Period>
			<timeInterval>
				<start>2025-06-19T09:45Z</start>
				<end>2025-06-19T10:00Z</end>
			</timeInterval>
			<resolution>PT15M</resolution>
			<Point>
				<position>1</position>
				<quantity>7</quantity>
			</Point>
		</Period>
		<Period>
			<timeInterval>
				<start>2025-06-19T14:30Z</start>
				<end>2025-06-19T15:00Z</end>
			</timeInterval>
			<resolution>PT15M</resolution>
			<Point>
				<position>1</position>
				<quantity>4</quantity>
			</Point>
			<Point>
				<position>2</position>
				<quantity>39</quantity>
			</Point>
		</Period>
		<Period>
			<timeInterval>
				<start>2025-06-19T15:45Z</start>
				<end>2025-06-19T16:00Z</end>
			</timeInterval>
			<resolution>PT15M</resolution>
			<Point>
				<position>1</position>
				<quantity>54</quantity>
			</Point>
		</Period>
		<Period>
			<timeInterval>
				<start>2025-06-19T16:30Z</start>
				<end>2025-06-19T18:00Z</end>
			</timeInterval>
			<resolution>PT15M</resolution>
			<Point>
				<position>1</position>
				<quantity>12</quantity>
			</Point>
			<Point>
				<position>2</position>
				<quantity>17</quantity>
			</Point>
			<Point>
				<position>3</position>
				<quantity>29</quantity>
			</Point>
			<Point>
				<position>4</position>
				<quantity>10</quantity>
			</Point>
			<Point>
				<position>5</position>
				<quantity>10</quantity>
			</Point>
			<Point>
				<position>6</position>
				<quantity>37</quantity>
			</Point>
		</Period>
		<Period>
			<timeInterval>
				<start>2025-06-19T19:00Z</start>
				<end>2025-06-19T21:45Z</end>
			</timeInterval>
			<resolution>PT15M</resolution>
			<Point>
				<position>1</position>
				<quantity>58</quantity>
			</Point>
			<Point>
				<position>2</position>
				<quantity>21</quantity>
			</Point>
			<Point>
				<position>3</position>
				<quantity>14</quantity>
			</Point>
			<Point>
				<position>4</position>
				<quantity>2</quantity>
			</Point>
			<Point>
				<position>5</position>
				<quantity>53</quantity>
			</Point>
			<Point>
				<position>6</position>
				<quantity>62</quantity>
			</Point>
			<Point>
				<position>7</position>
				<quantity>44</quantity>
			</Point>
			<Point>
				<position>8</position>
				<quantity>50</quantity>
			</Point>
			<Point>
				<position>9</position>
				<quantity>50</quantity>
			</Point>
			<Point>
				<position>10</position>
				<quantity>58</quantity>
			</Point>
			<Point>
				<position>11</position>
				<quantity>41</quantity>
			</Point>
		</Period>
		<Period>
			<timeInterval>
				<start>2025-06-19T22:00Z</start>
				<end>2025-06-19T23:30Z</end>
			</timeInterval>
			<resolution>PT15M</resolution>
			<Point>
				<position>1</position>
				<quantity>22</quantity>
			</Point>
			<Point>
				<position>2</position>
				<quantity>50</quantity>
			</Point>
			<Point>
				<position>3</position>
				<quantity>41</quantity>
			</Point>
			<Point>
				<position>4</position>
				<quantity>25</quantity>
			</Point>
			<Point>
				<position>5</position>
				<quantity>75</quantity>
			</Point>
			<Point>
				<position>6</position>
				<quantity>15</quantity>
			</Point>
		</Period>
		<Period>
			<timeInterval>
				<start>2025-06-20T03:00Z</start>
				<end>2025-06-20T04:45Z</end>
			</timeInterval>
			<resolution>PT15M</resolution>
			<Point>
				<position>1</position>
				<quantity>34</quantity>
			</Point>
			<Point>
				<position>2</position>
				<quantity>25</quantity>
			</Point>
			<Point>
				<position>3</position>
				<quantity>2</quantity>
			</Point>
			<Point>
				<position>4</position>
				<quantity>19</quantity>
			</Point>
			<Point>
				<position>5</position>
				<quantity>53</quantity>
			</Point>
			<Point>
				<position>6</position>
				<quantity>68</quantity>
			</Point>
			<Point>
				<position>7</position>
				<quantity>11</quantity>
			</Point>
		</Period>
		<Period>
			<timeInterval>
				<start>2025-06-20T05:00Z</start>
				<end>2025-06-20T05:30Z</end>
			</timeInterval>
			<resolution>PT15M</resolution>
			<Point>
				<position>1</position>
				<quantity>40</quantity>
			</Point>
			<Point>
				<position>2</position>
				<quantity>56</quantity>
			</Point>
		</Period>
	</TimeSeries>
</Balancing_MarketDocument>
