<?xml version="1.0" encoding="UTF-8"?>
<Balancing_MarketDocument xmlns="urn:iec62325.351:tc57wg16:451-6:balancingdocument:3:0">
	<mRID>36bb559adcff4ca58b4c2f31ee82e190</mRID>
	<revisionNumber>1</revisionNumber>
	<type>A86</type>
	<process.processType>A16</process.processType>
	<sender_MarketParticipant.mRID codingScheme="A01">10X1001A1001A450</sender_MarketParticipant.mRID>
	<sender_MarketParticipant.marketRole.type>A32</sender_MarketParticipant.marketRole.type>
	<receiver_MarketParticipant.mRID codingScheme="A01">10X1001A1001A450</receiver_MarketParticipant.mRID>
	<receiver_MarketParticipant.marketRole.type>A33</receiver_MarketParticipant.marketRole.type>
	<createdDateTime>2025-03-20T08:16:05Z</createdDateTime>
	<docStatus><value>X01</value></docStatus>
	<controlArea_Domain.mRID codingScheme="A01">10YRO-TEL------P</controlArea_Domain.mRID>
	<period.timeInterval>
		<start>2025-03-17T23:00Z</start>
		<end>2025-03-20T08:00Z</end>
	</period.timeInterval>
	<TimeSeries>
		<mRID>1</mRID>
		<businessType>A19</businessType>
		<flowDirection.direction>A02</flowDirection.direction>
		<quantity_Measure_Unit.name>MWH</quantity_Measure_Unit.name>
		<curveType>A01</curveType>
		<Period>
			<timeInterval>
				<start>2025-03-17T23:00Z</start>
				<end>2025-03-17T23:30Z</end>
			</timeInterval>
			<resolution>PT15M</resolution>
			<Point>
				<position>1</position>
				<quantity>3</quantity>
			</Point>
			<Point>
				<position>2</position>
				<quantity>1</quantity>
			</Point>
		</Period>
		<Period>
			<timeInterval>
				<start>2025-03-17T23:45Z</start>
				<end>2025-03-18T04:00Z</end>
			</timeInterval>
			<resolution>PT15M</resolution>
			<Point>
				<position>1</position>
				<quantity>1</quantity>
			</Point>
			<Point>
				<position>2</position>
				<quantity>25</quantity>
			</Point>
			<Point>
				<position>3</position>
				<quantity>26</quantity>
			</Point>
			<Point>
				<position>4</position>
				<quantity>31</quantity>
			</Point>
			<Point>
				<position>5</position>
				<quantity>33</quantity>
			</Point>
			<Point>
				<position>6</position>
				<quantity>35</quantity>
			</Point>
			<Point>
				<position>7</position>
				<quantity>7</quantity>
			</Point>
			<Point>
				<position>8</position>
				<quantity>12</quantity>
			</Point>
			<Point>
				<position>9</position>
				<quantity>10</quantity>
			</Point>
			<Point>
				<position>10</position>
				<quantity>3</quantity>
			</Point>
			<Point>
				<position>11</position>
				<quantity>13</quantity>
			</Point>
			<Point>
				<position>12</position>
				<quantity>16</quantity>
			</Point>
			<Point>
				<position>13</position>
				<quantity>10</quantity>
			</Point>
			<Point>
				<position>14</position>
				<quantity>3</quantity>
			</Point>
			<Point>
				<position>15</position>
				<quantity>4</quantity>
			</Point>
			<Point>
				<position>16</position>
				<quantity>5</quantity>
			</Point>
			<Point>
				<position>17</position>
				<quantity>21</quantity>
			</Point>
		</Period>
		<Period>
			<timeInterval>
				<start>2025-03-18T04:15Z</start>
				<end>2025-03-18T06:30Z</end>
			</timeInterval>
			<resolution>PT15M</resolution>
			<Point>
				<position>1</position>
				<quantity>0</quantity>
			</Point>
			<Point>
				<position>2</position>
				<quantity>1</quantity>
			</Point>
			<Point>
				<position>3</position>
				<quantity>33</quantity>
			</Point>
			<Point>
				<position>4</position>
				<quantity>8</quantity>
			</Point>
			<Point>
				<position>5</position>
				<quantity>31</quantity>
			</Point>
			<Point>
				<position>6</position>
				<quantity>30</quantity>
			</Point>
			<Point>
				<position>7</position>
				<quantity>28</quantity>
			</Point>
			<Point>
				<position>8</position>
				<quantity>21</quantity>
			</Point>
			<Point>
				<position>9</position>
				<quantity>22</quantity>
			</Point>
		</Period>
		<Period>
			<timeInterval>
				<start>2025-03-18T07:00Z</start>
				<end>2025-03-18T07:30Z</end>
			</timeInterval>
			<resolution>PT15M</resolution>
			<Point>
				<position>1</position>
				<quantity>4</quantity>
			</Point>
			<Point>
				<position>2</position>
				<quantity>2</quantity>
			</Point>
		</Period>
		<Period>
			<timeInterval>
				<start>2025-03-18T08:00Z</start>
				<end>2025-03-18T08:30Z</end>
			</timeInterval>
			<resolution>PT15M</resolution>
			<Point>
				<position>1</position>
				<quantity>3</quantity>
			</Point>
			<Point>
				<position>2</position>
				<quantity>1</quantity>
			</Point>
		</Period>
		<Period>
			<timeInterval>
				<start>2025-03-18T12:45Z</start>
				<end>2025-03-18T13:00Z</end>
			</timeInterval>
			<resolution>PT15M</resolution>
			<Point>
				<position>1</position>
				<quantity>1</quantity>
			</Point>
		</Period>
		<Period>
			<timeInterval>
				<start>2025-03-18T13:30Z</start>
				<end>2025-03-18T14:00Z</end>
			</timeInterval>
			<resolution>PT15M</resolution>
			<Point>
				<position>1</position>
				<quantity>0</quantity>
			</Point>
			<Point>
				<position>2</position>
				<quantity>0</quantity>
			</Point>
		</Period>
	</TimeSeries>
	<TimeSeries>
		<mRID>2</mRID>
		<businessType>A19</businessType>
		<flowDirection.direction>A01</flowDirection.direction>
		<quantity_Measure_Unit.name>MWH</quantity_Measure_Unit.name>
		<curveType>A01</curveType>
		<Period>
			<timeInterval>
				<start>2025-03-17T23:30Z</start>
				<end>2025-03-17T23:45Z</end>
			</timeInterval>
			<resolution>PT15M</resolution>
			<Point>
				<position>1</position>
				<quantity>1</quantity>
			</Point>
		</Period>
		<Period>
			<timeInterval>
				<start>2025-03-18T04:00Z</start>
				<end>2025-03-18T04:15Z</end>
			</timeInterval>
			<resolution>PT15M</resolution>
			<Point>
				<position>1</position>
				<quantity>4</quantity>
			</Point>
		</Period>
		<Period>
			<timeInterval>
				<start>2025-03-18T06:30Z</start>
				<end>2025-03-18T07:00Z</end>
			</timeInterval>
			<resolution>PT15M</resolution>
			<Point>
				<position>1</position>
				<quantity>0</quantity>
			</Point>
			<Point>
				<position>2</position>
				<quantity>11</quantity>
			</Point>
		</Period>
		<Period>
			<timeInterval>
				<start>2025-03-18T07:30Z</start>
				<end>2025-03-18T08:00Z</end>
			</timeInterval>
			<resolution>PT15M</resolution>
			<Point>
				<position>1</position>
				<quantity>4</quantity>
			</Point>
			<Point>
				<position>2</position>
				<quantity>41</quantity>
			</Point>
		</Period>
		<Period>
			<timeInterval>
				<start>2025-03-18T08:30Z</start>
				<end>2025-03-18T12:45Z</end>
			</timeInterval>
			<resolution>PT15M</resolution>
			<Point>
				<position>1</position>
				<quantity>17</quantity>
			</Point>
			<Point>
				<position>2</position>
				<quantity>43</quantity>
			</Point>
			<Point>
				<position>3</position>
				<quantity>5</quantity>
			</Point>
			<Point>
				<position>4</position>
				<quantity>1</quantity>
			</Point>
			<Point>
				<position>5</position>
				<quantity>20</quantity>
			</Point>
			<Point>
				<position>6</position>
				<quantity>31</quantity>
			</Point>
			<Point>
				<position>7</position>
				<quantity>8</quantity>
			</Point>
			<Point>
				<position>8</position>
				<quantity>27</quantity>
			</Point>
			<Point>
				<position>9</position>
				<quantity>41</quantity>
			</Point>
			<Point>
				<position>10</position>
				<quantity>25</quantity>
			</Point>
			<Point>
				<position>11</position>
				<quantity>9</quantity>
			</Point>
			<Point>
				<position>12</position>
				<quantity>19</quantity>
			</Point>
			<Point>
				<position>13</position>
				<quantity>11</quantity>
			</Point>
			<Point>
				<position>14</position>
				<quantity>9</quantity>
			</Point>
			<Point>
				<position>15</position>
				<quantity>10</quantity>
			</Point>
			<Point>
				<position>16</position>
				<quantity>14</quantity>
			</Point>
			<Point>
				<position>17</position>
				<quantity>0</quantity>
			</Point>
		</Period>
		<Period>
			<timeInterval>
				<start>2025-03-18T13:00Z</start>
				<end>2025-03-18T13:30Z</end>
			</timeInterval>
			<resolution>PT15M</resolution>
			<Point>
				<position>1</position>
				<quantity>15</quantity>
			</Point>
			<Point>
				<position>2</position>
				<quantity>5</quantity>
			</Point>
		</Period>
		<Period>
			<timeInterval>
				<start>2025-03-18T14:00Z</start>
				<end>2025-03-18T14:30Z</end>
			</timeInterval>
			<resolution>PT15M</resolution>
			<Point>
				<position>1</position>
				<quantity>21</quantity>
			</Point>
			<Point>
				<position>2</position>
				<quantity>16</quantity>
			</Point>
		</Period>
	</TimeSeries>
	<TimeSeries>
		<mRID>3</mRID>
		<businessType>A19</businessType>
		<flowDirection.direction>A01</flowDirection.direction>
		<quantity_Measure_Unit.name>MWH</quantity_Measure_Unit.name>
		<curveType>A01</curveType>
		<Period>
			<timeInterval>
				<start>2025-03-18T15:00Z</start>
				<end>2025-03-18T15:30Z</end>
			</timeInterval>
			<resolution>PT15M</resolution>
			<Point>
				<position>1</position>
				<quantity>24</quantity>
			</Point>
			<Point>
				<position>2</position>
				<quantity>7</quantity>
			</Point>
		</Period>
		<Period>
			<timeInterval>
				<start>2025-03-18T17:15Z</start>
				<end>2025-03-18T17:30Z</end>
			</timeInterval>
			<resolution>PT15M</resolution>
			<Point>
				<position>1</position>
				<quantity>1</quantity>
			</Point>
		</Period>
		<Period>
			<timeInterval>
				<start>2025-03-18T17:45Z</start>
				<end>2025-03-18T20:00Z</end>
			</timeInterval>
			<resolution>PT15M</resolution>
			<Point>
				<position>1</position>
				<quantity>0</quantity>
			</Point>
			<Point>
				<position>2</position>
				<quantity>0</quantity>
			</Point>
			<Point>
				<position>3</position>
				<quantity>0</quantity>
			</Point>
			<Point>
				<position>4</position>
				<quantity>6</quantity>
			</Point>
			<Point>
				<position>5</position>
				<quantity>40</quantity>
			</Point>
			<Point>
				<position>6</position>
				<quantity>18</quantity>
			</Point>
			<Point>
				<position>7</position>
				<quantity>16</quantity>
			</Point>
			<Point>
				<position>8</position>
				<quantity>37</quantity>
			</Point>
			<Point>
				<position>9</position>
				<quantity>34</quantity>
			</Point>
		</Period>
		<Period>
			<timeInterval>
				<start>2025-03-18T20:15Z</start>
				<end>2025-03-18T22:15Z</end>
			</timeInterval>
			<resolution>PT15M</resolution>
			<Point>
				<position>1</position>
				<quantity>1</quantity>
			</Point>
			<Point>
				<position>2</position>
				<quantity>3</quantity>
			</Point>
			<Point>
				<position>3</position>
				<quantity>36</quantity>
			</Point>
			<Point>
				<position>4</position>
				<quantity>16</quantity>
			</Point>
			<Point>
				<position>5</position>
				<quantity>6</quantity>
			</Point>
			<Point>
				<position>6</position>
				<quantity>13</quantity>
			</Point>
			<Point>
				<position>7</position>
				<quantity>29</quantity>
			</Point>
			<Point>
				<position>8</position>
				<quantity>1</quantity>
			</Point>
		</Period>
		<Period>
			<timeInterval>
				<start>2025-03-18T22:30Z</start>
				<end>2025-03-18T22:45Z</end>
			</timeInterval>
			<resolution>PT15M</resolution>
			<Point>
				<position>1</position>
				<quantity>0</quantity>
			</Point>
		</Period>
		<Period>
			<timeInterval>
				<start>2025-03-18T23:30Z</start>
				<end>2025-03-18T23:45Z</end>
			</timeInterval>
			<resolution>PT15M</resolution>
			<Point>
				<position>1</position>
				<quantity>2</quantity>
			</Point>
		</Period>
		<Period>
			<timeInterval>
				<start>2025-03-19T00:15Z</start>
				<end>2025-03-19T01:00Z</end>
			</timeInterval>
			<resolution>PT15M</resolution>
			<Point>
				<position>1</position>
				<quantity>3</quantity>
			</Point>
			<Point>
				<position>2</position>
				<quantity>12</quantity>
			</Point>
			<Point>
				<position>3</position>
				<quantity>1</quantity>
			</Point>
		</Period>
		<Period>
			<timeInterval>
				<start>2025-03-19T02:15Z</start>
				<end>2025-03-19T03:30Z</end>
			</timeInterval>
			<resolution>PT15M</resolution>
			<Point>
				<position>1</position>
				<quantity>2</quantity>
			</Point>
			<Point>
				<position>2</position>
				<quantity>2</quantity>
			</Point>
			<Point>
				<position>3</position>
				<quantity>2</quantity>
			</Point>
			<Point>
				<position>4</position>
				<quantity>2</quantity>
			</Point>
			<Point>
				<position>5</position>
				<quantity>1</quantity>
			</Point>
		</Period>
		<Period>
			<timeInterval>
				<start>2025-03-19T04:00Z</start>
				<end>2025-03-19T04:45Z</end>
			</timeInterval>
			<resolution>PT15M</resolution>
			<Point>
				<position>1</position>
				<quantity>10</quantity>
			</Point>
			<Point>
				<position>2</position>
				<quantity>0</quantity>
			</Point>
			<Point>
				<position>3</position>
				<quantity>0</quantity>
			</Point>
		</Period>
		<Period>
			<timeInterval>
				<start>2025-03-19T05:00Z</start>
				<end>2025-03-19T05:15Z</end>
			</timeInterval>
			<resolution>PT15M</resolution>
			<Point>
				<position>1</position>
				<quantity>5</quantity>
			</Point>
		</Period>
		<Period>
			<timeInterval>
				<start>2025-03-19T05:30Z</start>
				<end>2025-03-19T06:00Z</end>
			</timeInterval>
			<resolution>PT15M</resolution>
			<Point>
				<position>1</position>
				<quantity>0</quantity>
			</Point>
			<Point>
				<position>2</position>
				<quantity>1</quantity>
			</Point>
		</Period>
		<Period>
			<timeInterval>
				<start>2025-03-19T06:30Z</start>
				<end>2025-03-19T07:00Z</end>
			</timeInterval>
			<resolution>PT15M</resolution>
			<Point>
				<position>1</position>
				<quantity>0</quantity>
			</Point>
			<Point>
				<position>2</position>
				<quantity>2</quantity>
			</Point>
		</Period>
		<Period>
			<timeInterval>
				<start>2025-03-19T07:45Z</start>
				<end>2025-03-19T08:00Z</end>
			</timeInterval>
			<resolution>PT15M</resolution>
			<Point>
				<position>1</position>
				<quantity>38</quantity>
			</Point>
		</Period>
		<Period>
			<timeInterval>
				<start>2025-03-19T08:30Z</start>
				<end>2025-03-19T12:30Z</end>
			</timeInterval>
			<resolution>PT15M</resolution>
			<Point>
				<position>1</position>
				<quantity>19</quantity>
			</Point>
			<Point>
				<position>2</position>
				<quantity>32</quantity>
			</Point>
			<Point>
				<position>3</position>
				<quantity>15</quantity>
			</Point>
			<Point>
				<position>4</position>
				<quantity>30</quantity>
			</Point>
			<Point>
				<position>5</position>
				<quantity>42</quantity>
			</Point>
			<Point>
				<position>6</position>
				<quantity>38</quantity>
			</Point>
			<Point>
				<position>7</position>
				<quantity>17</quantity>
			</Point>
			<Point>
				<position>8</position>
				<quantity>34</quantity>
			</Point>
			<Point>
				<position>9</position>
				<quantity>38</quantity>
			</Point>
			<Point>
				<position>10</position>
				<quantity>57</quantity>
			</Point>
			<Point>
				<position>11</position>
				<quantity>35</quantity>
			</Point>
			<Point>
				<position>12</position>
				<quantity>29</quantity>
			</Point>
			<Point>
				<position>13</position>
				<quantity>34</quantity>
			</Point>
			<Point>
				<position>14</position>
				<quantity>26</quantity>
			</Point>
			<Point>
				<position>15</position>
				<quantity>7</quantity>
			</Point>
			<Point>
				<position>16</position>
				<quantity>1</quantity>
			</Point>
		</Period>
		<Period>
			<timeInterval>
				<start>2025-03-19T13:00Z</start>
				<end>2025-03-19T13:45Z</end>
			</timeInterval>
			<resolution>PT15M</resolution>
			<Point>
				<position>1</position>
				<quantity>25</quantity>
			</Point>
			<Point>
				<position>2</position>
				<quantity>19</quantity>
			</Point>
			<Point>
				<position>3</position>
				<quantity>7</quantity>
			</Point>
		</Period>
		<Period>
			<timeInterval>
				<start>2025-03-19T14:00Z</start>
				<end>2025-03-19T14:30Z</end>
			</timeInterval>
			<resolution>PT15M</resolution>
			<Point>
				<position>1</position>
				<quantity>9</quantity>
			</Point>
			<Point>
				<position>2</position>
				<quantity>0</quantity>
			</Point>
		</Period>
		<Period>
			<timeInterval>
				<start>2025-03-19T15:00Z</start>
				<end>2025-03-19T15:45Z</end>
			</timeInterval>
			<resolution>PT15M</resolution>
			<Point>
				<position>1</position>
				<quantity>11</quantity>
			</Point>
			<Point>
				<position>2</position>
				<quantity>19</quantity>
			</Point>
			<Point>
				<position>3</position>
				<quantity>1</quantity>
			</Point>
		</Period>
		<Period>
			<timeInterval>
				<start>2025-03-19T16:00Z</start>
				<end>2025-03-19T16:45Z</end>
			</timeInterval>
			<resolution>PT15M</resolution>
			<Point>
				<position>1</position>
				<quantity>36</quantity>
			</Point>
			<Point>
				<position>2</position>
				<quantity>5</quantity>
			</Point>
			<Point>
				<position>3</position>
				<quantity>1</quantity>
			</Point>
		</Period>
		<Period>
			<timeInterval>
				<start>2025-03-19T17:00Z</start>
				<end>2025-03-19T17:30Z</end>
			</timeInterval>
			<resolution>PT15M</resolution>
			<Point>
				<position>1</position>
				<quantity>1</quantity>
			</Point>
			<Point>
				<position>2</position>
				<quantity>1</quantity>
			</Point>
		</Period>
		<Period>
			<timeInterval>
				<start>2025-03-19T19:30Z</start>
				<end>2025-03-19T21:30Z</end>
			</timeInterval>
			<resolution>PT15M</resolution>
			<Point>
				<position>1</position>
				<quantity>7</quantity>
			</Point>
			<Point>
				<position>2</position>
				<quantity>24</quantity>
			</Point>
			<Point>
				<position>3</position>
				<quantity>11</quantity>
			</Point>
			<Point>
				<position>4</position>
				<quantity>1</quantity>
			</Point>
			<Point>
				<position>5</position>
				<quantity>8</quantity>
			</Point>
			<Point>
				<position>6</position>
				<quantity>24</quantity>
			</Point>
			<Point>
				<position>7</position>
				<quantity>4</quantity>
			</Point>
			<Point>
				<position>8</position>
				<quantity>0</quantity>
			</Point>
		</Period>
		<Period>
			<timeInterval>
				<start>2025-03-19T21:45Z</start>
				<end>2025-03-19T22:00Z</end>
			</timeInterval>
			<resolution>PT15M</resolution>
			<Point>
				<position>1</position>
				<quantity>1</quantity>
			</Point>
		</Period>
		<Period>
			<timeInterval>
				<start>2025-03-19T22:15Z</start>
				<end>2025-03-20T01:00Z</end>
			</timeInterval>
			<resolution>PT15M</resolution>
			<Point>
				<position>1</position>
				<quantity>4</quantity>
			</Point>
			<Point>
				<position>2</position>
				<quantity>5</quantity>
			</Point>
			<Point>
				<position>3</position>
				<quantity>7</quantity>
			</Point>
			<Point>
				<position>4</position>
				<quantity>5</quantity>
			</Point>
			<Point>
				<position>5</position>
				<quantity>7</quantity>
			</Point>
			<Point>
				<position>6</position>
				<quantity>12</quantity>
			</Point>
			<Point>
				<position>7</position>
				<quantity>18</quantity>
			</Point>
			<Point>
				<position>8</position>
				<quantity>1</quantity>
			</Point>
			<Point>
				<position>9</position>
				<quantity>8</quantity>
			</Point>
			<Point>
				<position>10</position>
				<quantity>4</quantity>
			</Point>
			<Point>
				<position>11</position>
				<quantity>3</quantity>
			</Point>
		</Period>
		<Period>
			<timeInterval>
				<start>2025-03-20T02:00Z</start>
				<end>2025-03-20T02:15Z</end>
			</timeInterval>
			<resolution>PT15M</resolution>
			<Point>
				<position>1</position>
				<quantity>3</quantity>
			</Point>
		</Period>
		<Period>
			<timeInterval>
				<start>2025-03-20T03:00Z</start>
				<end>2025-03-20T03:45Z</end>
			</timeInterval>
			<resolution>PT15M</resolution>
			<Point>
				<position>1</position>
				<quantity>6</quantity>
			</Point>
			<Point>
				<position>2</position>
				<quantity>6</quantity>
			</Point>
			<Point>
				<position>3</position>
				<quantity>1</quantity>
			</Point>
		</Period>
		<Period>
			<timeInterval>
				<start>2025-03-20T04:00Z</start>
				<end>2025-03-20T08:00Z</end>
			</timeInterval>
			<resolution>PT15M</resolution>
			<Point>
				<position>1</position>
				<quantity>11</quantity>
			</Point>
			<Point>
				<position>2</position>
				<quantity>1</quantity>
			</Point>
			<Point>
				<position>3</position>
				<quantity>1</quantity>
			</Point>
			<Point>
				<position>4</position>
				<quantity>0</quantity>
			</Point>
			<Point>
				<position>5</position>
				<quantity>10</quantity>
			</Point>
			<Point>
				<position>6</position>
				<quantity>1</quantity>
			</Point>
			<Point>
				<position>7</position>
				<quantity>21</quantity>
			</Point>
			<Point>
				<position>8</position>
				<quantity>52</quantity>
			</Point>
			<Point>
				<position>9</position>
				<quantity>19</quantity>
			</Point>
			<Point>
				<position>10</position>
				<quantity>96</quantity>
			</Point>
			<Point>
				<position>11</position>
				<quantity>101</quantity>
			</Point>
			<Point>
				<position>12</position>
				<quantity>146</quantity>
			</Point>
			<Point>
				<position>13</position>
				<quantity>111</quantity>
			</Point>
			<Point>
				<position>14</position>
				<quantity>103</quantity>
			</Point>
			<Point>
				<position>15</position>
				<quantity>120</quantity>
			</Point>
			<Point>
				<position>16</position>
				<quantity>139</quantity>
			</Point>
		</Period>
	</TimeSeries>
	<TimeSeries>
		<mRID>4</mRID>
		<businessType>A19</businessType>
		<flowDirection.direction>A02</flowDirection.direction>
		<quantity_Measure_Unit.name>MWH</quantity_Measure_Unit.name>
		<curveType>A01</curveType>
		<Period>
			<timeInterval>
				<start>2025-03-18T15:30Z</start>
				<end>2025-03-18T17:15Z</end>
			</timeInterval>
			<resolution>PT15M</resolution>
			<Point>
				<position>1</position>
				<quantity>3</quantity>
			</Point>
			<Point>
				<position>2</position>
				<quantity>24</quantity>
			</Point>
			<Point>
				<position>3</position>
				<quantity>14</quantity>
			</Point>
			<Point>
				<position>4</position>
				<quantity>35</quantity>
			</Point>
			<Point>
				<position>5</position>
				<quantity>84</quantity>
			</Point>
			<Point>
				<position>6</position>
				<quantity>87</quantity>
			</Point>
			<Point>
				<position>7</position>
				<quantity>3</quantity>
			</Point>
		</Period>
		<Period>
			<timeInterval>
				<start>2025-03-18T17:30Z</start>
				<end>2025-03-18T17:45Z</end>
			</timeInterval>
			<resolution>PT15M</resolution>
			<Point>
				<position>1</position>
				<quantity>0</quantity>
			</Point>
		</Period>
		<Period>
			<timeInterval>
				<start>2025-03-18T20:00Z</start>
				<end>2025-03-18T20:15Z</end>
			</timeInterval>
			<resolution>PT15M</resolution>
			<Point>
				<position>1</position>
				<quantity>0</quantity>
			</Point>
		</Period>
		<Period>
			<timeInterval>
				<start>2025-03-18T22:15Z</start>
				<end>2025-03-18T22:30Z</end>
			</timeInterval>
			<resolution>PT15M</resolution>
			<Point>
				<position>1</position>
				<quantity>1</quantity>
			</Point>
		</Period>
		<Period>
			<timeInterval>
				<start>2025-03-18T22:45Z</start>
				<end>2025-03-18T23:30Z</end>
			</timeInterval>
			<resolution>PT15M</resolution>
			<Point>
				<position>1</position>
				<quantity>4</quantity>
			</Point>
			<Point>
				<position>2</position>
				<quantity>11</quantity>
			</Point>
			<Point>
				<position>3</position>
				<quantity>0</quantity>
			</Point>
		</Period>
		<Period>
			<timeInterval>
				<start>2025-03-18T23:45Z</start>
				<end>2025-03-19T00:15Z</end>
			</timeInterval>
			<resolution>PT15M</resolution>
			<Point>
				<position>1</position>
				<quantity>4</quantity>
			</Point>
			<Point>
				<position>2</position>
				<quantity>2</quantity>
			</Point>
		</Period>
		<Period>
			<timeInterval>
				<start>2025-03-19T01:00Z</start>
				<end>2025-03-19T02:15Z</end>
			</timeInterval>
			<resolution>PT15M</resolution>
			<Point>
				<position>1</position>
				<quantity>12</quantity>
			</Point>
			<Point>
				<position>2</position>
				<quantity>13</quantity>
			</Point>
			<Point>
				<position>3</position>
				<quantity>6</quantity>
			</Point>
			<Point>
				<position>4</position>
				<quantity>0</quantity>
			</Point>
			<Point>
				<position>5</position>
				<quantity>3</quantity>
			</Point>
		</Period>
		<Period>
			<timeInterval>
				<start>2025-03-19T03:30Z</start>
				<end>2025-03-19T04:00Z</end>
			</timeInterval>
			<resolution>PT15M</resolution>
			<Point>
				<position>1</position>
				<quantity>2</quantity>
			</Point>
			<Point>
				<position>2</position>
				<quantity>8</quantity>
			</Point>
		</Period>
		<Period>
			<timeInterval>
				<start>2025-03-19T04:45Z</start>
				<end>2025-03-19T05:00Z</end>
			</timeInterval>
			<resolution>PT15M</resolution>
			<Point>
				<position>1</position>
				<quantity>1</quantity>
			</Point>
		</Period>
		<Period>
			<timeInterval>
				<start>2025-03-19T05:15Z</start>
				<end>2025-03-19T05:30Z</end>
			</timeInterval>
			<resolution>PT15M</resolution>
			<Point>
				<position>1</position>
				<quantity>1</quantity>
			</Point>
		</Period>
		<Period>
			<timeInterval>
				<start>2025-03-19T06:00Z</start>
				<end>2025-03-19T06:30Z</end>
			</timeInterval>
			<resolution>PT15M</resolution>
			<Point>
				<position>1</position>
				<quantity>4</quantity>
			</Point>
			<Point>
				<position>2</position>
				<quantity>3</quantity>
			</Point>
		</Period>
		<Period>
			<timeInterval>
				<start>2025-03-19T07:00Z</start>
				<end>2025-03-19T07:45Z</end>
			</timeInterval>
			<resolution>PT15M</resolution>
			<Point>
				<position>1</position>
				<quantity>26</quantity>
			</Point>
			<Point>
				<position>2</position>
				<quantity>46</quantity>
			</Point>
			<Point>
				<position>3</position>
				<quantity>16</quantity>
			</Point>
		</Period>
		<Period>
			<timeInterval>
				<start>2025-03-19T08:00Z</start>
				<end>2025-03-19T08:30Z</end>
			</timeInterval>
			<resolution>PT15M</resolution>
			<Point>
				<position>1</position>
				<quantity>40</quantity>
			</Point>
			<Point>
				<position>2</position>
				<quantity>35</quantity>
			</Point>
		</Period>
		<Period>
			<timeInterval>
				<start>2025-03-19T12:30Z</start>
				<end>2025-03-19T13:00Z</end>
			</timeInterval>
			<resolution>PT15M</resolution>
			<Point>
				<position>1</position>
				<quantity>0</quantity>
			</Point>
			<Point>
				<position>2</position>
				<quantity>7</quantity>
			</Point>
		</Period>
		<Period>
			<timeInterval>
				<start>2025-03-19T13:45Z</start>
				<end>2025-03-19T14:00Z</end>
			</timeInterval>
			<resolution>PT15M</resolution>
			<Point>
				<position>1</position>
				<quantity>13</quantity>
			</Point>
		</Period>
		<Period>
			<timeInterval>
				<start>2025-03-19T14:30Z</start>
				<end>2025-03-19T15:00Z</end>
			</timeInterval>
			<resolution>PT15M</resolution>
			<Point>
				<position>1</position>
				<quantity>1</quantity>
			</Point>
			<Point>
				<position>2</position>
				<quantity>7</quantity>
			</Point>
		</Period>
		<Period>
			<timeInterval>
				<start>2025-03-19T15:45Z</start>
				<end>2025-03-19T16:00Z</end>
			</timeInterval>
			<resolution>PT15M</resolution>
			<Point>
				<position>1</position>
				<quantity>38</quantity>
			</Point>
		</Period>
		<Period>
			<timeInterval>
				<start>2025-03-19T16:45Z</start>
				<end>2025-03-19T17:00Z</end>
			</timeInterval>
			<resolution>PT15M</resolution>
			<Point>
				<position>1</position>
				<quantity>39</quantity>
			</Point>
		</Period>
		<Period>
			<timeInterval>
				<start>2025-03-19T17:30Z</start>
				<end>2025-03-19T19:30Z</end>
			</timeInterval>
			<resolution>PT15M</resolution>
			<Point>
				<position>1</position>
				<quantity>8</quantity>
			</Point>
			<Point>
				<position>2</position>
				<quantity>18</quantity>
			</Point>
			<Point>
				<position>3</position>
				<quantity>16</quantity>
			</Point>
			<Point>
				<position>4</position>
				<quantity>18</quantity>
			</Point>
			<Point>
				<position>5</position>
				<quantity>25</quantity>
			</Point>
			<Point>
				<position>6</position>
				<quantity>5</quantity>
			</Point>
			<Point>
				<position>7</position>
				<quantity>14</quantity>
			</Point>
			<Point>
				<position>8</position>
				<quantity>0</quantity>
			</Point>
		</Period>
		<Period>
			<timeInterval>
				<start>2025-03-19T21:30Z</start>
				<end>2025-03-19T21:45Z</end>
			</timeInterval>
			<resolution>PT15M</resolution>
			<Point>
				<position>1</position>
				<quantity>6</quantity>
			</Point>
		</Period>
		<Period>
			<timeInterval>
				<start>2025-03-19T22:00Z</start>
				<end>2025-03-19T22:15Z</end>
			</timeInterval>
			<resolution>PT15M</resolution>
			<Point>
				<position>1</position>
				<quantity>2</quantity>
			</Point>
		</Period>
		<Period>
			<timeInterval>
				<start>2025-03-20T01:00Z</start>
				<end>2025-03-20T02:00Z</end>
			</timeInterval>
			<resolution>PT15M</resolution>
			<Point>
				<position>1</position>
				<quantity>1</quantity>
			</Point>
			<Point>
				<position>2</position>
				<quantity>1</quantity>
			</Point>
			<Point>
				<position>3</position>
				<quantity>0</quantity>
			</Point>
			<Point>
				<position>4</position>
				<quantity>0</quantity>
			</Point>
		</Period>
		<Period>
			<timeInterval>
				<start>2025-03-20T02:15Z</start>
				<end>2025-03-20T03:00Z</end>
			</timeInterval>
			<resolution>PT15M</resolution>
			<Point>
				<position>1</position>
				<quantity>1</quantity>
			</Point>
			<Point>
				<position>2</position>
				<quantity>3</quantity>
			</Point>
			<Point>
				<position>3</position>
				<quantity>7</quantity>
			</Point>
		</Period>
		<Period>
			<timeInterval>
				<start>2025-03-20T03:45Z</start>
				<end>2025-03-20T04:00Z</end>
			</timeInterval>
			<resolution>PT15M</resolution>
			<Point>
				<position>1</position>
				<quantity>0</quantity>
			</Point>
		</Period>
	</TimeSeries>
</Balancing_MarketDocument>
