<?xml version="1.0" encoding="UTF-8"?>
<Balancing_MarketDocument xmlns="urn:iec62325.351:tc57wg16:451-6:balancingdocument:3:0">
	<mRID>6ce7fa2b44824a77b351b961f8c474c6</mRID>
	<revisionNumber>1</revisionNumber>
	<type>A86</type>
	<process.processType>A16</process.processType>
	<sender_MarketParticipant.mRID codingScheme="A01">10X1001A1001A450</sender_MarketParticipant.mRID>
	<sender_MarketParticipant.marketRole.type>A32</sender_MarketParticipant.marketRole.type>
	<receiver_MarketParticipant.mRID codingScheme="A01">10X1001A1001A450</receiver_MarketParticipant.mRID>
	<receiver_MarketParticipant.marketRole.type>A33</receiver_MarketParticipant.marketRole.type>
	<createdDateTime>2025-09-18T08:34:22Z</createdDateTime>
	<controlArea_Domain.mRID codingScheme="A01">10YRO-TEL------P</controlArea_Domain.mRID>
	<period.timeInterval>
		<start>2025-09-16T23:00Z</start>
		<end>2025-09-18T08:15Z</end>
	</period.timeInterval>
	<TimeSeries>
		<mRID>1</mRID>
		<businessType>A19</businessType>
		<flowDirection.direction>A01</flowDirection.direction>
		<quantity_Measure_Unit.name>MWH</quantity_Measure_Unit.name>
		<curveType>A01</curveType>
		<Period>
			<timeInterval>
				<start>2025-09-16T23:00Z</start>
				<end>2025-09-17T00:15Z</end>
			</timeInterval>
			<resolution>PT15M</resolution>
			<Point>
				<position>1</position>
				<quantity>38</quantity>
			</Point>
			<Point>
				<position>2</position>
				<quantity>20</quantity>
			</Point>
			<Point>
				<position>3</position>
				<quantity>24</quantity>
			</Point>
			<Point>
				<position>4</position>
				<quantity>11</quantity>
			</Point>
			<Point>
				<position>5</position>
				<quantity>43</quantity>
			</Point>
		</Period>
		<Period>
			<timeInterval>
				<start>2025-09-17T07:30Z</start>
				<end>2025-09-17T09:00Z</end>
			</timeInterval>
			<resolution>PT15M</resolution>
			<Point>
				<position>1</position>
				<quantity>4</quantity>
			</Point>
			<Point>
				<position>2</position>
				<quantity>54</quantity>
			</Point>
			<Point>
				<position>3</position>
				<quantity>33</quantity>
			</Point>
			<Point>
				<position>4</position>
				<quantity>45</quantity>
			</Point>
			<Point>
				<position>5</position>
				<quantity>45</quantity>
			</Point>
			<Point>
				<position>6</position>
				<quantity>44</quantity>
			</Point>
		</Period>
		<Period>
			<timeInterval>
				<start>2025-09-17T09:30Z</start>
				<end>2025-09-17T15:15Z</end>
			</timeInterval>
			<resolution>PT15M</resolution>
			<Point>
				<position>1</position>
				<quantity>11</quantity>
			</Point>
			<Point>
				<position>2</position>
				<quantity>47</quantity>
			</Point>
			<Point>
				<position>3</position>
				<quantity>2</quantity>
			</Point>
			<Point>
				<position>4</position>
				<quantity>158</quantity>
			</Point>
			<Point>
				<position>5</position>
				<quantity>95</quantity>
			</Point>
			<Point>
				<position>6</position>
				<quantity>102</quantity>
			</Point>
			<Point>
				<position>7</position>
				<quantity>82</quantity>
			</Point>
			<Point>
				<position>8</position>
				<quantity>81</quantity>
			</Point>
			<Point>
				<position>9</position>
				<quantity>136</quantity>
			</Point>
			<Point>
				<position>10</position>
				<quantity>140</quantity>
			</Point>
			<Point>
				<position>11</position>
				<quantity>54</quantity>
			</Point>
			<Point>
				<position>12</position>
				<quantity>31</quantity>
			</Point>
			<Point>
				<position>13</position>
				<quantity>2</quantity>
			</Point>
			<Point>
				<position>14</position>
				<quantity>21</quantity>
			</Point>
			<Point>
				<position>15</position>
				<quantity>124</quantity>
			</Point>
			<Point>
				<position>16</position>
				<quantity>93</quantity>
			</Point>
			<Point>
				<position>17</position>
				<quantity>31</quantity>
			</Point>
			<Point>
				<position>18</position>
				<quantity>13</quantity>
			</Point>
			<Point>
				<position>19</position>
				<quantity>41</quantity>
			</Point>
			<Point>
				<position>20</position>
				<quantity>26</quantity>
			</Point>
			<Point>
				<position>21</position>
				<quantity>40</quantity>
			</Point>
			<Point>
				<position>22</position>
				<quantity>41</quantity>
			</Point>
			<Point>
				<position>23</position>
				<quantity>47</quantity>
			</Point>
		</Period>
		<Period>
			<timeInterval>
				<start>2025-09-17T15:30Z</start>
				<end>2025-09-17T17:00Z</end>
			</timeInterval>
			<resolution>PT15M</resolution>
			<Point>
				<position>1</position>
				<quantity>30</quantity>
			</Point>
			<Point>
				<position>2</position>
				<quantity>61</quantity>
			</Point>
			<Point>
				<position>3</position>
				<quantity>64</quantity>
			</Point>
			<Point>
				<position>4</position>
				<quantity>56</quantity>
			</Point>
			<Point>
				<position>5</position>
				<quantity>60</quantity>
			</Point>
			<Point>
				<position>6</position>
				<quantity>11</quantity>
			</Point>
		</Period>
		<Period>
			<timeInterval>
				<start>2025-09-17T18:45Z</start>
				<end>2025-09-17T21:00Z</end>
			</timeInterval>
			<resolution>PT15M</resolution>
			<Point>
				<position>1</position>
				<quantity>43</quantity>
			</Point>
			<Point>
				<position>2</position>
				<quantity>29</quantity>
			</Point>
			<Point>
				<position>3</position>
				<quantity>49</quantity>
			</Point>
			<Point>
				<position>4</position>
				<quantity>52</quantity>
			</Point>
			<Point>
				<position>5</position>
				<quantity>90</quantity>
			</Point>
			<Point>
				<position>6</position>
				<quantity>34</quantity>
			</Point>
			<Point>
				<position>7</position>
				<quantity>22</quantity>
			</Point>
			<Point>
				<position>8</position>
				<quantity>23</quantity>
			</Point>
			<Point>
				<position>9</position>
				<quantity>30</quantity>
			</Point>
		</Period>
		<Period>
			<timeInterval>
				<start>2025-09-17T21:30Z</start>
				<end>2025-09-18T01:30Z</end>
			</timeInterval>
			<resolution>PT15M</resolution>
			<Point>
				<position>1</position>
				<quantity>20</quantity>
			</Point>
			<Point>
				<position>2</position>
				<quantity>62</quantity>
			</Point>
			<Point>
				<position>3</position>
				<quantity>19</quantity>
			</Point>
			<Point>
				<position>4</position>
				<quantity>45</quantity>
			</Point>
			<Point>
				<position>5</position>
				<quantity>47</quantity>
			</Point>
			<Point>
				<position>6</position>
				<quantity>55</quantity>
			</Point>
			<Point>
				<position>7</position>
				<quantity>63</quantity>
			</Point>
			<Point>
				<position>8</position>
				<quantity>28</quantity>
			</Point>
			<Point>
				<position>9</position>
				<quantity>46</quantity>
			</Point>
			<Point>
				<position>10</position>
				<quantity>43</quantity>
			</Point>
			<Point>
				<position>11</position>
				<quantity>49</quantity>
			</Point>
			<Point>
				<position>12</position>
				<quantity>12</quantity>
			</Point>
			<Point>
				<position>13</position>
				<quantity>7</quantity>
			</Point>
			<Point>
				<position>14</position>
				<quantity>14</quantity>
			</Point>
			<Point>
				<position>15</position>
				<quantity>22</quantity>
			</Point>
			<Point>
				<position>16</position>
				<quantity>33</quantity>
			</Point>
		</Period>
		<Period>
			<timeInterval>
				<start>2025-09-18T01:45Z</start>
				<end>2025-09-18T04:15Z</end>
			</timeInterval>
			<resolution>PT15M</resolution>
			<Point>
				<position>1</position>
				<quantity>22</quantity>
			</Point>
			<Point>
				<position>2</position>
				<quantity>28</quantity>
			</Point>
			<Point>
				<position>3</position>
				<quantity>21</quantity>
			</Point>
			<Point>
				<position>4</position>
				<quantity>5</quantity>
			</Point>
			<Point>
				<position>5</position>
				<quantity>8</quantity>
			</Point>
			<Point>
				<position>6</position>
				<quantity>69</quantity>
			</Point>
			<Point>
				<position>7</position>
				<quantity>38</quantity>
			</Point>
			<Point>
				<position>8</position>
				<quantity>1</quantity>
			</Point>
			<Point>
				<position>9</position>
				<quantity>8</quantity>
			</Point>
			<Point>
				<position>10</position>
				<quantity>26</quantity>
			</Point>
		</Period>
		<Period>
			<timeInterval>
				<start>2025-09-18T04:30Z</start>
				<end>2025-09-18T04:45Z</end>
			</timeInterval>
			<resolution>PT15M</resolution>
			<Point>
				<position>1</position>
				<quantity>2</quantity>
			</Point>
		</Period>
		<Period>
			<timeInterval>
				<start>2025-09-18T05:15Z</start>
				<end>2025-09-18T08:15Z</end>
			</timeInterval>
			<resolution>PT15M</resolution>
			<Point>
				<position>1</position>
				<quantity>38</quantity>
			</Point>
			<Point>
				<position>2</position>
				<quantity>67</quantity>
			</Point>
			<Point>
				<position>3</position>
				<quantity>93</quantity>
			</Point>
			<Point>
				<position>4</position>
				<quantity>16</quantity>
			</Point>
			<Point>
				<position>5</position>
				<quantity>63</quantity>
			</Point>
			<Point>
				<position>6</position>
				<quantity>109</quantity>
			</Point>
			<Point>
				<position>7</position>
				<quantity>140</quantity>
			</Point>
			<Point>
				<position>8</position>
				<quantity>83</quantity>
			</Point>
			<Point>
				<position>9</position>
				<quantity>85</quantity>
			</Point>
			<Point>
				<position>10</position>
				<quantity>57</quantity>
			</Point>
			<Point>
				<position>11</position>
				<quantity>56</quantity>
			</Point>
			<Point>
				<position>12</position>
				<quantity>22</quantity>
			</Point>
		</Period>
	</TimeSeries>
	<TimeSeries>
		<mRID>2</mRID>
		<businessType>A19</businessType>
		<flowDirection.direction>A02</flowDirection.direction>
		<quantity_Measure_Unit.name>MWH</quantity_Measure_Unit.name>
		<curveType>A01</curveType>
		<Period>
			<timeInterval>
				<start>2025-09-17T00:15Z</start>
				<end>2025-09-17T07:30Z</end>
			</timeInterval>
			<resolution>PT15M</resolution>
			<Point>
				<position>1</position>
				<quantity>3</quantity>
			</Point>
			<Point>
				<position>2</position>
				<quantity>25</quantity>
			</Point>
			<Point>
				<position>3</position>
				<quantity>16</quantity>
			</Point>
			<Point>
				<position>4</position>
				<quantity>12</quantity>
			</Point>
			<Point>
				<position>5</position>
				<quantity>4</quantity>
			</Point>
			<Point>
				<position>6</position>
				<quantity>8</quantity>
			</Point>
			<Point>
				<position>7</position>
				<quantity>56</quantity>
			</Point>
			<Point>
				<position>8</position>
				<quantity>16</quantity>
			</Point>
			<Point>
				<position>9</position>
				<quantity>34</quantity>
			</Point>
			<Point>
				<position>10</position>
				<quantity>23</quantity>
			</Point>
			<Point>
				<position>11</position>
				<quantity>11</quantity>
			</Point>
			<Point>
				<position>12</position>
				<quantity>1</quantity>
			</Point>
			<Point>
				<position>13</position>
				<quantity>21</quantity>
			</Point>
			<Point>
				<position>14</position>
				<quantity>30</quantity>
			</Point>
			<Point>
				<position>15</position>
				<quantity>54</quantity>
			</Point>
			<Point>
				<position>16</position>
				<quantity>33</quantity>
			</Point>
			<Point>
				<position>17</position>
				<quantity>75</quantity>
			</Point>
			<Point>
				<position>18</position>
				<quantity>95</quantity>
			</Point>
			<Point>
				<position>19</position>
				<quantity>114</quantity>
			</Point>
			<Point>
				<position>20</position>
				<quantity>136</quantity>
			</Point>
			<Point>
				<position>21</position>
				<quantity>191</quantity>
			</Point>
			<Point>
				<position>22</position>
				<quantity>207</quantity>
			</Point>
			<Point>
				<position>23</position>
				<quantity>150</quantity>
			</Point>
			<Point>
				<position>24</position>
				<quantity>78</quantity>
			</Point>
			<Point>
				<position>25</position>
				<quantity>120</quantity>
			</Point>
			<Point>
				<position>26</position>
				<quantity>98</quantity>
			</Point>
			<Point>
				<position>27</position>
				<quantity>64</quantity>
			</Point>
			<Point>
				<position>28</position>
				<quantity>14</quantity>
			</Point>
			<Point>
				<position>29</position>
				<quantity>30</quantity>
			</Point>
		</Period>
		<Period>
			<timeInterval>
				<start>2025-09-17T09:00Z</start>
				<end>2025-09-17T09:30Z</end>
			</timeInterval>
			<resolution>PT15M</resolution>
			<Point>
				<position>1</position>
				<quantity>37</quantity>
			</Point>
			<Point>
				<position>2</position>
				<quantity>5</quantity>
			</Point>
		</Period>
		<Period>
			<timeInterval>
				<start>2025-09-17T15:15Z</start>
				<end>2025-09-17T15:30Z</end>
			</timeInterval>
			<resolution>PT15M</resolution>
			<Point>
				<position>1</position>
				<quantity>8</quantity>
			</Point>
		</Period>
		<Period>
			<timeInterval>
				<start>2025-09-17T17:00Z</start>
				<end>2025-09-17T18:45Z</end>
			</timeInterval>
			<resolution>PT15M</resolution>
			<Point>
				<position>1</position>
				<quantity>40</quantity>
			</Point>
			<Point>
				<position>2</position>
				<quantity>66</quantity>
			</Point>
			<Point>
				<position>3</position>
				<quantity>63</quantity>
			</Point>
			<Point>
				<position>4</position>
				<quantity>87</quantity>
			</Point>
			<Point>
				<position>5</position>
				<quantity>153</quantity>
			</Point>
			<Point>
				<position>6</position>
				<quantity>101</quantity>
			</Point>
			<Point>
				<position>7</position>
				<quantity>18</quantity>
			</Point>
		</Period>
		<Period>
			<timeInterval>
				<start>2025-09-17T21:00Z</start>
				<end>2025-09-17T21:30Z</end>
			</timeInterval>
			<resolution>PT15M</resolution>
			<Point>
				<position>1</position>
				<quantity>29</quantity>
			</Point>
			<Point>
				<position>2</position>
				<quantity>16</quantity>
			</Point>
		</Period>
		<Period>
			<timeInterval>
				<start>2025-09-18T01:30Z</start>
				<end>2025-09-18T01:45Z</end>
			</timeInterval>
			<resolution>PT15M</resolution>
			<Point>
				<position>1</position>
				<quantity>5</quantity>
			</Point>
		</Period>
		<Period>
			<timeInterval>
				<start>2025-09-18T04:15Z</start>
				<end>2025-09-18T04:30Z</end>
			</timeInterval>
			<resolution>PT15M</resolution>
			<Point>
				<position>1</position>
				<quantity>9</quantity>
			</Point>
		</Period>
		<Period>
			<timeInterval>
				<start>2025-09-18T04:45Z</start>
				<end>2025-09-18T05:15Z</end>
			</timeInterval>
			<resolution>PT15M</resolution>
			<Point>
				<position>1</position>
				<quantity>3</quantity>
			</Point>
			<Point>
				<position>2</position>
				<quantity>21</quantity>
			</Point>
		</Period>
	</TimeSeries>
</Balancing_MarketDocument>
