<?xml version="1.0" encoding="UTF-8"?>
<Balancing_MarketDocument xmlns="urn:iec62325.351:tc57wg16:451-6:balancingdocument:3:0">
	<mRID>a9a3915fb1514142b4ca638b02b373c1</mRID>
	<revisionNumber>1</revisionNumber>
	<type>A86</type>
	<process.processType>A16</process.processType>
	<sender_MarketParticipant.mRID codingScheme="A01">10X1001A1001A450</sender_MarketParticipant.mRID>
	<sender_MarketParticipant.marketRole.type>A32</sender_MarketParticipant.marketRole.type>
	<receiver_MarketParticipant.mRID codingScheme="A01">10X1001A1001A450</receiver_MarketParticipant.mRID>
	<receiver_MarketParticipant.marketRole.type>A33</receiver_MarketParticipant.marketRole.type>
	<createdDateTime>2025-08-06T05:00:44Z</createdDateTime>
	<controlArea_Domain.mRID codingScheme="A01">10YRO-TEL------P</controlArea_Domain.mRID>
	<period.timeInterval>
		<start>2025-08-04T23:00Z</start>
		<end>2025-08-06T04:45Z</end>
	</period.timeInterval>
	<TimeSeries>
		<mRID>1</mRID>
		<businessType>A19</businessType>
		<flowDirection.direction>A01</flowDirection.direction>
		<quantity_Measure_Unit.name>MWH</quantity_Measure_Unit.name>
		<curveType>A01</curveType>
		<Period>
			<timeInterval>
				<start>2025-08-04T23:00Z</start>
				<end>2025-08-05T00:30Z</end>
			</timeInterval>
			<resolution>PT15M</resolution>
			<Point>
				<position>1</position>
				<quantity>82</quantity>
			</Point>
			<Point>
				<position>2</position>
				<quantity>82</quantity>
			</Point>
			<Point>
				<position>3</position>
				<quantity>89</quantity>
			</Point>
			<Point>
				<position>4</position>
				<quantity>62</quantity>
			</Point>
			<Point>
				<position>5</position>
				<quantity>34</quantity>
			</Point>
			<Point>
				<position>6</position>
				<quantity>8</quantity>
			</Point>
		</Period>
		<Period>
			<timeInterval>
				<start>2025-08-05T00:45Z</start>
				<end>2025-08-05T10:45Z</end>
			</timeInterval>
			<resolution>PT15M</resolution>
			<Point>
				<position>1</position>
				<quantity>11</quantity>
			</Point>
			<Point>
				<position>2</position>
				<quantity>33</quantity>
			</Point>
			<Point>
				<position>3</position>
				<quantity>31</quantity>
			</Point>
			<Point>
				<position>4</position>
				<quantity>12</quantity>
			</Point>
			<Point>
				<position>5</position>
				<quantity>18</quantity>
			</Point>
			<Point>
				<position>6</position>
				<quantity>34</quantity>
			</Point>
			<Point>
				<position>7</position>
				<quantity>26</quantity>
			</Point>
			<Point>
				<position>8</position>
				<quantity>54</quantity>
			</Point>
			<Point>
				<position>9</position>
				<quantity>49</quantity>
			</Point>
			<Point>
				<position>10</position>
				<quantity>53</quantity>
			</Point>
			<Point>
				<position>11</position>
				<quantity>38</quantity>
			</Point>
			<Point>
				<position>12</position>
				<quantity>15</quantity>
			</Point>
			<Point>
				<position>13</position>
				<quantity>9</quantity>
			</Point>
			<Point>
				<position>14</position>
				<quantity>31</quantity>
			</Point>
			<Point>
				<position>15</position>
				<quantity>33</quantity>
			</Point>
			<Point>
				<position>16</position>
				<quantity>19</quantity>
			</Point>
			<Point>
				<position>17</position>
				<quantity>28</quantity>
			</Point>
			<Point>
				<position>18</position>
				<quantity>18</quantity>
			</Point>
			<Point>
				<position>19</position>
				<quantity>12</quantity>
			</Point>
			<Point>
				<position>20</position>
				<quantity>5</quantity>
			</Point>
			<Point>
				<position>21</position>
				<quantity>31</quantity>
			</Point>
			<Point>
				<position>22</position>
				<quantity>15</quantity>
			</Point>
			<Point>
				<position>23</position>
				<quantity>30</quantity>
			</Point>
			<Point>
				<position>24</position>
				<quantity>71</quantity>
			</Point>
			<Point>
				<position>25</position>
				<quantity>83</quantity>
			</Point>
			<Point>
				<position>26</position>
				<quantity>13</quantity>
			</Point>
			<Point>
				<position>27</position>
				<quantity>7</quantity>
			</Point>
			<Point>
				<position>28</position>
				<quantity>47</quantity>
			</Point>
			<Point>
				<position>29</position>
				<quantity>71</quantity>
			</Point>
			<Point>
				<position>30</position>
				<quantity>33</quantity>
			</Point>
			<Point>
				<position>31</position>
				<quantity>42</quantity>
			</Point>
			<Point>
				<position>32</position>
				<quantity>65</quantity>
			</Point>
			<Point>
				<position>33</position>
				<quantity>80</quantity>
			</Point>
			<Point>
				<position>34</position>
				<quantity>119</quantity>
			</Point>
			<Point>
				<position>35</position>
				<quantity>89</quantity>
			</Point>
			<Point>
				<position>36</position>
				<quantity>64</quantity>
			</Point>
			<Point>
				<position>37</position>
				<quantity>68</quantity>
			</Point>
			<Point>
				<position>38</position>
				<quantity>45</quantity>
			</Point>
			<Point>
				<position>39</position>
				<quantity>43</quantity>
			</Point>
			<Point>
				<position>40</position>
				<quantity>5</quantity>
			</Point>
		</Period>
		<Period>
			<timeInterval>
				<start>2025-08-05T12:00Z</start>
				<end>2025-08-05T12:15Z</end>
			</timeInterval>
			<resolution>PT15M</resolution>
			<Point>
				<position>1</position>
				<quantity>4</quantity>
			</Point>
		</Period>
		<Period>
			<timeInterval>
				<start>2025-08-05T13:00Z</start>
				<end>2025-08-05T14:45Z</end>
			</timeInterval>
			<resolution>PT15M</resolution>
			<Point>
				<position>1</position>
				<quantity>18</quantity>
			</Point>
			<Point>
				<position>2</position>
				<quantity>60</quantity>
			</Point>
			<Point>
				<position>3</position>
				<quantity>98</quantity>
			</Point>
			<Point>
				<position>4</position>
				<quantity>103</quantity>
			</Point>
			<Point>
				<position>5</position>
				<quantity>89</quantity>
			</Point>
			<Point>
				<position>6</position>
				<quantity>37</quantity>
			</Point>
			<Point>
				<position>7</position>
				<quantity>18</quantity>
			</Point>
		</Period>
		<Period>
			<timeInterval>
				<start>2025-08-05T15:00Z</start>
				<end>2025-08-05T15:15Z</end>
			</timeInterval>
			<resolution>PT15M</resolution>
			<Point>
				<position>1</position>
				<quantity>2</quantity>
			</Point>
		</Period>
	</TimeSeries>
	<TimeSeries>
		<mRID>2</mRID>
		<businessType>A19</businessType>
		<flowDirection.direction>A02</flowDirection.direction>
		<quantity_Measure_Unit.name>MWH</quantity_Measure_Unit.name>
		<curveType>A01</curveType>
		<Period>
			<timeInterval>
				<start>2025-08-05T00:30Z</start>
				<end>2025-08-05T00:45Z</end>
			</timeInterval>
			<resolution>PT15M</resolution>
			<Point>
				<position>1</position>
				<quantity>20</quantity>
			</Point>
		</Period>
		<Period>
			<timeInterval>
				<start>2025-08-05T10:45Z</start>
				<end>2025-08-05T12:00Z</end>
			</timeInterval>
			<resolution>PT15M</resolution>
			<Point>
				<position>1</position>
				<quantity>10</quantity>
			</Point>
			<Point>
				<position>2</position>
				<quantity>40</quantity>
			</Point>
			<Point>
				<position>3</position>
				<quantity>71</quantity>
			</Point>
			<Point>
				<position>4</position>
				<quantity>92</quantity>
			</Point>
			<Point>
				<position>5</position>
				<quantity>76</quantity>
			</Point>
		</Period>
		<Period>
			<timeInterval>
				<start>2025-08-05T12:15Z</start>
				<end>2025-08-05T13:00Z</end>
			</timeInterval>
			<resolution>PT15M</resolution>
			<Point>
				<position>1</position>
				<quantity>24</quantity>
			</Point>
			<Point>
				<position>2</position>
				<quantity>47</quantity>
			</Point>
			<Point>
				<position>3</position>
				<quantity>18</quantity>
			</Point>
		</Period>
		<Period>
			<timeInterval>
				<start>2025-08-05T14:45Z</start>
				<end>2025-08-05T15:00Z</end>
			</timeInterval>
			<resolution>PT15M</resolution>
			<Point>
				<position>1</position>
				<quantity>45</quantity>
			</Point>
		</Period>
		<Period>
			<timeInterval>
				<start>2025-08-05T15:15Z</start>
				<end>2025-08-05T16:30Z</end>
			</timeInterval>
			<resolution>PT15M</resolution>
			<Point>
				<position>1</position>
				<quantity>17</quantity>
			</Point>
			<Point>
				<position>2</position>
				<quantity>43</quantity>
			</Point>
			<Point>
				<position>3</position>
				<quantity>46</quantity>
			</Point>
			<Point>
				<position>4</position>
				<quantity>8</quantity>
			</Point>
			<Point>
				<position>5</position>
				<quantity>14</quantity>
			</Point>
		</Period>
	</TimeSeries>
	<TimeSeries>
		<mRID>3</mRID>
		<businessType>A19</businessType>
		<flowDirection.direction>A02</flowDirection.direction>
		<quantity_Measure_Unit.name>MWH</quantity_Measure_Unit.name>
		<curveType>A01</curveType>
		<Period>
			<timeInterval>
				<start>2025-08-05T16:45Z</start>
				<end>2025-08-05T17:00Z</end>
			</timeInterval>
			<resolution>PT15M</resolution>
			<Point>
				<position>1</position>
				<quantity>15</quantity>
			</Point>
		</Period>
		<Period>
			<timeInterval>
				<start>2025-08-05T19:00Z</start>
				<end>2025-08-05T20:00Z</end>
			</timeInterval>
			<resolution>PT15M</resolution>
			<Point>
				<position>1</position>
				<quantity>20</quantity>
			</Point>
			<Point>
				<position>2</position>
				<quantity>49</quantity>
			</Point>
			<Point>
				<position>3</position>
				<quantity>19</quantity>
			</Point>
			<Point>
				<position>4</position>
				<quantity>6</quantity>
			</Point>
		</Period>
	</TimeSeries>
	<TimeSeries>
		<mRID>4</mRID>
		<businessType>A19</businessType>
		<flowDirection.direction>A01</flowDirection.direction>
		<quantity_Measure_Unit.name>MWH</quantity_Measure_Unit.name>
		<curveType>A01</curveType>
		<Period>
			<timeInterval>
				<start>2025-08-05T17:00Z</start>
				<end>2025-08-05T19:00Z</end>
			</timeInterval>
			<resolution>PT15M</resolution>
			<Point>
				<position>1</position>
				<quantity>43</quantity>
			</Point>
			<Point>
				<position>2</position>
				<quantity>67</quantity>
			</Point>
			<Point>
				<position>3</position>
				<quantity>56</quantity>
			</Point>
			<Point>
				<position>4</position>
				<quantity>54</quantity>
			</Point>
			<Point>
				<position>5</position>
				<quantity>26</quantity>
			</Point>
			<Point>
				<position>6</position>
				<quantity>23</quantity>
			</Point>
			<Point>
				<position>7</position>
				<quantity>12</quantity>
			</Point>
			<Point>
				<position>8</position>
				<quantity>2</quantity>
			</Point>
		</Period>
	</TimeSeries>
	<TimeSeries>
		<mRID>5</mRID>
		<businessType>A19</businessType>
		<flowDirection.direction>A02</flowDirection.direction>
		<quantity_Measure_Unit.name>MWH</quantity_Measure_Unit.name>
		<curveType>A01</curveType>
		<Period>
			<timeInterval>
				<start>2025-08-05T20:15Z</start>
				<end>2025-08-05T20:30Z</end>
			</timeInterval>
			<resolution>PT15M</resolution>
			<Point>
				<position>1</position>
				<quantity>8</quantity>
			</Point>
		</Period>
	</TimeSeries>
	<TimeSeries>
		<mRID>6</mRID>
		<businessType>A19</businessType>
		<flowDirection.direction>A01</flowDirection.direction>
		<quantity_Measure_Unit.name>MWH</quantity_Measure_Unit.name>
		<curveType>A01</curveType>
		<Period>
			<timeInterval>
				<start>2025-08-05T20:45Z</start>
				<end>2025-08-05T21:15Z</end>
			</timeInterval>
			<resolution>PT15M</resolution>
			<Point>
				<position>1</position>
				<quantity>14</quantity>
			</Point>
			<Point>
				<position>2</position>
				<quantity>2</quantity>
			</Point>
		</Period>
	</TimeSeries>
	<TimeSeries>
		<mRID>7</mRID>
		<businessType>A19</businessType>
		<flowDirection.direction>A02</flowDirection.direction>
		<quantity_Measure_Unit.name>MWH</quantity_Measure_Unit.name>
		<curveType>A01</curveType>
		<Period>
			<timeInterval>
				<start>2025-08-05T21:15Z</start>
				<end>2025-08-05T21:45Z</end>
			</timeInterval>
			<resolution>PT15M</resolution>
			<Point>
				<position>1</position>
				<quantity>13</quantity>
			</Point>
			<Point>
				<position>2</position>
				<quantity>9</quantity>
			</Point>
		</Period>
	</TimeSeries>
	<TimeSeries>
		<mRID>8</mRID>
		<businessType>A19</businessType>
		<flowDirection.direction>A02</flowDirection.direction>
		<quantity_Measure_Unit.name>MWH</quantity_Measure_Unit.name>
		<curveType>A01</curveType>
		<Period>
			<timeInterval>
				<start>2025-08-05T22:00Z</start>
				<end>2025-08-06T00:00Z</end>
			</timeInterval>
			<resolution>PT15M</resolution>
			<Point>
				<position>1</position>
				<quantity>35</quantity>
			</Point>
			<Point>
				<position>2</position>
				<quantity>33</quantity>
			</Point>
			<Point>
				<position>3</position>
				<quantity>42</quantity>
			</Point>
			<Point>
				<position>4</position>
				<quantity>16</quantity>
			</Point>
			<Point>
				<position>5</position>
				<quantity>3</quantity>
			</Point>
			<Point>
				<position>6</position>
				<quantity>36</quantity>
			</Point>
			<Point>
				<position>7</position>
				<quantity>46</quantity>
			</Point>
			<Point>
				<position>8</position>
				<quantity>32</quantity>
			</Point>
		</Period>
		<Period>
			<timeInterval>
				<start>2025-08-06T00:30Z</start>
				<end>2025-08-06T03:15Z</end>
			</timeInterval>
			<resolution>PT15M</resolution>
			<Point>
				<position>1</position>
				<quantity>1</quantity>
			</Point>
			<Point>
				<position>2</position>
				<quantity>23</quantity>
			</Point>
			<Point>
				<position>3</position>
				<quantity>34</quantity>
			</Point>
			<Point>
				<position>4</position>
				<quantity>10</quantity>
			</Point>
			<Point>
				<position>5</position>
				<quantity>25</quantity>
			</Point>
			<Point>
				<position>6</position>
				<quantity>21</quantity>
			</Point>
			<Point>
				<position>7</position>
				<quantity>29</quantity>
			</Point>
			<Point>
				<position>8</position>
				<quantity>37</quantity>
			</Point>
			<Point>
				<position>9</position>
				<quantity>39</quantity>
			</Point>
			<Point>
				<position>10</position>
				<quantity>26</quantity>
			</Point>
			<Point>
				<position>11</position>
				<quantity>5</quantity>
			</Point>
		</Period>
	</TimeSeries>
	<TimeSeries>
		<mRID>9</mRID>
		<businessType>A19</businessType>
		<flowDirection.direction>A01</flowDirection.direction>
		<quantity_Measure_Unit.name>MWH</quantity_Measure_Unit.name>
		<curveType>A01</curveType>
		<Period>
			<timeInterval>
				<start>2025-08-06T00:00Z</start>
				<end>2025-08-06T00:30Z</end>
			</timeInterval>
			<resolution>PT15M</resolution>
			<Point>
				<position>1</position>
				<quantity>84</quantity>
			</Point>
			<Point>
				<position>2</position>
				<quantity>61</quantity>
			</Point>
		</Period>
		<Period>
			<timeInterval>
				<start>2025-08-06T03:15Z</start>
				<end>2025-08-06T04:45Z</end>
			</timeInterval>
			<resolution>PT15M</resolution>
			<Point>
				<position>1</position>
				<quantity>23</quantity>
			</Point>
			<Point>
				<position>2</position>
				<quantity>17</quantity>
			</Point>
			<Point>
				<position>3</position>
				<quantity>1</quantity>
			</Point>
			<Point>
				<position>4</position>
				<quantity>47</quantity>
			</Point>
			<Point>
				<position>5</position>
				<quantity>39</quantity>
			</Point>
			<Point>
				<position>6</position>
				<quantity>57</quantity>
			</Point>
		</Period>
	</TimeSeries>
</Balancing_MarketDocument>
