<?xml version="1.0" encoding="UTF-8"?>
  <Balancing_MarketDocument xmlns="urn:iec62325.351:tc57wg16:451-6:balancingdocument:3:0">
    <mRID>af065262cb9148dab60e5234d3301431</mRID>
    <revisionNumber>1</revisionNumber>
    <type>A86</type>
    <process.processType>A16</process.processType>
    <sender_MarketParticipant.mRID codingScheme="A01">10X1001A1001A450</sender_MarketParticipant.mRID>
    <sender_MarketParticipant.marketRole.type>A32</sender_MarketParticipant.marketRole.type>
    <receiver_MarketParticipant.mRID codingScheme="A01">10X1001A1001A450</receiver_MarketParticipant.mRID>
    <receiver_MarketParticipant.marketRole.type>A33</receiver_MarketParticipant.marketRole.type>
    <createdDateTime>2026-02-21T06:26:20Z</createdDateTime>
    <controlArea_Domain.mRID codingScheme="A01">10YRO-TEL------P</controlArea_Domain.mRID>
    <period.timeInterval>
      <start>2026-02-19T23:00Z</start>
      <end>2026-02-21T06:15Z</end>
    </period.timeInterval>
      <TimeSeries>
        <mRID>1</mRID>
        <businessType>A19</businessType>
        <flowDirection.direction>A01</flowDirection.direction>
        <quantity_Measure_Unit.name>MWH</quantity_Measure_Unit.name>
        <curveType>A03</curveType>
          <Period>
            <timeInterval>
              <start>2026-02-19T23:00Z</start>
              <end>2026-02-19T23:30Z</end>
            </timeInterval>
            <resolution>PT15M</resolution>
              <Point>
                <position>1</position>
                <quantity>9.81</quantity>
              </Point>
              <Point>
                <position>2</position>
                <quantity>7.581</quantity>
              </Point>
          </Period>
          <Period>
            <timeInterval>
              <start>2026-02-20T01:00Z</start>
              <end>2026-02-20T02:45Z</end>
            </timeInterval>
            <resolution>PT15M</resolution>
              <Point>
                <position>1</position>
                <quantity>14.727</quantity>
              </Point>
              <Point>
                <position>2</position>
                <quantity>36.674</quantity>
              </Point>
              <Point>
                <position>3</position>
                <quantity>30.492</quantity>
              </Point>
              <Point>
                <position>4</position>
                <quantity>16.571</quantity>
              </Point>
              <Point>
                <position>5</position>
                <quantity>32.099</quantity>
              </Point>
              <Point>
                <position>6</position>
                <quantity>66.279</quantity>
              </Point>
              <Point>
                <position>7</position>
                <quantity>9.887</quantity>
              </Point>
          </Period>
          <Period>
            <timeInterval>
              <start>2026-02-20T06:15Z</start>
              <end>2026-02-20T09:30Z</end>
            </timeInterval>
            <resolution>PT15M</resolution>
              <Point>
                <position>1</position>
                <quantity>1.183</quantity>
              </Point>
              <Point>
                <position>2</position>
                <quantity>47.936</quantity>
              </Point>
              <Point>
                <position>3</position>
                <quantity>102.647</quantity>
              </Point>
              <Point>
                <position>4</position>
                <quantity>41.24</quantity>
              </Point>
              <Point>
                <position>5</position>
                <quantity>47.254</quantity>
              </Point>
              <Point>
                <position>6</position>
                <quantity>55.766</quantity>
              </Point>
              <Point>
                <position>7</position>
                <quantity>159.654</quantity>
              </Point>
              <Point>
                <position>8</position>
                <quantity>65.689</quantity>
              </Point>
              <Point>
                <position>9</position>
                <quantity>93.417</quantity>
              </Point>
              <Point>
                <position>10</position>
                <quantity>77.452</quantity>
              </Point>
              <Point>
                <position>11</position>
                <quantity>84.142</quantity>
              </Point>
              <Point>
                <position>12</position>
                <quantity>17.198</quantity>
              </Point>
              <Point>
                <position>13</position>
                <quantity>2.272</quantity>
              </Point>
          </Period>
          <Period>
            <timeInterval>
              <start>2026-02-20T09:45Z</start>
              <end>2026-02-20T20:00Z</end>
            </timeInterval>
            <resolution>PT15M</resolution>
              <Point>
                <position>1</position>
                <quantity>18.399</quantity>
              </Point>
              <Point>
                <position>2</position>
                <quantity>29.361</quantity>
              </Point>
              <Point>
                <position>3</position>
                <quantity>42.625</quantity>
              </Point>
              <Point>
                <position>4</position>
                <quantity>63.291</quantity>
              </Point>
              <Point>
                <position>5</position>
                <quantity>91.333</quantity>
              </Point>
              <Point>
                <position>6</position>
                <quantity>111.304</quantity>
              </Point>
              <Point>
                <position>7</position>
                <quantity>76.813</quantity>
              </Point>
              <Point>
                <position>8</position>
                <quantity>57.181</quantity>
              </Point>
              <Point>
                <position>9</position>
                <quantity>27.248</quantity>
              </Point>
              <Point>
                <position>10</position>
                <quantity>61.046</quantity>
              </Point>
              <Point>
                <position>11</position>
                <quantity>53.991</quantity>
              </Point>
              <Point>
                <position>12</position>
                <quantity>30.579</quantity>
              </Point>
              <Point>
                <position>13</position>
                <quantity>22.318</quantity>
              </Point>
              <Point>
                <position>14</position>
                <quantity>20.505</quantity>
              </Point>
              <Point>
                <position>15</position>
                <quantity>41.005</quantity>
              </Point>
              <Point>
                <position>16</position>
                <quantity>31.141</quantity>
              </Point>
              <Point>
                <position>17</position>
                <quantity>21.831</quantity>
              </Point>
              <Point>
                <position>18</position>
                <quantity>64.142</quantity>
              </Point>
              <Point>
                <position>19</position>
                <quantity>18.557</quantity>
              </Point>
              <Point>
                <position>20</position>
                <quantity>59.884</quantity>
              </Point>
              <Point>
                <position>21</position>
                <quantity>56.032</quantity>
              </Point>
              <Point>
                <position>22</position>
                <quantity>72.998</quantity>
              </Point>
              <Point>
                <position>23</position>
                <quantity>30.151</quantity>
              </Point>
              <Point>
                <position>24</position>
                <quantity>15.786</quantity>
              </Point>
              <Point>
                <position>25</position>
                <quantity>8.286</quantity>
              </Point>
              <Point>
                <position>26</position>
                <quantity>50.022</quantity>
              </Point>
              <Point>
                <position>27</position>
                <quantity>54.116</quantity>
              </Point>
              <Point>
                <position>28</position>
                <quantity>61.226</quantity>
              </Point>
              <Point>
                <position>29</position>
                <quantity>77.601</quantity>
              </Point>
              <Point>
                <position>30</position>
                <quantity>52.264</quantity>
              </Point>
              <Point>
                <position>31</position>
                <quantity>44.458</quantity>
              </Point>
              <Point>
                <position>32</position>
                <quantity>64.249</quantity>
              </Point>
              <Point>
                <position>33</position>
                <quantity>50.606</quantity>
              </Point>
              <Point>
                <position>34</position>
                <quantity>53.035</quantity>
              </Point>
              <Point>
                <position>35</position>
                <quantity>52.167</quantity>
              </Point>
              <Point>
                <position>36</position>
                <quantity>43.962</quantity>
              </Point>
              <Point>
                <position>37</position>
                <quantity>28.082</quantity>
              </Point>
              <Point>
                <position>38</position>
                <quantity>23.996</quantity>
              </Point>
              <Point>
                <position>39</position>
                <quantity>5.438</quantity>
              </Point>
              <Point>
                <position>40</position>
                <quantity>19.052</quantity>
              </Point>
              <Point>
                <position>41</position>
                <quantity>10.483</quantity>
              </Point>
          </Period>
          <Period>
            <timeInterval>
              <start>2026-02-20T22:00Z</start>
              <end>2026-02-20T23:30Z</end>
            </timeInterval>
            <resolution>PT15M</resolution>
              <Point>
                <position>1</position>
                <quantity>11.951</quantity>
              </Point>
              <Point>
                <position>2</position>
                <quantity>24.191</quantity>
              </Point>
              <Point>
                <position>3</position>
                <quantity>13.736</quantity>
              </Point>
              <Point>
                <position>4</position>
                <quantity>14.049</quantity>
              </Point>
              <Point>
                <position>5</position>
                <quantity>58.209</quantity>
              </Point>
              <Point>
                <position>6</position>
                <quantity>40.571</quantity>
              </Point>
          </Period>
          <Period>
            <timeInterval>
              <start>2026-02-21T01:00Z</start>
              <end>2026-02-21T03:00Z</end>
            </timeInterval>
            <resolution>PT15M</resolution>
              <Point>
                <position>1</position>
                <quantity>28.071</quantity>
              </Point>
              <Point>
                <position>2</position>
                <quantity>30.27</quantity>
              </Point>
              <Point>
                <position>3</position>
                <quantity>24.826</quantity>
              </Point>
              <Point>
                <position>4</position>
                <quantity>28.45</quantity>
              </Point>
              <Point>
                <position>5</position>
                <quantity>30.718</quantity>
              </Point>
              <Point>
                <position>6</position>
                <quantity>39.956</quantity>
              </Point>
              <Point>
                <position>7</position>
                <quantity>23.402</quantity>
              </Point>
              <Point>
                <position>8</position>
                <quantity>6.848</quantity>
              </Point>
          </Period>
      </TimeSeries>
      <TimeSeries>
        <mRID>2</mRID>
        <businessType>A19</businessType>
        <flowDirection.direction>A02</flowDirection.direction>
        <quantity_Measure_Unit.name>MWH</quantity_Measure_Unit.name>
        <curveType>A03</curveType>
          <Period>
            <timeInterval>
              <start>2026-02-19T23:30Z</start>
              <end>2026-02-20T01:00Z</end>
            </timeInterval>
            <resolution>PT15M</resolution>
              <Point>
                <position>1</position>
                <quantity>36.616</quantity>
              </Point>
              <Point>
                <position>2</position>
                <quantity>42.395</quantity>
              </Point>
              <Point>
                <position>3</position>
                <quantity>26.475</quantity>
              </Point>
              <Point>
                <position>4</position>
                <quantity>15.193</quantity>
              </Point>
              <Point>
                <position>5</position>
                <quantity>46.129</quantity>
              </Point>
              <Point>
                <position>6</position>
                <quantity>18.88</quantity>
              </Point>
          </Period>
          <Period>
            <timeInterval>
              <start>2026-02-20T02:45Z</start>
              <end>2026-02-20T06:15Z</end>
            </timeInterval>
            <resolution>PT15M</resolution>
              <Point>
                <position>1</position>
                <quantity>25.201</quantity>
              </Point>
              <Point>
                <position>2</position>
                <quantity>17.062</quantity>
              </Point>
              <Point>
                <position>3</position>
                <quantity>0.804</quantity>
              </Point>
              <Point>
                <position>4</position>
                <quantity>34.352</quantity>
              </Point>
              <Point>
                <position>5</position>
                <quantity>95.896</quantity>
              </Point>
              <Point>
                <position>6</position>
                <quantity>43.445</quantity>
              </Point>
              <Point>
                <position>7</position>
                <quantity>96.169</quantity>
              </Point>
              <Point>
                <position>8</position>
                <quantity>114.308</quantity>
              </Point>
              <Point>
                <position>9</position>
                <quantity>120.568</quantity>
              </Point>
              <Point>
                <position>10</position>
                <quantity>37.943</quantity>
              </Point>
              <Point>
                <position>11</position>
                <quantity>53.757</quantity>
              </Point>
              <Point>
                <position>12</position>
                <quantity>7.53</quantity>
              </Point>
              <Point>
                <position>13</position>
                <quantity>3.754</quantity>
              </Point>
              <Point>
                <position>14</position>
                <quantity>5.919</quantity>
              </Point>
          </Period>
          <Period>
            <timeInterval>
              <start>2026-02-20T09:30Z</start>
              <end>2026-02-20T09:45Z</end>
            </timeInterval>
            <resolution>PT15M</resolution>
              <Point>
                <position>1</position>
                <quantity>40.457</quantity>
              </Point>
          </Period>
          <Period>
            <timeInterval>
              <start>2026-02-20T20:00Z</start>
              <end>2026-02-20T22:00Z</end>
            </timeInterval>
            <resolution>PT15M</resolution>
              <Point>
                <position>1</position>
                <quantity>12.545</quantity>
              </Point>
              <Point>
                <position>2</position>
                <quantity>54.078</quantity>
              </Point>
              <Point>
                <position>3</position>
                <quantity>48.358</quantity>
              </Point>
              <Point>
                <position>4</position>
                <quantity>36.799</quantity>
              </Point>
              <Point>
                <position>5</position>
                <quantity>4.304</quantity>
              </Point>
              <Point>
                <position>6</position>
                <quantity>17.421</quantity>
              </Point>
              <Point>
                <position>7</position>
                <quantity>29.436</quantity>
              </Point>
              <Point>
                <position>8</position>
                <quantity>2.224</quantity>
              </Point>
          </Period>
          <Period>
            <timeInterval>
              <start>2026-02-20T23:30Z</start>
              <end>2026-02-21T01:00Z</end>
            </timeInterval>
            <resolution>PT15M</resolution>
              <Point>
                <position>1</position>
                <quantity>10.638</quantity>
              </Point>
              <Point>
                <position>2</position>
                <quantity>14.83</quantity>
              </Point>
              <Point>
                <position>3</position>
                <quantity>3.935</quantity>
              </Point>
              <Point>
                <position>4</position>
                <quantity>10.384</quantity>
              </Point>
              <Point>
                <position>5</position>
                <quantity>10.233</quantity>
              </Point>
              <Point>
                <position>6</position>
                <quantity>7.787</quantity>
              </Point>
          </Period>
          <Period>
            <timeInterval>
              <start>2026-02-21T03:00Z</start>
              <end>2026-02-21T06:15Z</end>
            </timeInterval>
            <resolution>PT15M</resolution>
              <Point>
                <position>1</position>
                <quantity>19.556</quantity>
              </Point>
              <Point>
                <position>2</position>
                <quantity>45.263</quantity>
              </Point>
              <Point>
                <position>3</position>
                <quantity>82.938</quantity>
              </Point>
              <Point>
                <position>4</position>
                <quantity>133.656</quantity>
              </Point>
              <Point>
                <position>5</position>
                <quantity>96.083</quantity>
              </Point>
              <Point>
                <position>6</position>
                <quantity>92.6</quantity>
              </Point>
              <Point>
                <position>7</position>
                <quantity>66.952</quantity>
              </Point>
              <Point>
                <position>8</position>
                <quantity>66.552</quantity>
              </Point>
              <Point>
                <position>9</position>
                <quantity>35.263</quantity>
              </Point>
              <Point>
                <position>10</position>
                <quantity>98.01</quantity>
              </Point>
              <Point>
                <position>11</position>
                <quantity>106.299</quantity>
              </Point>
              <Point>
                <position>12</position>
                <quantity>173.24</quantity>
              </Point>
              <Point>
                <position>13</position>
                <quantity>168.342</quantity>
              </Point>
          </Period>
      </TimeSeries>
  </Balancing_MarketDocument>