<?xml version="1.0" encoding="UTF-8"?>
  <Balancing_MarketDocument xmlns="urn:iec62325.351:tc57wg16:451-6:balancingdocument:3:0">
    <mRID>9a0b85af13d34ca89465efa1e60bd130</mRID>
    <revisionNumber>1</revisionNumber>
    <type>A86</type>
    <process.processType>A16</process.processType>
    <sender_MarketParticipant.mRID codingScheme="A01">10X1001A1001A450</sender_MarketParticipant.mRID>
    <sender_MarketParticipant.marketRole.type>A32</sender_MarketParticipant.marketRole.type>
    <receiver_MarketParticipant.mRID codingScheme="A01">10X1001A1001A450</receiver_MarketParticipant.mRID>
    <receiver_MarketParticipant.marketRole.type>A33</receiver_MarketParticipant.marketRole.type>
    <createdDateTime>2026-02-17T06:26:25Z</createdDateTime>
    <controlArea_Domain.mRID codingScheme="A01">10YRO-TEL------P</controlArea_Domain.mRID>
    <period.timeInterval>
      <start>2026-02-15T23:00Z</start>
      <end>2026-02-17T06:15Z</end>
    </period.timeInterval>
      <TimeSeries>
        <mRID>1</mRID>
        <businessType>A19</businessType>
        <flowDirection.direction>A01</flowDirection.direction>
        <quantity_Measure_Unit.name>MWH</quantity_Measure_Unit.name>
        <curveType>A03</curveType>
          <Period>
            <timeInterval>
              <start>2026-02-15T23:00Z</start>
              <end>2026-02-16T00:00Z</end>
            </timeInterval>
            <resolution>PT15M</resolution>
              <Point>
                <position>1</position>
                <quantity>92.524</quantity>
              </Point>
              <Point>
                <position>2</position>
                <quantity>75.686</quantity>
              </Point>
              <Point>
                <position>3</position>
                <quantity>61.34</quantity>
              </Point>
              <Point>
                <position>4</position>
                <quantity>42.384</quantity>
              </Point>
          </Period>
          <Period>
            <timeInterval>
              <start>2026-02-16T00:15Z</start>
              <end>2026-02-16T00:45Z</end>
            </timeInterval>
            <resolution>PT15M</resolution>
              <Point>
                <position>1</position>
                <quantity>18.619</quantity>
              </Point>
              <Point>
                <position>2</position>
                <quantity>30.208</quantity>
              </Point>
          </Period>
          <Period>
            <timeInterval>
              <start>2026-02-16T01:15Z</start>
              <end>2026-02-16T05:45Z</end>
            </timeInterval>
            <resolution>PT15M</resolution>
              <Point>
                <position>1</position>
                <quantity>12.384</quantity>
              </Point>
              <Point>
                <position>2</position>
                <quantity>14.362</quantity>
              </Point>
              <Point>
                <position>3</position>
                <quantity>12.243</quantity>
              </Point>
              <Point>
                <position>4</position>
                <quantity>20.377</quantity>
              </Point>
              <Point>
                <position>5</position>
                <quantity>20.529</quantity>
              </Point>
              <Point>
                <position>6</position>
                <quantity>35.597</quantity>
              </Point>
              <Point>
                <position>7</position>
                <quantity>21.999</quantity>
              </Point>
              <Point>
                <position>8</position>
                <quantity>32.377</quantity>
              </Point>
              <Point>
                <position>9</position>
                <quantity>30.32</quantity>
              </Point>
              <Point>
                <position>10</position>
                <quantity>61.326</quantity>
              </Point>
              <Point>
                <position>11</position>
                <quantity>38.459</quantity>
              </Point>
              <Point>
                <position>12</position>
                <quantity>89.952</quantity>
              </Point>
              <Point>
                <position>13</position>
                <quantity>51.859</quantity>
              </Point>
              <Point>
                <position>14</position>
                <quantity>45.198</quantity>
              </Point>
              <Point>
                <position>15</position>
                <quantity>8.128</quantity>
              </Point>
              <Point>
                <position>16</position>
                <quantity>93.494</quantity>
              </Point>
              <Point>
                <position>17</position>
                <quantity>84.382</quantity>
              </Point>
              <Point>
                <position>18</position>
                <quantity>47.645</quantity>
              </Point>
          </Period>
          <Period>
            <timeInterval>
              <start>2026-02-16T06:15Z</start>
              <end>2026-02-16T15:30Z</end>
            </timeInterval>
            <resolution>PT15M</resolution>
              <Point>
                <position>1</position>
                <quantity>3.42</quantity>
              </Point>
              <Point>
                <position>2</position>
                <quantity>24.019</quantity>
              </Point>
              <Point>
                <position>3</position>
                <quantity>6.249</quantity>
              </Point>
              <Point>
                <position>4</position>
                <quantity>6.19</quantity>
              </Point>
              <Point>
                <position>5</position>
                <quantity>7.483</quantity>
              </Point>
              <Point>
                <position>6</position>
                <quantity>51.358</quantity>
              </Point>
              <Point>
                <position>7</position>
                <quantity>71.383</quantity>
              </Point>
              <Point>
                <position>8</position>
                <quantity>62.205</quantity>
              </Point>
              <Point>
                <position>9</position>
                <quantity>48.095</quantity>
              </Point>
              <Point>
                <position>10</position>
                <quantity>64.048</quantity>
              </Point>
              <Point>
                <position>11</position>
                <quantity>39.881</quantity>
              </Point>
              <Point>
                <position>12</position>
                <quantity>18.866</quantity>
              </Point>
              <Point>
                <position>13</position>
                <quantity>5.677</quantity>
              </Point>
              <Point>
                <position>14</position>
                <quantity>25.86</quantity>
              </Point>
              <Point>
                <position>15</position>
                <quantity>26.344</quantity>
              </Point>
              <Point>
                <position>16</position>
                <quantity>21.369</quantity>
              </Point>
              <Point>
                <position>17</position>
                <quantity>57.759</quantity>
              </Point>
              <Point>
                <position>18</position>
                <quantity>41.348</quantity>
              </Point>
              <Point>
                <position>19</position>
                <quantity>37.371</quantity>
              </Point>
              <Point>
                <position>20</position>
                <quantity>76.505</quantity>
              </Point>
              <Point>
                <position>21</position>
                <quantity>53.46</quantity>
              </Point>
              <Point>
                <position>22</position>
                <quantity>69.234</quantity>
              </Point>
              <Point>
                <position>23</position>
                <quantity>72.362</quantity>
              </Point>
              <Point>
                <position>24</position>
                <quantity>70.494</quantity>
              </Point>
              <Point>
                <position>25</position>
                <quantity>58.39</quantity>
              </Point>
              <Point>
                <position>26</position>
                <quantity>39.26</quantity>
              </Point>
              <Point>
                <position>27</position>
                <quantity>75.181</quantity>
              </Point>
              <Point>
                <position>28</position>
                <quantity>27.962</quantity>
              </Point>
              <Point>
                <position>29</position>
                <quantity>56.455</quantity>
              </Point>
              <Point>
                <position>30</position>
                <quantity>72.514</quantity>
              </Point>
              <Point>
                <position>31</position>
                <quantity>14.652</quantity>
              </Point>
              <Point>
                <position>32</position>
                <quantity>5.926</quantity>
              </Point>
              <Point>
                <position>33</position>
                <quantity>13.077</quantity>
              </Point>
              <Point>
                <position>34</position>
                <quantity>19.748</quantity>
              </Point>
              <Point>
                <position>35</position>
                <quantity>12.777</quantity>
              </Point>
              <Point>
                <position>36</position>
                <quantity>60.359</quantity>
              </Point>
              <Point>
                <position>37</position>
                <quantity>4.549</quantity>
              </Point>
          </Period>
          <Period>
            <timeInterval>
              <start>2026-02-16T17:15Z</start>
              <end>2026-02-16T17:30Z</end>
            </timeInterval>
            <resolution>PT15M</resolution>
              <Point>
                <position>1</position>
                <quantity>16.763</quantity>
              </Point>
          </Period>
          <Period>
            <timeInterval>
              <start>2026-02-16T17:45Z</start>
              <end>2026-02-16T18:00Z</end>
            </timeInterval>
            <resolution>PT15M</resolution>
              <Point>
                <position>1</position>
                <quantity>13.01</quantity>
              </Point>
          </Period>
          <Period>
            <timeInterval>
              <start>2026-02-16T19:45Z</start>
              <end>2026-02-16T21:15Z</end>
            </timeInterval>
            <resolution>PT15M</resolution>
              <Point>
                <position>1</position>
                <quantity>23.406</quantity>
              </Point>
              <Point>
                <position>2</position>
                <quantity>3.853</quantity>
              </Point>
              <Point>
                <position>3</position>
                <quantity>5.401</quantity>
              </Point>
              <Point>
                <position>4</position>
                <quantity>7.178</quantity>
              </Point>
              <Point>
                <position>5</position>
                <quantity>12.96</quantity>
              </Point>
              <Point>
                <position>6</position>
                <quantity>7.786</quantity>
              </Point>
          </Period>
          <Period>
            <timeInterval>
              <start>2026-02-16T21:45Z</start>
              <end>2026-02-16T22:00Z</end>
            </timeInterval>
            <resolution>PT15M</resolution>
              <Point>
                <position>1</position>
                <quantity>4.295</quantity>
              </Point>
          </Period>
      </TimeSeries>
      <TimeSeries>
        <mRID>2</mRID>
        <businessType>A19</businessType>
        <flowDirection.direction>A02</flowDirection.direction>
        <quantity_Measure_Unit.name>MWH</quantity_Measure_Unit.name>
        <curveType>A03</curveType>
          <Period>
            <timeInterval>
              <start>2026-02-16T00:00Z</start>
              <end>2026-02-16T00:15Z</end>
            </timeInterval>
            <resolution>PT15M</resolution>
              <Point>
                <position>1</position>
                <quantity>19.286</quantity>
              </Point>
          </Period>
          <Period>
            <timeInterval>
              <start>2026-02-16T00:45Z</start>
              <end>2026-02-16T01:15Z</end>
            </timeInterval>
            <resolution>PT15M</resolution>
              <Point>
                <position>1</position>
                <quantity>16.027</quantity>
              </Point>
              <Point>
                <position>2</position>
                <quantity>10.771</quantity>
              </Point>
          </Period>
          <Period>
            <timeInterval>
              <start>2026-02-16T05:45Z</start>
              <end>2026-02-16T06:15Z</end>
            </timeInterval>
            <resolution>PT15M</resolution>
              <Point>
                <position>1</position>
                <quantity>9.849</quantity>
              </Point>
              <Point>
                <position>2</position>
                <quantity>55.952</quantity>
              </Point>
          </Period>
          <Period>
            <timeInterval>
              <start>2026-02-16T15:30Z</start>
              <end>2026-02-16T17:15Z</end>
            </timeInterval>
            <resolution>PT15M</resolution>
              <Point>
                <position>1</position>
                <quantity>12.707</quantity>
              </Point>
              <Point>
                <position>2</position>
                <quantity>39.701</quantity>
              </Point>
              <Point>
                <position>3</position>
                <quantity>34.956</quantity>
              </Point>
              <Point>
                <position>4</position>
                <quantity>37.453</quantity>
              </Point>
              <Point>
                <position>5</position>
                <quantity>44.733</quantity>
              </Point>
              <Point>
                <position>6</position>
                <quantity>39.45</quantity>
              </Point>
              <Point>
                <position>7</position>
                <quantity>10.601</quantity>
              </Point>
          </Period>
          <Period>
            <timeInterval>
              <start>2026-02-16T17:30Z</start>
              <end>2026-02-16T17:45Z</end>
            </timeInterval>
            <resolution>PT15M</resolution>
              <Point>
                <position>1</position>
                <quantity>9.671</quantity>
              </Point>
          </Period>
          <Period>
            <timeInterval>
              <start>2026-02-16T18:00Z</start>
              <end>2026-02-16T19:45Z</end>
            </timeInterval>
            <resolution>PT15M</resolution>
              <Point>
                <position>1</position>
                <quantity>20.608</quantity>
              </Point>
              <Point>
                <position>2</position>
                <quantity>14.611</quantity>
              </Point>
              <Point>
                <position>3</position>
                <quantity>46.697</quantity>
              </Point>
              <Point>
                <position>4</position>
                <quantity>46.272</quantity>
              </Point>
              <Point>
                <position>5</position>
                <quantity>50.831</quantity>
              </Point>
              <Point>
                <position>6</position>
                <quantity>33.134</quantity>
              </Point>
              <Point>
                <position>7</position>
                <quantity>40.36</quantity>
              </Point>
          </Period>
          <Period>
            <timeInterval>
              <start>2026-02-16T21:15Z</start>
              <end>2026-02-16T21:45Z</end>
            </timeInterval>
            <resolution>PT15M</resolution>
              <Point>
                <position>1</position>
                <quantity>22.815</quantity>
              </Point>
              <Point>
                <position>2</position>
                <quantity>24.72</quantity>
              </Point>
          </Period>
          <Period>
            <timeInterval>
              <start>2026-02-16T22:00Z</start>
              <end>2026-02-17T06:15Z</end>
            </timeInterval>
            <resolution>PT15M</resolution>
              <Point>
                <position>1</position>
                <quantity>60.216</quantity>
              </Point>
              <Point>
                <position>2</position>
                <quantity>52.495</quantity>
              </Point>
              <Point>
                <position>3</position>
                <quantity>45.665</quantity>
              </Point>
              <Point>
                <position>4</position>
                <quantity>30.46</quantity>
              </Point>
              <Point>
                <position>5</position>
                <quantity>18.684</quantity>
              </Point>
              <Point>
                <position>6</position>
                <quantity>41.51</quantity>
              </Point>
              <Point>
                <position>7</position>
                <quantity>50.586</quantity>
              </Point>
              <Point>
                <position>8</position>
                <quantity>49.329</quantity>
              </Point>
              <Point>
                <position>9</position>
                <quantity>44.534</quantity>
              </Point>
              <Point>
                <position>10</position>
                <quantity>53.741</quantity>
              </Point>
              <Point>
                <position>11</position>
                <quantity>38.394</quantity>
              </Point>
              <Point>
                <position>12</position>
                <quantity>34.768</quantity>
              </Point>
              <Point>
                <position>13</position>
                <quantity>56.729</quantity>
              </Point>
              <Point>
                <position>14</position>
                <quantity>76.905</quantity>
              </Point>
              <Point>
                <position>15</position>
                <quantity>100.529</quantity>
              </Point>
              <Point>
                <position>16</position>
                <quantity>89.993</quantity>
              </Point>
              <Point>
                <position>17</position>
                <quantity>73.231</quantity>
              </Point>
              <Point>
                <position>18</position>
                <quantity>81.944</quantity>
              </Point>
              <Point>
                <position>19</position>
                <quantity>84.123</quantity>
              </Point>
              <Point>
                <position>20</position>
                <quantity>85.031</quantity>
              </Point>
              <Point>
                <position>21</position>
                <quantity>96.56</quantity>
              </Point>
              <Point>
                <position>22</position>
                <quantity>141.228</quantity>
              </Point>
              <Point>
                <position>23</position>
                <quantity>132.666</quantity>
              </Point>
              <Point>
                <position>24</position>
                <quantity>68.671</quantity>
              </Point>
              <Point>
                <position>25</position>
                <quantity>29.427</quantity>
              </Point>
              <Point>
                <position>26</position>
                <quantity>33.839</quantity>
              </Point>
              <Point>
                <position>27</position>
                <quantity>61.326</quantity>
              </Point>
              <Point>
                <position>28</position>
                <quantity>60.959</quantity>
              </Point>
              <Point>
                <position>29</position>
                <quantity>19.256</quantity>
              </Point>
              <Point>
                <position>30</position>
                <quantity>28.987</quantity>
              </Point>
              <Point>
                <position>31</position>
                <quantity>62.361</quantity>
              </Point>
              <Point>
                <position>32</position>
                <quantity>75.539</quantity>
              </Point>
              <Point>
                <position>33</position>
                <quantity>74.825</quantity>
              </Point>
          </Period>
      </TimeSeries>
  </Balancing_MarketDocument>