<?xml version="1.0" encoding="UTF-8"?>
<Balancing_MarketDocument xmlns="urn:iec62325.351:tc57wg16:451-6:balancingdocument:3:0">
	<mRID>b06b023c26e842429575ffed3502085b</mRID>
	<revisionNumber>1</revisionNumber>
	<type>A86</type>
	<process.processType>A16</process.processType>
	<sender_MarketParticipant.mRID codingScheme="A01">10X1001A1001A450</sender_MarketParticipant.mRID>
	<sender_MarketParticipant.marketRole.type>A32</sender_MarketParticipant.marketRole.type>
	<receiver_MarketParticipant.mRID codingScheme="A01">10X1001A1001A450</receiver_MarketParticipant.mRID>
	<receiver_MarketParticipant.marketRole.type>A33</receiver_MarketParticipant.marketRole.type>
	<createdDateTime>2025-05-20T08:05:24Z</createdDateTime>
	<docStatus><value>X01</value></docStatus>
	<controlArea_Domain.mRID codingScheme="A01">10YRO-TEL------P</controlArea_Domain.mRID>
	<period.timeInterval>
		<start>2025-05-18T23:00Z</start>
		<end>2025-05-20T07:45Z</end>
	</period.timeInterval>
	<TimeSeries>
		<mRID>1</mRID>
		<businessType>A19</businessType>
		<flowDirection.direction>A02</flowDirection.direction>
		<quantity_Measure_Unit.name>MWH</quantity_Measure_Unit.name>
		<curveType>A01</curveType>
		<Period>
			<timeInterval>
				<start>2025-05-18T23:00Z</start>
				<end>2025-05-19T00:15Z</end>
			</timeInterval>
			<resolution>PT15M</resolution>
			<Point>
				<position>1</position>
				<quantity>35</quantity>
			</Point>
			<Point>
				<position>2</position>
				<quantity>41</quantity>
			</Point>
			<Point>
				<position>3</position>
				<quantity>39</quantity>
			</Point>
			<Point>
				<position>4</position>
				<quantity>33</quantity>
			</Point>
			<Point>
				<position>5</position>
				<quantity>34</quantity>
			</Point>
		</Period>
		<Period>
			<timeInterval>
				<start>2025-05-19T01:30Z</start>
				<end>2025-05-19T03:00Z</end>
			</timeInterval>
			<resolution>PT15M</resolution>
			<Point>
				<position>1</position>
				<quantity>12</quantity>
			</Point>
			<Point>
				<position>2</position>
				<quantity>19</quantity>
			</Point>
			<Point>
				<position>3</position>
				<quantity>7</quantity>
			</Point>
			<Point>
				<position>4</position>
				<quantity>25</quantity>
			</Point>
			<Point>
				<position>5</position>
				<quantity>4</quantity>
			</Point>
			<Point>
				<position>6</position>
				<quantity>1</quantity>
			</Point>
		</Period>
		<Period>
			<timeInterval>
				<start>2025-05-19T07:30Z</start>
				<end>2025-05-19T09:30Z</end>
			</timeInterval>
			<resolution>PT15M</resolution>
			<Point>
				<position>1</position>
				<quantity>29</quantity>
			</Point>
			<Point>
				<position>2</position>
				<quantity>6</quantity>
			</Point>
			<Point>
				<position>3</position>
				<quantity>6</quantity>
			</Point>
			<Point>
				<position>4</position>
				<quantity>80</quantity>
			</Point>
			<Point>
				<position>5</position>
				<quantity>86</quantity>
			</Point>
			<Point>
				<position>6</position>
				<quantity>65</quantity>
			</Point>
			<Point>
				<position>7</position>
				<quantity>63</quantity>
			</Point>
			<Point>
				<position>8</position>
				<quantity>120</quantity>
			</Point>
		</Period>
		<Period>
			<timeInterval>
				<start>2025-05-19T11:00Z</start>
				<end>2025-05-19T11:30Z</end>
			</timeInterval>
			<resolution>PT15M</resolution>
			<Point>
				<position>1</position>
				<quantity>11</quantity>
			</Point>
			<Point>
				<position>2</position>
				<quantity>4</quantity>
			</Point>
		</Period>
		<Period>
			<timeInterval>
				<start>2025-05-19T12:15Z</start>
				<end>2025-05-19T14:15Z</end>
			</timeInterval>
			<resolution>PT15M</resolution>
			<Point>
				<position>1</position>
				<quantity>1</quantity>
			</Point>
			<Point>
				<position>2</position>
				<quantity>0</quantity>
			</Point>
			<Point>
				<position>3</position>
				<quantity>6</quantity>
			</Point>
			<Point>
				<position>4</position>
				<quantity>5</quantity>
			</Point>
			<Point>
				<position>5</position>
				<quantity>56</quantity>
			</Point>
			<Point>
				<position>6</position>
				<quantity>42</quantity>
			</Point>
			<Point>
				<position>7</position>
				<quantity>38</quantity>
			</Point>
			<Point>
				<position>8</position>
				<quantity>27</quantity>
			</Point>
		</Period>
		<Period>
			<timeInterval>
				<start>2025-05-19T14:30Z</start>
				<end>2025-05-19T15:00Z</end>
			</timeInterval>
			<resolution>PT15M</resolution>
			<Point>
				<position>1</position>
				<quantity>0</quantity>
			</Point>
			<Point>
				<position>2</position>
				<quantity>4</quantity>
			</Point>
		</Period>
		<Period>
			<timeInterval>
				<start>2025-05-19T15:45Z</start>
				<end>2025-05-19T16:00Z</end>
			</timeInterval>
			<resolution>PT15M</resolution>
			<Point>
				<position>1</position>
				<quantity>18</quantity>
			</Point>
		</Period>
		<Period>
			<timeInterval>
				<start>2025-05-19T17:00Z</start>
				<end>2025-05-19T18:45Z</end>
			</timeInterval>
			<resolution>PT15M</resolution>
			<Point>
				<position>1</position>
				<quantity>64</quantity>
			</Point>
			<Point>
				<position>2</position>
				<quantity>110</quantity>
			</Point>
			<Point>
				<position>3</position>
				<quantity>156</quantity>
			</Point>
			<Point>
				<position>4</position>
				<quantity>191</quantity>
			</Point>
			<Point>
				<position>5</position>
				<quantity>83</quantity>
			</Point>
			<Point>
				<position>6</position>
				<quantity>50</quantity>
			</Point>
			<Point>
				<position>7</position>
				<quantity>7</quantity>
			</Point>
		</Period>
		<Period>
			<timeInterval>
				<start>2025-05-19T19:30Z</start>
				<end>2025-05-19T19:45Z</end>
			</timeInterval>
			<resolution>PT15M</resolution>
			<Point>
				<position>1</position>
				<quantity>2</quantity>
			</Point>
		</Period>
		<Period>
			<timeInterval>
				<start>2025-05-19T20:00Z</start>
				<end>2025-05-19T20:15Z</end>
			</timeInterval>
			<resolution>PT15M</resolution>
			<Point>
				<position>1</position>
				<quantity>13</quantity>
			</Point>
		</Period>
		<Period>
			<timeInterval>
				<start>2025-05-19T21:45Z</start>
				<end>2025-05-19T23:00Z</end>
			</timeInterval>
			<resolution>PT15M</resolution>
			<Point>
				<position>1</position>
				<quantity>7</quantity>
			</Point>
			<Point>
				<position>2</position>
				<quantity>5</quantity>
			</Point>
			<Point>
				<position>3</position>
				<quantity>6</quantity>
			</Point>
			<Point>
				<position>4</position>
				<quantity>12</quantity>
			</Point>
			<Point>
				<position>5</position>
				<quantity>1</quantity>
			</Point>
		</Period>
		<Period>
			<timeInterval>
				<start>2025-05-20T02:15Z</start>
				<end>2025-05-20T03:00Z</end>
			</timeInterval>
			<resolution>PT15M</resolution>
			<Point>
				<position>1</position>
				<quantity>13</quantity>
			</Point>
			<Point>
				<position>2</position>
				<quantity>10</quantity>
			</Point>
			<Point>
				<position>3</position>
				<quantity>3</quantity>
			</Point>
		</Period>
		<Period>
			<timeInterval>
				<start>2025-05-20T03:15Z</start>
				<end>2025-05-20T06:30Z</end>
			</timeInterval>
			<resolution>PT15M</resolution>
			<Point>
				<position>1</position>
				<quantity>6</quantity>
			</Point>
			<Point>
				<position>2</position>
				<quantity>24</quantity>
			</Point>
			<Point>
				<position>3</position>
				<quantity>13</quantity>
			</Point>
			<Point>
				<position>4</position>
				<quantity>3</quantity>
			</Point>
			<Point>
				<position>5</position>
				<quantity>78</quantity>
			</Point>
			<Point>
				<position>6</position>
				<quantity>60</quantity>
			</Point>
			<Point>
				<position>7</position>
				<quantity>48</quantity>
			</Point>
			<Point>
				<position>8</position>
				<quantity>59</quantity>
			</Point>
			<Point>
				<position>9</position>
				<quantity>62</quantity>
			</Point>
			<Point>
				<position>10</position>
				<quantity>48</quantity>
			</Point>
			<Point>
				<position>11</position>
				<quantity>29</quantity>
			</Point>
			<Point>
				<position>12</position>
				<quantity>52</quantity>
			</Point>
			<Point>
				<position>13</position>
				<quantity>63</quantity>
			</Point>
		</Period>
	</TimeSeries>
	<TimeSeries>
		<mRID>2</mRID>
		<businessType>A19</businessType>
		<flowDirection.direction>A01</flowDirection.direction>
		<quantity_Measure_Unit.name>MWH</quantity_Measure_Unit.name>
		<curveType>A01</curveType>
		<Period>
			<timeInterval>
				<start>2025-05-19T00:15Z</start>
				<end>2025-05-19T01:30Z</end>
			</timeInterval>
			<resolution>PT15M</resolution>
			<Point>
				<position>1</position>
				<quantity>3</quantity>
			</Point>
			<Point>
				<position>2</position>
				<quantity>6</quantity>
			</Point>
			<Point>
				<position>3</position>
				<quantity>13</quantity>
			</Point>
			<Point>
				<position>4</position>
				<quantity>2</quantity>
			</Point>
			<Point>
				<position>5</position>
				<quantity>2</quantity>
			</Point>
		</Period>
		<Period>
			<timeInterval>
				<start>2025-05-19T03:00Z</start>
				<end>2025-05-19T07:30Z</end>
			</timeInterval>
			<resolution>PT15M</resolution>
			<Point>
				<position>1</position>
				<quantity>14</quantity>
			</Point>
			<Point>
				<position>2</position>
				<quantity>1</quantity>
			</Point>
			<Point>
				<position>3</position>
				<quantity>3</quantity>
			</Point>
			<Point>
				<position>4</position>
				<quantity>2</quantity>
			</Point>
			<Point>
				<position>5</position>
				<quantity>18</quantity>
			</Point>
			<Point>
				<position>6</position>
				<quantity>0</quantity>
			</Point>
			<Point>
				<position>7</position>
				<quantity>10</quantity>
			</Point>
			<Point>
				<position>8</position>
				<quantity>26</quantity>
			</Point>
			<Point>
				<position>9</position>
				<quantity>29</quantity>
			</Point>
			<Point>
				<position>10</position>
				<quantity>19</quantity>
			</Point>
			<Point>
				<position>11</position>
				<quantity>26</quantity>
			</Point>
			<Point>
				<position>12</position>
				<quantity>36</quantity>
			</Point>
			<Point>
				<position>13</position>
				<quantity>23</quantity>
			</Point>
			<Point>
				<position>14</position>
				<quantity>23</quantity>
			</Point>
			<Point>
				<position>15</position>
				<quantity>34</quantity>
			</Point>
			<Point>
				<position>16</position>
				<quantity>61</quantity>
			</Point>
			<Point>
				<position>17</position>
				<quantity>55</quantity>
			</Point>
			<Point>
				<position>18</position>
				<quantity>24</quantity>
			</Point>
		</Period>
		<Period>
			<timeInterval>
				<start>2025-05-19T09:30Z</start>
				<end>2025-05-19T11:00Z</end>
			</timeInterval>
			<resolution>PT15M</resolution>
			<Point>
				<position>1</position>
				<quantity>15</quantity>
			</Point>
			<Point>
				<position>2</position>
				<quantity>6</quantity>
			</Point>
			<Point>
				<position>3</position>
				<quantity>28</quantity>
			</Point>
			<Point>
				<position>4</position>
				<quantity>14</quantity>
			</Point>
			<Point>
				<position>5</position>
				<quantity>1</quantity>
			</Point>
			<Point>
				<position>6</position>
				<quantity>2</quantity>
			</Point>
		</Period>
		<Period>
			<timeInterval>
				<start>2025-05-19T11:30Z</start>
				<end>2025-05-19T12:15Z</end>
			</timeInterval>
			<resolution>PT15M</resolution>
			<Point>
				<position>1</position>
				<quantity>3</quantity>
			</Point>
			<Point>
				<position>2</position>
				<quantity>6</quantity>
			</Point>
			<Point>
				<position>3</position>
				<quantity>6</quantity>
			</Point>
		</Period>
		<Period>
			<timeInterval>
				<start>2025-05-19T14:15Z</start>
				<end>2025-05-19T14:30Z</end>
			</timeInterval>
			<resolution>PT15M</resolution>
			<Point>
				<position>1</position>
				<quantity>12</quantity>
			</Point>
		</Period>
		<Period>
			<timeInterval>
				<start>2025-05-19T15:00Z</start>
				<end>2025-05-19T15:45Z</end>
			</timeInterval>
			<resolution>PT15M</resolution>
			<Point>
				<position>1</position>
				<quantity>20</quantity>
			</Point>
			<Point>
				<position>2</position>
				<quantity>5</quantity>
			</Point>
			<Point>
				<position>3</position>
				<quantity>6</quantity>
			</Point>
		</Period>
		<Period>
			<timeInterval>
				<start>2025-05-19T16:00Z</start>
				<end>2025-05-19T17:00Z</end>
			</timeInterval>
			<resolution>PT15M</resolution>
			<Point>
				<position>1</position>
				<quantity>27</quantity>
			</Point>
			<Point>
				<position>2</position>
				<quantity>19</quantity>
			</Point>
			<Point>
				<position>3</position>
				<quantity>2</quantity>
			</Point>
			<Point>
				<position>4</position>
				<quantity>33</quantity>
			</Point>
		</Period>
		<Period>
			<timeInterval>
				<start>2025-05-19T18:45Z</start>
				<end>2025-05-19T19:30Z</end>
			</timeInterval>
			<resolution>PT15M</resolution>
			<Point>
				<position>1</position>
				<quantity>22</quantity>
			</Point>
			<Point>
				<position>2</position>
				<quantity>7</quantity>
			</Point>
			<Point>
				<position>3</position>
				<quantity>2</quantity>
			</Point>
		</Period>
		<Period>
			<timeInterval>
				<start>2025-05-19T19:45Z</start>
				<end>2025-05-19T20:00Z</end>
			</timeInterval>
			<resolution>PT15M</resolution>
			<Point>
				<position>1</position>
				<quantity>2</quantity>
			</Point>
		</Period>
		<Period>
			<timeInterval>
				<start>2025-05-19T20:15Z</start>
				<end>2025-05-19T21:45Z</end>
			</timeInterval>
			<resolution>PT15M</resolution>
			<Point>
				<position>1</position>
				<quantity>3</quantity>
			</Point>
			<Point>
				<position>2</position>
				<quantity>34</quantity>
			</Point>
			<Point>
				<position>3</position>
				<quantity>17</quantity>
			</Point>
			<Point>
				<position>4</position>
				<quantity>5</quantity>
			</Point>
			<Point>
				<position>5</position>
				<quantity>1</quantity>
			</Point>
			<Point>
				<position>6</position>
				<quantity>3</quantity>
			</Point>
		</Period>
		<Period>
			<timeInterval>
				<start>2025-05-19T23:00Z</start>
				<end>2025-05-20T02:15Z</end>
			</timeInterval>
			<resolution>PT15M</resolution>
			<Point>
				<position>1</position>
				<quantity>0</quantity>
			</Point>
			<Point>
				<position>2</position>
				<quantity>12</quantity>
			</Point>
			<Point>
				<position>3</position>
				<quantity>41</quantity>
			</Point>
			<Point>
				<position>4</position>
				<quantity>58</quantity>
			</Point>
			<Point>
				<position>5</position>
				<quantity>49</quantity>
			</Point>
			<Point>
				<position>6</position>
				<quantity>52</quantity>
			</Point>
			<Point>
				<position>7</position>
				<quantity>49</quantity>
			</Point>
			<Point>
				<position>8</position>
				<quantity>27</quantity>
			</Point>
			<Point>
				<position>9</position>
				<quantity>30</quantity>
			</Point>
			<Point>
				<position>10</position>
				<quantity>25</quantity>
			</Point>
			<Point>
				<position>11</position>
				<quantity>22</quantity>
			</Point>
			<Point>
				<position>12</position>
				<quantity>18</quantity>
			</Point>
			<Point>
				<position>13</position>
				<quantity>3</quantity>
			</Point>
		</Period>
		<Period>
			<timeInterval>
				<start>2025-05-20T03:00Z</start>
				<end>2025-05-20T03:15Z</end>
			</timeInterval>
			<resolution>PT15M</resolution>
			<Point>
				<position>1</position>
				<quantity>0</quantity>
			</Point>
		</Period>
		<Period>
			<timeInterval>
				<start>2025-05-20T06:30Z</start>
				<end>2025-05-20T07:45Z</end>
			</timeInterval>
			<resolution>PT15M</resolution>
			<Point>
				<position>1</position>
				<quantity>4</quantity>
			</Point>
			<Point>
				<position>2</position>
				<quantity>54</quantity>
			</Point>
			<Point>
				<position>3</position>
				<quantity>72</quantity>
			</Point>
			<Point>
				<position>4</position>
				<quantity>103</quantity>
			</Point>
			<Point>
				<position>5</position>
				<quantity>116</quantity>
			</Point>
		</Period>
	</TimeSeries>
</Balancing_MarketDocument>
