<?xml version="1.0" encoding="UTF-8"?>
<Balancing_MarketDocument xmlns="urn:iec62325.351:tc57wg16:451-6:balancingdocument:3:0">
	<mRID>2146e1e04ff74f6da8b72d047593f4d1</mRID>
	<revisionNumber>1</revisionNumber>
	<type>A86</type>
	<process.processType>A16</process.processType>
	<sender_MarketParticipant.mRID codingScheme="A01">10X1001A1001A450</sender_MarketParticipant.mRID>
	<sender_MarketParticipant.marketRole.type>A32</sender_MarketParticipant.marketRole.type>
	<receiver_MarketParticipant.mRID codingScheme="A01">10X1001A1001A450</receiver_MarketParticipant.mRID>
	<receiver_MarketParticipant.marketRole.type>A33</receiver_MarketParticipant.marketRole.type>
	<createdDateTime>2025-07-21T07:49:07Z</createdDateTime>
	<controlArea_Domain.mRID codingScheme="A01">10YRO-TEL------P</controlArea_Domain.mRID>
	<period.timeInterval>
		<start>2025-07-12T23:00Z</start>
		<end>2025-07-21T07:30Z</end>
	</period.timeInterval>
	<TimeSeries>
		<mRID>1</mRID>
		<businessType>A19</businessType>
		<flowDirection.direction>A01</flowDirection.direction>
		<quantity_Measure_Unit.name>MWH</quantity_Measure_Unit.name>
		<curveType>A01</curveType>
		<Period>
			<timeInterval>
				<start>2025-07-12T23:00Z</start>
				<end>2025-07-13T02:00Z</end>
			</timeInterval>
			<resolution>PT15M</resolution>
			<Point>
				<position>1</position>
				<quantity>28</quantity>
			</Point>
			<Point>
				<position>2</position>
				<quantity>55</quantity>
			</Point>
			<Point>
				<position>3</position>
				<quantity>45</quantity>
			</Point>
			<Point>
				<position>4</position>
				<quantity>15</quantity>
			</Point>
			<Point>
				<position>5</position>
				<quantity>43</quantity>
			</Point>
			<Point>
				<position>6</position>
				<quantity>15</quantity>
			</Point>
			<Point>
				<position>7</position>
				<quantity>33</quantity>
			</Point>
			<Point>
				<position>8</position>
				<quantity>47</quantity>
			</Point>
			<Point>
				<position>9</position>
				<quantity>23</quantity>
			</Point>
			<Point>
				<position>10</position>
				<quantity>16</quantity>
			</Point>
			<Point>
				<position>11</position>
				<quantity>43</quantity>
			</Point>
			<Point>
				<position>12</position>
				<quantity>33</quantity>
			</Point>
		</Period>
		<Period>
			<timeInterval>
				<start>2025-07-13T02:15Z</start>
				<end>2025-07-13T05:00Z</end>
			</timeInterval>
			<resolution>PT15M</resolution>
			<Point>
				<position>1</position>
				<quantity>29</quantity>
			</Point>
			<Point>
				<position>2</position>
				<quantity>54</quantity>
			</Point>
			<Point>
				<position>3</position>
				<quantity>45</quantity>
			</Point>
			<Point>
				<position>4</position>
				<quantity>9</quantity>
			</Point>
			<Point>
				<position>5</position>
				<quantity>12</quantity>
			</Point>
			<Point>
				<position>6</position>
				<quantity>27</quantity>
			</Point>
			<Point>
				<position>7</position>
				<quantity>39</quantity>
			</Point>
			<Point>
				<position>8</position>
				<quantity>17</quantity>
			</Point>
			<Point>
				<position>9</position>
				<quantity>32</quantity>
			</Point>
			<Point>
				<position>10</position>
				<quantity>46</quantity>
			</Point>
			<Point>
				<position>11</position>
				<quantity>60</quantity>
			</Point>
		</Period>
		<Period>
			<timeInterval>
				<start>2025-07-13T05:30Z</start>
				<end>2025-07-13T06:00Z</end>
			</timeInterval>
			<resolution>PT15M</resolution>
			<Point>
				<position>1</position>
				<quantity>28</quantity>
			</Point>
			<Point>
				<position>2</position>
				<quantity>30</quantity>
			</Point>
		</Period>
		<Period>
			<timeInterval>
				<start>2025-07-13T06:45Z</start>
				<end>2025-07-13T07:00Z</end>
			</timeInterval>
			<resolution>PT15M</resolution>
			<Point>
				<position>1</position>
				<quantity>11</quantity>
			</Point>
		</Period>
		<Period>
			<timeInterval>
				<start>2025-07-13T07:30Z</start>
				<end>2025-07-13T10:15Z</end>
			</timeInterval>
			<resolution>PT15M</resolution>
			<Point>
				<position>1</position>
				<quantity>11</quantity>
			</Point>
			<Point>
				<position>2</position>
				<quantity>5</quantity>
			</Point>
			<Point>
				<position>3</position>
				<quantity>15</quantity>
			</Point>
			<Point>
				<position>4</position>
				<quantity>15</quantity>
			</Point>
			<Point>
				<position>5</position>
				<quantity>4</quantity>
			</Point>
			<Point>
				<position>6</position>
				<quantity>14</quantity>
			</Point>
			<Point>
				<position>7</position>
				<quantity>25</quantity>
			</Point>
			<Point>
				<position>8</position>
				<quantity>56</quantity>
			</Point>
			<Point>
				<position>9</position>
				<quantity>15</quantity>
			</Point>
			<Point>
				<position>10</position>
				<quantity>18</quantity>
			</Point>
			<Point>
				<position>11</position>
				<quantity>14</quantity>
			</Point>
		</Period>
		<Period>
			<timeInterval>
				<start>2025-07-13T10:30Z</start>
				<end>2025-07-13T11:30Z</end>
			</timeInterval>
			<resolution>PT15M</resolution>
			<Point>
				<position>1</position>
				<quantity>12</quantity>
			</Point>
			<Point>
				<position>2</position>
				<quantity>28</quantity>
			</Point>
			<Point>
				<position>3</position>
				<quantity>47</quantity>
			</Point>
			<Point>
				<position>4</position>
				<quantity>21</quantity>
			</Point>
		</Period>
		<Period>
			<timeInterval>
				<start>2025-07-13T12:00Z</start>
				<end>2025-07-13T12:45Z</end>
			</timeInterval>
			<resolution>PT15M</resolution>
			<Point>
				<position>1</position>
				<quantity>35</quantity>
			</Point>
			<Point>
				<position>2</position>
				<quantity>28</quantity>
			</Point>
			<Point>
				<position>3</position>
				<quantity>3</quantity>
			</Point>
		</Period>
		<Period>
			<timeInterval>
				<start>2025-07-13T15:00Z</start>
				<end>2025-07-13T16:45Z</end>
			</timeInterval>
			<resolution>PT15M</resolution>
			<Point>
				<position>1</position>
				<quantity>41</quantity>
			</Point>
			<Point>
				<position>2</position>
				<quantity>62</quantity>
			</Point>
			<Point>
				<position>3</position>
				<quantity>80</quantity>
			</Point>
			<Point>
				<position>4</position>
				<quantity>10</quantity>
			</Point>
			<Point>
				<position>5</position>
				<quantity>78</quantity>
			</Point>
			<Point>
				<position>6</position>
				<quantity>64</quantity>
			</Point>
			<Point>
				<position>7</position>
				<quantity>26</quantity>
			</Point>
		</Period>
		<Period>
			<timeInterval>
				<start>2025-07-13T17:00Z</start>
				<end>2025-07-13T20:15Z</end>
			</timeInterval>
			<resolution>PT15M</resolution>
			<Point>
				<position>1</position>
				<quantity>64</quantity>
			</Point>
			<Point>
				<position>2</position>
				<quantity>56</quantity>
			</Point>
			<Point>
				<position>3</position>
				<quantity>45</quantity>
			</Point>
			<Point>
				<position>4</position>
				<quantity>41</quantity>
			</Point>
			<Point>
				<position>5</position>
				<quantity>31</quantity>
			</Point>
			<Point>
				<position>6</position>
				<quantity>41</quantity>
			</Point>
			<Point>
				<position>7</position>
				<quantity>32</quantity>
			</Point>
			<Point>
				<position>8</position>
				<quantity>33</quantity>
			</Point>
			<Point>
				<position>9</position>
				<quantity>17</quantity>
			</Point>
			<Point>
				<position>10</position>
				<quantity>34</quantity>
			</Point>
			<Point>
				<position>11</position>
				<quantity>47</quantity>
			</Point>
			<Point>
				<position>12</position>
				<quantity>38</quantity>
			</Point>
			<Point>
				<position>13</position>
				<quantity>37</quantity>
			</Point>
		</Period>
		<Period>
			<timeInterval>
				<start>2025-07-13T20:30Z</start>
				<end>2025-07-13T21:00Z</end>
			</timeInterval>
			<resolution>PT15M</resolution>
			<Point>
				<position>1</position>
				<quantity>6</quantity>
			</Point>
			<Point>
				<position>2</position>
				<quantity>32</quantity>
			</Point>
		</Period>
		<Period>
			<timeInterval>
				<start>2025-07-13T21:45Z</start>
				<end>2025-07-14T00:45Z</end>
			</timeInterval>
			<resolution>PT15M</resolution>
			<Point>
				<position>1</position>
				<quantity>9</quantity>
			</Point>
			<Point>
				<position>2</position>
				<quantity>50</quantity>
			</Point>
			<Point>
				<position>3</position>
				<quantity>19</quantity>
			</Point>
			<Point>
				<position>4</position>
				<quantity>35</quantity>
			</Point>
			<Point>
				<position>5</position>
				<quantity>64</quantity>
			</Point>
			<Point>
				<position>6</position>
				<quantity>56</quantity>
			</Point>
			<Point>
				<position>7</position>
				<quantity>19</quantity>
			</Point>
			<Point>
				<position>8</position>
				<quantity>16</quantity>
			</Point>
			<Point>
				<position>9</position>
				<quantity>20</quantity>
			</Point>
			<Point>
				<position>10</position>
				<quantity>38</quantity>
			</Point>
			<Point>
				<position>11</position>
				<quantity>5</quantity>
			</Point>
			<Point>
				<position>12</position>
				<quantity>1</quantity>
			</Point>
		</Period>
		<Period>
			<timeInterval>
				<start>2025-07-14T01:00Z</start>
				<end>2025-07-14T01:15Z</end>
			</timeInterval>
			<resolution>PT15M</resolution>
			<Point>
				<position>1</position>
				<quantity>16</quantity>
			</Point>
		</Period>
		<Period>
			<timeInterval>
				<start>2025-07-14T02:00Z</start>
				<end>2025-07-14T03:15Z</end>
			</timeInterval>
			<resolution>PT15M</resolution>
			<Point>
				<position>1</position>
				<quantity>8</quantity>
			</Point>
			<Point>
				<position>2</position>
				<quantity>2</quantity>
			</Point>
			<Point>
				<position>3</position>
				<quantity>8</quantity>
			</Point>
			<Point>
				<position>4</position>
				<quantity>4</quantity>
			</Point>
			<Point>
				<position>5</position>
				<quantity>22</quantity>
			</Point>
		</Period>
		<Period>
			<timeInterval>
				<start>2025-07-14T04:00Z</start>
				<end>2025-07-14T06:15Z</end>
			</timeInterval>
			<resolution>PT15M</resolution>
			<Point>
				<position>1</position>
				<quantity>59</quantity>
			</Point>
			<Point>
				<position>2</position>
				<quantity>60</quantity>
			</Point>
			<Point>
				<position>3</position>
				<quantity>62</quantity>
			</Point>
			<Point>
				<position>4</position>
				<quantity>92</quantity>
			</Point>
			<Point>
				<position>5</position>
				<quantity>80</quantity>
			</Point>
			<Point>
				<position>6</position>
				<quantity>69</quantity>
			</Point>
			<Point>
				<position>7</position>
				<quantity>59</quantity>
			</Point>
			<Point>
				<position>8</position>
				<quantity>79</quantity>
			</Point>
			<Point>
				<position>9</position>
				<quantity>8</quantity>
			</Point>
		</Period>
		<Period>
			<timeInterval>
				<start>2025-07-14T08:30Z</start>
				<end>2025-07-14T13:15Z</end>
			</timeInterval>
			<resolution>PT15M</resolution>
			<Point>
				<position>1</position>
				<quantity>2</quantity>
			</Point>
			<Point>
				<position>2</position>
				<quantity>2</quantity>
			</Point>
			<Point>
				<position>3</position>
				<quantity>24</quantity>
			</Point>
			<Point>
				<position>4</position>
				<quantity>38</quantity>
			</Point>
			<Point>
				<position>5</position>
				<quantity>15</quantity>
			</Point>
			<Point>
				<position>6</position>
				<quantity>5</quantity>
			</Point>
			<Point>
				<position>7</position>
				<quantity>14</quantity>
			</Point>
			<Point>
				<position>8</position>
				<quantity>14</quantity>
			</Point>
			<Point>
				<position>9</position>
				<quantity>47</quantity>
			</Point>
			<Point>
				<position>10</position>
				<quantity>65</quantity>
			</Point>
			<Point>
				<position>11</position>
				<quantity>43</quantity>
			</Point>
			<Point>
				<position>12</position>
				<quantity>25</quantity>
			</Point>
			<Point>
				<position>13</position>
				<quantity>56</quantity>
			</Point>
			<Point>
				<position>14</position>
				<quantity>38</quantity>
			</Point>
			<Point>
				<position>15</position>
				<quantity>35</quantity>
			</Point>
			<Point>
				<position>16</position>
				<quantity>27</quantity>
			</Point>
			<Point>
				<position>17</position>
				<quantity>37</quantity>
			</Point>
			<Point>
				<position>18</position>
				<quantity>26</quantity>
			</Point>
			<Point>
				<position>19</position>
				<quantity>17</quantity>
			</Point>
		</Period>
		<Period>
			<timeInterval>
				<start>2025-07-14T13:30Z</start>
				<end>2025-07-14T13:45Z</end>
			</timeInterval>
			<resolution>PT15M</resolution>
			<Point>
				<position>1</position>
				<quantity>10</quantity>
			</Point>
		</Period>
		<Period>
			<timeInterval>
				<start>2025-07-14T15:00Z</start>
				<end>2025-07-14T18:00Z</end>
			</timeInterval>
			<resolution>PT15M</resolution>
			<Point>
				<position>1</position>
				<quantity>72</quantity>
			</Point>
			<Point>
				<position>2</position>
				<quantity>52</quantity>
			</Point>
			<Point>
				<position>3</position>
				<quantity>29</quantity>
			</Point>
			<Point>
				<position>4</position>
				<quantity>68</quantity>
			</Point>
			<Point>
				<position>5</position>
				<quantity>106</quantity>
			</Point>
			<Point>
				<position>6</position>
				<quantity>158</quantity>
			</Point>
			<Point>
				<position>7</position>
				<quantity>150</quantity>
			</Point>
			<Point>
				<position>8</position>
				<quantity>80</quantity>
			</Point>
			<Point>
				<position>9</position>
				<quantity>74</quantity>
			</Point>
			<Point>
				<position>10</position>
				<quantity>77</quantity>
			</Point>
			<Point>
				<position>11</position>
				<quantity>70</quantity>
			</Point>
			<Point>
				<position>12</position>
				<quantity>40</quantity>
			</Point>
		</Period>
		<Period>
			<timeInterval>
				<start>2025-07-14T20:45Z</start>
				<end>2025-07-14T21:00Z</end>
			</timeInterval>
			<resolution>PT15M</resolution>
			<Point>
				<position>1</position>
				<quantity>1</quantity>
			</Point>
		</Period>
		<Period>
			<timeInterval>
				<start>2025-07-14T23:15Z</start>
				<end>2025-07-15T02:15Z</end>
			</timeInterval>
			<resolution>PT15M</resolution>
			<Point>
				<position>1</position>
				<quantity>12</quantity>
			</Point>
			<Point>
				<position>2</position>
				<quantity>40</quantity>
			</Point>
			<Point>
				<position>3</position>
				<quantity>18</quantity>
			</Point>
			<Point>
				<position>4</position>
				<quantity>40</quantity>
			</Point>
			<Point>
				<position>5</position>
				<quantity>31</quantity>
			</Point>
			<Point>
				<position>6</position>
				<quantity>17</quantity>
			</Point>
			<Point>
				<position>7</position>
				<quantity>16</quantity>
			</Point>
			<Point>
				<position>8</position>
				<quantity>24</quantity>
			</Point>
			<Point>
				<position>9</position>
				<quantity>34</quantity>
			</Point>
			<Point>
				<position>10</position>
				<quantity>19</quantity>
			</Point>
			<Point>
				<position>11</position>
				<quantity>15</quantity>
			</Point>
			<Point>
				<position>12</position>
				<quantity>11</quantity>
			</Point>
		</Period>
		<Period>
			<timeInterval>
				<start>2025-07-15T02:30Z</start>
				<end>2025-07-15T03:45Z</end>
			</timeInterval>
			<resolution>PT15M</resolution>
			<Point>
				<position>1</position>
				<quantity>18</quantity>
			</Point>
			<Point>
				<position>2</position>
				<quantity>31</quantity>
			</Point>
			<Point>
				<position>3</position>
				<quantity>13</quantity>
			</Point>
			<Point>
				<position>4</position>
				<quantity>10</quantity>
			</Point>
			<Point>
				<position>5</position>
				<quantity>16</quantity>
			</Point>
		</Period>
		<Period>
			<timeInterval>
				<start>2025-07-15T04:00Z</start>
				<end>2025-07-15T04:15Z</end>
			</timeInterval>
			<resolution>PT15M</resolution>
			<Point>
				<position>1</position>
				<quantity>25</quantity>
			</Point>
		</Period>
		<Period>
			<timeInterval>
				<start>2025-07-15T04:30Z</start>
				<end>2025-07-15T05:00Z</end>
			</timeInterval>
			<resolution>PT15M</resolution>
			<Point>
				<position>1</position>
				<quantity>6</quantity>
			</Point>
			<Point>
				<position>2</position>
				<quantity>17</quantity>
			</Point>
		</Period>
		<Period>
			<timeInterval>
				<start>2025-07-15T05:45Z</start>
				<end>2025-07-15T10:45Z</end>
			</timeInterval>
			<resolution>PT15M</resolution>
			<Point>
				<position>1</position>
				<quantity>41</quantity>
			</Point>
			<Point>
				<position>2</position>
				<quantity>37</quantity>
			</Point>
			<Point>
				<position>3</position>
				<quantity>38</quantity>
			</Point>
			<Point>
				<position>4</position>
				<quantity>28</quantity>
			</Point>
			<Point>
				<position>5</position>
				<quantity>17</quantity>
			</Point>
			<Point>
				<position>6</position>
				<quantity>61</quantity>
			</Point>
			<Point>
				<position>7</position>
				<quantity>19</quantity>
			</Point>
			<Point>
				<position>8</position>
				<quantity>57</quantity>
			</Point>
			<Point>
				<position>9</position>
				<quantity>111</quantity>
			</Point>
			<Point>
				<position>10</position>
				<quantity>131</quantity>
			</Point>
			<Point>
				<position>11</position>
				<quantity>133</quantity>
			</Point>
			<Point>
				<position>12</position>
				<quantity>155</quantity>
			</Point>
			<Point>
				<position>13</position>
				<quantity>100</quantity>
			</Point>
			<Point>
				<position>14</position>
				<quantity>85</quantity>
			</Point>
			<Point>
				<position>15</position>
				<quantity>65</quantity>
			</Point>
			<Point>
				<position>16</position>
				<quantity>138</quantity>
			</Point>
			<Point>
				<position>17</position>
				<quantity>77</quantity>
			</Point>
			<Point>
				<position>18</position>
				<quantity>87</quantity>
			</Point>
			<Point>
				<position>19</position>
				<quantity>27</quantity>
			</Point>
			<Point>
				<position>20</position>
				<quantity>11</quantity>
			</Point>
		</Period>
		<Period>
			<timeInterval>
				<start>2025-07-15T11:00Z</start>
				<end>2025-07-15T12:30Z</end>
			</timeInterval>
			<resolution>PT15M</resolution>
			<Point>
				<position>1</position>
				<quantity>18</quantity>
			</Point>
			<Point>
				<position>2</position>
				<quantity>51</quantity>
			</Point>
			<Point>
				<position>3</position>
				<quantity>2</quantity>
			</Point>
			<Point>
				<position>4</position>
				<quantity>31</quantity>
			</Point>
			<Point>
				<position>5</position>
				<quantity>23</quantity>
			</Point>
			<Point>
				<position>6</position>
				<quantity>14</quantity>
			</Point>
		</Period>
		<Period>
			<timeInterval>
				<start>2025-07-15T12:45Z</start>
				<end>2025-07-15T13:30Z</end>
			</timeInterval>
			<resolution>PT15M</resolution>
			<Point>
				<position>1</position>
				<quantity>20</quantity>
			</Point>
			<Point>
				<position>2</position>
				<quantity>67</quantity>
			</Point>
			<Point>
				<position>3</position>
				<quantity>23</quantity>
			</Point>
		</Period>
		<Period>
			<timeInterval>
				<start>2025-07-15T14:00Z</start>
				<end>2025-07-15T14:30Z</end>
			</timeInterval>
			<resolution>PT15M</resolution>
			<Point>
				<position>1</position>
				<quantity>1</quantity>
			</Point>
			<Point>
				<position>2</position>
				<quantity>10</quantity>
			</Point>
		</Period>
		<Period>
			<timeInterval>
				<start>2025-07-15T14:45Z</start>
				<end>2025-07-15T16:30Z</end>
			</timeInterval>
			<resolution>PT15M</resolution>
			<Point>
				<position>1</position>
				<quantity>75</quantity>
			</Point>
			<Point>
				<position>2</position>
				<quantity>58</quantity>
			</Point>
			<Point>
				<position>3</position>
				<quantity>59</quantity>
			</Point>
			<Point>
				<position>4</position>
				<quantity>89</quantity>
			</Point>
			<Point>
				<position>5</position>
				<quantity>105</quantity>
			</Point>
			<Point>
				<position>6</position>
				<quantity>51</quantity>
			</Point>
			<Point>
				<position>7</position>
				<quantity>11</quantity>
			</Point>
		</Period>
		<Period>
			<timeInterval>
				<start>2025-07-15T16:45Z</start>
				<end>2025-07-15T17:00Z</end>
			</timeInterval>
			<resolution>PT15M</resolution>
			<Point>
				<position>1</position>
				<quantity>17</quantity>
			</Point>
		</Period>
		<Period>
			<timeInterval>
				<start>2025-07-15T17:15Z</start>
				<end>2025-07-15T17:45Z</end>
			</timeInterval>
			<resolution>PT15M</resolution>
			<Point>
				<position>1</position>
				<quantity>28</quantity>
			</Point>
			<Point>
				<position>2</position>
				<quantity>45</quantity>
			</Point>
		</Period>
		<Period>
			<timeInterval>
				<start>2025-07-15T18:45Z</start>
				<end>2025-07-15T19:00Z</end>
			</timeInterval>
			<resolution>PT15M</resolution>
			<Point>
				<position>1</position>
				<quantity>23</quantity>
			</Point>
		</Period>
		<Period>
			<timeInterval>
				<start>2025-07-15T19:45Z</start>
				<end>2025-07-15T20:00Z</end>
			</timeInterval>
			<resolution>PT15M</resolution>
			<Point>
				<position>1</position>
				<quantity>21</quantity>
			</Point>
		</Period>
		<Period>
			<timeInterval>
				<start>2025-07-16T02:45Z</start>
				<end>2025-07-16T03:00Z</end>
			</timeInterval>
			<resolution>PT15M</resolution>
			<Point>
				<position>1</position>
				<quantity>3</quantity>
			</Point>
		</Period>
		<Period>
			<timeInterval>
				<start>2025-07-16T05:45Z</start>
				<end>2025-07-16T06:30Z</end>
			</timeInterval>
			<resolution>PT15M</resolution>
			<Point>
				<position>1</position>
				<quantity>17</quantity>
			</Point>
			<Point>
				<position>2</position>
				<quantity>12</quantity>
			</Point>
			<Point>
				<position>3</position>
				<quantity>19</quantity>
			</Point>
		</Period>
		<Period>
			<timeInterval>
				<start>2025-07-16T06:45Z</start>
				<end>2025-07-16T07:30Z</end>
			</timeInterval>
			<resolution>PT15M</resolution>
			<Point>
				<position>1</position>
				<quantity>2</quantity>
			</Point>
			<Point>
				<position>2</position>
				<quantity>18</quantity>
			</Point>
			<Point>
				<position>3</position>
				<quantity>15</quantity>
			</Point>
		</Period>
		<Period>
			<timeInterval>
				<start>2025-07-16T08:00Z</start>
				<end>2025-07-16T09:30Z</end>
			</timeInterval>
			<resolution>PT15M</resolution>
			<Point>
				<position>1</position>
				<quantity>46</quantity>
			</Point>
			<Point>
				<position>2</position>
				<quantity>8</quantity>
			</Point>
			<Point>
				<position>3</position>
				<quantity>11</quantity>
			</Point>
			<Point>
				<position>4</position>
				<quantity>17</quantity>
			</Point>
			<Point>
				<position>5</position>
				<quantity>25</quantity>
			</Point>
			<Point>
				<position>6</position>
				<quantity>17</quantity>
			</Point>
		</Period>
		<Period>
			<timeInterval>
				<start>2025-07-16T10:00Z</start>
				<end>2025-07-16T10:15Z</end>
			</timeInterval>
			<resolution>PT15M</resolution>
			<Point>
				<position>1</position>
				<quantity>1</quantity>
			</Point>
		</Period>
		<Period>
			<timeInterval>
				<start>2025-07-16T11:00Z</start>
				<end>2025-07-16T11:15Z</end>
			</timeInterval>
			<resolution>PT15M</resolution>
			<Point>
				<position>1</position>
				<quantity>4</quantity>
			</Point>
		</Period>
		<Period>
			<timeInterval>
				<start>2025-07-16T11:30Z</start>
				<end>2025-07-16T21:00Z</end>
			</timeInterval>
			<resolution>PT15M</resolution>
			<Point>
				<position>1</position>
				<quantity>19</quantity>
			</Point>
			<Point>
				<position>2</position>
				<quantity>31</quantity>
			</Point>
			<Point>
				<position>3</position>
				<quantity>44</quantity>
			</Point>
			<Point>
				<position>4</position>
				<quantity>91</quantity>
			</Point>
			<Point>
				<position>5</position>
				<quantity>101</quantity>
			</Point>
			<Point>
				<position>6</position>
				<quantity>142</quantity>
			</Point>
			<Point>
				<position>7</position>
				<quantity>130</quantity>
			</Point>
			<Point>
				<position>8</position>
				<quantity>152</quantity>
			</Point>
			<Point>
				<position>9</position>
				<quantity>142</quantity>
			</Point>
			<Point>
				<position>10</position>
				<quantity>74</quantity>
			</Point>
			<Point>
				<position>11</position>
				<quantity>59</quantity>
			</Point>
			<Point>
				<position>12</position>
				<quantity>49</quantity>
			</Point>
			<Point>
				<position>13</position>
				<quantity>53</quantity>
			</Point>
			<Point>
				<position>14</position>
				<quantity>31</quantity>
			</Point>
			<Point>
				<position>15</position>
				<quantity>45</quantity>
			</Point>
			<Point>
				<position>16</position>
				<quantity>102</quantity>
			</Point>
			<Point>
				<position>17</position>
				<quantity>125</quantity>
			</Point>
			<Point>
				<position>18</position>
				<quantity>171</quantity>
			</Point>
			<Point>
				<position>19</position>
				<quantity>110</quantity>
			</Point>
			<Point>
				<position>20</position>
				<quantity>135</quantity>
			</Point>
			<Point>
				<position>21</position>
				<quantity>173</quantity>
			</Point>
			<Point>
				<position>22</position>
				<quantity>224</quantity>
			</Point>
			<Point>
				<position>23</position>
				<quantity>204</quantity>
			</Point>
			<Point>
				<position>24</position>
				<quantity>194</quantity>
			</Point>
			<Point>
				<position>25</position>
				<quantity>202</quantity>
			</Point>
			<Point>
				<position>26</position>
				<quantity>166</quantity>
			</Point>
			<Point>
				<position>27</position>
				<quantity>114</quantity>
			</Point>
			<Point>
				<position>28</position>
				<quantity>89</quantity>
			</Point>
			<Point>
				<position>29</position>
				<quantity>50</quantity>
			</Point>
			<Point>
				<position>30</position>
				<quantity>73</quantity>
			</Point>
			<Point>
				<position>31</position>
				<quantity>1</quantity>
			</Point>
			<Point>
				<position>32</position>
				<quantity>8</quantity>
			</Point>
			<Point>
				<position>33</position>
				<quantity>17</quantity>
			</Point>
			<Point>
				<position>34</position>
				<quantity>51</quantity>
			</Point>
			<Point>
				<position>35</position>
				<quantity>78</quantity>
			</Point>
			<Point>
				<position>36</position>
				<quantity>47</quantity>
			</Point>
			<Point>
				<position>37</position>
				<quantity>75</quantity>
			</Point>
			<Point>
				<position>38</position>
				<quantity>21</quantity>
			</Point>
		</Period>
		<Period>
			<timeInterval>
				<start>2025-07-17T02:45Z</start>
				<end>2025-07-17T03:00Z</end>
			</timeInterval>
			<resolution>PT15M</resolution>
			<Point>
				<position>1</position>
				<quantity>3</quantity>
			</Point>
		</Period>
		<Period>
			<timeInterval>
				<start>2025-07-17T03:30Z</start>
				<end>2025-07-17T03:45Z</end>
			</timeInterval>
			<resolution>PT15M</resolution>
			<Point>
				<position>1</position>
				<quantity>6</quantity>
			</Point>
		</Period>
		<Period>
			<timeInterval>
				<start>2025-07-17T04:00Z</start>
				<end>2025-07-17T06:00Z</end>
			</timeInterval>
			<resolution>PT15M</resolution>
			<Point>
				<position>1</position>
				<quantity>37</quantity>
			</Point>
			<Point>
				<position>2</position>
				<quantity>76</quantity>
			</Point>
			<Point>
				<position>3</position>
				<quantity>75</quantity>
			</Point>
			<Point>
				<position>4</position>
				<quantity>124</quantity>
			</Point>
			<Point>
				<position>5</position>
				<quantity>142</quantity>
			</Point>
			<Point>
				<position>6</position>
				<quantity>215</quantity>
			</Point>
			<Point>
				<position>7</position>
				<quantity>191</quantity>
			</Point>
			<Point>
				<position>8</position>
				<quantity>143</quantity>
			</Point>
		</Period>
	</TimeSeries>
	<TimeSeries>
		<mRID>2</mRID>
		<businessType>A19</businessType>
		<flowDirection.direction>A02</flowDirection.direction>
		<quantity_Measure_Unit.name>MWH</quantity_Measure_Unit.name>
		<curveType>A01</curveType>
		<Period>
			<timeInterval>
				<start>2025-07-13T02:00Z</start>
				<end>2025-07-13T02:15Z</end>
			</timeInterval>
			<resolution>PT15M</resolution>
			<Point>
				<position>1</position>
				<quantity>1</quantity>
			</Point>
		</Period>
		<Period>
			<timeInterval>
				<start>2025-07-13T05:00Z</start>
				<end>2025-07-13T05:30Z</end>
			</timeInterval>
			<resolution>PT15M</resolution>
			<Point>
				<position>1</position>
				<quantity>8</quantity>
			</Point>
			<Point>
				<position>2</position>
				<quantity>4</quantity>
			</Point>
		</Period>
		<Period>
			<timeInterval>
				<start>2025-07-13T06:00Z</start>
				<end>2025-07-13T06:45Z</end>
			</timeInterval>
			<resolution>PT15M</resolution>
			<Point>
				<position>1</position>
				<quantity>16</quantity>
			</Point>
			<Point>
				<position>2</position>
				<quantity>8</quantity>
			</Point>
			<Point>
				<position>3</position>
				<quantity>7</quantity>
			</Point>
		</Period>
		<Period>
			<timeInterval>
				<start>2025-07-13T07:00Z</start>
				<end>2025-07-13T07:30Z</end>
			</timeInterval>
			<resolution>PT15M</resolution>
			<Point>
				<position>1</position>
				<quantity>24</quantity>
			</Point>
			<Point>
				<position>2</position>
				<quantity>18</quantity>
			</Point>
		</Period>
		<Period>
			<timeInterval>
				<start>2025-07-13T10:15Z</start>
				<end>2025-07-13T10:30Z</end>
			</timeInterval>
			<resolution>PT15M</resolution>
			<Point>
				<position>1</position>
				<quantity>5</quantity>
			</Point>
		</Period>
		<Period>
			<timeInterval>
				<start>2025-07-13T11:30Z</start>
				<end>2025-07-13T12:00Z</end>
			</timeInterval>
			<resolution>PT15M</resolution>
			<Point>
				<position>1</position>
				<quantity>4</quantity>
			</Point>
			<Point>
				<position>2</position>
				<quantity>13</quantity>
			</Point>
		</Period>
		<Period>
			<timeInterval>
				<start>2025-07-13T12:45Z</start>
				<end>2025-07-13T15:00Z</end>
			</timeInterval>
			<resolution>PT15M</resolution>
			<Point>
				<position>1</position>
				<quantity>6</quantity>
			</Point>
			<Point>
				<position>2</position>
				<quantity>33</quantity>
			</Point>
			<Point>
				<position>3</position>
				<quantity>53</quantity>
			</Point>
			<Point>
				<position>4</position>
				<quantity>63</quantity>
			</Point>
			<Point>
				<position>5</position>
				<quantity>78</quantity>
			</Point>
			<Point>
				<position>6</position>
				<quantity>3</quantity>
			</Point>
			<Point>
				<position>7</position>
				<quantity>28</quantity>
			</Point>
			<Point>
				<position>8</position>
				<quantity>50</quantity>
			</Point>
			<Point>
				<position>9</position>
				<quantity>98</quantity>
			</Point>
		</Period>
		<Period>
			<timeInterval>
				<start>2025-07-13T16:45Z</start>
				<end>2025-07-13T17:00Z</end>
			</timeInterval>
			<resolution>PT15M</resolution>
			<Point>
				<position>1</position>
				<quantity>24</quantity>
			</Point>
		</Period>
		<Period>
			<timeInterval>
				<start>2025-07-13T20:15Z</start>
				<end>2025-07-13T20:30Z</end>
			</timeInterval>
			<resolution>PT15M</resolution>
			<Point>
				<position>1</position>
				<quantity>11</quantity>
			</Point>
		</Period>
		<Period>
			<timeInterval>
				<start>2025-07-13T21:00Z</start>
				<end>2025-07-13T21:45Z</end>
			</timeInterval>
			<resolution>PT15M</resolution>
			<Point>
				<position>1</position>
				<quantity>9</quantity>
			</Point>
			<Point>
				<position>2</position>
				<quantity>22</quantity>
			</Point>
			<Point>
				<position>3</position>
				<quantity>8</quantity>
			</Point>
		</Period>
		<Period>
			<timeInterval>
				<start>2025-07-14T00:45Z</start>
				<end>2025-07-14T01:00Z</end>
			</timeInterval>
			<resolution>PT15M</resolution>
			<Point>
				<position>1</position>
				<quantity>7</quantity>
			</Point>
		</Period>
		<Period>
			<timeInterval>
				<start>2025-07-14T01:15Z</start>
				<end>2025-07-14T02:00Z</end>
			</timeInterval>
			<resolution>PT15M</resolution>
			<Point>
				<position>1</position>
				<quantity>2</quantity>
			</Point>
			<Point>
				<position>2</position>
				<quantity>8</quantity>
			</Point>
			<Point>
				<position>3</position>
				<quantity>0</quantity>
			</Point>
		</Period>
		<Period>
			<timeInterval>
				<start>2025-07-14T03:15Z</start>
				<end>2025-07-14T04:00Z</end>
			</timeInterval>
			<resolution>PT15M</resolution>
			<Point>
				<position>1</position>
				<quantity>13</quantity>
			</Point>
			<Point>
				<position>2</position>
				<quantity>36</quantity>
			</Point>
			<Point>
				<position>3</position>
				<quantity>10</quantity>
			</Point>
		</Period>
		<Period>
			<timeInterval>
				<start>2025-07-14T06:15Z</start>
				<end>2025-07-14T08:30Z</end>
			</timeInterval>
			<resolution>PT15M</resolution>
			<Point>
				<position>1</position>
				<quantity>44</quantity>
			</Point>
			<Point>
				<position>2</position>
				<quantity>45</quantity>
			</Point>
			<Point>
				<position>3</position>
				<quantity>15</quantity>
			</Point>
			<Point>
				<position>4</position>
				<quantity>122</quantity>
			</Point>
			<Point>
				<position>5</position>
				<quantity>116</quantity>
			</Point>
			<Point>
				<position>6</position>
				<quantity>58</quantity>
			</Point>
			<Point>
				<position>7</position>
				<quantity>39</quantity>
			</Point>
			<Point>
				<position>8</position>
				<quantity>2</quantity>
			</Point>
			<Point>
				<position>9</position>
				<quantity>26</quantity>
			</Point>
		</Period>
		<Period>
			<timeInterval>
				<start>2025-07-14T13:15Z</start>
				<end>2025-07-14T13:30Z</end>
			</timeInterval>
			<resolution>PT15M</resolution>
			<Point>
				<position>1</position>
				<quantity>13</quantity>
			</Point>
		</Period>
		<Period>
			<timeInterval>
				<start>2025-07-14T13:45Z</start>
				<end>2025-07-14T15:00Z</end>
			</timeInterval>
			<resolution>PT15M</resolution>
			<Point>
				<position>1</position>
				<quantity>1</quantity>
			</Point>
			<Point>
				<position>2</position>
				<quantity>2</quantity>
			</Point>
			<Point>
				<position>3</position>
				<quantity>21</quantity>
			</Point>
			<Point>
				<position>4</position>
				<quantity>6</quantity>
			</Point>
			<Point>
				<position>5</position>
				<quantity>27</quantity>
			</Point>
		</Period>
		<Period>
			<timeInterval>
				<start>2025-07-14T18:00Z</start>
				<end>2025-07-14T20:45Z</end>
			</timeInterval>
			<resolution>PT15M</resolution>
			<Point>
				<position>1</position>
				<quantity>39</quantity>
			</Point>
			<Point>
				<position>2</position>
				<quantity>45</quantity>
			</Point>
			<Point>
				<position>3</position>
				<quantity>85</quantity>
			</Point>
			<Point>
				<position>4</position>
				<quantity>75</quantity>
			</Point>
			<Point>
				<position>5</position>
				<quantity>67</quantity>
			</Point>
			<Point>
				<position>6</position>
				<quantity>73</quantity>
			</Point>
			<Point>
				<position>7</position>
				<quantity>50</quantity>
			</Point>
			<Point>
				<position>8</position>
				<quantity>22</quantity>
			</Point>
			<Point>
				<position>9</position>
				<quantity>46</quantity>
			</Point>
			<Point>
				<position>10</position>
				<quantity>5</quantity>
			</Point>
			<Point>
				<position>11</position>
				<quantity>14</quantity>
			</Point>
		</Period>
		<Period>
			<timeInterval>
				<start>2025-07-14T21:00Z</start>
				<end>2025-07-14T23:15Z</end>
			</timeInterval>
			<resolution>PT15M</resolution>
			<Point>
				<position>1</position>
				<quantity>20</quantity>
			</Point>
			<Point>
				<position>2</position>
				<quantity>56</quantity>
			</Point>
			<Point>
				<position>3</position>
				<quantity>21</quantity>
			</Point>
			<Point>
				<position>4</position>
				<quantity>11</quantity>
			</Point>
			<Point>
				<position>5</position>
				<quantity>26</quantity>
			</Point>
			<Point>
				<position>6</position>
				<quantity>64</quantity>
			</Point>
			<Point>
				<position>7</position>
				<quantity>24</quantity>
			</Point>
			<Point>
				<position>8</position>
				<quantity>8</quantity>
			</Point>
			<Point>
				<position>9</position>
				<quantity>2</quantity>
			</Point>
		</Period>
		<Period>
			<timeInterval>
				<start>2025-07-15T02:15Z</start>
				<end>2025-07-15T02:30Z</end>
			</timeInterval>
			<resolution>PT15M</resolution>
			<Point>
				<position>1</position>
				<quantity>4</quantity>
			</Point>
		</Period>
		<Period>
			<timeInterval>
				<start>2025-07-15T03:45Z</start>
				<end>2025-07-15T04:00Z</end>
			</timeInterval>
			<resolution>PT15M</resolution>
			<Point>
				<position>1</position>
				<quantity>5</quantity>
			</Point>
		</Period>
		<Period>
			<timeInterval>
				<start>2025-07-15T04:15Z</start>
				<end>2025-07-15T04:30Z</end>
			</timeInterval>
			<resolution>PT15M</resolution>
			<Point>
				<position>1</position>
				<quantity>2</quantity>
			</Point>
		</Period>
		<Period>
			<timeInterval>
				<start>2025-07-15T05:00Z</start>
				<end>2025-07-15T05:45Z</end>
			</timeInterval>
			<resolution>PT15M</resolution>
			<Point>
				<position>1</position>
				<quantity>10</quantity>
			</Point>
			<Point>
				<position>2</position>
				<quantity>28</quantity>
			</Point>
			<Point>
				<position>3</position>
				<quantity>12</quantity>
			</Point>
		</Period>
		<Period>
			<timeInterval>
				<start>2025-07-15T10:45Z</start>
				<end>2025-07-15T11:00Z</end>
			</timeInterval>
			<resolution>PT15M</resolution>
			<Point>
				<position>1</position>
				<quantity>20</quantity>
			</Point>
		</Period>
		<Period>
			<timeInterval>
				<start>2025-07-15T12:30Z</start>
				<end>2025-07-15T12:45Z</end>
			</timeInterval>
			<resolution>PT15M</resolution>
			<Point>
				<position>1</position>
				<quantity>6</quantity>
			</Point>
		</Period>
		<Period>
			<timeInterval>
				<start>2025-07-15T13:30Z</start>
				<end>2025-07-15T14:00Z</end>
			</timeInterval>
			<resolution>PT15M</resolution>
			<Point>
				<position>1</position>
				<quantity>17</quantity>
			</Point>
			<Point>
				<position>2</position>
				<quantity>25</quantity>
			</Point>
		</Period>
		<Period>
			<timeInterval>
				<start>2025-07-15T14:30Z</start>
				<end>2025-07-15T14:45Z</end>
			</timeInterval>
			<resolution>PT15M</resolution>
			<Point>
				<position>1</position>
				<quantity>0</quantity>
			</Point>
		</Period>
		<Period>
			<timeInterval>
				<start>2025-07-15T16:30Z</start>
				<end>2025-07-15T16:45Z</end>
			</timeInterval>
			<resolution>PT15M</resolution>
			<Point>
				<position>1</position>
				<quantity>15</quantity>
			</Point>
		</Period>
		<Period>
			<timeInterval>
				<start>2025-07-15T17:00Z</start>
				<end>2025-07-15T17:15Z</end>
			</timeInterval>
			<resolution>PT15M</resolution>
			<Point>
				<position>1</position>
				<quantity>19</quantity>
			</Point>
		</Period>
		<Period>
			<timeInterval>
				<start>2025-07-15T17:45Z</start>
				<end>2025-07-15T18:45Z</end>
			</timeInterval>
			<resolution>PT15M</resolution>
			<Point>
				<position>1</position>
				<quantity>11</quantity>
			</Point>
			<Point>
				<position>2</position>
				<quantity>16</quantity>
			</Point>
			<Point>
				<position>3</position>
				<quantity>52</quantity>
			</Point>
			<Point>
				<position>4</position>
				<quantity>3</quantity>
			</Point>
		</Period>
		<Period>
			<timeInterval>
				<start>2025-07-15T19:00Z</start>
				<end>2025-07-15T19:45Z</end>
			</timeInterval>
			<resolution>PT15M</resolution>
			<Point>
				<position>1</position>
				<quantity>8</quantity>
			</Point>
			<Point>
				<position>2</position>
				<quantity>0</quantity>
			</Point>
			<Point>
				<position>3</position>
				<quantity>13</quantity>
			</Point>
		</Period>
		<Period>
			<timeInterval>
				<start>2025-07-15T20:00Z</start>
				<end>2025-07-16T02:45Z</end>
			</timeInterval>
			<resolution>PT15M</resolution>
			<Point>
				<position>1</position>
				<quantity>52</quantity>
			</Point>
			<Point>
				<position>2</position>
				<quantity>58</quantity>
			</Point>
			<Point>
				<position>3</position>
				<quantity>43</quantity>
			</Point>
			<Point>
				<position>4</position>
				<quantity>21</quantity>
			</Point>
			<Point>
				<position>5</position>
				<quantity>52</quantity>
			</Point>
			<Point>
				<position>6</position>
				<quantity>102</quantity>
			</Point>
			<Point>
				<position>7</position>
				<quantity>74</quantity>
			</Point>
			<Point>
				<position>8</position>
				<quantity>49</quantity>
			</Point>
			<Point>
				<position>9</position>
				<quantity>47</quantity>
			</Point>
			<Point>
				<position>10</position>
				<quantity>73</quantity>
			</Point>
			<Point>
				<position>11</position>
				<quantity>116</quantity>
			</Point>
			<Point>
				<position>12</position>
				<quantity>55</quantity>
			</Point>
			<Point>
				<position>13</position>
				<quantity>36</quantity>
			</Point>
			<Point>
				<position>14</position>
				<quantity>85</quantity>
			</Point>
			<Point>
				<position>15</position>
				<quantity>46</quantity>
			</Point>
			<Point>
				<position>16</position>
				<quantity>52</quantity>
			</Point>
			<Point>
				<position>17</position>
				<quantity>50</quantity>
			</Point>
			<Point>
				<position>18</position>
				<quantity>35</quantity>
			</Point>
			<Point>
				<position>19</position>
				<quantity>34</quantity>
			</Point>
			<Point>
				<position>20</position>
				<quantity>8</quantity>
			</Point>
			<Point>
				<position>21</position>
				<quantity>19</quantity>
			</Point>
			<Point>
				<position>22</position>
				<quantity>31</quantity>
			</Point>
			<Point>
				<position>23</position>
				<quantity>26</quantity>
			</Point>
			<Point>
				<position>24</position>
				<quantity>29</quantity>
			</Point>
			<Point>
				<position>25</position>
				<quantity>63</quantity>
			</Point>
			<Point>
				<position>26</position>
				<quantity>48</quantity>
			</Point>
			<Point>
				<position>27</position>
				<quantity>8</quantity>
			</Point>
		</Period>
		<Period>
			<timeInterval>
				<start>2025-07-16T03:00Z</start>
				<end>2025-07-16T05:45Z</end>
			</timeInterval>
			<resolution>PT15M</resolution>
			<Point>
				<position>1</position>
				<quantity>43</quantity>
			</Point>
			<Point>
				<position>2</position>
				<quantity>25</quantity>
			</Point>
			<Point>
				<position>3</position>
				<quantity>29</quantity>
			</Point>
			<Point>
				<position>4</position>
				<quantity>42</quantity>
			</Point>
			<Point>
				<position>5</position>
				<quantity>25</quantity>
			</Point>
			<Point>
				<position>6</position>
				<quantity>32</quantity>
			</Point>
			<Point>
				<position>7</position>
				<quantity>42</quantity>
			</Point>
			<Point>
				<position>8</position>
				<quantity>62</quantity>
			</Point>
			<Point>
				<position>9</position>
				<quantity>38</quantity>
			</Point>
			<Point>
				<position>10</position>
				<quantity>12</quantity>
			</Point>
			<Point>
				<position>11</position>
				<quantity>34</quantity>
			</Point>
		</Period>
		<Period>
			<timeInterval>
				<start>2025-07-16T06:30Z</start>
				<end>2025-07-16T06:45Z</end>
			</timeInterval>
			<resolution>PT15M</resolution>
			<Point>
				<position>1</position>
				<quantity>3</quantity>
			</Point>
		</Period>
		<Period>
			<timeInterval>
				<start>2025-07-16T07:30Z</start>
				<end>2025-07-16T08:00Z</end>
			</timeInterval>
			<resolution>PT15M</resolution>
			<Point>
				<position>1</position>
				<quantity>39</quantity>
			</Point>
			<Point>
				<position>2</position>
				<quantity>18</quantity>
			</Point>
		</Period>
		<Period>
			<timeInterval>
				<start>2025-07-16T09:30Z</start>
				<end>2025-07-16T10:00Z</end>
			</timeInterval>
			<resolution>PT15M</resolution>
			<Point>
				<position>1</position>
				<quantity>40</quantity>
			</Point>
			<Point>
				<position>2</position>
				<quantity>69</quantity>
			</Point>
		</Period>
		<Period>
			<timeInterval>
				<start>2025-07-16T10:15Z</start>
				<end>2025-07-16T11:00Z</end>
			</timeInterval>
			<resolution>PT15M</resolution>
			<Point>
				<position>1</position>
				<quantity>18</quantity>
			</Point>
			<Point>
				<position>2</position>
				<quantity>6</quantity>
			</Point>
			<Point>
				<position>3</position>
				<quantity>45</quantity>
			</Point>
		</Period>
		<Period>
			<timeInterval>
				<start>2025-07-16T11:15Z</start>
				<end>2025-07-16T11:30Z</end>
			</timeInterval>
			<resolution>PT15M</resolution>
			<Point>
				<position>1</position>
				<quantity>3</quantity>
			</Point>
		</Period>
		<Period>
			<timeInterval>
				<start>2025-07-16T21:00Z</start>
				<end>2025-07-17T02:45Z</end>
			</timeInterval>
			<resolution>PT15M</resolution>
			<Point>
				<position>1</position>
				<quantity>30</quantity>
			</Point>
			<Point>
				<position>2</position>
				<quantity>48</quantity>
			</Point>
			<Point>
				<position>3</position>
				<quantity>51</quantity>
			</Point>
			<Point>
				<position>4</position>
				<quantity>72</quantity>
			</Point>
			<Point>
				<position>5</position>
				<quantity>25</quantity>
			</Point>
			<Point>
				<position>6</position>
				<quantity>16</quantity>
			</Point>
			<Point>
				<position>7</position>
				<quantity>28</quantity>
			</Point>
			<Point>
				<position>8</position>
				<quantity>35</quantity>
			</Point>
			<Point>
				<position>9</position>
				<quantity>41</quantity>
			</Point>
			<Point>
				<position>10</position>
				<quantity>41</quantity>
			</Point>
			<Point>
				<position>11</position>
				<quantity>39</quantity>
			</Point>
			<Point>
				<position>12</position>
				<quantity>63</quantity>
			</Point>
			<Point>
				<position>13</position>
				<quantity>92</quantity>
			</Point>
			<Point>
				<position>14</position>
				<quantity>68</quantity>
			</Point>
			<Point>
				<position>15</position>
				<quantity>46</quantity>
			</Point>
			<Point>
				<position>16</position>
				<quantity>53</quantity>
			</Point>
			<Point>
				<position>17</position>
				<quantity>34</quantity>
			</Point>
			<Point>
				<position>18</position>
				<quantity>46</quantity>
			</Point>
			<Point>
				<position>19</position>
				<quantity>28</quantity>
			</Point>
			<Point>
				<position>20</position>
				<quantity>35</quantity>
			</Point>
			<Point>
				<position>21</position>
				<quantity>5</quantity>
			</Point>
			<Point>
				<position>22</position>
				<quantity>11</quantity>
			</Point>
			<Point>
				<position>23</position>
				<quantity>26</quantity>
			</Point>
		</Period>
		<Period>
			<timeInterval>
				<start>2025-07-17T03:00Z</start>
				<end>2025-07-17T03:30Z</end>
			</timeInterval>
			<resolution>PT15M</resolution>
			<Point>
				<position>1</position>
				<quantity>17</quantity>
			</Point>
			<Point>
				<position>2</position>
				<quantity>1</quantity>
			</Point>
		</Period>
		<Period>
			<timeInterval>
				<start>2025-07-17T03:45Z</start>
				<end>2025-07-17T04:00Z</end>
			</timeInterval>
			<resolution>PT15M</resolution>
			<Point>
				<position>1</position>
				<quantity>17</quantity>
			</Point>
		</Period>
	</TimeSeries>
	<TimeSeries>
		<mRID>3</mRID>
		<businessType>A19</businessType>
		<flowDirection.direction>A01</flowDirection.direction>
		<quantity_Measure_Unit.name>MWH</quantity_Measure_Unit.name>
		<curveType>A01</curveType>
		<Period>
			<timeInterval>
				<start>2025-07-17T06:15Z</start>
				<end>2025-07-17T10:45Z</end>
			</timeInterval>
			<resolution>PT15M</resolution>
			<Point>
				<position>1</position>
				<quantity>90</quantity>
			</Point>
			<Point>
				<position>2</position>
				<quantity>159</quantity>
			</Point>
			<Point>
				<position>3</position>
				<quantity>224</quantity>
			</Point>
			<Point>
				<position>4</position>
				<quantity>57</quantity>
			</Point>
			<Point>
				<position>5</position>
				<quantity>64</quantity>
			</Point>
			<Point>
				<position>6</position>
				<quantity>180</quantity>
			</Point>
			<Point>
				<position>7</position>
				<quantity>183</quantity>
			</Point>
			<Point>
				<position>8</position>
				<quantity>244</quantity>
			</Point>
			<Point>
				<position>9</position>
				<quantity>161</quantity>
			</Point>
			<Point>
				<position>10</position>
				<quantity>162</quantity>
			</Point>
			<Point>
				<position>11</position>
				<quantity>125</quantity>
			</Point>
			<Point>
				<position>12</position>
				<quantity>149</quantity>
			</Point>
			<Point>
				<position>13</position>
				<quantity>150</quantity>
			</Point>
			<Point>
				<position>14</position>
				<quantity>77</quantity>
			</Point>
			<Point>
				<position>15</position>
				<quantity>74</quantity>
			</Point>
			<Point>
				<position>16</position>
				<quantity>108</quantity>
			</Point>
			<Point>
				<position>17</position>
				<quantity>43</quantity>
			</Point>
			<Point>
				<position>18</position>
				<quantity>42</quantity>
			</Point>
		</Period>
		<Period>
			<timeInterval>
				<start>2025-07-17T11:00Z</start>
				<end>2025-07-17T12:15Z</end>
			</timeInterval>
			<resolution>PT15M</resolution>
			<Point>
				<position>1</position>
				<quantity>12</quantity>
			</Point>
			<Point>
				<position>2</position>
				<quantity>48</quantity>
			</Point>
			<Point>
				<position>3</position>
				<quantity>49</quantity>
			</Point>
			<Point>
				<position>4</position>
				<quantity>47</quantity>
			</Point>
			<Point>
				<position>5</position>
				<quantity>8</quantity>
			</Point>
		</Period>
		<Period>
			<timeInterval>
				<start>2025-07-17T14:15Z</start>
				<end>2025-07-17T14:45Z</end>
			</timeInterval>
			<resolution>PT15M</resolution>
			<Point>
				<position>1</position>
				<quantity>19</quantity>
			</Point>
			<Point>
				<position>2</position>
				<quantity>7</quantity>
			</Point>
		</Period>
		<Period>
			<timeInterval>
				<start>2025-07-17T15:15Z</start>
				<end>2025-07-17T17:45Z</end>
			</timeInterval>
			<resolution>PT15M</resolution>
			<Point>
				<position>1</position>
				<quantity>67</quantity>
			</Point>
			<Point>
				<position>2</position>
				<quantity>97</quantity>
			</Point>
			<Point>
				<position>3</position>
				<quantity>111</quantity>
			</Point>
			<Point>
				<position>4</position>
				<quantity>143</quantity>
			</Point>
			<Point>
				<position>5</position>
				<quantity>230</quantity>
			</Point>
			<Point>
				<position>6</position>
				<quantity>234</quantity>
			</Point>
			<Point>
				<position>7</position>
				<quantity>153</quantity>
			</Point>
			<Point>
				<position>8</position>
				<quantity>72</quantity>
			</Point>
			<Point>
				<position>9</position>
				<quantity>72</quantity>
			</Point>
			<Point>
				<position>10</position>
				<quantity>54</quantity>
			</Point>
		</Period>
		<Period>
			<timeInterval>
				<start>2025-07-17T18:15Z</start>
				<end>2025-07-17T21:45Z</end>
			</timeInterval>
			<resolution>PT15M</resolution>
			<Point>
				<position>1</position>
				<quantity>14</quantity>
			</Point>
			<Point>
				<position>2</position>
				<quantity>82</quantity>
			</Point>
			<Point>
				<position>3</position>
				<quantity>125</quantity>
			</Point>
			<Point>
				<position>4</position>
				<quantity>122</quantity>
			</Point>
			<Point>
				<position>5</position>
				<quantity>67</quantity>
			</Point>
			<Point>
				<position>6</position>
				<quantity>103</quantity>
			</Point>
			<Point>
				<position>7</position>
				<quantity>67</quantity>
			</Point>
			<Point>
				<position>8</position>
				<quantity>30</quantity>
			</Point>
			<Point>
				<position>9</position>
				<quantity>28</quantity>
			</Point>
			<Point>
				<position>10</position>
				<quantity>13</quantity>
			</Point>
			<Point>
				<position>11</position>
				<quantity>40</quantity>
			</Point>
			<Point>
				<position>12</position>
				<quantity>46</quantity>
			</Point>
			<Point>
				<position>13</position>
				<quantity>38</quantity>
			</Point>
			<Point>
				<position>14</position>
				<quantity>53</quantity>
			</Point>
		</Period>
		<Period>
			<timeInterval>
				<start>2025-07-17T23:15Z</start>
				<end>2025-07-18T01:45Z</end>
			</timeInterval>
			<resolution>PT15M</resolution>
			<Point>
				<position>1</position>
				<quantity>27</quantity>
			</Point>
			<Point>
				<position>2</position>
				<quantity>92</quantity>
			</Point>
			<Point>
				<position>3</position>
				<quantity>149</quantity>
			</Point>
			<Point>
				<position>4</position>
				<quantity>204</quantity>
			</Point>
			<Point>
				<position>5</position>
				<quantity>168</quantity>
			</Point>
			<Point>
				<position>6</position>
				<quantity>135</quantity>
			</Point>
			<Point>
				<position>7</position>
				<quantity>110</quantity>
			</Point>
			<Point>
				<position>8</position>
				<quantity>105</quantity>
			</Point>
			<Point>
				<position>9</position>
				<quantity>85</quantity>
			</Point>
			<Point>
				<position>10</position>
				<quantity>80</quantity>
			</Point>
		</Period>
		<Period>
			<timeInterval>
				<start>2025-07-18T02:30Z</start>
				<end>2025-07-18T05:30Z</end>
			</timeInterval>
			<resolution>PT15M</resolution>
			<Point>
				<position>1</position>
				<quantity>23</quantity>
			</Point>
			<Point>
				<position>2</position>
				<quantity>61</quantity>
			</Point>
			<Point>
				<position>3</position>
				<quantity>96</quantity>
			</Point>
			<Point>
				<position>4</position>
				<quantity>97</quantity>
			</Point>
			<Point>
				<position>5</position>
				<quantity>144</quantity>
			</Point>
			<Point>
				<position>6</position>
				<quantity>119</quantity>
			</Point>
			<Point>
				<position>7</position>
				<quantity>117</quantity>
			</Point>
			<Point>
				<position>8</position>
				<quantity>18</quantity>
			</Point>
			<Point>
				<position>9</position>
				<quantity>22</quantity>
			</Point>
			<Point>
				<position>10</position>
				<quantity>31</quantity>
			</Point>
			<Point>
				<position>11</position>
				<quantity>13</quantity>
			</Point>
			<Point>
				<position>12</position>
				<quantity>1</quantity>
			</Point>
		</Period>
		<Period>
			<timeInterval>
				<start>2025-07-18T05:45Z</start>
				<end>2025-07-18T06:30Z</end>
			</timeInterval>
			<resolution>PT15M</resolution>
			<Point>
				<position>1</position>
				<quantity>49</quantity>
			</Point>
			<Point>
				<position>2</position>
				<quantity>83</quantity>
			</Point>
			<Point>
				<position>3</position>
				<quantity>41</quantity>
			</Point>
		</Period>
		<Period>
			<timeInterval>
				<start>2025-07-18T06:45Z</start>
				<end>2025-07-18T16:45Z</end>
			</timeInterval>
			<resolution>PT15M</resolution>
			<Point>
				<position>1</position>
				<quantity>34</quantity>
			</Point>
			<Point>
				<position>2</position>
				<quantity>82</quantity>
			</Point>
			<Point>
				<position>3</position>
				<quantity>108</quantity>
			</Point>
			<Point>
				<position>4</position>
				<quantity>82</quantity>
			</Point>
			<Point>
				<position>5</position>
				<quantity>75</quantity>
			</Point>
			<Point>
				<position>6</position>
				<quantity>119</quantity>
			</Point>
			<Point>
				<position>7</position>
				<quantity>132</quantity>
			</Point>
			<Point>
				<position>8</position>
				<quantity>97</quantity>
			</Point>
			<Point>
				<position>9</position>
				<quantity>133</quantity>
			</Point>
			<Point>
				<position>10</position>
				<quantity>154</quantity>
			</Point>
			<Point>
				<position>11</position>
				<quantity>150</quantity>
			</Point>
			<Point>
				<position>12</position>
				<quantity>130</quantity>
			</Point>
			<Point>
				<position>13</position>
				<quantity>130</quantity>
			</Point>
			<Point>
				<position>14</position>
				<quantity>129</quantity>
			</Point>
			<Point>
				<position>15</position>
				<quantity>76</quantity>
			</Point>
			<Point>
				<position>16</position>
				<quantity>27</quantity>
			</Point>
			<Point>
				<position>17</position>
				<quantity>62</quantity>
			</Point>
			<Point>
				<position>18</position>
				<quantity>42</quantity>
			</Point>
			<Point>
				<position>19</position>
				<quantity>57</quantity>
			</Point>
			<Point>
				<position>20</position>
				<quantity>11</quantity>
			</Point>
			<Point>
				<position>21</position>
				<quantity>35</quantity>
			</Point>
			<Point>
				<position>22</position>
				<quantity>68</quantity>
			</Point>
			<Point>
				<position>23</position>
				<quantity>62</quantity>
			</Point>
			<Point>
				<position>24</position>
				<quantity>57</quantity>
			</Point>
			<Point>
				<position>25</position>
				<quantity>72</quantity>
			</Point>
			<Point>
				<position>26</position>
				<quantity>96</quantity>
			</Point>
			<Point>
				<position>27</position>
				<quantity>108</quantity>
			</Point>
			<Point>
				<position>28</position>
				<quantity>109</quantity>
			</Point>
			<Point>
				<position>29</position>
				<quantity>76</quantity>
			</Point>
			<Point>
				<position>30</position>
				<quantity>71</quantity>
			</Point>
			<Point>
				<position>31</position>
				<quantity>62</quantity>
			</Point>
			<Point>
				<position>32</position>
				<quantity>30</quantity>
			</Point>
			<Point>
				<position>33</position>
				<quantity>31</quantity>
			</Point>
			<Point>
				<position>34</position>
				<quantity>92</quantity>
			</Point>
			<Point>
				<position>35</position>
				<quantity>54</quantity>
			</Point>
			<Point>
				<position>36</position>
				<quantity>81</quantity>
			</Point>
			<Point>
				<position>37</position>
				<quantity>42</quantity>
			</Point>
			<Point>
				<position>38</position>
				<quantity>64</quantity>
			</Point>
			<Point>
				<position>39</position>
				<quantity>31</quantity>
			</Point>
			<Point>
				<position>40</position>
				<quantity>14</quantity>
			</Point>
		</Period>
		<Period>
			<timeInterval>
				<start>2025-07-18T17:00Z</start>
				<end>2025-07-18T19:30Z</end>
			</timeInterval>
			<resolution>PT15M</resolution>
			<Point>
				<position>1</position>
				<quantity>39</quantity>
			</Point>
			<Point>
				<position>2</position>
				<quantity>82</quantity>
			</Point>
			<Point>
				<position>3</position>
				<quantity>114</quantity>
			</Point>
			<Point>
				<position>4</position>
				<quantity>105</quantity>
			</Point>
			<Point>
				<position>5</position>
				<quantity>126</quantity>
			</Point>
			<Point>
				<position>6</position>
				<quantity>131</quantity>
			</Point>
			<Point>
				<position>7</position>
				<quantity>110</quantity>
			</Point>
			<Point>
				<position>8</position>
				<quantity>109</quantity>
			</Point>
			<Point>
				<position>9</position>
				<quantity>44</quantity>
			</Point>
			<Point>
				<position>10</position>
				<quantity>13</quantity>
			</Point>
		</Period>
		<Period>
			<timeInterval>
				<start>2025-07-18T19:45Z</start>
				<end>2025-07-18T20:15Z</end>
			</timeInterval>
			<resolution>PT15M</resolution>
			<Point>
				<position>1</position>
				<quantity>25</quantity>
			</Point>
			<Point>
				<position>2</position>
				<quantity>1</quantity>
			</Point>
		</Period>
		<Period>
			<timeInterval>
				<start>2025-07-18T20:45Z</start>
				<end>2025-07-18T21:00Z</end>
			</timeInterval>
			<resolution>PT15M</resolution>
			<Point>
				<position>1</position>
				<quantity>5</quantity>
			</Point>
		</Period>
		<Period>
			<timeInterval>
				<start>2025-07-19T02:45Z</start>
				<end>2025-07-19T03:00Z</end>
			</timeInterval>
			<resolution>PT15M</resolution>
			<Point>
				<position>1</position>
				<quantity>2</quantity>
			</Point>
		</Period>
		<Period>
			<timeInterval>
				<start>2025-07-19T03:15Z</start>
				<end>2025-07-19T04:00Z</end>
			</timeInterval>
			<resolution>PT15M</resolution>
			<Point>
				<position>1</position>
				<quantity>15</quantity>
			</Point>
			<Point>
				<position>2</position>
				<quantity>3</quantity>
			</Point>
			<Point>
				<position>3</position>
				<quantity>6</quantity>
			</Point>
		</Period>
		<Period>
			<timeInterval>
				<start>2025-07-19T05:45Z</start>
				<end>2025-07-19T07:15Z</end>
			</timeInterval>
			<resolution>PT15M</resolution>
			<Point>
				<position>1</position>
				<quantity>32</quantity>
			</Point>
			<Point>
				<position>2</position>
				<quantity>5</quantity>
			</Point>
			<Point>
				<position>3</position>
				<quantity>12</quantity>
			</Point>
			<Point>
				<position>4</position>
				<quantity>34</quantity>
			</Point>
			<Point>
				<position>5</position>
				<quantity>46</quantity>
			</Point>
			<Point>
				<position>6</position>
				<quantity>34</quantity>
			</Point>
		</Period>
		<Period>
			<timeInterval>
				<start>2025-07-19T07:30Z</start>
				<end>2025-07-19T08:00Z</end>
			</timeInterval>
			<resolution>PT15M</resolution>
			<Point>
				<position>1</position>
				<quantity>16</quantity>
			</Point>
			<Point>
				<position>2</position>
				<quantity>16</quantity>
			</Point>
		</Period>
		<Period>
			<timeInterval>
				<start>2025-07-19T08:45Z</start>
				<end>2025-07-19T09:15Z</end>
			</timeInterval>
			<resolution>PT15M</resolution>
			<Point>
				<position>1</position>
				<quantity>9</quantity>
			</Point>
			<Point>
				<position>2</position>
				<quantity>6</quantity>
			</Point>
		</Period>
		<Period>
			<timeInterval>
				<start>2025-07-19T09:30Z</start>
				<end>2025-07-19T10:15Z</end>
			</timeInterval>
			<resolution>PT15M</resolution>
			<Point>
				<position>1</position>
				<quantity>5</quantity>
			</Point>
			<Point>
				<position>2</position>
				<quantity>9</quantity>
			</Point>
			<Point>
				<position>3</position>
				<quantity>5</quantity>
			</Point>
		</Period>
		<Period>
			<timeInterval>
				<start>2025-07-19T12:45Z</start>
				<end>2025-07-19T13:30Z</end>
			</timeInterval>
			<resolution>PT15M</resolution>
			<Point>
				<position>1</position>
				<quantity>1</quantity>
			</Point>
			<Point>
				<position>2</position>
				<quantity>62</quantity>
			</Point>
			<Point>
				<position>3</position>
				<quantity>29</quantity>
			</Point>
		</Period>
		<Period>
			<timeInterval>
				<start>2025-07-19T14:00Z</start>
				<end>2025-07-19T14:45Z</end>
			</timeInterval>
			<resolution>PT15M</resolution>
			<Point>
				<position>1</position>
				<quantity>4</quantity>
			</Point>
			<Point>
				<position>2</position>
				<quantity>25</quantity>
			</Point>
			<Point>
				<position>3</position>
				<quantity>21</quantity>
			</Point>
		</Period>
		<Period>
			<timeInterval>
				<start>2025-07-19T15:00Z</start>
				<end>2025-07-19T15:45Z</end>
			</timeInterval>
			<resolution>PT15M</resolution>
			<Point>
				<position>1</position>
				<quantity>22</quantity>
			</Point>
			<Point>
				<position>2</position>
				<quantity>22</quantity>
			</Point>
			<Point>
				<position>3</position>
				<quantity>31</quantity>
			</Point>
		</Period>
		<Period>
			<timeInterval>
				<start>2025-07-19T16:00Z</start>
				<end>2025-07-19T16:45Z</end>
			</timeInterval>
			<resolution>PT15M</resolution>
			<Point>
				<position>1</position>
				<quantity>31</quantity>
			</Point>
			<Point>
				<position>2</position>
				<quantity>35</quantity>
			</Point>
			<Point>
				<position>3</position>
				<quantity>34</quantity>
			</Point>
		</Period>
		<Period>
			<timeInterval>
				<start>2025-07-19T17:00Z</start>
				<end>2025-07-19T20:15Z</end>
			</timeInterval>
			<resolution>PT15M</resolution>
			<Point>
				<position>1</position>
				<quantity>62</quantity>
			</Point>
			<Point>
				<position>2</position>
				<quantity>81</quantity>
			</Point>
			<Point>
				<position>3</position>
				<quantity>69</quantity>
			</Point>
			<Point>
				<position>4</position>
				<quantity>83</quantity>
			</Point>
			<Point>
				<position>5</position>
				<quantity>67</quantity>
			</Point>
			<Point>
				<position>6</position>
				<quantity>68</quantity>
			</Point>
			<Point>
				<position>7</position>
				<quantity>38</quantity>
			</Point>
			<Point>
				<position>8</position>
				<quantity>66</quantity>
			</Point>
			<Point>
				<position>9</position>
				<quantity>38</quantity>
			</Point>
			<Point>
				<position>10</position>
				<quantity>11</quantity>
			</Point>
			<Point>
				<position>11</position>
				<quantity>34</quantity>
			</Point>
			<Point>
				<position>12</position>
				<quantity>46</quantity>
			</Point>
			<Point>
				<position>13</position>
				<quantity>4</quantity>
			</Point>
		</Period>
		<Period>
			<timeInterval>
				<start>2025-07-19T20:45Z</start>
				<end>2025-07-19T21:00Z</end>
			</timeInterval>
			<resolution>PT15M</resolution>
			<Point>
				<position>1</position>
				<quantity>6</quantity>
			</Point>
		</Period>
		<Period>
			<timeInterval>
				<start>2025-07-20T00:15Z</start>
				<end>2025-07-20T00:30Z</end>
			</timeInterval>
			<resolution>PT15M</resolution>
			<Point>
				<position>1</position>
				<quantity>1</quantity>
			</Point>
		</Period>
		<Period>
			<timeInterval>
				<start>2025-07-20T01:15Z</start>
				<end>2025-07-20T01:30Z</end>
			</timeInterval>
			<resolution>PT15M</resolution>
			<Point>
				<position>1</position>
				<quantity>10</quantity>
			</Point>
		</Period>
		<Period>
			<timeInterval>
				<start>2025-07-20T02:30Z</start>
				<end>2025-07-20T02:45Z</end>
			</timeInterval>
			<resolution>PT15M</resolution>
			<Point>
				<position>1</position>
				<quantity>7</quantity>
			</Point>
		</Period>
		<Period>
			<timeInterval>
				<start>2025-07-20T03:00Z</start>
				<end>2025-07-20T03:15Z</end>
			</timeInterval>
			<resolution>PT15M</resolution>
			<Point>
				<position>1</position>
				<quantity>2</quantity>
			</Point>
		</Period>
		<Period>
			<timeInterval>
				<start>2025-07-20T03:30Z</start>
				<end>2025-07-20T04:00Z</end>
			</timeInterval>
			<resolution>PT15M</resolution>
			<Point>
				<position>1</position>
				<quantity>18</quantity>
			</Point>
			<Point>
				<position>2</position>
				<quantity>16</quantity>
			</Point>
		</Period>
		<Period>
			<timeInterval>
				<start>2025-07-20T04:45Z</start>
				<end>2025-07-20T05:00Z</end>
			</timeInterval>
			<resolution>PT15M</resolution>
			<Point>
				<position>1</position>
				<quantity>15</quantity>
			</Point>
		</Period>
		<Period>
			<timeInterval>
				<start>2025-07-20T05:15Z</start>
				<end>2025-07-20T06:00Z</end>
			</timeInterval>
			<resolution>PT15M</resolution>
			<Point>
				<position>1</position>
				<quantity>7</quantity>
			</Point>
			<Point>
				<position>2</position>
				<quantity>13</quantity>
			</Point>
			<Point>
				<position>3</position>
				<quantity>11</quantity>
			</Point>
		</Period>
		<Period>
			<timeInterval>
				<start>2025-07-20T07:15Z</start>
				<end>2025-07-20T09:45Z</end>
			</timeInterval>
			<resolution>PT15M</resolution>
			<Point>
				<position>1</position>
				<quantity>6</quantity>
			</Point>
			<Point>
				<position>2</position>
				<quantity>22</quantity>
			</Point>
			<Point>
				<position>3</position>
				<quantity>20</quantity>
			</Point>
			<Point>
				<position>4</position>
				<quantity>34</quantity>
			</Point>
			<Point>
				<position>5</position>
				<quantity>41</quantity>
			</Point>
			<Point>
				<position>6</position>
				<quantity>29</quantity>
			</Point>
			<Point>
				<position>7</position>
				<quantity>69</quantity>
			</Point>
			<Point>
				<position>8</position>
				<quantity>38</quantity>
			</Point>
			<Point>
				<position>9</position>
				<quantity>36</quantity>
			</Point>
			<Point>
				<position>10</position>
				<quantity>9</quantity>
			</Point>
		</Period>
		<Period>
			<timeInterval>
				<start>2025-07-20T11:00Z</start>
				<end>2025-07-20T12:45Z</end>
			</timeInterval>
			<resolution>PT15M</resolution>
			<Point>
				<position>1</position>
				<quantity>0</quantity>
			</Point>
			<Point>
				<position>2</position>
				<quantity>26</quantity>
			</Point>
			<Point>
				<position>3</position>
				<quantity>25</quantity>
			</Point>
			<Point>
				<position>4</position>
				<quantity>22</quantity>
			</Point>
			<Point>
				<position>5</position>
				<quantity>29</quantity>
			</Point>
			<Point>
				<position>6</position>
				<quantity>22</quantity>
			</Point>
			<Point>
				<position>7</position>
				<quantity>31</quantity>
			</Point>
		</Period>
		<Period>
			<timeInterval>
				<start>2025-07-20T14:30Z</start>
				<end>2025-07-20T19:00Z</end>
			</timeInterval>
			<resolution>PT15M</resolution>
			<Point>
				<position>1</position>
				<quantity>1</quantity>
			</Point>
			<Point>
				<position>2</position>
				<quantity>25</quantity>
			</Point>
			<Point>
				<position>3</position>
				<quantity>90</quantity>
			</Point>
			<Point>
				<position>4</position>
				<quantity>70</quantity>
			</Point>
			<Point>
				<position>5</position>
				<quantity>54</quantity>
			</Point>
			<Point>
				<position>6</position>
				<quantity>7</quantity>
			</Point>
			<Point>
				<position>7</position>
				<quantity>57</quantity>
			</Point>
			<Point>
				<position>8</position>
				<quantity>35</quantity>
			</Point>
			<Point>
				<position>9</position>
				<quantity>74</quantity>
			</Point>
			<Point>
				<position>10</position>
				<quantity>29</quantity>
			</Point>
			<Point>
				<position>11</position>
				<quantity>14</quantity>
			</Point>
			<Point>
				<position>12</position>
				<quantity>49</quantity>
			</Point>
			<Point>
				<position>13</position>
				<quantity>79</quantity>
			</Point>
			<Point>
				<position>14</position>
				<quantity>121</quantity>
			</Point>
			<Point>
				<position>15</position>
				<quantity>68</quantity>
			</Point>
			<Point>
				<position>16</position>
				<quantity>75</quantity>
			</Point>
			<Point>
				<position>17</position>
				<quantity>81</quantity>
			</Point>
			<Point>
				<position>18</position>
				<quantity>39</quantity>
			</Point>
		</Period>
		<Period>
			<timeInterval>
				<start>2025-07-20T19:15Z</start>
				<end>2025-07-20T20:00Z</end>
			</timeInterval>
			<resolution>PT15M</resolution>
			<Point>
				<position>1</position>
				<quantity>25</quantity>
			</Point>
			<Point>
				<position>2</position>
				<quantity>12</quantity>
			</Point>
			<Point>
				<position>3</position>
				<quantity>19</quantity>
			</Point>
		</Period>
		<Period>
			<timeInterval>
				<start>2025-07-20T20:45Z</start>
				<end>2025-07-21T07:30Z</end>
			</timeInterval>
			<resolution>PT15M</resolution>
			<Point>
				<position>1</position>
				<quantity>0</quantity>
			</Point>
			<Point>
				<position>2</position>
				<quantity>24</quantity>
			</Point>
			<Point>
				<position>3</position>
				<quantity>22</quantity>
			</Point>
			<Point>
				<position>4</position>
				<quantity>44</quantity>
			</Point>
			<Point>
				<position>5</position>
				<quantity>34</quantity>
			</Point>
			<Point>
				<position>6</position>
				<quantity>57</quantity>
			</Point>
			<Point>
				<position>7</position>
				<quantity>48</quantity>
			</Point>
			<Point>
				<position>8</position>
				<quantity>72</quantity>
			</Point>
			<Point>
				<position>9</position>
				<quantity>49</quantity>
			</Point>
			<Point>
				<position>10</position>
				<quantity>59</quantity>
			</Point>
			<Point>
				<position>11</position>
				<quantity>47</quantity>
			</Point>
			<Point>
				<position>12</position>
				<quantity>38</quantity>
			</Point>
			<Point>
				<position>13</position>
				<quantity>56</quantity>
			</Point>
			<Point>
				<position>14</position>
				<quantity>88</quantity>
			</Point>
			<Point>
				<position>15</position>
				<quantity>62</quantity>
			</Point>
			<Point>
				<position>16</position>
				<quantity>50</quantity>
			</Point>
			<Point>
				<position>17</position>
				<quantity>27</quantity>
			</Point>
			<Point>
				<position>18</position>
				<quantity>84</quantity>
			</Point>
			<Point>
				<position>19</position>
				<quantity>97</quantity>
			</Point>
			<Point>
				<position>20</position>
				<quantity>55</quantity>
			</Point>
			<Point>
				<position>21</position>
				<quantity>40</quantity>
			</Point>
			<Point>
				<position>22</position>
				<quantity>49</quantity>
			</Point>
			<Point>
				<position>23</position>
				<quantity>49</quantity>
			</Point>
			<Point>
				<position>24</position>
				<quantity>49</quantity>
			</Point>
			<Point>
				<position>25</position>
				<quantity>54</quantity>
			</Point>
			<Point>
				<position>26</position>
				<quantity>68</quantity>
			</Point>
			<Point>
				<position>27</position>
				<quantity>70</quantity>
			</Point>
			<Point>
				<position>28</position>
				<quantity>52</quantity>
			</Point>
			<Point>
				<position>29</position>
				<quantity>22</quantity>
			</Point>
			<Point>
				<position>30</position>
				<quantity>75</quantity>
			</Point>
			<Point>
				<position>31</position>
				<quantity>41</quantity>
			</Point>
			<Point>
				<position>32</position>
				<quantity>53</quantity>
			</Point>
			<Point>
				<position>33</position>
				<quantity>94</quantity>
			</Point>
			<Point>
				<position>34</position>
				<quantity>94</quantity>
			</Point>
			<Point>
				<position>35</position>
				<quantity>100</quantity>
			</Point>
			<Point>
				<position>36</position>
				<quantity>58</quantity>
			</Point>
			<Point>
				<position>37</position>
				<quantity>106</quantity>
			</Point>
			<Point>
				<position>38</position>
				<quantity>71</quantity>
			</Point>
			<Point>
				<position>39</position>
				<quantity>102</quantity>
			</Point>
			<Point>
				<position>40</position>
				<quantity>48</quantity>
			</Point>
			<Point>
				<position>41</position>
				<quantity>53</quantity>
			</Point>
			<Point>
				<position>42</position>
				<quantity>27</quantity>
			</Point>
			<Point>
				<position>43</position>
				<quantity>38</quantity>
			</Point>
		</Period>
	</TimeSeries>
	<TimeSeries>
		<mRID>4</mRID>
		<businessType>A19</businessType>
		<flowDirection.direction>A02</flowDirection.direction>
		<quantity_Measure_Unit.name>MWH</quantity_Measure_Unit.name>
		<curveType>A01</curveType>
		<Period>
			<timeInterval>
				<start>2025-07-17T10:45Z</start>
				<end>2025-07-17T11:00Z</end>
			</timeInterval>
			<resolution>PT15M</resolution>
			<Point>
				<position>1</position>
				<quantity>7</quantity>
			</Point>
		</Period>
		<Period>
			<timeInterval>
				<start>2025-07-17T12:15Z</start>
				<end>2025-07-17T14:15Z</end>
			</timeInterval>
			<resolution>PT15M</resolution>
			<Point>
				<position>1</position>
				<quantity>36</quantity>
			</Point>
			<Point>
				<position>2</position>
				<quantity>57</quantity>
			</Point>
			<Point>
				<position>3</position>
				<quantity>69</quantity>
			</Point>
			<Point>
				<position>4</position>
				<quantity>60</quantity>
			</Point>
			<Point>
				<position>5</position>
				<quantity>71</quantity>
			</Point>
			<Point>
				<position>6</position>
				<quantity>139</quantity>
			</Point>
			<Point>
				<position>7</position>
				<quantity>165</quantity>
			</Point>
			<Point>
				<position>8</position>
				<quantity>40</quantity>
			</Point>
		</Period>
		<Period>
			<timeInterval>
				<start>2025-07-17T14:45Z</start>
				<end>2025-07-17T15:15Z</end>
			</timeInterval>
			<resolution>PT15M</resolution>
			<Point>
				<position>1</position>
				<quantity>35</quantity>
			</Point>
			<Point>
				<position>2</position>
				<quantity>4</quantity>
			</Point>
		</Period>
		<Period>
			<timeInterval>
				<start>2025-07-17T17:45Z</start>
				<end>2025-07-17T18:15Z</end>
			</timeInterval>
			<resolution>PT15M</resolution>
			<Point>
				<position>1</position>
				<quantity>6</quantity>
			</Point>
			<Point>
				<position>2</position>
				<quantity>18</quantity>
			</Point>
		</Period>
		<Period>
			<timeInterval>
				<start>2025-07-17T21:45Z</start>
				<end>2025-07-17T23:15Z</end>
			</timeInterval>
			<resolution>PT15M</resolution>
			<Point>
				<position>1</position>
				<quantity>7</quantity>
			</Point>
			<Point>
				<position>2</position>
				<quantity>116</quantity>
			</Point>
			<Point>
				<position>3</position>
				<quantity>142</quantity>
			</Point>
			<Point>
				<position>4</position>
				<quantity>104</quantity>
			</Point>
			<Point>
				<position>5</position>
				<quantity>103</quantity>
			</Point>
			<Point>
				<position>6</position>
				<quantity>79</quantity>
			</Point>
		</Period>
		<Period>
			<timeInterval>
				<start>2025-07-18T01:45Z</start>
				<end>2025-07-18T02:30Z</end>
			</timeInterval>
			<resolution>PT15M</resolution>
			<Point>
				<position>1</position>
				<quantity>2</quantity>
			</Point>
			<Point>
				<position>2</position>
				<quantity>11</quantity>
			</Point>
			<Point>
				<position>3</position>
				<quantity>37</quantity>
			</Point>
		</Period>
		<Period>
			<timeInterval>
				<start>2025-07-18T05:30Z</start>
				<end>2025-07-18T05:45Z</end>
			</timeInterval>
			<resolution>PT15M</resolution>
			<Point>
				<position>1</position>
				<quantity>10</quantity>
			</Point>
		</Period>
		<Period>
			<timeInterval>
				<start>2025-07-18T06:30Z</start>
				<end>2025-07-18T06:45Z</end>
			</timeInterval>
			<resolution>PT15M</resolution>
			<Point>
				<position>1</position>
				<quantity>10</quantity>
			</Point>
		</Period>
		<Period>
			<timeInterval>
				<start>2025-07-18T16:45Z</start>
				<end>2025-07-18T17:00Z</end>
			</timeInterval>
			<resolution>PT15M</resolution>
			<Point>
				<position>1</position>
				<quantity>16</quantity>
			</Point>
		</Period>
		<Period>
			<timeInterval>
				<start>2025-07-18T19:30Z</start>
				<end>2025-07-18T19:45Z</end>
			</timeInterval>
			<resolution>PT15M</resolution>
			<Point>
				<position>1</position>
				<quantity>8</quantity>
			</Point>
		</Period>
		<Period>
			<timeInterval>
				<start>2025-07-18T20:15Z</start>
				<end>2025-07-18T20:45Z</end>
			</timeInterval>
			<resolution>PT15M</resolution>
			<Point>
				<position>1</position>
				<quantity>41</quantity>
			</Point>
			<Point>
				<position>2</position>
				<quantity>30</quantity>
			</Point>
		</Period>
		<Period>
			<timeInterval>
				<start>2025-07-18T21:00Z</start>
				<end>2025-07-19T02:45Z</end>
			</timeInterval>
			<resolution>PT15M</resolution>
			<Point>
				<position>1</position>
				<quantity>24</quantity>
			</Point>
			<Point>
				<position>2</position>
				<quantity>6</quantity>
			</Point>
			<Point>
				<position>3</position>
				<quantity>53</quantity>
			</Point>
			<Point>
				<position>4</position>
				<quantity>56</quantity>
			</Point>
			<Point>
				<position>5</position>
				<quantity>50</quantity>
			</Point>
			<Point>
				<position>6</position>
				<quantity>23</quantity>
			</Point>
			<Point>
				<position>7</position>
				<quantity>17</quantity>
			</Point>
			<Point>
				<position>8</position>
				<quantity>12</quantity>
			</Point>
			<Point>
				<position>9</position>
				<quantity>17</quantity>
			</Point>
			<Point>
				<position>10</position>
				<quantity>7</quantity>
			</Point>
			<Point>
				<position>11</position>
				<quantity>29</quantity>
			</Point>
			<Point>
				<position>12</position>
				<quantity>33</quantity>
			</Point>
			<Point>
				<position>13</position>
				<quantity>5</quantity>
			</Point>
			<Point>
				<position>14</position>
				<quantity>15</quantity>
			</Point>
			<Point>
				<position>15</position>
				<quantity>22</quantity>
			</Point>
			<Point>
				<position>16</position>
				<quantity>28</quantity>
			</Point>
			<Point>
				<position>17</position>
				<quantity>24</quantity>
			</Point>
			<Point>
				<position>18</position>
				<quantity>34</quantity>
			</Point>
			<Point>
				<position>19</position>
				<quantity>38</quantity>
			</Point>
			<Point>
				<position>20</position>
				<quantity>48</quantity>
			</Point>
			<Point>
				<position>21</position>
				<quantity>13</quantity>
			</Point>
			<Point>
				<position>22</position>
				<quantity>3</quantity>
			</Point>
			<Point>
				<position>23</position>
				<quantity>19</quantity>
			</Point>
		</Period>
		<Period>
			<timeInterval>
				<start>2025-07-19T03:00Z</start>
				<end>2025-07-19T03:15Z</end>
			</timeInterval>
			<resolution>PT15M</resolution>
			<Point>
				<position>1</position>
				<quantity>14</quantity>
			</Point>
		</Period>
		<Period>
			<timeInterval>
				<start>2025-07-19T04:00Z</start>
				<end>2025-07-19T05:45Z</end>
			</timeInterval>
			<resolution>PT15M</resolution>
			<Point>
				<position>1</position>
				<quantity>57</quantity>
			</Point>
			<Point>
				<position>2</position>
				<quantity>85</quantity>
			</Point>
			<Point>
				<position>3</position>
				<quantity>71</quantity>
			</Point>
			<Point>
				<position>4</position>
				<quantity>54</quantity>
			</Point>
			<Point>
				<position>5</position>
				<quantity>79</quantity>
			</Point>
			<Point>
				<position>6</position>
				<quantity>57</quantity>
			</Point>
			<Point>
				<position>7</position>
				<quantity>31</quantity>
			</Point>
		</Period>
		<Period>
			<timeInterval>
				<start>2025-07-19T07:15Z</start>
				<end>2025-07-19T07:30Z</end>
			</timeInterval>
			<resolution>PT15M</resolution>
			<Point>
				<position>1</position>
				<quantity>13</quantity>
			</Point>
		</Period>
		<Period>
			<timeInterval>
				<start>2025-07-19T08:00Z</start>
				<end>2025-07-19T08:45Z</end>
			</timeInterval>
			<resolution>PT15M</resolution>
			<Point>
				<position>1</position>
				<quantity>6</quantity>
			</Point>
			<Point>
				<position>2</position>
				<quantity>4</quantity>
			</Point>
			<Point>
				<position>3</position>
				<quantity>6</quantity>
			</Point>
		</Period>
		<Period>
			<timeInterval>
				<start>2025-07-19T09:15Z</start>
				<end>2025-07-19T09:30Z</end>
			</timeInterval>
			<resolution>PT15M</resolution>
			<Point>
				<position>1</position>
				<quantity>12</quantity>
			</Point>
		</Period>
		<Period>
			<timeInterval>
				<start>2025-07-19T10:15Z</start>
				<end>2025-07-19T12:45Z</end>
			</timeInterval>
			<resolution>PT15M</resolution>
			<Point>
				<position>1</position>
				<quantity>16</quantity>
			</Point>
			<Point>
				<position>2</position>
				<quantity>11</quantity>
			</Point>
			<Point>
				<position>3</position>
				<quantity>35</quantity>
			</Point>
			<Point>
				<position>4</position>
				<quantity>15</quantity>
			</Point>
			<Point>
				<position>5</position>
				<quantity>14</quantity>
			</Point>
			<Point>
				<position>6</position>
				<quantity>38</quantity>
			</Point>
			<Point>
				<position>7</position>
				<quantity>34</quantity>
			</Point>
			<Point>
				<position>8</position>
				<quantity>30</quantity>
			</Point>
			<Point>
				<position>9</position>
				<quantity>65</quantity>
			</Point>
			<Point>
				<position>10</position>
				<quantity>48</quantity>
			</Point>
		</Period>
		<Period>
			<timeInterval>
				<start>2025-07-19T13:30Z</start>
				<end>2025-07-19T14:00Z</end>
			</timeInterval>
			<resolution>PT15M</resolution>
			<Point>
				<position>1</position>
				<quantity>11</quantity>
			</Point>
			<Point>
				<position>2</position>
				<quantity>29</quantity>
			</Point>
		</Period>
		<Period>
			<timeInterval>
				<start>2025-07-19T14:45Z</start>
				<end>2025-07-19T15:00Z</end>
			</timeInterval>
			<resolution>PT15M</resolution>
			<Point>
				<position>1</position>
				<quantity>17</quantity>
			</Point>
		</Period>
		<Period>
			<timeInterval>
				<start>2025-07-19T15:45Z</start>
				<end>2025-07-19T16:00Z</end>
			</timeInterval>
			<resolution>PT15M</resolution>
			<Point>
				<position>1</position>
				<quantity>24</quantity>
			</Point>
		</Period>
		<Period>
			<timeInterval>
				<start>2025-07-19T16:45Z</start>
				<end>2025-07-19T17:00Z</end>
			</timeInterval>
			<resolution>PT15M</resolution>
			<Point>
				<position>1</position>
				<quantity>9</quantity>
			</Point>
		</Period>
		<Period>
			<timeInterval>
				<start>2025-07-19T20:15Z</start>
				<end>2025-07-19T20:45Z</end>
			</timeInterval>
			<resolution>PT15M</resolution>
			<Point>
				<position>1</position>
				<quantity>13</quantity>
			</Point>
			<Point>
				<position>2</position>
				<quantity>33</quantity>
			</Point>
		</Period>
		<Period>
			<timeInterval>
				<start>2025-07-19T21:00Z</start>
				<end>2025-07-20T00:15Z</end>
			</timeInterval>
			<resolution>PT15M</resolution>
			<Point>
				<position>1</position>
				<quantity>26</quantity>
			</Point>
			<Point>
				<position>2</position>
				<quantity>43</quantity>
			</Point>
			<Point>
				<position>3</position>
				<quantity>32</quantity>
			</Point>
			<Point>
				<position>4</position>
				<quantity>44</quantity>
			</Point>
			<Point>
				<position>5</position>
				<quantity>27</quantity>
			</Point>
			<Point>
				<position>6</position>
				<quantity>50</quantity>
			</Point>
			<Point>
				<position>7</position>
				<quantity>45</quantity>
			</Point>
			<Point>
				<position>8</position>
				<quantity>47</quantity>
			</Point>
			<Point>
				<position>9</position>
				<quantity>34</quantity>
			</Point>
			<Point>
				<position>10</position>
				<quantity>35</quantity>
			</Point>
			<Point>
				<position>11</position>
				<quantity>48</quantity>
			</Point>
			<Point>
				<position>12</position>
				<quantity>46</quantity>
			</Point>
			<Point>
				<position>13</position>
				<quantity>22</quantity>
			</Point>
		</Period>
		<Period>
			<timeInterval>
				<start>2025-07-20T00:30Z</start>
				<end>2025-07-20T01:15Z</end>
			</timeInterval>
			<resolution>PT15M</resolution>
			<Point>
				<position>1</position>
				<quantity>10</quantity>
			</Point>
			<Point>
				<position>2</position>
				<quantity>7</quantity>
			</Point>
			<Point>
				<position>3</position>
				<quantity>5</quantity>
			</Point>
		</Period>
		<Period>
			<timeInterval>
				<start>2025-07-20T01:30Z</start>
				<end>2025-07-20T02:30Z</end>
			</timeInterval>
			<resolution>PT15M</resolution>
			<Point>
				<position>1</position>
				<quantity>12</quantity>
			</Point>
			<Point>
				<position>2</position>
				<quantity>10</quantity>
			</Point>
			<Point>
				<position>3</position>
				<quantity>13</quantity>
			</Point>
			<Point>
				<position>4</position>
				<quantity>18</quantity>
			</Point>
		</Period>
		<Period>
			<timeInterval>
				<start>2025-07-20T02:45Z</start>
				<end>2025-07-20T03:00Z</end>
			</timeInterval>
			<resolution>PT15M</resolution>
			<Point>
				<position>1</position>
				<quantity>8</quantity>
			</Point>
		</Period>
		<Period>
			<timeInterval>
				<start>2025-07-20T03:15Z</start>
				<end>2025-07-20T03:30Z</end>
			</timeInterval>
			<resolution>PT15M</resolution>
			<Point>
				<position>1</position>
				<quantity>1</quantity>
			</Point>
		</Period>
		<Period>
			<timeInterval>
				<start>2025-07-20T04:00Z</start>
				<end>2025-07-20T04:45Z</end>
			</timeInterval>
			<resolution>PT15M</resolution>
			<Point>
				<position>1</position>
				<quantity>14</quantity>
			</Point>
			<Point>
				<position>2</position>
				<quantity>12</quantity>
			</Point>
			<Point>
				<position>3</position>
				<quantity>16</quantity>
			</Point>
		</Period>
		<Period>
			<timeInterval>
				<start>2025-07-20T05:00Z</start>
				<end>2025-07-20T05:15Z</end>
			</timeInterval>
			<resolution>PT15M</resolution>
			<Point>
				<position>1</position>
				<quantity>7</quantity>
			</Point>
		</Period>
		<Period>
			<timeInterval>
				<start>2025-07-20T06:00Z</start>
				<end>2025-07-20T07:15Z</end>
			</timeInterval>
			<resolution>PT15M</resolution>
			<Point>
				<position>1</position>
				<quantity>22</quantity>
			</Point>
			<Point>
				<position>2</position>
				<quantity>41</quantity>
			</Point>
			<Point>
				<position>3</position>
				<quantity>23</quantity>
			</Point>
			<Point>
				<position>4</position>
				<quantity>19</quantity>
			</Point>
			<Point>
				<position>5</position>
				<quantity>14</quantity>
			</Point>
		</Period>
		<Period>
			<timeInterval>
				<start>2025-07-20T09:45Z</start>
				<end>2025-07-20T11:00Z</end>
			</timeInterval>
			<resolution>PT15M</resolution>
			<Point>
				<position>1</position>
				<quantity>1</quantity>
			</Point>
			<Point>
				<position>2</position>
				<quantity>76</quantity>
			</Point>
			<Point>
				<position>3</position>
				<quantity>106</quantity>
			</Point>
			<Point>
				<position>4</position>
				<quantity>141</quantity>
			</Point>
			<Point>
				<position>5</position>
				<quantity>84</quantity>
			</Point>
		</Period>
		<Period>
			<timeInterval>
				<start>2025-07-20T12:45Z</start>
				<end>2025-07-20T14:30Z</end>
			</timeInterval>
			<resolution>PT15M</resolution>
			<Point>
				<position>1</position>
				<quantity>1</quantity>
			</Point>
			<Point>
				<position>2</position>
				<quantity>14</quantity>
			</Point>
			<Point>
				<position>3</position>
				<quantity>71</quantity>
			</Point>
			<Point>
				<position>4</position>
				<quantity>97</quantity>
			</Point>
			<Point>
				<position>5</position>
				<quantity>120</quantity>
			</Point>
			<Point>
				<position>6</position>
				<quantity>21</quantity>
			</Point>
			<Point>
				<position>7</position>
				<quantity>0</quantity>
			</Point>
		</Period>
		<Period>
			<timeInterval>
				<start>2025-07-20T19:00Z</start>
				<end>2025-07-20T19:15Z</end>
			</timeInterval>
			<resolution>PT15M</resolution>
			<Point>
				<position>1</position>
				<quantity>3</quantity>
			</Point>
		</Period>
		<Period>
			<timeInterval>
				<start>2025-07-20T20:00Z</start>
				<end>2025-07-20T20:45Z</end>
			</timeInterval>
			<resolution>PT15M</resolution>
			<Point>
				<position>1</position>
				<quantity>5</quantity>
			</Point>
			<Point>
				<position>2</position>
				<quantity>2</quantity>
			</Point>
			<Point>
				<position>3</position>
				<quantity>1</quantity>
			</Point>
		</Period>
	</TimeSeries>
</Balancing_MarketDocument>
