<?xml version="1.0" encoding="UTF-8"?>
<Balancing_MarketDocument xmlns="urn:iec62325.351:tc57wg16:451-6:balancingdocument:3:0">
	<mRID>3a542636938e469d8c1d8a135030ef0f</mRID>
	<revisionNumber>1</revisionNumber>
	<type>A86</type>
	<process.processType>A16</process.processType>
	<sender_MarketParticipant.mRID codingScheme="A01">10X1001A1001A450</sender_MarketParticipant.mRID>
	<sender_MarketParticipant.marketRole.type>A32</sender_MarketParticipant.marketRole.type>
	<receiver_MarketParticipant.mRID codingScheme="A01">10X1001A1001A450</receiver_MarketParticipant.mRID>
	<receiver_MarketParticipant.marketRole.type>A33</receiver_MarketParticipant.marketRole.type>
	<createdDateTime>2025-06-13T04:29:09Z</createdDateTime>
	<controlArea_Domain.mRID codingScheme="A01">10YRO-TEL------P</controlArea_Domain.mRID>
	<period.timeInterval>
		<start>2025-06-11T23:00Z</start>
		<end>2025-06-13T04:00Z</end>
	</period.timeInterval>
	<TimeSeries>
		<mRID>1</mRID>
		<businessType>A19</businessType>
		<flowDirection.direction>A02</flowDirection.direction>
		<quantity_Measure_Unit.name>MWH</quantity_Measure_Unit.name>
		<curveType>A01</curveType>
		<Period>
			<timeInterval>
				<start>2025-06-11T23:00Z</start>
				<end>2025-06-12T00:15Z</end>
			</timeInterval>
			<resolution>PT15M</resolution>
			<Point>
				<position>1</position>
				<quantity>61</quantity>
			</Point>
			<Point>
				<position>2</position>
				<quantity>59</quantity>
			</Point>
			<Point>
				<position>3</position>
				<quantity>29</quantity>
			</Point>
			<Point>
				<position>4</position>
				<quantity>22</quantity>
			</Point>
			<Point>
				<position>5</position>
				<quantity>44</quantity>
			</Point>
		</Period>
		<Period>
			<timeInterval>
				<start>2025-06-12T13:45Z</start>
				<end>2025-06-12T14:00Z</end>
			</timeInterval>
			<resolution>PT15M</resolution>
			<Point>
				<position>1</position>
				<quantity>10</quantity>
			</Point>
		</Period>
		<Period>
			<timeInterval>
				<start>2025-06-12T14:45Z</start>
				<end>2025-06-12T15:00Z</end>
			</timeInterval>
			<resolution>PT15M</resolution>
			<Point>
				<position>1</position>
				<quantity>10</quantity>
			</Point>
		</Period>
		<Period>
			<timeInterval>
				<start>2025-06-12T16:30Z</start>
				<end>2025-06-12T17:00Z</end>
			</timeInterval>
			<resolution>PT15M</resolution>
			<Point>
				<position>1</position>
				<quantity>24</quantity>
			</Point>
			<Point>
				<position>2</position>
				<quantity>13</quantity>
			</Point>
		</Period>
		<Period>
			<timeInterval>
				<start>2025-06-12T17:30Z</start>
				<end>2025-06-12T18:45Z</end>
			</timeInterval>
			<resolution>PT15M</resolution>
			<Point>
				<position>1</position>
				<quantity>5</quantity>
			</Point>
			<Point>
				<position>2</position>
				<quantity>45</quantity>
			</Point>
			<Point>
				<position>3</position>
				<quantity>21</quantity>
			</Point>
			<Point>
				<position>4</position>
				<quantity>22</quantity>
			</Point>
			<Point>
				<position>5</position>
				<quantity>16</quantity>
			</Point>
		</Period>
		<Period>
			<timeInterval>
				<start>2025-06-12T19:00Z</start>
				<end>2025-06-12T19:30Z</end>
			</timeInterval>
			<resolution>PT15M</resolution>
			<Point>
				<position>1</position>
				<quantity>56</quantity>
			</Point>
			<Point>
				<position>2</position>
				<quantity>22</quantity>
			</Point>
		</Period>
		<Period>
			<timeInterval>
				<start>2025-06-12T20:00Z</start>
				<end>2025-06-12T20:45Z</end>
			</timeInterval>
			<resolution>PT15M</resolution>
			<Point>
				<position>1</position>
				<quantity>47</quantity>
			</Point>
			<Point>
				<position>2</position>
				<quantity>49</quantity>
			</Point>
			<Point>
				<position>3</position>
				<quantity>18</quantity>
			</Point>
		</Period>
		<Period>
			<timeInterval>
				<start>2025-06-12T21:00Z</start>
				<end>2025-06-12T21:15Z</end>
			</timeInterval>
			<resolution>PT15M</resolution>
			<Point>
				<position>1</position>
				<quantity>23</quantity>
			</Point>
		</Period>
		<Period>
			<timeInterval>
				<start>2025-06-12T22:15Z</start>
				<end>2025-06-13T03:15Z</end>
			</timeInterval>
			<resolution>PT15M</resolution>
			<Point>
				<position>1</position>
				<quantity>4</quantity>
			</Point>
			<Point>
				<position>2</position>
				<quantity>4</quantity>
			</Point>
			<Point>
				<position>3</position>
				<quantity>6</quantity>
			</Point>
			<Point>
				<position>4</position>
				<quantity>19</quantity>
			</Point>
			<Point>
				<position>5</position>
				<quantity>29</quantity>
			</Point>
			<Point>
				<position>6</position>
				<quantity>71</quantity>
			</Point>
			<Point>
				<position>7</position>
				<quantity>38</quantity>
			</Point>
			<Point>
				<position>8</position>
				<quantity>28</quantity>
			</Point>
			<Point>
				<position>9</position>
				<quantity>73</quantity>
			</Point>
			<Point>
				<position>10</position>
				<quantity>36</quantity>
			</Point>
			<Point>
				<position>11</position>
				<quantity>31</quantity>
			</Point>
			<Point>
				<position>12</position>
				<quantity>10</quantity>
			</Point>
			<Point>
				<position>13</position>
				<quantity>82</quantity>
			</Point>
			<Point>
				<position>14</position>
				<quantity>65</quantity>
			</Point>
			<Point>
				<position>15</position>
				<quantity>50</quantity>
			</Point>
			<Point>
				<position>16</position>
				<quantity>38</quantity>
			</Point>
			<Point>
				<position>17</position>
				<quantity>56</quantity>
			</Point>
			<Point>
				<position>18</position>
				<quantity>76</quantity>
			</Point>
			<Point>
				<position>19</position>
				<quantity>52</quantity>
			</Point>
			<Point>
				<position>20</position>
				<quantity>60</quantity>
			</Point>
		</Period>
		<Period>
			<timeInterval>
				<start>2025-06-13T03:30Z</start>
				<end>2025-06-13T04:00Z</end>
			</timeInterval>
			<resolution>PT15M</resolution>
			<Point>
				<position>1</position>
				<quantity>12</quantity>
			</Point>
			<Point>
				<position>2</position>
				<quantity>21</quantity>
			</Point>
		</Period>
	</TimeSeries>
	<TimeSeries>
		<mRID>2</mRID>
		<businessType>A19</businessType>
		<flowDirection.direction>A01</flowDirection.direction>
		<quantity_Measure_Unit.name>MWH</quantity_Measure_Unit.name>
		<curveType>A01</curveType>
		<Period>
			<timeInterval>
				<start>2025-06-12T00:15Z</start>
				<end>2025-06-12T13:45Z</end>
			</timeInterval>
			<resolution>PT15M</resolution>
			<Point>
				<position>1</position>
				<quantity>11</quantity>
			</Point>
			<Point>
				<position>2</position>
				<quantity>60</quantity>
			</Point>
			<Point>
				<position>3</position>
				<quantity>62</quantity>
			</Point>
			<Point>
				<position>4</position>
				<quantity>79</quantity>
			</Point>
			<Point>
				<position>5</position>
				<quantity>96</quantity>
			</Point>
			<Point>
				<position>6</position>
				<quantity>169</quantity>
			</Point>
			<Point>
				<position>7</position>
				<quantity>97</quantity>
			</Point>
			<Point>
				<position>8</position>
				<quantity>93</quantity>
			</Point>
			<Point>
				<position>9</position>
				<quantity>98</quantity>
			</Point>
			<Point>
				<position>10</position>
				<quantity>131</quantity>
			</Point>
			<Point>
				<position>11</position>
				<quantity>102</quantity>
			</Point>
			<Point>
				<position>12</position>
				<quantity>99</quantity>
			</Point>
			<Point>
				<position>13</position>
				<quantity>50</quantity>
			</Point>
			<Point>
				<position>14</position>
				<quantity>93</quantity>
			</Point>
			<Point>
				<position>15</position>
				<quantity>38</quantity>
			</Point>
			<Point>
				<position>16</position>
				<quantity>32</quantity>
			</Point>
			<Point>
				<position>17</position>
				<quantity>33</quantity>
			</Point>
			<Point>
				<position>18</position>
				<quantity>35</quantity>
			</Point>
			<Point>
				<position>19</position>
				<quantity>62</quantity>
			</Point>
			<Point>
				<position>20</position>
				<quantity>107</quantity>
			</Point>
			<Point>
				<position>21</position>
				<quantity>65</quantity>
			</Point>
			<Point>
				<position>22</position>
				<quantity>136</quantity>
			</Point>
			<Point>
				<position>23</position>
				<quantity>166</quantity>
			</Point>
			<Point>
				<position>24</position>
				<quantity>90</quantity>
			</Point>
			<Point>
				<position>25</position>
				<quantity>69</quantity>
			</Point>
			<Point>
				<position>26</position>
				<quantity>53</quantity>
			</Point>
			<Point>
				<position>27</position>
				<quantity>55</quantity>
			</Point>
			<Point>
				<position>28</position>
				<quantity>8</quantity>
			</Point>
			<Point>
				<position>29</position>
				<quantity>26</quantity>
			</Point>
			<Point>
				<position>30</position>
				<quantity>68</quantity>
			</Point>
			<Point>
				<position>31</position>
				<quantity>56</quantity>
			</Point>
			<Point>
				<position>32</position>
				<quantity>38</quantity>
			</Point>
			<Point>
				<position>33</position>
				<quantity>59</quantity>
			</Point>
			<Point>
				<position>34</position>
				<quantity>103</quantity>
			</Point>
			<Point>
				<position>35</position>
				<quantity>95</quantity>
			</Point>
			<Point>
				<position>36</position>
				<quantity>63</quantity>
			</Point>
			<Point>
				<position>37</position>
				<quantity>78</quantity>
			</Point>
			<Point>
				<position>38</position>
				<quantity>63</quantity>
			</Point>
			<Point>
				<position>39</position>
				<quantity>29</quantity>
			</Point>
			<Point>
				<position>40</position>
				<quantity>71</quantity>
			</Point>
			<Point>
				<position>41</position>
				<quantity>56</quantity>
			</Point>
			<Point>
				<position>42</position>
				<quantity>45</quantity>
			</Point>
			<Point>
				<position>43</position>
				<quantity>50</quantity>
			</Point>
			<Point>
				<position>44</position>
				<quantity>101</quantity>
			</Point>
			<Point>
				<position>45</position>
				<quantity>114</quantity>
			</Point>
			<Point>
				<position>46</position>
				<quantity>76</quantity>
			</Point>
			<Point>
				<position>47</position>
				<quantity>69</quantity>
			</Point>
			<Point>
				<position>48</position>
				<quantity>131</quantity>
			</Point>
			<Point>
				<position>49</position>
				<quantity>145</quantity>
			</Point>
			<Point>
				<position>50</position>
				<quantity>142</quantity>
			</Point>
			<Point>
				<position>51</position>
				<quantity>91</quantity>
			</Point>
			<Point>
				<position>52</position>
				<quantity>105</quantity>
			</Point>
			<Point>
				<position>53</position>
				<quantity>43</quantity>
			</Point>
			<Point>
				<position>54</position>
				<quantity>29</quantity>
			</Point>
		</Period>
		<Period>
			<timeInterval>
				<start>2025-06-12T14:00Z</start>
				<end>2025-06-12T14:45Z</end>
			</timeInterval>
			<resolution>PT15M</resolution>
			<Point>
				<position>1</position>
				<quantity>44</quantity>
			</Point>
			<Point>
				<position>2</position>
				<quantity>53</quantity>
			</Point>
			<Point>
				<position>3</position>
				<quantity>15</quantity>
			</Point>
		</Period>
		<Period>
			<timeInterval>
				<start>2025-06-12T15:00Z</start>
				<end>2025-06-12T16:30Z</end>
			</timeInterval>
			<resolution>PT15M</resolution>
			<Point>
				<position>1</position>
				<quantity>53</quantity>
			</Point>
			<Point>
				<position>2</position>
				<quantity>61</quantity>
			</Point>
			<Point>
				<position>3</position>
				<quantity>20</quantity>
			</Point>
			<Point>
				<position>4</position>
				<quantity>13</quantity>
			</Point>
			<Point>
				<position>5</position>
				<quantity>33</quantity>
			</Point>
			<Point>
				<position>6</position>
				<quantity>27</quantity>
			</Point>
		</Period>
		<Period>
			<timeInterval>
				<start>2025-06-12T17:00Z</start>
				<end>2025-06-12T17:30Z</end>
			</timeInterval>
			<resolution>PT15M</resolution>
			<Point>
				<position>1</position>
				<quantity>14</quantity>
			</Point>
			<Point>
				<position>2</position>
				<quantity>19</quantity>
			</Point>
		</Period>
		<Period>
			<timeInterval>
				<start>2025-06-12T18:45Z</start>
				<end>2025-06-12T19:00Z</end>
			</timeInterval>
			<resolution>PT15M</resolution>
			<Point>
				<position>1</position>
				<quantity>11</quantity>
			</Point>
		</Period>
		<Period>
			<timeInterval>
				<start>2025-06-12T19:30Z</start>
				<end>2025-06-12T20:00Z</end>
			</timeInterval>
			<resolution>PT15M</resolution>
			<Point>
				<position>1</position>
				<quantity>16</quantity>
			</Point>
			<Point>
				<position>2</position>
				<quantity>34</quantity>
			</Point>
		</Period>
		<Period>
			<timeInterval>
				<start>2025-06-12T20:45Z</start>
				<end>2025-06-12T21:00Z</end>
			</timeInterval>
			<resolution>PT15M</resolution>
			<Point>
				<position>1</position>
				<quantity>3</quantity>
			</Point>
		</Period>
		<Period>
			<timeInterval>
				<start>2025-06-12T21:15Z</start>
				<end>2025-06-12T22:15Z</end>
			</timeInterval>
			<resolution>PT15M</resolution>
			<Point>
				<position>1</position>
				<quantity>4</quantity>
			</Point>
			<Point>
				<position>2</position>
				<quantity>11</quantity>
			</Point>
			<Point>
				<position>3</position>
				<quantity>29</quantity>
			</Point>
			<Point>
				<position>4</position>
				<quantity>43</quantity>
			</Point>
		</Period>
		<Period>
			<timeInterval>
				<start>2025-06-13T03:15Z</start>
				<end>2025-06-13T03:30Z</end>
			</timeInterval>
			<resolution>PT15M</resolution>
			<Point>
				<position>1</position>
				<quantity>0</quantity>
			</Point>
		</Period>
	</TimeSeries>
</Balancing_MarketDocument>
