<?xml version="1.0" encoding="UTF-8"?>
  <Balancing_MarketDocument xmlns="urn:iec62325.351:tc57wg16:451-6:balancingdocument:3:0">
    <mRID>2ac6db91e5844241ac64f8e2ae2c6fb6</mRID>
    <revisionNumber>1</revisionNumber>
    <type>A86</type>
    <process.processType>A16</process.processType>
    <sender_MarketParticipant.mRID codingScheme="A01">10X1001A1001A450</sender_MarketParticipant.mRID>
    <sender_MarketParticipant.marketRole.type>A32</sender_MarketParticipant.marketRole.type>
    <receiver_MarketParticipant.mRID codingScheme="A01">10X1001A1001A450</receiver_MarketParticipant.mRID>
    <receiver_MarketParticipant.marketRole.type>A33</receiver_MarketParticipant.marketRole.type>
    <createdDateTime>2026-02-18T06:26:25Z</createdDateTime>
    <controlArea_Domain.mRID codingScheme="A01">10YRO-TEL------P</controlArea_Domain.mRID>
    <period.timeInterval>
      <start>2026-02-16T23:00Z</start>
      <end>2026-02-18T06:15Z</end>
    </period.timeInterval>
      <TimeSeries>
        <mRID>1</mRID>
        <businessType>A19</businessType>
        <flowDirection.direction>A02</flowDirection.direction>
        <quantity_Measure_Unit.name>MWH</quantity_Measure_Unit.name>
        <curveType>A03</curveType>
          <Period>
            <timeInterval>
              <start>2026-02-16T23:00Z</start>
              <end>2026-02-17T06:45Z</end>
            </timeInterval>
            <resolution>PT15M</resolution>
              <Point>
                <position>1</position>
                <quantity>18.684</quantity>
              </Point>
              <Point>
                <position>2</position>
                <quantity>41.51</quantity>
              </Point>
              <Point>
                <position>3</position>
                <quantity>50.586</quantity>
              </Point>
              <Point>
                <position>4</position>
                <quantity>49.329</quantity>
              </Point>
              <Point>
                <position>5</position>
                <quantity>44.534</quantity>
              </Point>
              <Point>
                <position>6</position>
                <quantity>53.741</quantity>
              </Point>
              <Point>
                <position>7</position>
                <quantity>38.394</quantity>
              </Point>
              <Point>
                <position>8</position>
                <quantity>34.768</quantity>
              </Point>
              <Point>
                <position>9</position>
                <quantity>56.729</quantity>
              </Point>
              <Point>
                <position>10</position>
                <quantity>76.905</quantity>
              </Point>
              <Point>
                <position>11</position>
                <quantity>100.529</quantity>
              </Point>
              <Point>
                <position>12</position>
                <quantity>89.993</quantity>
              </Point>
              <Point>
                <position>13</position>
                <quantity>73.231</quantity>
              </Point>
              <Point>
                <position>14</position>
                <quantity>81.944</quantity>
              </Point>
              <Point>
                <position>15</position>
                <quantity>84.123</quantity>
              </Point>
              <Point>
                <position>16</position>
                <quantity>85.031</quantity>
              </Point>
              <Point>
                <position>17</position>
                <quantity>96.56</quantity>
              </Point>
              <Point>
                <position>18</position>
                <quantity>141.228</quantity>
              </Point>
              <Point>
                <position>19</position>
                <quantity>132.666</quantity>
              </Point>
              <Point>
                <position>20</position>
                <quantity>68.671</quantity>
              </Point>
              <Point>
                <position>21</position>
                <quantity>29.427</quantity>
              </Point>
              <Point>
                <position>22</position>
                <quantity>33.839</quantity>
              </Point>
              <Point>
                <position>23</position>
                <quantity>61.326</quantity>
              </Point>
              <Point>
                <position>24</position>
                <quantity>60.959</quantity>
              </Point>
              <Point>
                <position>25</position>
                <quantity>19.256</quantity>
              </Point>
              <Point>
                <position>26</position>
                <quantity>28.987</quantity>
              </Point>
              <Point>
                <position>27</position>
                <quantity>62.361</quantity>
              </Point>
              <Point>
                <position>28</position>
                <quantity>75.539</quantity>
              </Point>
              <Point>
                <position>29</position>
                <quantity>74.825</quantity>
              </Point>
              <Point>
                <position>30</position>
                <quantity>43.735</quantity>
              </Point>
              <Point>
                <position>31</position>
                <quantity>29.543</quantity>
              </Point>
          </Period>
          <Period>
            <timeInterval>
              <start>2026-02-17T07:30Z</start>
              <end>2026-02-17T07:45Z</end>
            </timeInterval>
            <resolution>PT15M</resolution>
              <Point>
                <position>1</position>
                <quantity>6.255</quantity>
              </Point>
          </Period>
          <Period>
            <timeInterval>
              <start>2026-02-17T08:00Z</start>
              <end>2026-02-17T10:30Z</end>
            </timeInterval>
            <resolution>PT15M</resolution>
              <Point>
                <position>1</position>
                <quantity>46.39</quantity>
              </Point>
              <Point>
                <position>2</position>
                <quantity>123.422</quantity>
              </Point>
              <Point>
                <position>3</position>
                <quantity>88.055</quantity>
              </Point>
              <Point>
                <position>4</position>
                <quantity>134.566</quantity>
              </Point>
              <Point>
                <position>5</position>
                <quantity>84.656</quantity>
              </Point>
              <Point>
                <position>6</position>
                <quantity>138.113</quantity>
              </Point>
              <Point>
                <position>7</position>
                <quantity>157.433</quantity>
              </Point>
              <Point>
                <position>8</position>
                <quantity>110.557</quantity>
              </Point>
              <Point>
                <position>9</position>
                <quantity>57.106</quantity>
              </Point>
              <Point>
                <position>10</position>
                <quantity>35.038</quantity>
              </Point>
          </Period>
          <Period>
            <timeInterval>
              <start>2026-02-17T11:30Z</start>
              <end>2026-02-17T11:45Z</end>
            </timeInterval>
            <resolution>PT15M</resolution>
              <Point>
                <position>1</position>
                <quantity>2.11</quantity>
              </Point>
          </Period>
          <Period>
            <timeInterval>
              <start>2026-02-17T12:00Z</start>
              <end>2026-02-17T13:30Z</end>
            </timeInterval>
            <resolution>PT15M</resolution>
              <Point>
                <position>1</position>
                <quantity>37.362</quantity>
              </Point>
              <Point>
                <position>2</position>
                <quantity>11.909</quantity>
              </Point>
              <Point>
                <position>3</position>
                <quantity>33.548</quantity>
              </Point>
              <Point>
                <position>4</position>
                <quantity>23.574</quantity>
              </Point>
              <Point>
                <position>5</position>
                <quantity>48.794</quantity>
              </Point>
              <Point>
                <position>6</position>
                <quantity>33.952</quantity>
              </Point>
          </Period>
          <Period>
            <timeInterval>
              <start>2026-02-17T13:45Z</start>
              <end>2026-02-17T14:15Z</end>
            </timeInterval>
            <resolution>PT15M</resolution>
              <Point>
                <position>1</position>
                <quantity>6.833</quantity>
              </Point>
              <Point>
                <position>2</position>
                <quantity>16.244</quantity>
              </Point>
          </Period>
          <Period>
            <timeInterval>
              <start>2026-02-17T15:30Z</start>
              <end>2026-02-17T17:45Z</end>
            </timeInterval>
            <resolution>PT15M</resolution>
              <Point>
                <position>1</position>
                <quantity>4.306</quantity>
              </Point>
              <Point>
                <position>2</position>
                <quantity>7.068</quantity>
              </Point>
              <Point>
                <position>3</position>
                <quantity>18.782</quantity>
              </Point>
              <Point>
                <position>4</position>
                <quantity>2.32</quantity>
              </Point>
              <Point>
                <position>5</position>
                <quantity>8.085</quantity>
              </Point>
              <Point>
                <position>6</position>
                <quantity>1.536</quantity>
              </Point>
              <Point>
                <position>7</position>
                <quantity>52.863</quantity>
              </Point>
              <Point>
                <position>8</position>
                <quantity>25.891</quantity>
              </Point>
              <Point>
                <position>9</position>
                <quantity>12.681</quantity>
              </Point>
          </Period>
          <Period>
            <timeInterval>
              <start>2026-02-17T18:00Z</start>
              <end>2026-02-17T18:30Z</end>
            </timeInterval>
            <resolution>PT15M</resolution>
              <Point>
                <position>1</position>
                <quantity>2.173</quantity>
              </Point>
              <Point>
                <position>2</position>
                <quantity>1.053</quantity>
              </Point>
          </Period>
          <Period>
            <timeInterval>
              <start>2026-02-17T18:45Z</start>
              <end>2026-02-17T19:30Z</end>
            </timeInterval>
            <resolution>PT15M</resolution>
              <Point>
                <position>1</position>
                <quantity>5.9</quantity>
              </Point>
              <Point>
                <position>2</position>
                <quantity>9.693</quantity>
              </Point>
              <Point>
                <position>3</position>
                <quantity>10.813</quantity>
              </Point>
          </Period>
          <Period>
            <timeInterval>
              <start>2026-02-17T19:45Z</start>
              <end>2026-02-18T06:15Z</end>
            </timeInterval>
            <resolution>PT15M</resolution>
              <Point>
                <position>1</position>
                <quantity>6.821</quantity>
              </Point>
              <Point>
                <position>2</position>
                <quantity>54.196</quantity>
              </Point>
              <Point>
                <position>3</position>
                <quantity>49.146</quantity>
              </Point>
              <Point>
                <position>4</position>
                <quantity>30.171</quantity>
              </Point>
              <Point>
                <position>5</position>
                <quantity>32.237</quantity>
              </Point>
              <Point>
                <position>6</position>
                <quantity>56.711</quantity>
              </Point>
              <Point>
                <position>7</position>
                <quantity>39.07</quantity>
              </Point>
              <Point>
                <position>8</position>
                <quantity>35.945</quantity>
              </Point>
              <Point>
                <position>9</position>
                <quantity>30.614</quantity>
              </Point>
              <Point>
                <position>10</position>
                <quantity>90.939</quantity>
              </Point>
              <Point>
                <position>11</position>
                <quantity>64.286</quantity>
              </Point>
              <Point>
                <position>12</position>
                <quantity>63.779</quantity>
              </Point>
              <Point>
                <position>13</position>
                <quantity>61.613</quantity>
              </Point>
              <Point>
                <position>14</position>
                <quantity>40.331</quantity>
              </Point>
              <Point>
                <position>15</position>
                <quantity>36.325</quantity>
              </Point>
              <Point>
                <position>16</position>
                <quantity>77.199</quantity>
              </Point>
              <Point>
                <position>17</position>
                <quantity>83.749</quantity>
              </Point>
              <Point>
                <position>18</position>
                <quantity>44.822</quantity>
              </Point>
              <Point>
                <position>19</position>
                <quantity>54.425</quantity>
              </Point>
              <Point>
                <position>20</position>
                <quantity>57.416</quantity>
              </Point>
              <Point>
                <position>21</position>
                <quantity>73.731</quantity>
              </Point>
              <Point>
                <position>22</position>
                <quantity>64.119</quantity>
              </Point>
              <Point>
                <position>23</position>
                <quantity>37.495</quantity>
              </Point>
              <Point>
                <position>24</position>
                <quantity>85.302</quantity>
              </Point>
              <Point>
                <position>25</position>
                <quantity>115.321</quantity>
              </Point>
              <Point>
                <position>26</position>
                <quantity>68.864</quantity>
              </Point>
              <Point>
                <position>27</position>
                <quantity>76.62</quantity>
              </Point>
              <Point>
                <position>28</position>
                <quantity>113.079</quantity>
              </Point>
              <Point>
                <position>29</position>
                <quantity>143.817</quantity>
              </Point>
              <Point>
                <position>30</position>
                <quantity>68.045</quantity>
              </Point>
              <Point>
                <position>31</position>
                <quantity>89.975</quantity>
              </Point>
              <Point>
                <position>32</position>
                <quantity>135.882</quantity>
              </Point>
              <Point>
                <position>33</position>
                <quantity>108.768</quantity>
              </Point>
              <Point>
                <position>34</position>
                <quantity>24.418</quantity>
              </Point>
              <Point>
                <position>35</position>
                <quantity>42.378</quantity>
              </Point>
              <Point>
                <position>36</position>
                <quantity>64.185</quantity>
              </Point>
              <Point>
                <position>37</position>
                <quantity>92.614</quantity>
              </Point>
              <Point>
                <position>38</position>
                <quantity>9.272</quantity>
              </Point>
              <Point>
                <position>39</position>
                <quantity>37.487</quantity>
              </Point>
              <Point>
                <position>40</position>
                <quantity>24.636</quantity>
              </Point>
              <Point>
                <position>41</position>
                <quantity>54.281</quantity>
              </Point>
              <Point>
                <position>42</position>
                <quantity>61.406</quantity>
              </Point>
          </Period>
      </TimeSeries>
      <TimeSeries>
        <mRID>2</mRID>
        <businessType>A19</businessType>
        <flowDirection.direction>A01</flowDirection.direction>
        <quantity_Measure_Unit.name>MWH</quantity_Measure_Unit.name>
        <curveType>A03</curveType>
          <Period>
            <timeInterval>
              <start>2026-02-17T06:45Z</start>
              <end>2026-02-17T07:30Z</end>
            </timeInterval>
            <resolution>PT15M</resolution>
              <Point>
                <position>1</position>
                <quantity>1.505</quantity>
              </Point>
              <Point>
                <position>2</position>
                <quantity>2.007</quantity>
              </Point>
              <Point>
                <position>3</position>
                <quantity>4.997</quantity>
              </Point>
          </Period>
          <Period>
            <timeInterval>
              <start>2026-02-17T07:45Z</start>
              <end>2026-02-17T08:00Z</end>
            </timeInterval>
            <resolution>PT15M</resolution>
              <Point>
                <position>1</position>
                <quantity>13.228</quantity>
              </Point>
          </Period>
          <Period>
            <timeInterval>
              <start>2026-02-17T10:30Z</start>
              <end>2026-02-17T11:30Z</end>
            </timeInterval>
            <resolution>PT15M</resolution>
              <Point>
                <position>1</position>
                <quantity>21.732</quantity>
              </Point>
              <Point>
                <position>2</position>
                <quantity>0.571</quantity>
              </Point>
              <Point>
                <position>3</position>
                <quantity>13.746</quantity>
              </Point>
              <Point>
                <position>4</position>
                <quantity>17.501</quantity>
              </Point>
          </Period>
          <Period>
            <timeInterval>
              <start>2026-02-17T11:45Z</start>
              <end>2026-02-17T12:00Z</end>
            </timeInterval>
            <resolution>PT15M</resolution>
              <Point>
                <position>1</position>
                <quantity>4.501</quantity>
              </Point>
          </Period>
          <Period>
            <timeInterval>
              <start>2026-02-17T13:30Z</start>
              <end>2026-02-17T13:45Z</end>
            </timeInterval>
            <resolution>PT15M</resolution>
              <Point>
                <position>1</position>
                <quantity>0.142</quantity>
              </Point>
          </Period>
          <Period>
            <timeInterval>
              <start>2026-02-17T14:15Z</start>
              <end>2026-02-17T15:30Z</end>
            </timeInterval>
            <resolution>PT15M</resolution>
              <Point>
                <position>1</position>
                <quantity>10.374</quantity>
              </Point>
              <Point>
                <position>2</position>
                <quantity>13.811</quantity>
              </Point>
              <Point>
                <position>3</position>
                <quantity>47.666</quantity>
              </Point>
              <Point>
                <position>4</position>
                <quantity>23.511</quantity>
              </Point>
              <Point>
                <position>5</position>
                <quantity>33.435</quantity>
              </Point>
          </Period>
          <Period>
            <timeInterval>
              <start>2026-02-17T17:45Z</start>
              <end>2026-02-17T18:00Z</end>
            </timeInterval>
            <resolution>PT15M</resolution>
              <Point>
                <position>1</position>
                <quantity>11.213</quantity>
              </Point>
          </Period>
          <Period>
            <timeInterval>
              <start>2026-02-17T18:30Z</start>
              <end>2026-02-17T18:45Z</end>
            </timeInterval>
            <resolution>PT15M</resolution>
              <Point>
                <position>1</position>
                <quantity>13.771</quantity>
              </Point>
          </Period>
          <Period>
            <timeInterval>
              <start>2026-02-17T19:30Z</start>
              <end>2026-02-17T19:45Z</end>
            </timeInterval>
            <resolution>PT15M</resolution>
              <Point>
                <position>1</position>
                <quantity>3.808</quantity>
              </Point>
          </Period>
      </TimeSeries>
  </Balancing_MarketDocument>