<?xml version="1.0" encoding="UTF-8"?>
  <Balancing_MarketDocument xmlns="urn:iec62325.351:tc57wg16:451-6:balancingdocument:3:0">
    <mRID>afb3d6803cee4e4681fd91fde95ff6bc</mRID>
    <revisionNumber>1</revisionNumber>
    <type>A86</type>
    <process.processType>A16</process.processType>
    <sender_MarketParticipant.mRID codingScheme="A01">10X1001A1001A450</sender_MarketParticipant.mRID>
    <sender_MarketParticipant.marketRole.type>A32</sender_MarketParticipant.marketRole.type>
    <receiver_MarketParticipant.mRID codingScheme="A01">10X1001A1001A450</receiver_MarketParticipant.mRID>
    <receiver_MarketParticipant.marketRole.type>A33</receiver_MarketParticipant.marketRole.type>
    <createdDateTime>2026-02-26T09:06:49Z</createdDateTime>
    <controlArea_Domain.mRID codingScheme="A01">10YRO-TEL------P</controlArea_Domain.mRID>
    <period.timeInterval>
      <start>2026-02-24T23:00Z</start>
      <end>2026-02-26T08:45Z</end>
    </period.timeInterval>
      <TimeSeries>
        <mRID>1</mRID>
        <businessType>A19</businessType>
        <flowDirection.direction>A01</flowDirection.direction>
        <quantity_Measure_Unit.name>MWH</quantity_Measure_Unit.name>
        <curveType>A03</curveType>
          <Period>
            <timeInterval>
              <start>2026-02-24T23:00Z</start>
              <end>2026-02-24T23:15Z</end>
            </timeInterval>
            <resolution>PT15M</resolution>
              <Point>
                <position>1</position>
                <quantity>44.907</quantity>
              </Point>
          </Period>
          <Period>
            <timeInterval>
              <start>2026-02-24T23:30Z</start>
              <end>2026-02-25T07:15Z</end>
            </timeInterval>
            <resolution>PT15M</resolution>
              <Point>
                <position>1</position>
                <quantity>11.626</quantity>
              </Point>
              <Point>
                <position>2</position>
                <quantity>49.604</quantity>
              </Point>
              <Point>
                <position>3</position>
                <quantity>76.321</quantity>
              </Point>
              <Point>
                <position>4</position>
                <quantity>75.96</quantity>
              </Point>
              <Point>
                <position>5</position>
                <quantity>60.189</quantity>
              </Point>
              <Point>
                <position>6</position>
                <quantity>71.431</quantity>
              </Point>
              <Point>
                <position>7</position>
                <quantity>71.06</quantity>
              </Point>
              <Point>
                <position>8</position>
                <quantity>50.705</quantity>
              </Point>
              <Point>
                <position>9</position>
                <quantity>29.266</quantity>
              </Point>
              <Point>
                <position>10</position>
                <quantity>13.293</quantity>
              </Point>
              <Point>
                <position>11</position>
                <quantity>27.286</quantity>
              </Point>
              <Point>
                <position>12</position>
                <quantity>31.08</quantity>
              </Point>
              <Point>
                <position>13</position>
                <quantity>6.943</quantity>
              </Point>
              <Point>
                <position>14</position>
                <quantity>32.549</quantity>
              </Point>
              <Point>
                <position>15</position>
                <quantity>42.947</quantity>
              </Point>
              <Point>
                <position>16</position>
                <quantity>51.045</quantity>
              </Point>
              <Point>
                <position>17</position>
                <quantity>26.256</quantity>
              </Point>
              <Point>
                <position>18</position>
                <quantity>54.278</quantity>
              </Point>
              <Point>
                <position>19</position>
                <quantity>54.764</quantity>
              </Point>
              <Point>
                <position>20</position>
                <quantity>70.341</quantity>
              </Point>
              <Point>
                <position>21</position>
                <quantity>42.223</quantity>
              </Point>
              <Point>
                <position>22</position>
                <quantity>9.245</quantity>
              </Point>
              <Point>
                <position>23</position>
                <quantity>26.449</quantity>
              </Point>
              <Point>
                <position>24</position>
                <quantity>25.623</quantity>
              </Point>
              <Point>
                <position>25</position>
                <quantity>23.898</quantity>
              </Point>
              <Point>
                <position>26</position>
                <quantity>36.455</quantity>
              </Point>
              <Point>
                <position>27</position>
                <quantity>11.485</quantity>
              </Point>
              <Point>
                <position>28</position>
                <quantity>16.185</quantity>
              </Point>
              <Point>
                <position>29</position>
                <quantity>45.161</quantity>
              </Point>
              <Point>
                <position>30</position>
                <quantity>83.628</quantity>
              </Point>
              <Point>
                <position>31</position>
                <quantity>9.355</quantity>
              </Point>
          </Period>
          <Period>
            <timeInterval>
              <start>2026-02-25T07:30Z</start>
              <end>2026-02-25T08:00Z</end>
            </timeInterval>
            <resolution>PT15M</resolution>
              <Point>
                <position>1</position>
                <quantity>35.88</quantity>
              </Point>
              <Point>
                <position>2</position>
                <quantity>44.776</quantity>
              </Point>
          </Period>
          <Period>
            <timeInterval>
              <start>2026-02-25T08:15Z</start>
              <end>2026-02-25T09:45Z</end>
            </timeInterval>
            <resolution>PT15M</resolution>
              <Point>
                <position>1</position>
                <quantity>35.639</quantity>
              </Point>
              <Point>
                <position>2</position>
                <quantity>69.455</quantity>
              </Point>
              <Point>
                <position>3</position>
                <quantity>87.384</quantity>
              </Point>
              <Point>
                <position>4</position>
                <quantity>89.252</quantity>
              </Point>
              <Point>
                <position>5</position>
                <quantity>62.495</quantity>
              </Point>
              <Point>
                <position>6</position>
                <quantity>40.514</quantity>
              </Point>
          </Period>
          <Period>
            <timeInterval>
              <start>2026-02-25T12:45Z</start>
              <end>2026-02-25T13:30Z</end>
            </timeInterval>
            <resolution>PT15M</resolution>
              <Point>
                <position>1</position>
                <quantity>9.152</quantity>
              </Point>
              <Point>
                <position>2</position>
                <quantity>37.819</quantity>
              </Point>
              <Point>
                <position>3</position>
                <quantity>8.306</quantity>
              </Point>
          </Period>
          <Period>
            <timeInterval>
              <start>2026-02-25T14:00Z</start>
              <end>2026-02-25T14:15Z</end>
            </timeInterval>
            <resolution>PT15M</resolution>
              <Point>
                <position>1</position>
                <quantity>0.466</quantity>
              </Point>
          </Period>
          <Period>
            <timeInterval>
              <start>2026-02-25T15:00Z</start>
              <end>2026-02-25T15:30Z</end>
            </timeInterval>
            <resolution>PT15M</resolution>
              <Point>
                <position>1</position>
                <quantity>7.751</quantity>
              </Point>
              <Point>
                <position>2</position>
                <quantity>2.486</quantity>
              </Point>
          </Period>
          <Period>
            <timeInterval>
              <start>2026-02-25T16:00Z</start>
              <end>2026-02-25T16:30Z</end>
            </timeInterval>
            <resolution>PT15M</resolution>
              <Point>
                <position>1</position>
                <quantity>15.636</quantity>
              </Point>
              <Point>
                <position>2</position>
                <quantity>3.097</quantity>
              </Point>
          </Period>
          <Period>
            <timeInterval>
              <start>2026-02-25T18:45Z</start>
              <end>2026-02-25T19:00Z</end>
            </timeInterval>
            <resolution>PT15M</resolution>
              <Point>
                <position>1</position>
                <quantity>17.94</quantity>
              </Point>
          </Period>
          <Period>
            <timeInterval>
              <start>2026-02-25T21:30Z</start>
              <end>2026-02-25T22:15Z</end>
            </timeInterval>
            <resolution>PT15M</resolution>
              <Point>
                <position>1</position>
                <quantity>9.163</quantity>
              </Point>
              <Point>
                <position>2</position>
                <quantity>16.136</quantity>
              </Point>
              <Point>
                <position>3</position>
                <quantity>6.174</quantity>
              </Point>
          </Period>
          <Period>
            <timeInterval>
              <start>2026-02-25T23:15Z</start>
              <end>2026-02-25T23:30Z</end>
            </timeInterval>
            <resolution>PT15M</resolution>
              <Point>
                <position>1</position>
                <quantity>4.682</quantity>
              </Point>
          </Period>
          <Period>
            <timeInterval>
              <start>2026-02-26T06:30Z</start>
              <end>2026-02-26T08:45Z</end>
            </timeInterval>
            <resolution>PT15M</resolution>
              <Point>
                <position>1</position>
                <quantity>27.838</quantity>
              </Point>
              <Point>
                <position>2</position>
                <quantity>50.508</quantity>
              </Point>
              <Point>
                <position>3</position>
                <quantity>58.238</quantity>
              </Point>
              <Point>
                <position>4</position>
                <quantity>82.988</quantity>
              </Point>
              <Point>
                <position>5</position>
                <quantity>100.276</quantity>
              </Point>
              <Point>
                <position>6</position>
                <quantity>130.633</quantity>
              </Point>
              <Point>
                <position>7</position>
                <quantity>71.419</quantity>
              </Point>
              <Point>
                <position>8</position>
                <quantity>47.361</quantity>
              </Point>
              <Point>
                <position>9</position>
                <quantity>83.899</quantity>
              </Point>
          </Period>
      </TimeSeries>
      <TimeSeries>
        <mRID>2</mRID>
        <businessType>A19</businessType>
        <flowDirection.direction>A02</flowDirection.direction>
        <quantity_Measure_Unit.name>MWH</quantity_Measure_Unit.name>
        <curveType>A03</curveType>
          <Period>
            <timeInterval>
              <start>2026-02-24T23:15Z</start>
              <end>2026-02-24T23:30Z</end>
            </timeInterval>
            <resolution>PT15M</resolution>
              <Point>
                <position>1</position>
                <quantity>56.21</quantity>
              </Point>
          </Period>
          <Period>
            <timeInterval>
              <start>2026-02-25T07:15Z</start>
              <end>2026-02-25T07:30Z</end>
            </timeInterval>
            <resolution>PT15M</resolution>
              <Point>
                <position>1</position>
                <quantity>17.324</quantity>
              </Point>
          </Period>
          <Period>
            <timeInterval>
              <start>2026-02-25T08:00Z</start>
              <end>2026-02-25T08:15Z</end>
            </timeInterval>
            <resolution>PT15M</resolution>
              <Point>
                <position>1</position>
                <quantity>14.345</quantity>
              </Point>
          </Period>
          <Period>
            <timeInterval>
              <start>2026-02-25T09:45Z</start>
              <end>2026-02-25T12:45Z</end>
            </timeInterval>
            <resolution>PT15M</resolution>
              <Point>
                <position>1</position>
                <quantity>1.759</quantity>
              </Point>
              <Point>
                <position>2</position>
                <quantity>19.342</quantity>
              </Point>
              <Point>
                <position>3</position>
                <quantity>95.975</quantity>
              </Point>
              <Point>
                <position>4</position>
                <quantity>73.01</quantity>
              </Point>
              <Point>
                <position>5</position>
                <quantity>148.957</quantity>
              </Point>
              <Point>
                <position>6</position>
                <quantity>105.966</quantity>
              </Point>
              <Point>
                <position>7</position>
                <quantity>53.433</quantity>
              </Point>
              <Point>
                <position>8</position>
                <quantity>77.301</quantity>
              </Point>
              <Point>
                <position>9</position>
                <quantity>42.254</quantity>
              </Point>
              <Point>
                <position>10</position>
                <quantity>50.738</quantity>
              </Point>
              <Point>
                <position>11</position>
                <quantity>16.174</quantity>
              </Point>
              <Point>
                <position>12</position>
                <quantity>26.733</quantity>
              </Point>
          </Period>
          <Period>
            <timeInterval>
              <start>2026-02-25T13:30Z</start>
              <end>2026-02-25T14:00Z</end>
            </timeInterval>
            <resolution>PT15M</resolution>
              <Point>
                <position>1</position>
                <quantity>24.954</quantity>
              </Point>
              <Point>
                <position>2</position>
                <quantity>27.33</quantity>
              </Point>
          </Period>
          <Period>
            <timeInterval>
              <start>2026-02-25T14:15Z</start>
              <end>2026-02-25T15:00Z</end>
            </timeInterval>
            <resolution>PT15M</resolution>
              <Point>
                <position>1</position>
                <quantity>35.642</quantity>
              </Point>
              <Point>
                <position>2</position>
                <quantity>25.256</quantity>
              </Point>
              <Point>
                <position>3</position>
                <quantity>3.503</quantity>
              </Point>
          </Period>
          <Period>
            <timeInterval>
              <start>2026-02-25T15:30Z</start>
              <end>2026-02-25T16:00Z</end>
            </timeInterval>
            <resolution>PT15M</resolution>
              <Point>
                <position>1</position>
                <quantity>10.364</quantity>
              </Point>
              <Point>
                <position>2</position>
                <quantity>20.072</quantity>
              </Point>
          </Period>
          <Period>
            <timeInterval>
              <start>2026-02-25T16:30Z</start>
              <end>2026-02-25T18:45Z</end>
            </timeInterval>
            <resolution>PT15M</resolution>
              <Point>
                <position>1</position>
                <quantity>28.207</quantity>
              </Point>
              <Point>
                <position>2</position>
                <quantity>38.426</quantity>
              </Point>
              <Point>
                <position>3</position>
                <quantity>74.778</quantity>
              </Point>
              <Point>
                <position>4</position>
                <quantity>61.24</quantity>
              </Point>
              <Point>
                <position>5</position>
                <quantity>61.638</quantity>
              </Point>
              <Point>
                <position>6</position>
                <quantity>34.009</quantity>
              </Point>
              <Point>
                <position>7</position>
                <quantity>31.627</quantity>
              </Point>
              <Point>
                <position>8</position>
                <quantity>32.017</quantity>
              </Point>
              <Point>
                <position>9</position>
                <quantity>4.42</quantity>
              </Point>
          </Period>
          <Period>
            <timeInterval>
              <start>2026-02-25T19:00Z</start>
              <end>2026-02-25T21:30Z</end>
            </timeInterval>
            <resolution>PT15M</resolution>
              <Point>
                <position>1</position>
                <quantity>10.604</quantity>
              </Point>
              <Point>
                <position>2</position>
                <quantity>25.131</quantity>
              </Point>
              <Point>
                <position>3</position>
                <quantity>22.605</quantity>
              </Point>
              <Point>
                <position>4</position>
                <quantity>17.318</quantity>
              </Point>
              <Point>
                <position>5</position>
                <quantity>89.294</quantity>
              </Point>
              <Point>
                <position>6</position>
                <quantity>63.386</quantity>
              </Point>
              <Point>
                <position>7</position>
                <quantity>73.389</quantity>
              </Point>
              <Point>
                <position>8</position>
                <quantity>30.43</quantity>
              </Point>
              <Point>
                <position>9</position>
                <quantity>30.073</quantity>
              </Point>
              <Point>
                <position>10</position>
                <quantity>16.772</quantity>
              </Point>
          </Period>
          <Period>
            <timeInterval>
              <start>2026-02-25T22:15Z</start>
              <end>2026-02-25T23:15Z</end>
            </timeInterval>
            <resolution>PT15M</resolution>
              <Point>
                <position>1</position>
                <quantity>8.676</quantity>
              </Point>
              <Point>
                <position>2</position>
                <quantity>37.901</quantity>
              </Point>
              <Point>
                <position>3</position>
                <quantity>72.349</quantity>
              </Point>
              <Point>
                <position>4</position>
                <quantity>22.741</quantity>
              </Point>
          </Period>
          <Period>
            <timeInterval>
              <start>2026-02-25T23:30Z</start>
              <end>2026-02-26T06:30Z</end>
            </timeInterval>
            <resolution>PT15M</resolution>
              <Point>
                <position>1</position>
                <quantity>8.123</quantity>
              </Point>
              <Point>
                <position>2</position>
                <quantity>0.13</quantity>
              </Point>
              <Point>
                <position>3</position>
                <quantity>30.702</quantity>
              </Point>
              <Point>
                <position>4</position>
                <quantity>50.134</quantity>
              </Point>
              <Point>
                <position>5</position>
                <quantity>59.247</quantity>
              </Point>
              <Point>
                <position>6</position>
                <quantity>55.759</quantity>
              </Point>
              <Point>
                <position>7</position>
                <quantity>35.997</quantity>
              </Point>
              <Point>
                <position>8</position>
                <quantity>50.597</quantity>
              </Point>
              <Point>
                <position>9</position>
                <quantity>26.238</quantity>
              </Point>
              <Point>
                <position>10</position>
                <quantity>46.693</quantity>
              </Point>
              <Point>
                <position>11</position>
                <quantity>49.66</quantity>
              </Point>
              <Point>
                <position>12</position>
                <quantity>57.377</quantity>
              </Point>
              <Point>
                <position>13</position>
                <quantity>28.154</quantity>
              </Point>
              <Point>
                <position>14</position>
                <quantity>7.904</quantity>
              </Point>
              <Point>
                <position>15</position>
                <quantity>7.41</quantity>
              </Point>
              <Point>
                <position>16</position>
                <quantity>1.841</quantity>
              </Point>
              <Point>
                <position>17</position>
                <quantity>31.921</quantity>
              </Point>
              <Point>
                <position>18</position>
                <quantity>45.247</quantity>
              </Point>
              <Point>
                <position>19</position>
                <quantity>47.843</quantity>
              </Point>
              <Point>
                <position>20</position>
                <quantity>45.716</quantity>
              </Point>
              <Point>
                <position>21</position>
                <quantity>34.315</quantity>
              </Point>
              <Point>
                <position>22</position>
                <quantity>49.454</quantity>
              </Point>
              <Point>
                <position>23</position>
                <quantity>6.591</quantity>
              </Point>
              <Point>
                <position>24</position>
                <quantity>70.498</quantity>
              </Point>
              <Point>
                <position>25</position>
                <quantity>95.556</quantity>
              </Point>
              <Point>
                <position>26</position>
                <quantity>87.643</quantity>
              </Point>
              <Point>
                <position>27</position>
                <quantity>94.552</quantity>
              </Point>
              <Point>
                <position>28</position>
                <quantity>18.38</quantity>
              </Point>
          </Period>
      </TimeSeries>
  </Balancing_MarketDocument>