<?xml version="1.0" encoding="UTF-8"?>
  <Balancing_MarketDocument xmlns="urn:iec62325.351:tc57wg16:451-6:balancingdocument:3:0">
    <mRID>061ef676bc144bc5932438bc7ce73e8b</mRID>
    <revisionNumber>1</revisionNumber>
    <type>A86</type>
    <process.processType>A16</process.processType>
    <sender_MarketParticipant.mRID codingScheme="A01">10X1001A1001A450</sender_MarketParticipant.mRID>
    <sender_MarketParticipant.marketRole.type>A32</sender_MarketParticipant.marketRole.type>
    <receiver_MarketParticipant.mRID codingScheme="A01">10X1001A1001A450</receiver_MarketParticipant.mRID>
    <receiver_MarketParticipant.marketRole.type>A33</receiver_MarketParticipant.marketRole.type>
    <createdDateTime>2026-01-26T09:46:53Z</createdDateTime>
    <controlArea_Domain.mRID codingScheme="A01">10YRO-TEL------P</controlArea_Domain.mRID>
    <period.timeInterval>
      <start>2026-01-24T23:00Z</start>
      <end>2026-01-26T09:30Z</end>
    </period.timeInterval>
      <TimeSeries>
        <mRID>1</mRID>
        <businessType>A19</businessType>
        <flowDirection.direction>A02</flowDirection.direction>
        <quantity_Measure_Unit.name>MWH</quantity_Measure_Unit.name>
        <curveType>A03</curveType>
          <Period>
            <timeInterval>
              <start>2026-01-24T23:00Z</start>
              <end>2026-01-25T02:15Z</end>
            </timeInterval>
            <resolution>PT15M</resolution>
              <Point>
                <position>1</position>
                <quantity>41.074</quantity>
              </Point>
              <Point>
                <position>2</position>
                <quantity>61.736</quantity>
              </Point>
              <Point>
                <position>3</position>
                <quantity>60.98</quantity>
              </Point>
              <Point>
                <position>4</position>
                <quantity>39.446</quantity>
              </Point>
              <Point>
                <position>5</position>
                <quantity>18.429</quantity>
              </Point>
              <Point>
                <position>6</position>
                <quantity>10.464</quantity>
              </Point>
              <Point>
                <position>7</position>
                <quantity>23.16</quantity>
              </Point>
              <Point>
                <position>8</position>
                <quantity>25.857</quantity>
              </Point>
              <Point>
                <position>9</position>
                <quantity>40.501</quantity>
              </Point>
              <Point>
                <position>10</position>
                <quantity>30.923</quantity>
              </Point>
              <Point>
                <position>11</position>
                <quantity>2.975</quantity>
              </Point>
              <Point>
                <position>12</position>
                <quantity>18.016</quantity>
              </Point>
              <Point>
                <position>13</position>
                <quantity>50.837</quantity>
              </Point>
          </Period>
          <Period>
            <timeInterval>
              <start>2026-01-25T02:30Z</start>
              <end>2026-01-25T04:30Z</end>
            </timeInterval>
            <resolution>PT15M</resolution>
              <Point>
                <position>1</position>
                <quantity>13.645</quantity>
              </Point>
              <Point>
                <position>2</position>
                <quantity>23.088</quantity>
              </Point>
              <Point>
                <position>3</position>
                <quantity>43.421</quantity>
              </Point>
              <Point>
                <position>4</position>
                <quantity>41.646</quantity>
              </Point>
              <Point>
                <position>5</position>
                <quantity>82.661</quantity>
              </Point>
              <Point>
                <position>6</position>
                <quantity>83.118</quantity>
              </Point>
              <Point>
                <position>7</position>
                <quantity>68.864</quantity>
              </Point>
              <Point>
                <position>8</position>
                <quantity>74.977</quantity>
              </Point>
          </Period>
          <Period>
            <timeInterval>
              <start>2026-01-25T04:45Z</start>
              <end>2026-01-25T14:00Z</end>
            </timeInterval>
            <resolution>PT15M</resolution>
              <Point>
                <position>1</position>
                <quantity>27.494</quantity>
              </Point>
              <Point>
                <position>2</position>
                <quantity>27.159</quantity>
              </Point>
              <Point>
                <position>3</position>
                <quantity>84.69</quantity>
              </Point>
              <Point>
                <position>4</position>
                <quantity>62.127</quantity>
              </Point>
              <Point>
                <position>5</position>
                <quantity>42.377</quantity>
              </Point>
              <Point>
                <position>6</position>
                <quantity>31.439</quantity>
              </Point>
              <Point>
                <position>7</position>
                <quantity>46.255</quantity>
              </Point>
              <Point>
                <position>8</position>
                <quantity>44.163</quantity>
              </Point>
              <Point>
                <position>9</position>
                <quantity>55.476</quantity>
              </Point>
              <Point>
                <position>10</position>
                <quantity>31.435</quantity>
              </Point>
              <Point>
                <position>11</position>
                <quantity>26.532</quantity>
              </Point>
              <Point>
                <position>12</position>
                <quantity>7.553</quantity>
              </Point>
              <Point>
                <position>13</position>
                <quantity>14.883</quantity>
              </Point>
              <Point>
                <position>14</position>
                <quantity>44.649</quantity>
              </Point>
              <Point>
                <position>15</position>
                <quantity>11.991</quantity>
              </Point>
              <Point>
                <position>16</position>
                <quantity>6.94</quantity>
              </Point>
              <Point>
                <position>17</position>
                <quantity>25.403</quantity>
              </Point>
              <Point>
                <position>18</position>
                <quantity>46.609</quantity>
              </Point>
              <Point>
                <position>19</position>
                <quantity>55.134</quantity>
              </Point>
              <Point>
                <position>20</position>
                <quantity>30.214</quantity>
              </Point>
              <Point>
                <position>21</position>
                <quantity>73.046</quantity>
              </Point>
              <Point>
                <position>22</position>
                <quantity>66.011</quantity>
              </Point>
              <Point>
                <position>23</position>
                <quantity>80.722</quantity>
              </Point>
              <Point>
                <position>24</position>
                <quantity>70.705</quantity>
              </Point>
              <Point>
                <position>25</position>
                <quantity>41.646</quantity>
              </Point>
              <Point>
                <position>26</position>
                <quantity>49.899</quantity>
              </Point>
              <Point>
                <position>27</position>
                <quantity>16.051</quantity>
              </Point>
              <Point>
                <position>28</position>
                <quantity>18.49</quantity>
              </Point>
              <Point>
                <position>29</position>
                <quantity>17.124</quantity>
              </Point>
              <Point>
                <position>30</position>
                <quantity>10.929</quantity>
              </Point>
              <Point>
                <position>31</position>
                <quantity>37.9</quantity>
              </Point>
              <Point>
                <position>32</position>
                <quantity>6.842</quantity>
              </Point>
              <Point>
                <position>33</position>
                <quantity>12.645</quantity>
              </Point>
              <Point>
                <position>34</position>
                <quantity>23.41</quantity>
              </Point>
              <Point>
                <position>35</position>
                <quantity>35.91</quantity>
              </Point>
              <Point>
                <position>36</position>
                <quantity>37.288</quantity>
              </Point>
              <Point>
                <position>37</position>
                <quantity>0.94</quantity>
              </Point>
          </Period>
          <Period>
            <timeInterval>
              <start>2026-01-25T14:45Z</start>
              <end>2026-01-25T15:00Z</end>
            </timeInterval>
            <resolution>PT15M</resolution>
              <Point>
                <position>1</position>
                <quantity>5.722</quantity>
              </Point>
          </Period>
          <Period>
            <timeInterval>
              <start>2026-01-25T16:00Z</start>
              <end>2026-01-25T18:45Z</end>
            </timeInterval>
            <resolution>PT15M</resolution>
              <Point>
                <position>1</position>
                <quantity>3.79</quantity>
              </Point>
              <Point>
                <position>2</position>
                <quantity>4.606</quantity>
              </Point>
              <Point>
                <position>3</position>
                <quantity>14.548</quantity>
              </Point>
              <Point>
                <position>4</position>
                <quantity>13.487</quantity>
              </Point>
              <Point>
                <position>5</position>
                <quantity>54.542</quantity>
              </Point>
              <Point>
                <position>6</position>
                <quantity>41.688</quantity>
              </Point>
              <Point>
                <position>7</position>
                <quantity>35.539</quantity>
              </Point>
              <Point>
                <position>8</position>
                <quantity>34.371</quantity>
              </Point>
              <Point>
                <position>9</position>
                <quantity>19.808</quantity>
              </Point>
              <Point>
                <position>10</position>
                <quantity>14.877</quantity>
              </Point>
              <Point>
                <position>11</position>
                <quantity>10.288</quantity>
              </Point>
          </Period>
          <Period>
            <timeInterval>
              <start>2026-01-25T20:45Z</start>
              <end>2026-01-26T02:15Z</end>
            </timeInterval>
            <resolution>PT15M</resolution>
              <Point>
                <position>1</position>
                <quantity>17.818</quantity>
              </Point>
              <Point>
                <position>2</position>
                <quantity>46.711</quantity>
              </Point>
              <Point>
                <position>3</position>
                <quantity>92.233</quantity>
              </Point>
              <Point>
                <position>4</position>
                <quantity>81.927</quantity>
              </Point>
              <Point>
                <position>5</position>
                <quantity>62.72</quantity>
              </Point>
              <Point>
                <position>6</position>
                <quantity>81.031</quantity>
              </Point>
              <Point>
                <position>7</position>
                <quantity>93.162</quantity>
              </Point>
              <Point>
                <position>8</position>
                <quantity>58.254</quantity>
              </Point>
              <Point>
                <position>9</position>
                <quantity>36.666</quantity>
              </Point>
              <Point>
                <position>10</position>
                <quantity>72.898</quantity>
              </Point>
              <Point>
                <position>11</position>
                <quantity>101.489</quantity>
              </Point>
              <Point>
                <position>12</position>
                <quantity>96.175</quantity>
              </Point>
              <Point>
                <position>13</position>
                <quantity>58.944</quantity>
              </Point>
              <Point>
                <position>14</position>
                <quantity>25.934</quantity>
              </Point>
              <Point>
                <position>15</position>
                <quantity>35.242</quantity>
              </Point>
              <Point>
                <position>16</position>
                <quantity>32.075</quantity>
              </Point>
              <Point>
                <position>17</position>
                <quantity>67.049</quantity>
              </Point>
              <Point>
                <position>18</position>
                <quantity>29.704</quantity>
              </Point>
              <Point>
                <position>19</position>
                <quantity>24.125</quantity>
              </Point>
              <Point>
                <position>20</position>
                <quantity>30.829</quantity>
              </Point>
              <Point>
                <position>21</position>
                <quantity>16.01</quantity>
              </Point>
              <Point>
                <position>22</position>
                <quantity>1.572</quantity>
              </Point>
          </Period>
          <Period>
            <timeInterval>
              <start>2026-01-26T02:45Z</start>
              <end>2026-01-26T05:00Z</end>
            </timeInterval>
            <resolution>PT15M</resolution>
              <Point>
                <position>1</position>
                <quantity>3.172</quantity>
              </Point>
              <Point>
                <position>2</position>
                <quantity>38.664</quantity>
              </Point>
              <Point>
                <position>3</position>
                <quantity>0.126</quantity>
              </Point>
              <Point>
                <position>4</position>
                <quantity>31.641</quantity>
              </Point>
              <Point>
                <position>5</position>
                <quantity>41.673</quantity>
              </Point>
              <Point>
                <position>6</position>
                <quantity>54.629</quantity>
              </Point>
              <Point>
                <position>7</position>
                <quantity>44.376</quantity>
              </Point>
              <Point>
                <position>8</position>
                <quantity>2.452</quantity>
              </Point>
              <Point>
                <position>9</position>
                <quantity>23.336</quantity>
              </Point>
          </Period>
          <Period>
            <timeInterval>
              <start>2026-01-26T06:45Z</start>
              <end>2026-01-26T07:00Z</end>
            </timeInterval>
            <resolution>PT15M</resolution>
              <Point>
                <position>1</position>
                <quantity>13.638</quantity>
              </Point>
          </Period>
          <Period>
            <timeInterval>
              <start>2026-01-26T07:15Z</start>
              <end>2026-01-26T09:30Z</end>
            </timeInterval>
            <resolution>PT15M</resolution>
              <Point>
                <position>1</position>
                <quantity>18.121</quantity>
              </Point>
              <Point>
                <position>2</position>
                <quantity>38.405</quantity>
              </Point>
              <Point>
                <position>3</position>
                <quantity>52.884</quantity>
              </Point>
              <Point>
                <position>4</position>
                <quantity>109.651</quantity>
              </Point>
              <Point>
                <position>5</position>
                <quantity>117.959</quantity>
              </Point>
              <Point>
                <position>6</position>
                <quantity>111.591</quantity>
              </Point>
              <Point>
                <position>7</position>
                <quantity>78.568</quantity>
              </Point>
              <Point>
                <position>8</position>
                <quantity>54.794</quantity>
              </Point>
              <Point>
                <position>9</position>
                <quantity>27.799</quantity>
              </Point>
          </Period>
      </TimeSeries>
      <TimeSeries>
        <mRID>2</mRID>
        <businessType>A19</businessType>
        <flowDirection.direction>A01</flowDirection.direction>
        <quantity_Measure_Unit.name>MWH</quantity_Measure_Unit.name>
        <curveType>A03</curveType>
          <Period>
            <timeInterval>
              <start>2026-01-25T02:15Z</start>
              <end>2026-01-25T02:30Z</end>
            </timeInterval>
            <resolution>PT15M</resolution>
              <Point>
                <position>1</position>
                <quantity>13.106</quantity>
              </Point>
          </Period>
          <Period>
            <timeInterval>
              <start>2026-01-25T04:30Z</start>
              <end>2026-01-25T04:45Z</end>
            </timeInterval>
            <resolution>PT15M</resolution>
              <Point>
                <position>1</position>
                <quantity>2.734</quantity>
              </Point>
          </Period>
          <Period>
            <timeInterval>
              <start>2026-01-25T14:00Z</start>
              <end>2026-01-25T14:45Z</end>
            </timeInterval>
            <resolution>PT15M</resolution>
              <Point>
                <position>1</position>
                <quantity>46.604</quantity>
              </Point>
              <Point>
                <position>2</position>
                <quantity>40.066</quantity>
              </Point>
              <Point>
                <position>3</position>
                <quantity>2.655</quantity>
              </Point>
          </Period>
          <Period>
            <timeInterval>
              <start>2026-01-25T15:00Z</start>
              <end>2026-01-25T16:00Z</end>
            </timeInterval>
            <resolution>PT15M</resolution>
              <Point>
                <position>1</position>
                <quantity>65.039</quantity>
              </Point>
              <Point>
                <position>2</position>
                <quantity>34.992</quantity>
              </Point>
              <Point>
                <position>3</position>
                <quantity>18.894</quantity>
              </Point>
              <Point>
                <position>4</position>
                <quantity>5.377</quantity>
              </Point>
          </Period>
          <Period>
            <timeInterval>
              <start>2026-01-25T18:45Z</start>
              <end>2026-01-25T20:45Z</end>
            </timeInterval>
            <resolution>PT15M</resolution>
              <Point>
                <position>1</position>
                <quantity>27.822</quantity>
              </Point>
              <Point>
                <position>2</position>
                <quantity>6.075</quantity>
              </Point>
              <Point>
                <position>3</position>
                <quantity>42.653</quantity>
              </Point>
              <Point>
                <position>4</position>
                <quantity>36.934</quantity>
              </Point>
              <Point>
                <position>5</position>
                <quantity>62.691</quantity>
              </Point>
              <Point>
                <position>6</position>
                <quantity>26.612</quantity>
              </Point>
              <Point>
                <position>7</position>
                <quantity>11.609</quantity>
              </Point>
              <Point>
                <position>8</position>
                <quantity>3.629</quantity>
              </Point>
          </Period>
          <Period>
            <timeInterval>
              <start>2026-01-26T02:15Z</start>
              <end>2026-01-26T02:45Z</end>
            </timeInterval>
            <resolution>PT15M</resolution>
              <Point>
                <position>1</position>
                <quantity>11.465</quantity>
              </Point>
              <Point>
                <position>2</position>
                <quantity>10.444</quantity>
              </Point>
          </Period>
          <Period>
            <timeInterval>
              <start>2026-01-26T05:00Z</start>
              <end>2026-01-26T06:45Z</end>
            </timeInterval>
            <resolution>PT15M</resolution>
              <Point>
                <position>1</position>
                <quantity>42.688</quantity>
              </Point>
              <Point>
                <position>2</position>
                <quantity>21.233</quantity>
              </Point>
              <Point>
                <position>3</position>
                <quantity>83.665</quantity>
              </Point>
              <Point>
                <position>4</position>
                <quantity>71.387</quantity>
              </Point>
              <Point>
                <position>5</position>
                <quantity>75.729</quantity>
              </Point>
              <Point>
                <position>6</position>
                <quantity>63.827</quantity>
              </Point>
              <Point>
                <position>7</position>
                <quantity>7.633</quantity>
              </Point>
          </Period>
          <Period>
            <timeInterval>
              <start>2026-01-26T07:00Z</start>
              <end>2026-01-26T07:15Z</end>
            </timeInterval>
            <resolution>PT15M</resolution>
              <Point>
                <position>1</position>
                <quantity>5.352</quantity>
              </Point>
          </Period>
      </TimeSeries>
  </Balancing_MarketDocument>