<?xml version="1.0" encoding="UTF-8"?>
<Balancing_MarketDocument xmlns="urn:iec62325.351:tc57wg16:451-6:balancingdocument:3:0">
	<mRID>f9957b0471d5405ab565613da57893e7</mRID>
	<revisionNumber>1</revisionNumber>
	<type>A86</type>
	<process.processType>A16</process.processType>
	<sender_MarketParticipant.mRID codingScheme="A01">10X1001A1001A450</sender_MarketParticipant.mRID>
	<sender_MarketParticipant.marketRole.type>A32</sender_MarketParticipant.marketRole.type>
	<receiver_MarketParticipant.mRID codingScheme="A01">10X1001A1001A450</receiver_MarketParticipant.mRID>
	<receiver_MarketParticipant.marketRole.type>A33</receiver_MarketParticipant.marketRole.type>
	<createdDateTime>2025-03-31T08:02:57Z</createdDateTime>
	<docStatus><value>X01</value></docStatus>
	<controlArea_Domain.mRID codingScheme="A01">10YRO-TEL------P</controlArea_Domain.mRID>
	<period.timeInterval>
		<start>2025-03-27T23:00Z</start>
		<end>2025-03-31T07:45Z</end>
	</period.timeInterval>
	<TimeSeries>
		<mRID>1</mRID>
		<businessType>A19</businessType>
		<flowDirection.direction>A02</flowDirection.direction>
		<quantity_Measure_Unit.name>MWH</quantity_Measure_Unit.name>
		<curveType>A01</curveType>
		<Period>
			<timeInterval>
				<start>2025-03-27T23:00Z</start>
				<end>2025-03-27T23:30Z</end>
			</timeInterval>
			<resolution>PT15M</resolution>
			<Point>
				<position>1</position>
				<quantity>5</quantity>
			</Point>
			<Point>
				<position>2</position>
				<quantity>8</quantity>
			</Point>
		</Period>
		<Period>
			<timeInterval>
				<start>2025-03-28T06:00Z</start>
				<end>2025-03-28T11:00Z</end>
			</timeInterval>
			<resolution>PT15M</resolution>
			<Point>
				<position>1</position>
				<quantity>1</quantity>
			</Point>
			<Point>
				<position>2</position>
				<quantity>11</quantity>
			</Point>
			<Point>
				<position>3</position>
				<quantity>36</quantity>
			</Point>
			<Point>
				<position>4</position>
				<quantity>44</quantity>
			</Point>
			<Point>
				<position>5</position>
				<quantity>99</quantity>
			</Point>
			<Point>
				<position>6</position>
				<quantity>128</quantity>
			</Point>
			<Point>
				<position>7</position>
				<quantity>110</quantity>
			</Point>
			<Point>
				<position>8</position>
				<quantity>111</quantity>
			</Point>
			<Point>
				<position>9</position>
				<quantity>112</quantity>
			</Point>
			<Point>
				<position>10</position>
				<quantity>94</quantity>
			</Point>
			<Point>
				<position>11</position>
				<quantity>71</quantity>
			</Point>
			<Point>
				<position>12</position>
				<quantity>62</quantity>
			</Point>
			<Point>
				<position>13</position>
				<quantity>79</quantity>
			</Point>
			<Point>
				<position>14</position>
				<quantity>71</quantity>
			</Point>
			<Point>
				<position>15</position>
				<quantity>59</quantity>
			</Point>
			<Point>
				<position>16</position>
				<quantity>50</quantity>
			</Point>
			<Point>
				<position>17</position>
				<quantity>46</quantity>
			</Point>
			<Point>
				<position>18</position>
				<quantity>34</quantity>
			</Point>
			<Point>
				<position>19</position>
				<quantity>28</quantity>
			</Point>
			<Point>
				<position>20</position>
				<quantity>8</quantity>
			</Point>
		</Period>
		<Period>
			<timeInterval>
				<start>2025-03-28T14:15Z</start>
				<end>2025-03-28T15:00Z</end>
			</timeInterval>
			<resolution>PT15M</resolution>
			<Point>
				<position>1</position>
				<quantity>1</quantity>
			</Point>
			<Point>
				<position>2</position>
				<quantity>17</quantity>
			</Point>
			<Point>
				<position>3</position>
				<quantity>27</quantity>
			</Point>
		</Period>
		<Period>
			<timeInterval>
				<start>2025-03-28T15:15Z</start>
				<end>2025-03-28T15:30Z</end>
			</timeInterval>
			<resolution>PT15M</resolution>
			<Point>
				<position>1</position>
				<quantity>1</quantity>
			</Point>
		</Period>
		<Period>
			<timeInterval>
				<start>2025-03-28T15:45Z</start>
				<end>2025-03-28T16:00Z</end>
			</timeInterval>
			<resolution>PT15M</resolution>
			<Point>
				<position>1</position>
				<quantity>3</quantity>
			</Point>
		</Period>
		<Period>
			<timeInterval>
				<start>2025-03-28T16:45Z</start>
				<end>2025-03-28T17:00Z</end>
			</timeInterval>
			<resolution>PT15M</resolution>
			<Point>
				<position>1</position>
				<quantity>0</quantity>
			</Point>
		</Period>
		<Period>
			<timeInterval>
				<start>2025-03-28T17:30Z</start>
				<end>2025-03-28T19:45Z</end>
			</timeInterval>
			<resolution>PT15M</resolution>
			<Point>
				<position>1</position>
				<quantity>0</quantity>
			</Point>
			<Point>
				<position>2</position>
				<quantity>0</quantity>
			</Point>
			<Point>
				<position>3</position>
				<quantity>7</quantity>
			</Point>
			<Point>
				<position>4</position>
				<quantity>19</quantity>
			</Point>
			<Point>
				<position>5</position>
				<quantity>24</quantity>
			</Point>
			<Point>
				<position>6</position>
				<quantity>12</quantity>
			</Point>
			<Point>
				<position>7</position>
				<quantity>22</quantity>
			</Point>
			<Point>
				<position>8</position>
				<quantity>2</quantity>
			</Point>
			<Point>
				<position>9</position>
				<quantity>0</quantity>
			</Point>
		</Period>
		<Period>
			<timeInterval>
				<start>2025-03-28T21:00Z</start>
				<end>2025-03-28T21:45Z</end>
			</timeInterval>
			<resolution>PT15M</resolution>
			<Point>
				<position>1</position>
				<quantity>15</quantity>
			</Point>
			<Point>
				<position>2</position>
				<quantity>1</quantity>
			</Point>
			<Point>
				<position>3</position>
				<quantity>6</quantity>
			</Point>
		</Period>
		<Period>
			<timeInterval>
				<start>2025-03-28T22:30Z</start>
				<end>2025-03-28T22:45Z</end>
			</timeInterval>
			<resolution>PT15M</resolution>
			<Point>
				<position>1</position>
				<quantity>5</quantity>
			</Point>
		</Period>
		<Period>
			<timeInterval>
				<start>2025-03-28T23:00Z</start>
				<end>2025-03-29T02:00Z</end>
			</timeInterval>
			<resolution>PT15M</resolution>
			<Point>
				<position>1</position>
				<quantity>10</quantity>
			</Point>
			<Point>
				<position>2</position>
				<quantity>5</quantity>
			</Point>
			<Point>
				<position>3</position>
				<quantity>0</quantity>
			</Point>
			<Point>
				<position>4</position>
				<quantity>29</quantity>
			</Point>
			<Point>
				<position>5</position>
				<quantity>26</quantity>
			</Point>
			<Point>
				<position>6</position>
				<quantity>4</quantity>
			</Point>
			<Point>
				<position>7</position>
				<quantity>2</quantity>
			</Point>
			<Point>
				<position>8</position>
				<quantity>10</quantity>
			</Point>
			<Point>
				<position>9</position>
				<quantity>34</quantity>
			</Point>
			<Point>
				<position>10</position>
				<quantity>29</quantity>
			</Point>
			<Point>
				<position>11</position>
				<quantity>16</quantity>
			</Point>
			<Point>
				<position>12</position>
				<quantity>4</quantity>
			</Point>
		</Period>
		<Period>
			<timeInterval>
				<start>2025-03-29T03:15Z</start>
				<end>2025-03-29T17:15Z</end>
			</timeInterval>
			<resolution>PT15M</resolution>
			<Point>
				<position>1</position>
				<quantity>0</quantity>
			</Point>
			<Point>
				<position>2</position>
				<quantity>0</quantity>
			</Point>
			<Point>
				<position>3</position>
				<quantity>1</quantity>
			</Point>
			<Point>
				<position>4</position>
				<quantity>1</quantity>
			</Point>
			<Point>
				<position>5</position>
				<quantity>1</quantity>
			</Point>
			<Point>
				<position>6</position>
				<quantity>20</quantity>
			</Point>
			<Point>
				<position>7</position>
				<quantity>34</quantity>
			</Point>
			<Point>
				<position>8</position>
				<quantity>39</quantity>
			</Point>
			<Point>
				<position>9</position>
				<quantity>67</quantity>
			</Point>
			<Point>
				<position>10</position>
				<quantity>52</quantity>
			</Point>
			<Point>
				<position>11</position>
				<quantity>51</quantity>
			</Point>
			<Point>
				<position>12</position>
				<quantity>49</quantity>
			</Point>
			<Point>
				<position>13</position>
				<quantity>50</quantity>
			</Point>
			<Point>
				<position>14</position>
				<quantity>51</quantity>
			</Point>
			<Point>
				<position>15</position>
				<quantity>50</quantity>
			</Point>
			<Point>
				<position>16</position>
				<quantity>50</quantity>
			</Point>
			<Point>
				<position>17</position>
				<quantity>50</quantity>
			</Point>
			<Point>
				<position>18</position>
				<quantity>50</quantity>
			</Point>
			<Point>
				<position>19</position>
				<quantity>50</quantity>
			</Point>
			<Point>
				<position>20</position>
				<quantity>50</quantity>
			</Point>
			<Point>
				<position>21</position>
				<quantity>50</quantity>
			</Point>
			<Point>
				<position>22</position>
				<quantity>50</quantity>
			</Point>
			<Point>
				<position>23</position>
				<quantity>50</quantity>
			</Point>
			<Point>
				<position>24</position>
				<quantity>50</quantity>
			</Point>
			<Point>
				<position>25</position>
				<quantity>65</quantity>
			</Point>
			<Point>
				<position>26</position>
				<quantity>51</quantity>
			</Point>
			<Point>
				<position>27</position>
				<quantity>50</quantity>
			</Point>
			<Point>
				<position>28</position>
				<quantity>51</quantity>
			</Point>
			<Point>
				<position>29</position>
				<quantity>53</quantity>
			</Point>
			<Point>
				<position>30</position>
				<quantity>82</quantity>
			</Point>
			<Point>
				<position>31</position>
				<quantity>80</quantity>
			</Point>
			<Point>
				<position>32</position>
				<quantity>76</quantity>
			</Point>
			<Point>
				<position>33</position>
				<quantity>77</quantity>
			</Point>
			<Point>
				<position>34</position>
				<quantity>75</quantity>
			</Point>
			<Point>
				<position>35</position>
				<quantity>72</quantity>
			</Point>
			<Point>
				<position>36</position>
				<quantity>75</quantity>
			</Point>
			<Point>
				<position>37</position>
				<quantity>77</quantity>
			</Point>
			<Point>
				<position>38</position>
				<quantity>75</quantity>
			</Point>
			<Point>
				<position>39</position>
				<quantity>75</quantity>
			</Point>
			<Point>
				<position>40</position>
				<quantity>75</quantity>
			</Point>
			<Point>
				<position>41</position>
				<quantity>74</quantity>
			</Point>
			<Point>
				<position>42</position>
				<quantity>61</quantity>
			</Point>
			<Point>
				<position>43</position>
				<quantity>55</quantity>
			</Point>
			<Point>
				<position>44</position>
				<quantity>43</quantity>
			</Point>
			<Point>
				<position>45</position>
				<quantity>47</quantity>
			</Point>
			<Point>
				<position>46</position>
				<quantity>51</quantity>
			</Point>
			<Point>
				<position>47</position>
				<quantity>60</quantity>
			</Point>
			<Point>
				<position>48</position>
				<quantity>46</quantity>
			</Point>
			<Point>
				<position>49</position>
				<quantity>49</quantity>
			</Point>
			<Point>
				<position>50</position>
				<quantity>51</quantity>
			</Point>
			<Point>
				<position>51</position>
				<quantity>51</quantity>
			</Point>
			<Point>
				<position>52</position>
				<quantity>27</quantity>
			</Point>
			<Point>
				<position>53</position>
				<quantity>42</quantity>
			</Point>
			<Point>
				<position>54</position>
				<quantity>21</quantity>
			</Point>
			<Point>
				<position>55</position>
				<quantity>7</quantity>
			</Point>
			<Point>
				<position>56</position>
				<quantity>2</quantity>
			</Point>
		</Period>
		<Period>
			<timeInterval>
				<start>2025-03-29T17:30Z</start>
				<end>2025-03-29T19:45Z</end>
			</timeInterval>
			<resolution>PT15M</resolution>
			<Point>
				<position>1</position>
				<quantity>1</quantity>
			</Point>
			<Point>
				<position>2</position>
				<quantity>11</quantity>
			</Point>
			<Point>
				<position>3</position>
				<quantity>12</quantity>
			</Point>
			<Point>
				<position>4</position>
				<quantity>18</quantity>
			</Point>
			<Point>
				<position>5</position>
				<quantity>30</quantity>
			</Point>
			<Point>
				<position>6</position>
				<quantity>19</quantity>
			</Point>
			<Point>
				<position>7</position>
				<quantity>34</quantity>
			</Point>
			<Point>
				<position>8</position>
				<quantity>3</quantity>
			</Point>
			<Point>
				<position>9</position>
				<quantity>2</quantity>
			</Point>
		</Period>
		<Period>
			<timeInterval>
				<start>2025-03-29T20:00Z</start>
				<end>2025-03-29T20:45Z</end>
			</timeInterval>
			<resolution>PT15M</resolution>
			<Point>
				<position>1</position>
				<quantity>4</quantity>
			</Point>
			<Point>
				<position>2</position>
				<quantity>5</quantity>
			</Point>
			<Point>
				<position>3</position>
				<quantity>1</quantity>
			</Point>
		</Period>
		<Period>
			<timeInterval>
				<start>2025-03-29T21:15Z</start>
				<end>2025-03-30T00:45Z</end>
			</timeInterval>
			<resolution>PT15M</resolution>
			<Point>
				<position>1</position>
				<quantity>4</quantity>
			</Point>
			<Point>
				<position>2</position>
				<quantity>4</quantity>
			</Point>
			<Point>
				<position>3</position>
				<quantity>6</quantity>
			</Point>
			<Point>
				<position>4</position>
				<quantity>23</quantity>
			</Point>
			<Point>
				<position>5</position>
				<quantity>38</quantity>
			</Point>
			<Point>
				<position>6</position>
				<quantity>14</quantity>
			</Point>
			<Point>
				<position>7</position>
				<quantity>0</quantity>
			</Point>
			<Point>
				<position>8</position>
				<quantity>16</quantity>
			</Point>
			<Point>
				<position>9</position>
				<quantity>21</quantity>
			</Point>
			<Point>
				<position>10</position>
				<quantity>14</quantity>
			</Point>
			<Point>
				<position>11</position>
				<quantity>16</quantity>
			</Point>
			<Point>
				<position>12</position>
				<quantity>19</quantity>
			</Point>
			<Point>
				<position>13</position>
				<quantity>25</quantity>
			</Point>
			<Point>
				<position>14</position>
				<quantity>10</quantity>
			</Point>
		</Period>
	</TimeSeries>
	<TimeSeries>
		<mRID>2</mRID>
		<businessType>A19</businessType>
		<flowDirection.direction>A01</flowDirection.direction>
		<quantity_Measure_Unit.name>MWH</quantity_Measure_Unit.name>
		<curveType>A01</curveType>
		<Period>
			<timeInterval>
				<start>2025-03-27T23:30Z</start>
				<end>2025-03-28T06:00Z</end>
			</timeInterval>
			<resolution>PT15M</resolution>
			<Point>
				<position>1</position>
				<quantity>0</quantity>
			</Point>
			<Point>
				<position>2</position>
				<quantity>7</quantity>
			</Point>
			<Point>
				<position>3</position>
				<quantity>8</quantity>
			</Point>
			<Point>
				<position>4</position>
				<quantity>5</quantity>
			</Point>
			<Point>
				<position>5</position>
				<quantity>5</quantity>
			</Point>
			<Point>
				<position>6</position>
				<quantity>42</quantity>
			</Point>
			<Point>
				<position>7</position>
				<quantity>38</quantity>
			</Point>
			<Point>
				<position>8</position>
				<quantity>38</quantity>
			</Point>
			<Point>
				<position>9</position>
				<quantity>37</quantity>
			</Point>
			<Point>
				<position>10</position>
				<quantity>36</quantity>
			</Point>
			<Point>
				<position>11</position>
				<quantity>43</quantity>
			</Point>
			<Point>
				<position>12</position>
				<quantity>36</quantity>
			</Point>
			<Point>
				<position>13</position>
				<quantity>58</quantity>
			</Point>
			<Point>
				<position>14</position>
				<quantity>50</quantity>
			</Point>
			<Point>
				<position>15</position>
				<quantity>50</quantity>
			</Point>
			<Point>
				<position>16</position>
				<quantity>49</quantity>
			</Point>
			<Point>
				<position>17</position>
				<quantity>38</quantity>
			</Point>
			<Point>
				<position>18</position>
				<quantity>37</quantity>
			</Point>
			<Point>
				<position>19</position>
				<quantity>49</quantity>
			</Point>
			<Point>
				<position>20</position>
				<quantity>50</quantity>
			</Point>
			<Point>
				<position>21</position>
				<quantity>39</quantity>
			</Point>
			<Point>
				<position>22</position>
				<quantity>37</quantity>
			</Point>
			<Point>
				<position>23</position>
				<quantity>71</quantity>
			</Point>
			<Point>
				<position>24</position>
				<quantity>29</quantity>
			</Point>
			<Point>
				<position>25</position>
				<quantity>2</quantity>
			</Point>
			<Point>
				<position>26</position>
				<quantity>1</quantity>
			</Point>
		</Period>
		<Period>
			<timeInterval>
				<start>2025-03-28T11:00Z</start>
				<end>2025-03-28T14:15Z</end>
			</timeInterval>
			<resolution>PT15M</resolution>
			<Point>
				<position>1</position>
				<quantity>4</quantity>
			</Point>
			<Point>
				<position>2</position>
				<quantity>48</quantity>
			</Point>
			<Point>
				<position>3</position>
				<quantity>54</quantity>
			</Point>
			<Point>
				<position>4</position>
				<quantity>49</quantity>
			</Point>
			<Point>
				<position>5</position>
				<quantity>49</quantity>
			</Point>
			<Point>
				<position>6</position>
				<quantity>44</quantity>
			</Point>
			<Point>
				<position>7</position>
				<quantity>6</quantity>
			</Point>
			<Point>
				<position>8</position>
				<quantity>28</quantity>
			</Point>
			<Point>
				<position>9</position>
				<quantity>28</quantity>
			</Point>
			<Point>
				<position>10</position>
				<quantity>25</quantity>
			</Point>
			<Point>
				<position>11</position>
				<quantity>3</quantity>
			</Point>
			<Point>
				<position>12</position>
				<quantity>2</quantity>
			</Point>
			<Point>
				<position>13</position>
				<quantity>5</quantity>
			</Point>
		</Period>
		<Period>
			<timeInterval>
				<start>2025-03-28T15:00Z</start>
				<end>2025-03-28T15:15Z</end>
			</timeInterval>
			<resolution>PT15M</resolution>
			<Point>
				<position>1</position>
				<quantity>0</quantity>
			</Point>
		</Period>
		<Period>
			<timeInterval>
				<start>2025-03-28T15:30Z</start>
				<end>2025-03-28T15:45Z</end>
			</timeInterval>
			<resolution>PT15M</resolution>
			<Point>
				<position>1</position>
				<quantity>0</quantity>
			</Point>
		</Period>
		<Period>
			<timeInterval>
				<start>2025-03-28T16:00Z</start>
				<end>2025-03-28T16:45Z</end>
			</timeInterval>
			<resolution>PT15M</resolution>
			<Point>
				<position>1</position>
				<quantity>20</quantity>
			</Point>
			<Point>
				<position>2</position>
				<quantity>4</quantity>
			</Point>
			<Point>
				<position>3</position>
				<quantity>0</quantity>
			</Point>
		</Period>
		<Period>
			<timeInterval>
				<start>2025-03-28T17:00Z</start>
				<end>2025-03-28T17:30Z</end>
			</timeInterval>
			<resolution>PT15M</resolution>
			<Point>
				<position>1</position>
				<quantity>36</quantity>
			</Point>
			<Point>
				<position>2</position>
				<quantity>22</quantity>
			</Point>
		</Period>
		<Period>
			<timeInterval>
				<start>2025-03-28T19:45Z</start>
				<end>2025-03-28T21:00Z</end>
			</timeInterval>
			<resolution>PT15M</resolution>
			<Point>
				<position>1</position>
				<quantity>16</quantity>
			</Point>
			<Point>
				<position>2</position>
				<quantity>10</quantity>
			</Point>
			<Point>
				<position>3</position>
				<quantity>5</quantity>
			</Point>
			<Point>
				<position>4</position>
				<quantity>5</quantity>
			</Point>
			<Point>
				<position>5</position>
				<quantity>18</quantity>
			</Point>
		</Period>
		<Period>
			<timeInterval>
				<start>2025-03-28T21:45Z</start>
				<end>2025-03-28T22:30Z</end>
			</timeInterval>
			<resolution>PT15M</resolution>
			<Point>
				<position>1</position>
				<quantity>3</quantity>
			</Point>
			<Point>
				<position>2</position>
				<quantity>5</quantity>
			</Point>
			<Point>
				<position>3</position>
				<quantity>3</quantity>
			</Point>
		</Period>
		<Period>
			<timeInterval>
				<start>2025-03-28T22:45Z</start>
				<end>2025-03-28T23:00Z</end>
			</timeInterval>
			<resolution>PT15M</resolution>
			<Point>
				<position>1</position>
				<quantity>9</quantity>
			</Point>
		</Period>
		<Period>
			<timeInterval>
				<start>2025-03-29T02:00Z</start>
				<end>2025-03-29T03:15Z</end>
			</timeInterval>
			<resolution>PT15M</resolution>
			<Point>
				<position>1</position>
				<quantity>8</quantity>
			</Point>
			<Point>
				<position>2</position>
				<quantity>16</quantity>
			</Point>
			<Point>
				<position>3</position>
				<quantity>16</quantity>
			</Point>
			<Point>
				<position>4</position>
				<quantity>5</quantity>
			</Point>
			<Point>
				<position>5</position>
				<quantity>6</quantity>
			</Point>
		</Period>
		<Period>
			<timeInterval>
				<start>2025-03-29T17:15Z</start>
				<end>2025-03-29T17:30Z</end>
			</timeInterval>
			<resolution>PT15M</resolution>
			<Point>
				<position>1</position>
				<quantity>0</quantity>
			</Point>
		</Period>
		<Period>
			<timeInterval>
				<start>2025-03-29T19:45Z</start>
				<end>2025-03-29T20:00Z</end>
			</timeInterval>
			<resolution>PT15M</resolution>
			<Point>
				<position>1</position>
				<quantity>3</quantity>
			</Point>
		</Period>
		<Period>
			<timeInterval>
				<start>2025-03-29T20:45Z</start>
				<end>2025-03-29T21:15Z</end>
			</timeInterval>
			<resolution>PT15M</resolution>
			<Point>
				<position>1</position>
				<quantity>1</quantity>
			</Point>
			<Point>
				<position>2</position>
				<quantity>1</quantity>
			</Point>
		</Period>
	</TimeSeries>
	<TimeSeries>
		<mRID>3</mRID>
		<businessType>A19</businessType>
		<flowDirection.direction>A02</flowDirection.direction>
		<quantity_Measure_Unit.name>MWH</quantity_Measure_Unit.name>
		<curveType>A01</curveType>
		<Period>
			<timeInterval>
				<start>2025-03-30T01:00Z</start>
				<end>2025-03-30T03:00Z</end>
			</timeInterval>
			<resolution>PT15M</resolution>
			<Point>
				<position>1</position>
				<quantity>12</quantity>
			</Point>
			<Point>
				<position>2</position>
				<quantity>4</quantity>
			</Point>
			<Point>
				<position>3</position>
				<quantity>0</quantity>
			</Point>
			<Point>
				<position>4</position>
				<quantity>1</quantity>
			</Point>
			<Point>
				<position>5</position>
				<quantity>4</quantity>
			</Point>
			<Point>
				<position>6</position>
				<quantity>4</quantity>
			</Point>
			<Point>
				<position>7</position>
				<quantity>4</quantity>
			</Point>
			<Point>
				<position>8</position>
				<quantity>3</quantity>
			</Point>
		</Period>
		<Period>
			<timeInterval>
				<start>2025-03-30T03:15Z</start>
				<end>2025-03-30T05:30Z</end>
			</timeInterval>
			<resolution>PT15M</resolution>
			<Point>
				<position>1</position>
				<quantity>9</quantity>
			</Point>
			<Point>
				<position>2</position>
				<quantity>10</quantity>
			</Point>
			<Point>
				<position>3</position>
				<quantity>5</quantity>
			</Point>
			<Point>
				<position>4</position>
				<quantity>4</quantity>
			</Point>
			<Point>
				<position>5</position>
				<quantity>19</quantity>
			</Point>
			<Point>
				<position>6</position>
				<quantity>11</quantity>
			</Point>
			<Point>
				<position>7</position>
				<quantity>1</quantity>
			</Point>
			<Point>
				<position>8</position>
				<quantity>2</quantity>
			</Point>
			<Point>
				<position>9</position>
				<quantity>0</quantity>
			</Point>
		</Period>
		<Period>
			<timeInterval>
				<start>2025-03-30T05:45Z</start>
				<end>2025-03-30T09:30Z</end>
			</timeInterval>
			<resolution>PT15M</resolution>
			<Point>
				<position>1</position>
				<quantity>0</quantity>
			</Point>
			<Point>
				<position>2</position>
				<quantity>11</quantity>
			</Point>
			<Point>
				<position>3</position>
				<quantity>12</quantity>
			</Point>
			<Point>
				<position>4</position>
				<quantity>4</quantity>
			</Point>
			<Point>
				<position>5</position>
				<quantity>0</quantity>
			</Point>
			<Point>
				<position>6</position>
				<quantity>8</quantity>
			</Point>
			<Point>
				<position>7</position>
				<quantity>37</quantity>
			</Point>
			<Point>
				<position>8</position>
				<quantity>54</quantity>
			</Point>
			<Point>
				<position>9</position>
				<quantity>62</quantity>
			</Point>
			<Point>
				<position>10</position>
				<quantity>63</quantity>
			</Point>
			<Point>
				<position>11</position>
				<quantity>63</quantity>
			</Point>
			<Point>
				<position>12</position>
				<quantity>79</quantity>
			</Point>
			<Point>
				<position>13</position>
				<quantity>66</quantity>
			</Point>
			<Point>
				<position>14</position>
				<quantity>49</quantity>
			</Point>
			<Point>
				<position>15</position>
				<quantity>56</quantity>
			</Point>
		</Period>
		<Period>
			<timeInterval>
				<start>2025-03-30T12:45Z</start>
				<end>2025-03-30T13:00Z</end>
			</timeInterval>
			<resolution>PT15M</resolution>
			<Point>
				<position>1</position>
				<quantity>0</quantity>
			</Point>
		</Period>
		<Period>
			<timeInterval>
				<start>2025-03-30T13:30Z</start>
				<end>2025-03-30T14:00Z</end>
			</timeInterval>
			<resolution>PT15M</resolution>
			<Point>
				<position>1</position>
				<quantity>0</quantity>
			</Point>
			<Point>
				<position>2</position>
				<quantity>1</quantity>
			</Point>
		</Period>
		<Period>
			<timeInterval>
				<start>2025-03-30T14:30Z</start>
				<end>2025-03-30T15:00Z</end>
			</timeInterval>
			<resolution>PT15M</resolution>
			<Point>
				<position>1</position>
				<quantity>5</quantity>
			</Point>
			<Point>
				<position>2</position>
				<quantity>16</quantity>
			</Point>
		</Period>
		<Period>
			<timeInterval>
				<start>2025-03-30T15:45Z</start>
				<end>2025-03-30T16:00Z</end>
			</timeInterval>
			<resolution>PT15M</resolution>
			<Point>
				<position>1</position>
				<quantity>2</quantity>
			</Point>
		</Period>
		<Period>
			<timeInterval>
				<start>2025-03-30T16:45Z</start>
				<end>2025-03-30T19:45Z</end>
			</timeInterval>
			<resolution>PT15M</resolution>
			<Point>
				<position>1</position>
				<quantity>2</quantity>
			</Point>
			<Point>
				<position>2</position>
				<quantity>2</quantity>
			</Point>
			<Point>
				<position>3</position>
				<quantity>14</quantity>
			</Point>
			<Point>
				<position>4</position>
				<quantity>51</quantity>
			</Point>
			<Point>
				<position>5</position>
				<quantity>60</quantity>
			</Point>
			<Point>
				<position>6</position>
				<quantity>14</quantity>
			</Point>
			<Point>
				<position>7</position>
				<quantity>26</quantity>
			</Point>
			<Point>
				<position>8</position>
				<quantity>24</quantity>
			</Point>
			<Point>
				<position>9</position>
				<quantity>28</quantity>
			</Point>
			<Point>
				<position>10</position>
				<quantity>28</quantity>
			</Point>
			<Point>
				<position>11</position>
				<quantity>5</quantity>
			</Point>
			<Point>
				<position>12</position>
				<quantity>0</quantity>
			</Point>
		</Period>
		<Period>
			<timeInterval>
				<start>2025-03-30T20:00Z</start>
				<end>2025-03-30T20:30Z</end>
			</timeInterval>
			<resolution>PT15M</resolution>
			<Point>
				<position>1</position>
				<quantity>21</quantity>
			</Point>
			<Point>
				<position>2</position>
				<quantity>3</quantity>
			</Point>
		</Period>
		<Period>
			<timeInterval>
				<start>2025-03-30T21:00Z</start>
				<end>2025-03-30T21:30Z</end>
			</timeInterval>
			<resolution>PT15M</resolution>
			<Point>
				<position>1</position>
				<quantity>8</quantity>
			</Point>
			<Point>
				<position>2</position>
				<quantity>6</quantity>
			</Point>
		</Period>
		<Period>
			<timeInterval>
				<start>2025-03-30T22:15Z</start>
				<end>2025-03-30T22:45Z</end>
			</timeInterval>
			<resolution>PT15M</resolution>
			<Point>
				<position>1</position>
				<quantity>1</quantity>
			</Point>
			<Point>
				<position>2</position>
				<quantity>0</quantity>
			</Point>
		</Period>
		<Period>
			<timeInterval>
				<start>2025-03-30T23:00Z</start>
				<end>2025-03-30T23:15Z</end>
			</timeInterval>
			<resolution>PT15M</resolution>
			<Point>
				<position>1</position>
				<quantity>0</quantity>
			</Point>
		</Period>
		<Period>
			<timeInterval>
				<start>2025-03-30T23:30Z</start>
				<end>2025-03-30T23:45Z</end>
			</timeInterval>
			<resolution>PT15M</resolution>
			<Point>
				<position>1</position>
				<quantity>1</quantity>
			</Point>
		</Period>
		<Period>
			<timeInterval>
				<start>2025-03-31T00:00Z</start>
				<end>2025-03-31T00:15Z</end>
			</timeInterval>
			<resolution>PT15M</resolution>
			<Point>
				<position>1</position>
				<quantity>0</quantity>
			</Point>
		</Period>
		<Period>
			<timeInterval>
				<start>2025-03-31T00:45Z</start>
				<end>2025-03-31T01:00Z</end>
			</timeInterval>
			<resolution>PT15M</resolution>
			<Point>
				<position>1</position>
				<quantity>0</quantity>
			</Point>
		</Period>
		<Period>
			<timeInterval>
				<start>2025-03-31T03:45Z</start>
				<end>2025-03-31T04:00Z</end>
			</timeInterval>
			<resolution>PT15M</resolution>
			<Point>
				<position>1</position>
				<quantity>9</quantity>
			</Point>
		</Period>
		<Period>
			<timeInterval>
				<start>2025-03-31T04:15Z</start>
				<end>2025-03-31T05:30Z</end>
			</timeInterval>
			<resolution>PT15M</resolution>
			<Point>
				<position>1</position>
				<quantity>0</quantity>
			</Point>
			<Point>
				<position>2</position>
				<quantity>1</quantity>
			</Point>
			<Point>
				<position>3</position>
				<quantity>7</quantity>
			</Point>
			<Point>
				<position>4</position>
				<quantity>10</quantity>
			</Point>
			<Point>
				<position>5</position>
				<quantity>20</quantity>
			</Point>
		</Period>
		<Period>
			<timeInterval>
				<start>2025-03-31T05:45Z</start>
				<end>2025-03-31T07:45Z</end>
			</timeInterval>
			<resolution>PT15M</resolution>
			<Point>
				<position>1</position>
				<quantity>18</quantity>
			</Point>
			<Point>
				<position>2</position>
				<quantity>11</quantity>
			</Point>
			<Point>
				<position>3</position>
				<quantity>71</quantity>
			</Point>
			<Point>
				<position>4</position>
				<quantity>50</quantity>
			</Point>
			<Point>
				<position>5</position>
				<quantity>35</quantity>
			</Point>
			<Point>
				<position>6</position>
				<quantity>47</quantity>
			</Point>
			<Point>
				<position>7</position>
				<quantity>30</quantity>
			</Point>
			<Point>
				<position>8</position>
				<quantity>17</quantity>
			</Point>
		</Period>
	</TimeSeries>
	<TimeSeries>
		<mRID>4</mRID>
		<businessType>A19</businessType>
		<flowDirection.direction>A01</flowDirection.direction>
		<quantity_Measure_Unit.name>MWH</quantity_Measure_Unit.name>
		<curveType>A01</curveType>
		<Period>
			<timeInterval>
				<start>2025-03-30T03:00Z</start>
				<end>2025-03-30T03:15Z</end>
			</timeInterval>
			<resolution>PT15M</resolution>
			<Point>
				<position>1</position>
				<quantity>4</quantity>
			</Point>
		</Period>
		<Period>
			<timeInterval>
				<start>2025-03-30T05:30Z</start>
				<end>2025-03-30T05:45Z</end>
			</timeInterval>
			<resolution>PT15M</resolution>
			<Point>
				<position>1</position>
				<quantity>0</quantity>
			</Point>
		</Period>
		<Period>
			<timeInterval>
				<start>2025-03-30T09:30Z</start>
				<end>2025-03-30T12:45Z</end>
			</timeInterval>
			<resolution>PT15M</resolution>
			<Point>
				<position>1</position>
				<quantity>3</quantity>
			</Point>
			<Point>
				<position>2</position>
				<quantity>22</quantity>
			</Point>
			<Point>
				<position>3</position>
				<quantity>12</quantity>
			</Point>
			<Point>
				<position>4</position>
				<quantity>12</quantity>
			</Point>
			<Point>
				<position>5</position>
				<quantity>2</quantity>
			</Point>
			<Point>
				<position>6</position>
				<quantity>17</quantity>
			</Point>
			<Point>
				<position>7</position>
				<quantity>8</quantity>
			</Point>
			<Point>
				<position>8</position>
				<quantity>5</quantity>
			</Point>
			<Point>
				<position>9</position>
				<quantity>4</quantity>
			</Point>
			<Point>
				<position>10</position>
				<quantity>2</quantity>
			</Point>
			<Point>
				<position>11</position>
				<quantity>16</quantity>
			</Point>
			<Point>
				<position>12</position>
				<quantity>4</quantity>
			</Point>
			<Point>
				<position>13</position>
				<quantity>1</quantity>
			</Point>
		</Period>
		<Period>
			<timeInterval>
				<start>2025-03-30T13:00Z</start>
				<end>2025-03-30T13:30Z</end>
			</timeInterval>
			<resolution>PT15M</resolution>
			<Point>
				<position>1</position>
				<quantity>18</quantity>
			</Point>
			<Point>
				<position>2</position>
				<quantity>1</quantity>
			</Point>
		</Period>
		<Period>
			<timeInterval>
				<start>2025-03-30T14:00Z</start>
				<end>2025-03-30T14:30Z</end>
			</timeInterval>
			<resolution>PT15M</resolution>
			<Point>
				<position>1</position>
				<quantity>19</quantity>
			</Point>
			<Point>
				<position>2</position>
				<quantity>7</quantity>
			</Point>
		</Period>
		<Period>
			<timeInterval>
				<start>2025-03-30T15:00Z</start>
				<end>2025-03-30T15:45Z</end>
			</timeInterval>
			<resolution>PT15M</resolution>
			<Point>
				<position>1</position>
				<quantity>27</quantity>
			</Point>
			<Point>
				<position>2</position>
				<quantity>37</quantity>
			</Point>
			<Point>
				<position>3</position>
				<quantity>15</quantity>
			</Point>
		</Period>
		<Period>
			<timeInterval>
				<start>2025-03-30T16:00Z</start>
				<end>2025-03-30T16:45Z</end>
			</timeInterval>
			<resolution>PT15M</resolution>
			<Point>
				<position>1</position>
				<quantity>30</quantity>
			</Point>
			<Point>
				<position>2</position>
				<quantity>17</quantity>
			</Point>
			<Point>
				<position>3</position>
				<quantity>2</quantity>
			</Point>
		</Period>
		<Period>
			<timeInterval>
				<start>2025-03-30T19:45Z</start>
				<end>2025-03-30T20:00Z</end>
			</timeInterval>
			<resolution>PT15M</resolution>
			<Point>
				<position>1</position>
				<quantity>0</quantity>
			</Point>
		</Period>
		<Period>
			<timeInterval>
				<start>2025-03-30T20:30Z</start>
				<end>2025-03-30T21:00Z</end>
			</timeInterval>
			<resolution>PT15M</resolution>
			<Point>
				<position>1</position>
				<quantity>0</quantity>
			</Point>
			<Point>
				<position>2</position>
				<quantity>0</quantity>
			</Point>
		</Period>
		<Period>
			<timeInterval>
				<start>2025-03-30T21:30Z</start>
				<end>2025-03-30T22:15Z</end>
			</timeInterval>
			<resolution>PT15M</resolution>
			<Point>
				<position>1</position>
				<quantity>0</quantity>
			</Point>
			<Point>
				<position>2</position>
				<quantity>0</quantity>
			</Point>
			<Point>
				<position>3</position>
				<quantity>10</quantity>
			</Point>
		</Period>
		<Period>
			<timeInterval>
				<start>2025-03-30T22:45Z</start>
				<end>2025-03-30T23:00Z</end>
			</timeInterval>
			<resolution>PT15M</resolution>
			<Point>
				<position>1</position>
				<quantity>5</quantity>
			</Point>
		</Period>
		<Period>
			<timeInterval>
				<start>2025-03-30T23:15Z</start>
				<end>2025-03-30T23:30Z</end>
			</timeInterval>
			<resolution>PT15M</resolution>
			<Point>
				<position>1</position>
				<quantity>0</quantity>
			</Point>
		</Period>
		<Period>
			<timeInterval>
				<start>2025-03-30T23:45Z</start>
				<end>2025-03-31T00:00Z</end>
			</timeInterval>
			<resolution>PT15M</resolution>
			<Point>
				<position>1</position>
				<quantity>0</quantity>
			</Point>
		</Period>
		<Period>
			<timeInterval>
				<start>2025-03-31T00:15Z</start>
				<end>2025-03-31T00:45Z</end>
			</timeInterval>
			<resolution>PT15M</resolution>
			<Point>
				<position>1</position>
				<quantity>1</quantity>
			</Point>
			<Point>
				<position>2</position>
				<quantity>0</quantity>
			</Point>
		</Period>
		<Period>
			<timeInterval>
				<start>2025-03-31T01:00Z</start>
				<end>2025-03-31T03:45Z</end>
			</timeInterval>
			<resolution>PT15M</resolution>
			<Point>
				<position>1</position>
				<quantity>0</quantity>
			</Point>
			<Point>
				<position>2</position>
				<quantity>0</quantity>
			</Point>
			<Point>
				<position>3</position>
				<quantity>8</quantity>
			</Point>
			<Point>
				<position>4</position>
				<quantity>12</quantity>
			</Point>
			<Point>
				<position>5</position>
				<quantity>12</quantity>
			</Point>
			<Point>
				<position>6</position>
				<quantity>5</quantity>
			</Point>
			<Point>
				<position>7</position>
				<quantity>9</quantity>
			</Point>
			<Point>
				<position>8</position>
				<quantity>3</quantity>
			</Point>
			<Point>
				<position>9</position>
				<quantity>19</quantity>
			</Point>
			<Point>
				<position>10</position>
				<quantity>8</quantity>
			</Point>
			<Point>
				<position>11</position>
				<quantity>3</quantity>
			</Point>
		</Period>
		<Period>
			<timeInterval>
				<start>2025-03-31T04:00Z</start>
				<end>2025-03-31T04:15Z</end>
			</timeInterval>
			<resolution>PT15M</resolution>
			<Point>
				<position>1</position>
				<quantity>27</quantity>
			</Point>
		</Period>
		<Period>
			<timeInterval>
				<start>2025-03-31T05:30Z</start>
				<end>2025-03-31T05:45Z</end>
			</timeInterval>
			<resolution>PT15M</resolution>
			<Point>
				<position>1</position>
				<quantity>3</quantity>
			</Point>
		</Period>
	</TimeSeries>
</Balancing_MarketDocument>
