<?xml version="1.0" encoding="UTF-8"?>
<Balancing_MarketDocument xmlns="urn:iec62325.351:tc57wg16:451-6:balancingdocument:3:0">
	<mRID>7390942c9af54ab2a2189bc0224240f1</mRID>
	<revisionNumber>1</revisionNumber>
	<type>A86</type>
	<process.processType>A16</process.processType>
	<sender_MarketParticipant.mRID codingScheme="A01">10X1001A1001A450</sender_MarketParticipant.mRID>
	<sender_MarketParticipant.marketRole.type>A32</sender_MarketParticipant.marketRole.type>
	<receiver_MarketParticipant.mRID codingScheme="A01">10X1001A1001A450</receiver_MarketParticipant.mRID>
	<receiver_MarketParticipant.marketRole.type>A33</receiver_MarketParticipant.marketRole.type>
	<createdDateTime>2025-05-22T08:57:38Z</createdDateTime>
	<docStatus><value>X01</value></docStatus>
	<controlArea_Domain.mRID codingScheme="A01">10YRO-TEL------P</controlArea_Domain.mRID>
	<period.timeInterval>
		<start>2025-05-19T23:00Z</start>
		<end>2025-05-22T08:30Z</end>
	</period.timeInterval>
	<TimeSeries>
		<mRID>1</mRID>
		<businessType>A19</businessType>
		<flowDirection.direction>A01</flowDirection.direction>
		<quantity_Measure_Unit.name>MWH</quantity_Measure_Unit.name>
		<curveType>A01</curveType>
		<Period>
			<timeInterval>
				<start>2025-05-19T23:00Z</start>
				<end>2025-05-20T02:15Z</end>
			</timeInterval>
			<resolution>PT15M</resolution>
			<Point>
				<position>1</position>
				<quantity>0</quantity>
			</Point>
			<Point>
				<position>2</position>
				<quantity>12</quantity>
			</Point>
			<Point>
				<position>3</position>
				<quantity>41</quantity>
			</Point>
			<Point>
				<position>4</position>
				<quantity>58</quantity>
			</Point>
			<Point>
				<position>5</position>
				<quantity>49</quantity>
			</Point>
			<Point>
				<position>6</position>
				<quantity>52</quantity>
			</Point>
			<Point>
				<position>7</position>
				<quantity>49</quantity>
			</Point>
			<Point>
				<position>8</position>
				<quantity>27</quantity>
			</Point>
			<Point>
				<position>9</position>
				<quantity>30</quantity>
			</Point>
			<Point>
				<position>10</position>
				<quantity>25</quantity>
			</Point>
			<Point>
				<position>11</position>
				<quantity>22</quantity>
			</Point>
			<Point>
				<position>12</position>
				<quantity>18</quantity>
			</Point>
			<Point>
				<position>13</position>
				<quantity>3</quantity>
			</Point>
		</Period>
		<Period>
			<timeInterval>
				<start>2025-05-20T03:00Z</start>
				<end>2025-05-20T03:15Z</end>
			</timeInterval>
			<resolution>PT15M</resolution>
			<Point>
				<position>1</position>
				<quantity>0</quantity>
			</Point>
		</Period>
		<Period>
			<timeInterval>
				<start>2025-05-20T06:30Z</start>
				<end>2025-05-20T14:45Z</end>
			</timeInterval>
			<resolution>PT15M</resolution>
			<Point>
				<position>1</position>
				<quantity>4</quantity>
			</Point>
			<Point>
				<position>2</position>
				<quantity>54</quantity>
			</Point>
			<Point>
				<position>3</position>
				<quantity>72</quantity>
			</Point>
			<Point>
				<position>4</position>
				<quantity>103</quantity>
			</Point>
			<Point>
				<position>5</position>
				<quantity>116</quantity>
			</Point>
			<Point>
				<position>6</position>
				<quantity>157</quantity>
			</Point>
			<Point>
				<position>7</position>
				<quantity>135</quantity>
			</Point>
			<Point>
				<position>8</position>
				<quantity>151</quantity>
			</Point>
			<Point>
				<position>9</position>
				<quantity>131</quantity>
			</Point>
			<Point>
				<position>10</position>
				<quantity>126</quantity>
			</Point>
			<Point>
				<position>11</position>
				<quantity>114</quantity>
			</Point>
			<Point>
				<position>12</position>
				<quantity>124</quantity>
			</Point>
			<Point>
				<position>13</position>
				<quantity>111</quantity>
			</Point>
			<Point>
				<position>14</position>
				<quantity>99</quantity>
			</Point>
			<Point>
				<position>15</position>
				<quantity>96</quantity>
			</Point>
			<Point>
				<position>16</position>
				<quantity>91</quantity>
			</Point>
			<Point>
				<position>17</position>
				<quantity>75</quantity>
			</Point>
			<Point>
				<position>18</position>
				<quantity>59</quantity>
			</Point>
			<Point>
				<position>19</position>
				<quantity>55</quantity>
			</Point>
			<Point>
				<position>20</position>
				<quantity>52</quantity>
			</Point>
			<Point>
				<position>21</position>
				<quantity>50</quantity>
			</Point>
			<Point>
				<position>22</position>
				<quantity>32</quantity>
			</Point>
			<Point>
				<position>23</position>
				<quantity>40</quantity>
			</Point>
			<Point>
				<position>24</position>
				<quantity>48</quantity>
			</Point>
			<Point>
				<position>25</position>
				<quantity>25</quantity>
			</Point>
			<Point>
				<position>26</position>
				<quantity>3</quantity>
			</Point>
			<Point>
				<position>27</position>
				<quantity>41</quantity>
			</Point>
			<Point>
				<position>28</position>
				<quantity>39</quantity>
			</Point>
			<Point>
				<position>29</position>
				<quantity>33</quantity>
			</Point>
			<Point>
				<position>30</position>
				<quantity>3</quantity>
			</Point>
			<Point>
				<position>31</position>
				<quantity>32</quantity>
			</Point>
			<Point>
				<position>32</position>
				<quantity>53</quantity>
			</Point>
			<Point>
				<position>33</position>
				<quantity>31</quantity>
			</Point>
		</Period>
		<Period>
			<timeInterval>
				<start>2025-05-20T15:00Z</start>
				<end>2025-05-20T15:30Z</end>
			</timeInterval>
			<resolution>PT15M</resolution>
			<Point>
				<position>1</position>
				<quantity>32</quantity>
			</Point>
			<Point>
				<position>2</position>
				<quantity>0</quantity>
			</Point>
		</Period>
		<Period>
			<timeInterval>
				<start>2025-05-20T16:00Z</start>
				<end>2025-05-20T16:15Z</end>
			</timeInterval>
			<resolution>PT15M</resolution>
			<Point>
				<position>1</position>
				<quantity>14</quantity>
			</Point>
		</Period>
		<Period>
			<timeInterval>
				<start>2025-05-20T23:15Z</start>
				<end>2025-05-21T01:15Z</end>
			</timeInterval>
			<resolution>PT15M</resolution>
			<Point>
				<position>1</position>
				<quantity>1</quantity>
			</Point>
			<Point>
				<position>2</position>
				<quantity>1</quantity>
			</Point>
			<Point>
				<position>3</position>
				<quantity>2</quantity>
			</Point>
			<Point>
				<position>4</position>
				<quantity>0</quantity>
			</Point>
			<Point>
				<position>5</position>
				<quantity>15</quantity>
			</Point>
			<Point>
				<position>6</position>
				<quantity>8</quantity>
			</Point>
			<Point>
				<position>7</position>
				<quantity>0</quantity>
			</Point>
			<Point>
				<position>8</position>
				<quantity>0</quantity>
			</Point>
		</Period>
		<Period>
			<timeInterval>
				<start>2025-05-21T01:30Z</start>
				<end>2025-05-21T02:00Z</end>
			</timeInterval>
			<resolution>PT15M</resolution>
			<Point>
				<position>1</position>
				<quantity>0</quantity>
			</Point>
			<Point>
				<position>2</position>
				<quantity>0</quantity>
			</Point>
		</Period>
		<Period>
			<timeInterval>
				<start>2025-05-21T02:15Z</start>
				<end>2025-05-21T02:45Z</end>
			</timeInterval>
			<resolution>PT15M</resolution>
			<Point>
				<position>1</position>
				<quantity>6</quantity>
			</Point>
			<Point>
				<position>2</position>
				<quantity>7</quantity>
			</Point>
		</Period>
		<Period>
			<timeInterval>
				<start>2025-05-21T03:00Z</start>
				<end>2025-05-21T12:45Z</end>
			</timeInterval>
			<resolution>PT15M</resolution>
			<Point>
				<position>1</position>
				<quantity>17</quantity>
			</Point>
			<Point>
				<position>2</position>
				<quantity>7</quantity>
			</Point>
			<Point>
				<position>3</position>
				<quantity>1</quantity>
			</Point>
			<Point>
				<position>4</position>
				<quantity>28</quantity>
			</Point>
			<Point>
				<position>5</position>
				<quantity>73</quantity>
			</Point>
			<Point>
				<position>6</position>
				<quantity>50</quantity>
			</Point>
			<Point>
				<position>7</position>
				<quantity>52</quantity>
			</Point>
			<Point>
				<position>8</position>
				<quantity>63</quantity>
			</Point>
			<Point>
				<position>9</position>
				<quantity>44</quantity>
			</Point>
			<Point>
				<position>10</position>
				<quantity>74</quantity>
			</Point>
			<Point>
				<position>11</position>
				<quantity>74</quantity>
			</Point>
			<Point>
				<position>12</position>
				<quantity>99</quantity>
			</Point>
			<Point>
				<position>13</position>
				<quantity>56</quantity>
			</Point>
			<Point>
				<position>14</position>
				<quantity>63</quantity>
			</Point>
			<Point>
				<position>15</position>
				<quantity>66</quantity>
			</Point>
			<Point>
				<position>16</position>
				<quantity>91</quantity>
			</Point>
			<Point>
				<position>17</position>
				<quantity>41</quantity>
			</Point>
			<Point>
				<position>18</position>
				<quantity>59</quantity>
			</Point>
			<Point>
				<position>19</position>
				<quantity>56</quantity>
			</Point>
			<Point>
				<position>20</position>
				<quantity>64</quantity>
			</Point>
			<Point>
				<position>21</position>
				<quantity>43</quantity>
			</Point>
			<Point>
				<position>22</position>
				<quantity>41</quantity>
			</Point>
			<Point>
				<position>23</position>
				<quantity>61</quantity>
			</Point>
			<Point>
				<position>24</position>
				<quantity>66</quantity>
			</Point>
			<Point>
				<position>25</position>
				<quantity>47</quantity>
			</Point>
			<Point>
				<position>26</position>
				<quantity>28</quantity>
			</Point>
			<Point>
				<position>27</position>
				<quantity>28</quantity>
			</Point>
			<Point>
				<position>28</position>
				<quantity>27</quantity>
			</Point>
			<Point>
				<position>29</position>
				<quantity>37</quantity>
			</Point>
			<Point>
				<position>30</position>
				<quantity>65</quantity>
			</Point>
			<Point>
				<position>31</position>
				<quantity>46</quantity>
			</Point>
			<Point>
				<position>32</position>
				<quantity>45</quantity>
			</Point>
			<Point>
				<position>33</position>
				<quantity>63</quantity>
			</Point>
			<Point>
				<position>34</position>
				<quantity>52</quantity>
			</Point>
			<Point>
				<position>35</position>
				<quantity>66</quantity>
			</Point>
			<Point>
				<position>36</position>
				<quantity>50</quantity>
			</Point>
			<Point>
				<position>37</position>
				<quantity>53</quantity>
			</Point>
			<Point>
				<position>38</position>
				<quantity>49</quantity>
			</Point>
			<Point>
				<position>39</position>
				<quantity>18</quantity>
			</Point>
		</Period>
	</TimeSeries>
	<TimeSeries>
		<mRID>2</mRID>
		<businessType>A19</businessType>
		<flowDirection.direction>A02</flowDirection.direction>
		<quantity_Measure_Unit.name>MWH</quantity_Measure_Unit.name>
		<curveType>A01</curveType>
		<Period>
			<timeInterval>
				<start>2025-05-20T02:15Z</start>
				<end>2025-05-20T03:00Z</end>
			</timeInterval>
			<resolution>PT15M</resolution>
			<Point>
				<position>1</position>
				<quantity>13</quantity>
			</Point>
			<Point>
				<position>2</position>
				<quantity>10</quantity>
			</Point>
			<Point>
				<position>3</position>
				<quantity>3</quantity>
			</Point>
		</Period>
		<Period>
			<timeInterval>
				<start>2025-05-20T03:15Z</start>
				<end>2025-05-20T06:30Z</end>
			</timeInterval>
			<resolution>PT15M</resolution>
			<Point>
				<position>1</position>
				<quantity>6</quantity>
			</Point>
			<Point>
				<position>2</position>
				<quantity>24</quantity>
			</Point>
			<Point>
				<position>3</position>
				<quantity>13</quantity>
			</Point>
			<Point>
				<position>4</position>
				<quantity>3</quantity>
			</Point>
			<Point>
				<position>5</position>
				<quantity>78</quantity>
			</Point>
			<Point>
				<position>6</position>
				<quantity>60</quantity>
			</Point>
			<Point>
				<position>7</position>
				<quantity>48</quantity>
			</Point>
			<Point>
				<position>8</position>
				<quantity>59</quantity>
			</Point>
			<Point>
				<position>9</position>
				<quantity>62</quantity>
			</Point>
			<Point>
				<position>10</position>
				<quantity>48</quantity>
			</Point>
			<Point>
				<position>11</position>
				<quantity>29</quantity>
			</Point>
			<Point>
				<position>12</position>
				<quantity>52</quantity>
			</Point>
			<Point>
				<position>13</position>
				<quantity>63</quantity>
			</Point>
		</Period>
		<Period>
			<timeInterval>
				<start>2025-05-20T14:45Z</start>
				<end>2025-05-20T15:00Z</end>
			</timeInterval>
			<resolution>PT15M</resolution>
			<Point>
				<position>1</position>
				<quantity>1</quantity>
			</Point>
		</Period>
		<Period>
			<timeInterval>
				<start>2025-05-20T15:30Z</start>
				<end>2025-05-20T16:00Z</end>
			</timeInterval>
			<resolution>PT15M</resolution>
			<Point>
				<position>1</position>
				<quantity>2</quantity>
			</Point>
			<Point>
				<position>2</position>
				<quantity>26</quantity>
			</Point>
		</Period>
		<Period>
			<timeInterval>
				<start>2025-05-20T16:15Z</start>
				<end>2025-05-20T23:15Z</end>
			</timeInterval>
			<resolution>PT15M</resolution>
			<Point>
				<position>1</position>
				<quantity>8</quantity>
			</Point>
			<Point>
				<position>2</position>
				<quantity>30</quantity>
			</Point>
			<Point>
				<position>3</position>
				<quantity>72</quantity>
			</Point>
			<Point>
				<position>4</position>
				<quantity>6</quantity>
			</Point>
			<Point>
				<position>5</position>
				<quantity>24</quantity>
			</Point>
			<Point>
				<position>6</position>
				<quantity>28</quantity>
			</Point>
			<Point>
				<position>7</position>
				<quantity>21</quantity>
			</Point>
			<Point>
				<position>8</position>
				<quantity>20</quantity>
			</Point>
			<Point>
				<position>9</position>
				<quantity>27</quantity>
			</Point>
			<Point>
				<position>10</position>
				<quantity>41</quantity>
			</Point>
			<Point>
				<position>11</position>
				<quantity>39</quantity>
			</Point>
			<Point>
				<position>12</position>
				<quantity>11</quantity>
			</Point>
			<Point>
				<position>13</position>
				<quantity>39</quantity>
			</Point>
			<Point>
				<position>14</position>
				<quantity>21</quantity>
			</Point>
			<Point>
				<position>15</position>
				<quantity>1</quantity>
			</Point>
			<Point>
				<position>16</position>
				<quantity>27</quantity>
			</Point>
			<Point>
				<position>17</position>
				<quantity>3</quantity>
			</Point>
			<Point>
				<position>18</position>
				<quantity>8</quantity>
			</Point>
			<Point>
				<position>19</position>
				<quantity>0</quantity>
			</Point>
			<Point>
				<position>20</position>
				<quantity>6</quantity>
			</Point>
			<Point>
				<position>21</position>
				<quantity>15</quantity>
			</Point>
			<Point>
				<position>22</position>
				<quantity>0</quantity>
			</Point>
			<Point>
				<position>23</position>
				<quantity>1</quantity>
			</Point>
			<Point>
				<position>24</position>
				<quantity>1</quantity>
			</Point>
			<Point>
				<position>25</position>
				<quantity>5</quantity>
			</Point>
			<Point>
				<position>26</position>
				<quantity>13</quantity>
			</Point>
			<Point>
				<position>27</position>
				<quantity>2</quantity>
			</Point>
			<Point>
				<position>28</position>
				<quantity>0</quantity>
			</Point>
		</Period>
		<Period>
			<timeInterval>
				<start>2025-05-21T01:15Z</start>
				<end>2025-05-21T01:30Z</end>
			</timeInterval>
			<resolution>PT15M</resolution>
			<Point>
				<position>1</position>
				<quantity>0</quantity>
			</Point>
		</Period>
		<Period>
			<timeInterval>
				<start>2025-05-21T02:00Z</start>
				<end>2025-05-21T02:15Z</end>
			</timeInterval>
			<resolution>PT15M</resolution>
			<Point>
				<position>1</position>
				<quantity>0</quantity>
			</Point>
		</Period>
		<Period>
			<timeInterval>
				<start>2025-05-21T02:45Z</start>
				<end>2025-05-21T03:00Z</end>
			</timeInterval>
			<resolution>PT15M</resolution>
			<Point>
				<position>1</position>
				<quantity>1</quantity>
			</Point>
		</Period>
	</TimeSeries>
	<TimeSeries>
		<mRID>3</mRID>
		<businessType>A19</businessType>
		<flowDirection.direction>A01</flowDirection.direction>
		<quantity_Measure_Unit.name>MWH</quantity_Measure_Unit.name>
		<curveType>A01</curveType>
		<Period>
			<timeInterval>
				<start>2025-05-21T13:00Z</start>
				<end>2025-05-21T14:45Z</end>
			</timeInterval>
			<resolution>PT15M</resolution>
			<Point>
				<position>1</position>
				<quantity>11</quantity>
			</Point>
			<Point>
				<position>2</position>
				<quantity>9</quantity>
			</Point>
			<Point>
				<position>3</position>
				<quantity>4</quantity>
			</Point>
			<Point>
				<position>4</position>
				<quantity>5</quantity>
			</Point>
			<Point>
				<position>5</position>
				<quantity>43</quantity>
			</Point>
			<Point>
				<position>6</position>
				<quantity>14</quantity>
			</Point>
			<Point>
				<position>7</position>
				<quantity>1</quantity>
			</Point>
		</Period>
		<Period>
			<timeInterval>
				<start>2025-05-21T15:00Z</start>
				<end>2025-05-21T15:45Z</end>
			</timeInterval>
			<resolution>PT15M</resolution>
			<Point>
				<position>1</position>
				<quantity>24</quantity>
			</Point>
			<Point>
				<position>2</position>
				<quantity>0</quantity>
			</Point>
			<Point>
				<position>3</position>
				<quantity>0</quantity>
			</Point>
		</Period>
		<Period>
			<timeInterval>
				<start>2025-05-21T16:00Z</start>
				<end>2025-05-21T16:45Z</end>
			</timeInterval>
			<resolution>PT15M</resolution>
			<Point>
				<position>1</position>
				<quantity>31</quantity>
			</Point>
			<Point>
				<position>2</position>
				<quantity>18</quantity>
			</Point>
			<Point>
				<position>3</position>
				<quantity>1</quantity>
			</Point>
		</Period>
		<Period>
			<timeInterval>
				<start>2025-05-21T17:00Z</start>
				<end>2025-05-21T19:00Z</end>
			</timeInterval>
			<resolution>PT15M</resolution>
			<Point>
				<position>1</position>
				<quantity>47</quantity>
			</Point>
			<Point>
				<position>2</position>
				<quantity>31</quantity>
			</Point>
			<Point>
				<position>3</position>
				<quantity>26</quantity>
			</Point>
			<Point>
				<position>4</position>
				<quantity>26</quantity>
			</Point>
			<Point>
				<position>5</position>
				<quantity>19</quantity>
			</Point>
			<Point>
				<position>6</position>
				<quantity>3</quantity>
			</Point>
			<Point>
				<position>7</position>
				<quantity>6</quantity>
			</Point>
			<Point>
				<position>8</position>
				<quantity>19</quantity>
			</Point>
		</Period>
		<Period>
			<timeInterval>
				<start>2025-05-21T19:45Z</start>
				<end>2025-05-21T20:00Z</end>
			</timeInterval>
			<resolution>PT15M</resolution>
			<Point>
				<position>1</position>
				<quantity>5</quantity>
			</Point>
		</Period>
		<Period>
			<timeInterval>
				<start>2025-05-21T21:30Z</start>
				<end>2025-05-21T23:00Z</end>
			</timeInterval>
			<resolution>PT15M</resolution>
			<Point>
				<position>1</position>
				<quantity>0</quantity>
			</Point>
			<Point>
				<position>2</position>
				<quantity>6</quantity>
			</Point>
			<Point>
				<position>3</position>
				<quantity>4</quantity>
			</Point>
			<Point>
				<position>4</position>
				<quantity>0</quantity>
			</Point>
			<Point>
				<position>5</position>
				<quantity>7</quantity>
			</Point>
			<Point>
				<position>6</position>
				<quantity>13</quantity>
			</Point>
		</Period>
		<Period>
			<timeInterval>
				<start>2025-05-21T23:15Z</start>
				<end>2025-05-22T00:15Z</end>
			</timeInterval>
			<resolution>PT15M</resolution>
			<Point>
				<position>1</position>
				<quantity>1</quantity>
			</Point>
			<Point>
				<position>2</position>
				<quantity>1</quantity>
			</Point>
			<Point>
				<position>3</position>
				<quantity>3</quantity>
			</Point>
			<Point>
				<position>4</position>
				<quantity>0</quantity>
			</Point>
		</Period>
		<Period>
			<timeInterval>
				<start>2025-05-22T07:30Z</start>
				<end>2025-05-22T08:30Z</end>
			</timeInterval>
			<resolution>PT15M</resolution>
			<Point>
				<position>1</position>
				<quantity>0</quantity>
			</Point>
			<Point>
				<position>2</position>
				<quantity>15</quantity>
			</Point>
			<Point>
				<position>3</position>
				<quantity>13</quantity>
			</Point>
			<Point>
				<position>4</position>
				<quantity>9</quantity>
			</Point>
		</Period>
	</TimeSeries>
	<TimeSeries>
		<mRID>4</mRID>
		<businessType>A19</businessType>
		<flowDirection.direction>A02</flowDirection.direction>
		<quantity_Measure_Unit.name>MWH</quantity_Measure_Unit.name>
		<curveType>A01</curveType>
		<Period>
			<timeInterval>
				<start>2025-05-21T14:45Z</start>
				<end>2025-05-21T15:00Z</end>
			</timeInterval>
			<resolution>PT15M</resolution>
			<Point>
				<position>1</position>
				<quantity>0</quantity>
			</Point>
		</Period>
		<Period>
			<timeInterval>
				<start>2025-05-21T15:45Z</start>
				<end>2025-05-21T16:00Z</end>
			</timeInterval>
			<resolution>PT15M</resolution>
			<Point>
				<position>1</position>
				<quantity>1</quantity>
			</Point>
		</Period>
		<Period>
			<timeInterval>
				<start>2025-05-21T16:45Z</start>
				<end>2025-05-21T17:00Z</end>
			</timeInterval>
			<resolution>PT15M</resolution>
			<Point>
				<position>1</position>
				<quantity>0</quantity>
			</Point>
		</Period>
		<Period>
			<timeInterval>
				<start>2025-05-21T19:00Z</start>
				<end>2025-05-21T19:45Z</end>
			</timeInterval>
			<resolution>PT15M</resolution>
			<Point>
				<position>1</position>
				<quantity>1</quantity>
			</Point>
			<Point>
				<position>2</position>
				<quantity>5</quantity>
			</Point>
			<Point>
				<position>3</position>
				<quantity>3</quantity>
			</Point>
		</Period>
		<Period>
			<timeInterval>
				<start>2025-05-21T20:00Z</start>
				<end>2025-05-21T21:30Z</end>
			</timeInterval>
			<resolution>PT15M</resolution>
			<Point>
				<position>1</position>
				<quantity>20</quantity>
			</Point>
			<Point>
				<position>2</position>
				<quantity>3</quantity>
			</Point>
			<Point>
				<position>3</position>
				<quantity>7</quantity>
			</Point>
			<Point>
				<position>4</position>
				<quantity>0</quantity>
			</Point>
			<Point>
				<position>5</position>
				<quantity>4</quantity>
			</Point>
			<Point>
				<position>6</position>
				<quantity>0</quantity>
			</Point>
		</Period>
		<Period>
			<timeInterval>
				<start>2025-05-21T23:00Z</start>
				<end>2025-05-21T23:15Z</end>
			</timeInterval>
			<resolution>PT15M</resolution>
			<Point>
				<position>1</position>
				<quantity>7</quantity>
			</Point>
		</Period>
		<Period>
			<timeInterval>
				<start>2025-05-22T00:15Z</start>
				<end>2025-05-22T07:30Z</end>
			</timeInterval>
			<resolution>PT15M</resolution>
			<Point>
				<position>1</position>
				<quantity>2</quantity>
			</Point>
			<Point>
				<position>2</position>
				<quantity>5</quantity>
			</Point>
			<Point>
				<position>3</position>
				<quantity>30</quantity>
			</Point>
			<Point>
				<position>4</position>
				<quantity>36</quantity>
			</Point>
			<Point>
				<position>5</position>
				<quantity>40</quantity>
			</Point>
			<Point>
				<position>6</position>
				<quantity>59</quantity>
			</Point>
			<Point>
				<position>7</position>
				<quantity>40</quantity>
			</Point>
			<Point>
				<position>8</position>
				<quantity>70</quantity>
			</Point>
			<Point>
				<position>9</position>
				<quantity>100</quantity>
			</Point>
			<Point>
				<position>10</position>
				<quantity>88</quantity>
			</Point>
			<Point>
				<position>11</position>
				<quantity>102</quantity>
			</Point>
			<Point>
				<position>12</position>
				<quantity>73</quantity>
			</Point>
			<Point>
				<position>13</position>
				<quantity>77</quantity>
			</Point>
			<Point>
				<position>14</position>
				<quantity>106</quantity>
			</Point>
			<Point>
				<position>15</position>
				<quantity>133</quantity>
			</Point>
			<Point>
				<position>16</position>
				<quantity>102</quantity>
			</Point>
			<Point>
				<position>17</position>
				<quantity>110</quantity>
			</Point>
			<Point>
				<position>18</position>
				<quantity>136</quantity>
			</Point>
			<Point>
				<position>19</position>
				<quantity>139</quantity>
			</Point>
			<Point>
				<position>20</position>
				<quantity>128</quantity>
			</Point>
			<Point>
				<position>21</position>
				<quantity>114</quantity>
			</Point>
			<Point>
				<position>22</position>
				<quantity>146</quantity>
			</Point>
			<Point>
				<position>23</position>
				<quantity>122</quantity>
			</Point>
			<Point>
				<position>24</position>
				<quantity>127</quantity>
			</Point>
			<Point>
				<position>25</position>
				<quantity>130</quantity>
			</Point>
			<Point>
				<position>26</position>
				<quantity>124</quantity>
			</Point>
			<Point>
				<position>27</position>
				<quantity>122</quantity>
			</Point>
			<Point>
				<position>28</position>
				<quantity>125</quantity>
			</Point>
			<Point>
				<position>29</position>
				<quantity>32</quantity>
			</Point>
		</Period>
	</TimeSeries>
</Balancing_MarketDocument>
