<?xml version="1.0" encoding="UTF-8"?>
<Balancing_MarketDocument xmlns="urn:iec62325.351:tc57wg16:451-6:balancingdocument:3:0">
	<mRID>32b8e300496f48e7b84ac3ec71c7369b</mRID>
	<revisionNumber>1</revisionNumber>
	<type>A86</type>
	<process.processType>A16</process.processType>
	<sender_MarketParticipant.mRID codingScheme="A01">10X1001A1001A450</sender_MarketParticipant.mRID>
	<sender_MarketParticipant.marketRole.type>A32</sender_MarketParticipant.marketRole.type>
	<receiver_MarketParticipant.mRID codingScheme="A01">10X1001A1001A450</receiver_MarketParticipant.mRID>
	<receiver_MarketParticipant.marketRole.type>A33</receiver_MarketParticipant.marketRole.type>
	<createdDateTime>2025-03-28T05:28:45Z</createdDateTime>
	<docStatus><value>X01</value></docStatus>
	<controlArea_Domain.mRID codingScheme="A01">10YRO-TEL------P</controlArea_Domain.mRID>
	<period.timeInterval>
		<start>2025-03-26T23:00Z</start>
		<end>2025-03-28T05:15Z</end>
	</period.timeInterval>
	<TimeSeries>
		<mRID>1</mRID>
		<businessType>A19</businessType>
		<flowDirection.direction>A01</flowDirection.direction>
		<quantity_Measure_Unit.name>MWH</quantity_Measure_Unit.name>
		<curveType>A01</curveType>
		<Period>
			<timeInterval>
				<start>2025-03-26T23:00Z</start>
				<end>2025-03-27T02:30Z</end>
			</timeInterval>
			<resolution>PT15M</resolution>
			<Point>
				<position>1</position>
				<quantity>39</quantity>
			</Point>
			<Point>
				<position>2</position>
				<quantity>39</quantity>
			</Point>
			<Point>
				<position>3</position>
				<quantity>40</quantity>
			</Point>
			<Point>
				<position>4</position>
				<quantity>38</quantity>
			</Point>
			<Point>
				<position>5</position>
				<quantity>37</quantity>
			</Point>
			<Point>
				<position>6</position>
				<quantity>37</quantity>
			</Point>
			<Point>
				<position>7</position>
				<quantity>40</quantity>
			</Point>
			<Point>
				<position>8</position>
				<quantity>33</quantity>
			</Point>
			<Point>
				<position>9</position>
				<quantity>30</quantity>
			</Point>
			<Point>
				<position>10</position>
				<quantity>25</quantity>
			</Point>
			<Point>
				<position>11</position>
				<quantity>1</quantity>
			</Point>
			<Point>
				<position>12</position>
				<quantity>16</quantity>
			</Point>
			<Point>
				<position>13</position>
				<quantity>8</quantity>
			</Point>
			<Point>
				<position>14</position>
				<quantity>0</quantity>
			</Point>
		</Period>
		<Period>
			<timeInterval>
				<start>2025-03-27T03:00Z</start>
				<end>2025-03-27T05:15Z</end>
			</timeInterval>
			<resolution>PT15M</resolution>
			<Point>
				<position>1</position>
				<quantity>12</quantity>
			</Point>
			<Point>
				<position>2</position>
				<quantity>14</quantity>
			</Point>
			<Point>
				<position>3</position>
				<quantity>26</quantity>
			</Point>
			<Point>
				<position>4</position>
				<quantity>2</quantity>
			</Point>
			<Point>
				<position>5</position>
				<quantity>25</quantity>
			</Point>
			<Point>
				<position>6</position>
				<quantity>18</quantity>
			</Point>
			<Point>
				<position>7</position>
				<quantity>29</quantity>
			</Point>
			<Point>
				<position>8</position>
				<quantity>0</quantity>
			</Point>
			<Point>
				<position>9</position>
				<quantity>51</quantity>
			</Point>
		</Period>
		<Period>
			<timeInterval>
				<start>2025-03-27T06:15Z</start>
				<end>2025-03-27T08:00Z</end>
			</timeInterval>
			<resolution>PT15M</resolution>
			<Point>
				<position>1</position>
				<quantity>0</quantity>
			</Point>
			<Point>
				<position>2</position>
				<quantity>2</quantity>
			</Point>
			<Point>
				<position>3</position>
				<quantity>6</quantity>
			</Point>
			<Point>
				<position>4</position>
				<quantity>3</quantity>
			</Point>
			<Point>
				<position>5</position>
				<quantity>11</quantity>
			</Point>
			<Point>
				<position>6</position>
				<quantity>6</quantity>
			</Point>
			<Point>
				<position>7</position>
				<quantity>3</quantity>
			</Point>
		</Period>
		<Period>
			<timeInterval>
				<start>2025-03-27T08:15Z</start>
				<end>2025-03-27T10:15Z</end>
			</timeInterval>
			<resolution>PT15M</resolution>
			<Point>
				<position>1</position>
				<quantity>2</quantity>
			</Point>
			<Point>
				<position>2</position>
				<quantity>26</quantity>
			</Point>
			<Point>
				<position>3</position>
				<quantity>22</quantity>
			</Point>
			<Point>
				<position>4</position>
				<quantity>10</quantity>
			</Point>
			<Point>
				<position>5</position>
				<quantity>1</quantity>
			</Point>
			<Point>
				<position>6</position>
				<quantity>13</quantity>
			</Point>
			<Point>
				<position>7</position>
				<quantity>15</quantity>
			</Point>
			<Point>
				<position>8</position>
				<quantity>13</quantity>
			</Point>
		</Period>
		<Period>
			<timeInterval>
				<start>2025-03-27T14:45Z</start>
				<end>2025-03-27T20:00Z</end>
			</timeInterval>
			<resolution>PT15M</resolution>
			<Point>
				<position>1</position>
				<quantity>25</quantity>
			</Point>
			<Point>
				<position>2</position>
				<quantity>15</quantity>
			</Point>
			<Point>
				<position>3</position>
				<quantity>94</quantity>
			</Point>
			<Point>
				<position>4</position>
				<quantity>87</quantity>
			</Point>
			<Point>
				<position>5</position>
				<quantity>61</quantity>
			</Point>
			<Point>
				<position>6</position>
				<quantity>63</quantity>
			</Point>
			<Point>
				<position>7</position>
				<quantity>57</quantity>
			</Point>
			<Point>
				<position>8</position>
				<quantity>42</quantity>
			</Point>
			<Point>
				<position>9</position>
				<quantity>38</quantity>
			</Point>
			<Point>
				<position>10</position>
				<quantity>0</quantity>
			</Point>
			<Point>
				<position>11</position>
				<quantity>1</quantity>
			</Point>
			<Point>
				<position>12</position>
				<quantity>0</quantity>
			</Point>
			<Point>
				<position>13</position>
				<quantity>0</quantity>
			</Point>
			<Point>
				<position>14</position>
				<quantity>0</quantity>
			</Point>
			<Point>
				<position>15</position>
				<quantity>60</quantity>
			</Point>
			<Point>
				<position>16</position>
				<quantity>61</quantity>
			</Point>
			<Point>
				<position>17</position>
				<quantity>62</quantity>
			</Point>
			<Point>
				<position>18</position>
				<quantity>37</quantity>
			</Point>
			<Point>
				<position>19</position>
				<quantity>50</quantity>
			</Point>
			<Point>
				<position>20</position>
				<quantity>25</quantity>
			</Point>
			<Point>
				<position>21</position>
				<quantity>26</quantity>
			</Point>
		</Period>
		<Period>
			<timeInterval>
				<start>2025-03-27T20:30Z</start>
				<end>2025-03-27T21:30Z</end>
			</timeInterval>
			<resolution>PT15M</resolution>
			<Point>
				<position>1</position>
				<quantity>11</quantity>
			</Point>
			<Point>
				<position>2</position>
				<quantity>25</quantity>
			</Point>
			<Point>
				<position>3</position>
				<quantity>5</quantity>
			</Point>
			<Point>
				<position>4</position>
				<quantity>0</quantity>
			</Point>
		</Period>
		<Period>
			<timeInterval>
				<start>2025-03-27T21:45Z</start>
				<end>2025-03-27T22:00Z</end>
			</timeInterval>
			<resolution>PT15M</resolution>
			<Point>
				<position>1</position>
				<quantity>4</quantity>
			</Point>
		</Period>
		<Period>
			<timeInterval>
				<start>2025-03-27T22:45Z</start>
				<end>2025-03-27T23:00Z</end>
			</timeInterval>
			<resolution>PT15M</resolution>
			<Point>
				<position>1</position>
				<quantity>4</quantity>
			</Point>
		</Period>
		<Period>
			<timeInterval>
				<start>2025-03-27T23:30Z</start>
				<end>2025-03-28T05:15Z</end>
			</timeInterval>
			<resolution>PT15M</resolution>
			<Point>
				<position>1</position>
				<quantity>0</quantity>
			</Point>
			<Point>
				<position>2</position>
				<quantity>7</quantity>
			</Point>
			<Point>
				<position>3</position>
				<quantity>8</quantity>
			</Point>
			<Point>
				<position>4</position>
				<quantity>5</quantity>
			</Point>
			<Point>
				<position>5</position>
				<quantity>5</quantity>
			</Point>
			<Point>
				<position>6</position>
				<quantity>42</quantity>
			</Point>
			<Point>
				<position>7</position>
				<quantity>38</quantity>
			</Point>
			<Point>
				<position>8</position>
				<quantity>38</quantity>
			</Point>
			<Point>
				<position>9</position>
				<quantity>37</quantity>
			</Point>
			<Point>
				<position>10</position>
				<quantity>36</quantity>
			</Point>
			<Point>
				<position>11</position>
				<quantity>43</quantity>
			</Point>
			<Point>
				<position>12</position>
				<quantity>36</quantity>
			</Point>
			<Point>
				<position>13</position>
				<quantity>58</quantity>
			</Point>
			<Point>
				<position>14</position>
				<quantity>50</quantity>
			</Point>
			<Point>
				<position>15</position>
				<quantity>50</quantity>
			</Point>
			<Point>
				<position>16</position>
				<quantity>49</quantity>
			</Point>
			<Point>
				<position>17</position>
				<quantity>38</quantity>
			</Point>
			<Point>
				<position>18</position>
				<quantity>37</quantity>
			</Point>
			<Point>
				<position>19</position>
				<quantity>49</quantity>
			</Point>
			<Point>
				<position>20</position>
				<quantity>50</quantity>
			</Point>
			<Point>
				<position>21</position>
				<quantity>39</quantity>
			</Point>
			<Point>
				<position>22</position>
				<quantity>37</quantity>
			</Point>
			<Point>
				<position>23</position>
				<quantity>71</quantity>
			</Point>
		</Period>
	</TimeSeries>
	<TimeSeries>
		<mRID>2</mRID>
		<businessType>A19</businessType>
		<flowDirection.direction>A02</flowDirection.direction>
		<quantity_Measure_Unit.name>MWH</quantity_Measure_Unit.name>
		<curveType>A01</curveType>
		<Period>
			<timeInterval>
				<start>2025-03-27T02:30Z</start>
				<end>2025-03-27T03:00Z</end>
			</timeInterval>
			<resolution>PT15M</resolution>
			<Point>
				<position>1</position>
				<quantity>2</quantity>
			</Point>
			<Point>
				<position>2</position>
				<quantity>5</quantity>
			</Point>
		</Period>
		<Period>
			<timeInterval>
				<start>2025-03-27T05:15Z</start>
				<end>2025-03-27T06:15Z</end>
			</timeInterval>
			<resolution>PT15M</resolution>
			<Point>
				<position>1</position>
				<quantity>2</quantity>
			</Point>
			<Point>
				<position>2</position>
				<quantity>2</quantity>
			</Point>
			<Point>
				<position>3</position>
				<quantity>9</quantity>
			</Point>
			<Point>
				<position>4</position>
				<quantity>3</quantity>
			</Point>
		</Period>
		<Period>
			<timeInterval>
				<start>2025-03-27T08:00Z</start>
				<end>2025-03-27T08:15Z</end>
			</timeInterval>
			<resolution>PT15M</resolution>
			<Point>
				<position>1</position>
				<quantity>3</quantity>
			</Point>
		</Period>
		<Period>
			<timeInterval>
				<start>2025-03-27T10:15Z</start>
				<end>2025-03-27T14:45Z</end>
			</timeInterval>
			<resolution>PT15M</resolution>
			<Point>
				<position>1</position>
				<quantity>2</quantity>
			</Point>
			<Point>
				<position>2</position>
				<quantity>11</quantity>
			</Point>
			<Point>
				<position>3</position>
				<quantity>2</quantity>
			</Point>
			<Point>
				<position>4</position>
				<quantity>7</quantity>
			</Point>
			<Point>
				<position>5</position>
				<quantity>31</quantity>
			</Point>
			<Point>
				<position>6</position>
				<quantity>52</quantity>
			</Point>
			<Point>
				<position>7</position>
				<quantity>33</quantity>
			</Point>
			<Point>
				<position>8</position>
				<quantity>30</quantity>
			</Point>
			<Point>
				<position>9</position>
				<quantity>33</quantity>
			</Point>
			<Point>
				<position>10</position>
				<quantity>34</quantity>
			</Point>
			<Point>
				<position>11</position>
				<quantity>30</quantity>
			</Point>
			<Point>
				<position>12</position>
				<quantity>29</quantity>
			</Point>
			<Point>
				<position>13</position>
				<quantity>31</quantity>
			</Point>
			<Point>
				<position>14</position>
				<quantity>41</quantity>
			</Point>
			<Point>
				<position>15</position>
				<quantity>36</quantity>
			</Point>
			<Point>
				<position>16</position>
				<quantity>27</quantity>
			</Point>
			<Point>
				<position>17</position>
				<quantity>38</quantity>
			</Point>
			<Point>
				<position>18</position>
				<quantity>12</quantity>
			</Point>
		</Period>
		<Period>
			<timeInterval>
				<start>2025-03-27T20:00Z</start>
				<end>2025-03-27T20:30Z</end>
			</timeInterval>
			<resolution>PT15M</resolution>
			<Point>
				<position>1</position>
				<quantity>4</quantity>
			</Point>
			<Point>
				<position>2</position>
				<quantity>8</quantity>
			</Point>
		</Period>
		<Period>
			<timeInterval>
				<start>2025-03-27T21:30Z</start>
				<end>2025-03-27T21:45Z</end>
			</timeInterval>
			<resolution>PT15M</resolution>
			<Point>
				<position>1</position>
				<quantity>0</quantity>
			</Point>
		</Period>
		<Period>
			<timeInterval>
				<start>2025-03-27T22:00Z</start>
				<end>2025-03-27T22:45Z</end>
			</timeInterval>
			<resolution>PT15M</resolution>
			<Point>
				<position>1</position>
				<quantity>19</quantity>
			</Point>
			<Point>
				<position>2</position>
				<quantity>1</quantity>
			</Point>
			<Point>
				<position>3</position>
				<quantity>0</quantity>
			</Point>
		</Period>
		<Period>
			<timeInterval>
				<start>2025-03-27T23:00Z</start>
				<end>2025-03-27T23:30Z</end>
			</timeInterval>
			<resolution>PT15M</resolution>
			<Point>
				<position>1</position>
				<quantity>5</quantity>
			</Point>
			<Point>
				<position>2</position>
				<quantity>8</quantity>
			</Point>
		</Period>
	</TimeSeries>
</Balancing_MarketDocument>
