<?xml version="1.0" encoding="UTF-8"?>
  <Balancing_MarketDocument xmlns="urn:iec62325.351:tc57wg16:451-6:balancingdocument:3:0">
    <mRID>fb4570c788644affb1b467e3c6e3e475</mRID>
    <revisionNumber>1</revisionNumber>
    <type>A86</type>
    <process.processType>A16</process.processType>
    <sender_MarketParticipant.mRID codingScheme="A01">10X1001A1001A450</sender_MarketParticipant.mRID>
    <sender_MarketParticipant.marketRole.type>A32</sender_MarketParticipant.marketRole.type>
    <receiver_MarketParticipant.mRID codingScheme="A01">10X1001A1001A450</receiver_MarketParticipant.mRID>
    <receiver_MarketParticipant.marketRole.type>A33</receiver_MarketParticipant.marketRole.type>
    <createdDateTime>2026-01-24T06:37:32Z</createdDateTime>
    <controlArea_Domain.mRID codingScheme="A01">10YRO-TEL------P</controlArea_Domain.mRID>
    <period.timeInterval>
      <start>2026-01-22T23:00Z</start>
      <end>2026-01-24T06:15Z</end>
    </period.timeInterval>
      <TimeSeries>
        <mRID>1</mRID>
        <businessType>A19</businessType>
        <flowDirection.direction>A01</flowDirection.direction>
        <quantity_Measure_Unit.name>MWH</quantity_Measure_Unit.name>
        <curveType>A03</curveType>
          <Period>
            <timeInterval>
              <start>2026-01-22T23:00Z</start>
              <end>2026-01-23T01:45Z</end>
            </timeInterval>
            <resolution>PT15M</resolution>
              <Point>
                <position>1</position>
                <quantity>75.111</quantity>
              </Point>
              <Point>
                <position>2</position>
                <quantity>55.239</quantity>
              </Point>
              <Point>
                <position>3</position>
                <quantity>33.933</quantity>
              </Point>
              <Point>
                <position>4</position>
                <quantity>27.727</quantity>
              </Point>
              <Point>
                <position>5</position>
                <quantity>25.898</quantity>
              </Point>
              <Point>
                <position>6</position>
                <quantity>22.935</quantity>
              </Point>
              <Point>
                <position>7</position>
                <quantity>62.825</quantity>
              </Point>
              <Point>
                <position>8</position>
                <quantity>68.918</quantity>
              </Point>
              <Point>
                <position>9</position>
                <quantity>63.602</quantity>
              </Point>
              <Point>
                <position>10</position>
                <quantity>46.029</quantity>
              </Point>
              <Point>
                <position>11</position>
                <quantity>16.073</quantity>
              </Point>
          </Period>
          <Period>
            <timeInterval>
              <start>2026-01-23T02:00Z</start>
              <end>2026-01-23T04:30Z</end>
            </timeInterval>
            <resolution>PT15M</resolution>
              <Point>
                <position>1</position>
                <quantity>54.326</quantity>
              </Point>
              <Point>
                <position>2</position>
                <quantity>59.087</quantity>
              </Point>
              <Point>
                <position>3</position>
                <quantity>65.393</quantity>
              </Point>
              <Point>
                <position>4</position>
                <quantity>48.645</quantity>
              </Point>
              <Point>
                <position>5</position>
                <quantity>42.609</quantity>
              </Point>
              <Point>
                <position>6</position>
                <quantity>44.533</quantity>
              </Point>
              <Point>
                <position>7</position>
                <quantity>16.577</quantity>
              </Point>
              <Point>
                <position>8</position>
                <quantity>55.256</quantity>
              </Point>
              <Point>
                <position>9</position>
                <quantity>22.988</quantity>
              </Point>
              <Point>
                <position>10</position>
                <quantity>15.961</quantity>
              </Point>
          </Period>
          <Period>
            <timeInterval>
              <start>2026-01-23T05:00Z</start>
              <end>2026-01-23T05:15Z</end>
            </timeInterval>
            <resolution>PT15M</resolution>
              <Point>
                <position>1</position>
                <quantity>14.407</quantity>
              </Point>
          </Period>
          <Period>
            <timeInterval>
              <start>2026-01-23T05:30Z</start>
              <end>2026-01-23T06:45Z</end>
            </timeInterval>
            <resolution>PT15M</resolution>
              <Point>
                <position>1</position>
                <quantity>13.323</quantity>
              </Point>
              <Point>
                <position>2</position>
                <quantity>15.588</quantity>
              </Point>
              <Point>
                <position>3</position>
                <quantity>58.745</quantity>
              </Point>
              <Point>
                <position>4</position>
                <quantity>75.201</quantity>
              </Point>
              <Point>
                <position>5</position>
                <quantity>12.951</quantity>
              </Point>
          </Period>
          <Period>
            <timeInterval>
              <start>2026-01-23T07:15Z</start>
              <end>2026-01-23T09:15Z</end>
            </timeInterval>
            <resolution>PT15M</resolution>
              <Point>
                <position>1</position>
                <quantity>14.845</quantity>
              </Point>
              <Point>
                <position>2</position>
                <quantity>22.842</quantity>
              </Point>
              <Point>
                <position>3</position>
                <quantity>31.781</quantity>
              </Point>
              <Point>
                <position>4</position>
                <quantity>27.886</quantity>
              </Point>
              <Point>
                <position>5</position>
                <quantity>14.837</quantity>
              </Point>
              <Point>
                <position>6</position>
                <quantity>7.153</quantity>
              </Point>
              <Point>
                <position>7</position>
                <quantity>21.981</quantity>
              </Point>
              <Point>
                <position>8</position>
                <quantity>19.036</quantity>
              </Point>
          </Period>
          <Period>
            <timeInterval>
              <start>2026-01-23T11:30Z</start>
              <end>2026-01-23T11:45Z</end>
            </timeInterval>
            <resolution>PT15M</resolution>
              <Point>
                <position>1</position>
                <quantity>19.954</quantity>
              </Point>
          </Period>
          <Period>
            <timeInterval>
              <start>2026-01-23T12:00Z</start>
              <end>2026-01-23T16:30Z</end>
            </timeInterval>
            <resolution>PT15M</resolution>
              <Point>
                <position>1</position>
                <quantity>56.128</quantity>
              </Point>
              <Point>
                <position>2</position>
                <quantity>80.525</quantity>
              </Point>
              <Point>
                <position>3</position>
                <quantity>102.247</quantity>
              </Point>
              <Point>
                <position>4</position>
                <quantity>85.054</quantity>
              </Point>
              <Point>
                <position>5</position>
                <quantity>128.871</quantity>
              </Point>
              <Point>
                <position>6</position>
                <quantity>72.375</quantity>
              </Point>
              <Point>
                <position>7</position>
                <quantity>55.856</quantity>
              </Point>
              <Point>
                <position>8</position>
                <quantity>39.092</quantity>
              </Point>
              <Point>
                <position>9</position>
                <quantity>69.289</quantity>
              </Point>
              <Point>
                <position>10</position>
                <quantity>48.008</quantity>
              </Point>
              <Point>
                <position>11</position>
                <quantity>52.115</quantity>
              </Point>
              <Point>
                <position>12</position>
                <quantity>47.116</quantity>
              </Point>
              <Point>
                <position>13</position>
                <quantity>54.293</quantity>
              </Point>
              <Point>
                <position>14</position>
                <quantity>59.826</quantity>
              </Point>
              <Point>
                <position>15</position>
                <quantity>32.076</quantity>
              </Point>
              <Point>
                <position>16</position>
                <quantity>37.069</quantity>
              </Point>
              <Point>
                <position>17</position>
                <quantity>19.041</quantity>
              </Point>
              <Point>
                <position>18</position>
                <quantity>46.964</quantity>
              </Point>
          </Period>
          <Period>
            <timeInterval>
              <start>2026-01-23T16:45Z</start>
              <end>2026-01-23T17:30Z</end>
            </timeInterval>
            <resolution>PT15M</resolution>
              <Point>
                <position>1</position>
                <quantity>30.265</quantity>
              </Point>
              <Point>
                <position>2</position>
                <quantity>34.534</quantity>
              </Point>
              <Point>
                <position>3</position>
                <quantity>11.11</quantity>
              </Point>
          </Period>
          <Period>
            <timeInterval>
              <start>2026-01-23T18:00Z</start>
              <end>2026-01-23T18:15Z</end>
            </timeInterval>
            <resolution>PT15M</resolution>
              <Point>
                <position>1</position>
                <quantity>26.321</quantity>
              </Point>
          </Period>
          <Period>
            <timeInterval>
              <start>2026-01-23T18:45Z</start>
              <end>2026-01-23T19:15Z</end>
            </timeInterval>
            <resolution>PT15M</resolution>
              <Point>
                <position>1</position>
                <quantity>1.115</quantity>
              </Point>
              <Point>
                <position>2</position>
                <quantity>21.877</quantity>
              </Point>
          </Period>
          <Period>
            <timeInterval>
              <start>2026-01-23T20:30Z</start>
              <end>2026-01-23T21:15Z</end>
            </timeInterval>
            <resolution>PT15M</resolution>
              <Point>
                <position>1</position>
                <quantity>10.072</quantity>
              </Point>
              <Point>
                <position>2</position>
                <quantity>0.032</quantity>
              </Point>
              <Point>
                <position>3</position>
                <quantity>5.191</quantity>
              </Point>
          </Period>
          <Period>
            <timeInterval>
              <start>2026-01-23T21:30Z</start>
              <end>2026-01-23T21:45Z</end>
            </timeInterval>
            <resolution>PT15M</resolution>
              <Point>
                <position>1</position>
                <quantity>21.009</quantity>
              </Point>
          </Period>
          <Period>
            <timeInterval>
              <start>2026-01-23T22:30Z</start>
              <end>2026-01-23T23:00Z</end>
            </timeInterval>
            <resolution>PT15M</resolution>
              <Point>
                <position>1</position>
                <quantity>6.887</quantity>
              </Point>
              <Point>
                <position>2</position>
                <quantity>10.752</quantity>
              </Point>
          </Period>
      </TimeSeries>
      <TimeSeries>
        <mRID>2</mRID>
        <businessType>A19</businessType>
        <flowDirection.direction>A02</flowDirection.direction>
        <quantity_Measure_Unit.name>MWH</quantity_Measure_Unit.name>
        <curveType>A03</curveType>
          <Period>
            <timeInterval>
              <start>2026-01-23T01:45Z</start>
              <end>2026-01-23T02:00Z</end>
            </timeInterval>
            <resolution>PT15M</resolution>
              <Point>
                <position>1</position>
                <quantity>6.47</quantity>
              </Point>
          </Period>
          <Period>
            <timeInterval>
              <start>2026-01-23T04:30Z</start>
              <end>2026-01-23T05:00Z</end>
            </timeInterval>
            <resolution>PT15M</resolution>
              <Point>
                <position>1</position>
                <quantity>9.527</quantity>
              </Point>
              <Point>
                <position>2</position>
                <quantity>26.253</quantity>
              </Point>
          </Period>
          <Period>
            <timeInterval>
              <start>2026-01-23T05:15Z</start>
              <end>2026-01-23T05:30Z</end>
            </timeInterval>
            <resolution>PT15M</resolution>
              <Point>
                <position>1</position>
                <quantity>2.252</quantity>
              </Point>
          </Period>
          <Period>
            <timeInterval>
              <start>2026-01-23T06:45Z</start>
              <end>2026-01-23T07:15Z</end>
            </timeInterval>
            <resolution>PT15M</resolution>
              <Point>
                <position>1</position>
                <quantity>14.961</quantity>
              </Point>
              <Point>
                <position>2</position>
                <quantity>15.788</quantity>
              </Point>
          </Period>
          <Period>
            <timeInterval>
              <start>2026-01-23T09:15Z</start>
              <end>2026-01-23T11:30Z</end>
            </timeInterval>
            <resolution>PT15M</resolution>
              <Point>
                <position>1</position>
                <quantity>21.268</quantity>
              </Point>
              <Point>
                <position>2</position>
                <quantity>51.001</quantity>
              </Point>
              <Point>
                <position>3</position>
                <quantity>43.089</quantity>
              </Point>
              <Point>
                <position>4</position>
                <quantity>59.609</quantity>
              </Point>
              <Point>
                <position>5</position>
                <quantity>75.784</quantity>
              </Point>
              <Point>
                <position>6</position>
                <quantity>25.223</quantity>
              </Point>
              <Point>
                <position>7</position>
                <quantity>21.005</quantity>
              </Point>
              <Point>
                <position>8</position>
                <quantity>35.785</quantity>
              </Point>
              <Point>
                <position>9</position>
                <quantity>7.647</quantity>
              </Point>
          </Period>
          <Period>
            <timeInterval>
              <start>2026-01-23T11:45Z</start>
              <end>2026-01-23T12:00Z</end>
            </timeInterval>
            <resolution>PT15M</resolution>
              <Point>
                <position>1</position>
                <quantity>12.001</quantity>
              </Point>
          </Period>
          <Period>
            <timeInterval>
              <start>2026-01-23T16:30Z</start>
              <end>2026-01-23T16:45Z</end>
            </timeInterval>
            <resolution>PT15M</resolution>
              <Point>
                <position>1</position>
                <quantity>4.959</quantity>
              </Point>
          </Period>
          <Period>
            <timeInterval>
              <start>2026-01-23T17:30Z</start>
              <end>2026-01-23T18:00Z</end>
            </timeInterval>
            <resolution>PT15M</resolution>
              <Point>
                <position>1</position>
                <quantity>0.659</quantity>
              </Point>
              <Point>
                <position>2</position>
                <quantity>2.12</quantity>
              </Point>
          </Period>
          <Period>
            <timeInterval>
              <start>2026-01-23T18:15Z</start>
              <end>2026-01-23T18:45Z</end>
            </timeInterval>
            <resolution>PT15M</resolution>
              <Point>
                <position>1</position>
                <quantity>9.249</quantity>
              </Point>
              <Point>
                <position>2</position>
                <quantity>4.53</quantity>
              </Point>
          </Period>
          <Period>
            <timeInterval>
              <start>2026-01-23T19:15Z</start>
              <end>2026-01-23T20:30Z</end>
            </timeInterval>
            <resolution>PT15M</resolution>
              <Point>
                <position>1</position>
                <quantity>16.034</quantity>
              </Point>
              <Point>
                <position>2</position>
                <quantity>12.174</quantity>
              </Point>
              <Point>
                <position>3</position>
                <quantity>8.295</quantity>
              </Point>
              <Point>
                <position>4</position>
                <quantity>1.808</quantity>
              </Point>
              <Point>
                <position>5</position>
                <quantity>1.855</quantity>
              </Point>
          </Period>
          <Period>
            <timeInterval>
              <start>2026-01-23T21:15Z</start>
              <end>2026-01-23T21:30Z</end>
            </timeInterval>
            <resolution>PT15M</resolution>
              <Point>
                <position>1</position>
                <quantity>5.165</quantity>
              </Point>
          </Period>
          <Period>
            <timeInterval>
              <start>2026-01-23T21:45Z</start>
              <end>2026-01-23T22:30Z</end>
            </timeInterval>
            <resolution>PT15M</resolution>
              <Point>
                <position>1</position>
                <quantity>1.42</quantity>
              </Point>
              <Point>
                <position>2</position>
                <quantity>0.586</quantity>
              </Point>
              <Point>
                <position>3</position>
                <quantity>21.263</quantity>
              </Point>
          </Period>
          <Period>
            <timeInterval>
              <start>2026-01-23T23:00Z</start>
              <end>2026-01-24T06:15Z</end>
            </timeInterval>
            <resolution>PT15M</resolution>
              <Point>
                <position>1</position>
                <quantity>27.349</quantity>
              </Point>
              <Point>
                <position>2</position>
                <quantity>35.831</quantity>
              </Point>
              <Point>
                <position>3</position>
                <quantity>46.712</quantity>
              </Point>
              <Point>
                <position>4</position>
                <quantity>42.905</quantity>
              </Point>
              <Point>
                <position>5</position>
                <quantity>62.518</quantity>
              </Point>
              <Point>
                <position>6</position>
                <quantity>49.315</quantity>
              </Point>
              <Point>
                <position>7</position>
                <quantity>57.002</quantity>
              </Point>
              <Point>
                <position>8</position>
                <quantity>34.743</quantity>
              </Point>
              <Point>
                <position>9</position>
                <quantity>40.27</quantity>
              </Point>
              <Point>
                <position>10</position>
                <quantity>56.884</quantity>
              </Point>
              <Point>
                <position>11</position>
                <quantity>39.508</quantity>
              </Point>
              <Point>
                <position>12</position>
                <quantity>44.141</quantity>
              </Point>
              <Point>
                <position>13</position>
                <quantity>47.97</quantity>
              </Point>
              <Point>
                <position>14</position>
                <quantity>44.504</quantity>
              </Point>
              <Point>
                <position>15</position>
                <quantity>31.401</quantity>
              </Point>
              <Point>
                <position>16</position>
                <quantity>39.386</quantity>
              </Point>
              <Point>
                <position>17</position>
                <quantity>38.958</quantity>
              </Point>
              <Point>
                <position>18</position>
                <quantity>26.122</quantity>
              </Point>
              <Point>
                <position>19</position>
                <quantity>22.226</quantity>
              </Point>
              <Point>
                <position>20</position>
                <quantity>33.38</quantity>
              </Point>
              <Point>
                <position>21</position>
                <quantity>34.256</quantity>
              </Point>
              <Point>
                <position>22</position>
                <quantity>41.645</quantity>
              </Point>
              <Point>
                <position>23</position>
                <quantity>15.011</quantity>
              </Point>
              <Point>
                <position>24</position>
                <quantity>29.726</quantity>
              </Point>
              <Point>
                <position>25</position>
                <quantity>2.21</quantity>
              </Point>
              <Point>
                <position>26</position>
                <quantity>6.609</quantity>
              </Point>
              <Point>
                <position>27</position>
                <quantity>17.98</quantity>
              </Point>
              <Point>
                <position>28</position>
                <quantity>25.118</quantity>
              </Point>
              <Point>
                <position>29</position>
                <quantity>24.405</quantity>
              </Point>
          </Period>
      </TimeSeries>
  </Balancing_MarketDocument>