<?xml version="1.0" encoding="UTF-8"?>
<Balancing_MarketDocument xmlns="urn:iec62325.351:tc57wg16:451-6:balancingdocument:3:0">
	<mRID>e0cecacc633d4e8d9240c6ebea0c1508</mRID>
	<revisionNumber>1</revisionNumber>
	<type>A86</type>
	<process.processType>A16</process.processType>
	<sender_MarketParticipant.mRID codingScheme="A01">10X1001A1001A450</sender_MarketParticipant.mRID>
	<sender_MarketParticipant.marketRole.type>A32</sender_MarketParticipant.marketRole.type>
	<receiver_MarketParticipant.mRID codingScheme="A01">10X1001A1001A450</receiver_MarketParticipant.mRID>
	<receiver_MarketParticipant.marketRole.type>A33</receiver_MarketParticipant.marketRole.type>
	<createdDateTime>2025-03-17T09:02:52Z</createdDateTime>
	<docStatus><value>X01</value></docStatus>
	<controlArea_Domain.mRID codingScheme="A01">10YRO-TEL------P</controlArea_Domain.mRID>
	<period.timeInterval>
		<start>2025-03-13T23:00Z</start>
		<end>2025-03-17T08:45Z</end>
	</period.timeInterval>
	<TimeSeries>
		<mRID>1</mRID>
		<businessType>A19</businessType>
		<flowDirection.direction>A02</flowDirection.direction>
		<quantity_Measure_Unit.name>MWH</quantity_Measure_Unit.name>
		<curveType>A01</curveType>
		<Period>
			<timeInterval>
				<start>2025-03-13T23:00Z</start>
				<end>2025-03-13T23:30Z</end>
			</timeInterval>
			<resolution>PT15M</resolution>
			<Point>
				<position>1</position>
				<quantity>18</quantity>
			</Point>
			<Point>
				<position>2</position>
				<quantity>2</quantity>
			</Point>
		</Period>
		<Period>
			<timeInterval>
				<start>2025-03-14T01:30Z</start>
				<end>2025-03-14T02:00Z</end>
			</timeInterval>
			<resolution>PT15M</resolution>
			<Point>
				<position>1</position>
				<quantity>7</quantity>
			</Point>
			<Point>
				<position>2</position>
				<quantity>8</quantity>
			</Point>
		</Period>
		<Period>
			<timeInterval>
				<start>2025-03-14T02:15Z</start>
				<end>2025-03-14T04:15Z</end>
			</timeInterval>
			<resolution>PT15M</resolution>
			<Point>
				<position>1</position>
				<quantity>21</quantity>
			</Point>
			<Point>
				<position>2</position>
				<quantity>74</quantity>
			</Point>
			<Point>
				<position>3</position>
				<quantity>26</quantity>
			</Point>
			<Point>
				<position>4</position>
				<quantity>58</quantity>
			</Point>
			<Point>
				<position>5</position>
				<quantity>54</quantity>
			</Point>
			<Point>
				<position>6</position>
				<quantity>85</quantity>
			</Point>
			<Point>
				<position>7</position>
				<quantity>69</quantity>
			</Point>
			<Point>
				<position>8</position>
				<quantity>10</quantity>
			</Point>
		</Period>
		<Period>
			<timeInterval>
				<start>2025-03-14T04:30Z</start>
				<end>2025-03-14T05:30Z</end>
			</timeInterval>
			<resolution>PT15M</resolution>
			<Point>
				<position>1</position>
				<quantity>20</quantity>
			</Point>
			<Point>
				<position>2</position>
				<quantity>49</quantity>
			</Point>
			<Point>
				<position>3</position>
				<quantity>18</quantity>
			</Point>
			<Point>
				<position>4</position>
				<quantity>103</quantity>
			</Point>
		</Period>
		<Period>
			<timeInterval>
				<start>2025-03-14T08:15Z</start>
				<end>2025-03-14T09:15Z</end>
			</timeInterval>
			<resolution>PT15M</resolution>
			<Point>
				<position>1</position>
				<quantity>74</quantity>
			</Point>
			<Point>
				<position>2</position>
				<quantity>68</quantity>
			</Point>
			<Point>
				<position>3</position>
				<quantity>39</quantity>
			</Point>
			<Point>
				<position>4</position>
				<quantity>22</quantity>
			</Point>
		</Period>
	</TimeSeries>
	<TimeSeries>
		<mRID>2</mRID>
		<businessType>A19</businessType>
		<flowDirection.direction>A01</flowDirection.direction>
		<quantity_Measure_Unit.name>MWH</quantity_Measure_Unit.name>
		<curveType>A01</curveType>
		<Period>
			<timeInterval>
				<start>2025-03-13T23:30Z</start>
				<end>2025-03-14T01:30Z</end>
			</timeInterval>
			<resolution>PT15M</resolution>
			<Point>
				<position>1</position>
				<quantity>68</quantity>
			</Point>
			<Point>
				<position>2</position>
				<quantity>68</quantity>
			</Point>
			<Point>
				<position>3</position>
				<quantity>44</quantity>
			</Point>
			<Point>
				<position>4</position>
				<quantity>48</quantity>
			</Point>
			<Point>
				<position>5</position>
				<quantity>13</quantity>
			</Point>
			<Point>
				<position>6</position>
				<quantity>53</quantity>
			</Point>
			<Point>
				<position>7</position>
				<quantity>42</quantity>
			</Point>
			<Point>
				<position>8</position>
				<quantity>42</quantity>
			</Point>
		</Period>
		<Period>
			<timeInterval>
				<start>2025-03-14T02:00Z</start>
				<end>2025-03-14T02:15Z</end>
			</timeInterval>
			<resolution>PT15M</resolution>
			<Point>
				<position>1</position>
				<quantity>10</quantity>
			</Point>
		</Period>
		<Period>
			<timeInterval>
				<start>2025-03-14T04:15Z</start>
				<end>2025-03-14T04:30Z</end>
			</timeInterval>
			<resolution>PT15M</resolution>
			<Point>
				<position>1</position>
				<quantity>5</quantity>
			</Point>
		</Period>
		<Period>
			<timeInterval>
				<start>2025-03-14T05:30Z</start>
				<end>2025-03-14T08:15Z</end>
			</timeInterval>
			<resolution>PT15M</resolution>
			<Point>
				<position>1</position>
				<quantity>20</quantity>
			</Point>
			<Point>
				<position>2</position>
				<quantity>81</quantity>
			</Point>
			<Point>
				<position>3</position>
				<quantity>83</quantity>
			</Point>
			<Point>
				<position>4</position>
				<quantity>101</quantity>
			</Point>
			<Point>
				<position>5</position>
				<quantity>63</quantity>
			</Point>
			<Point>
				<position>6</position>
				<quantity>33</quantity>
			</Point>
			<Point>
				<position>7</position>
				<quantity>15</quantity>
			</Point>
			<Point>
				<position>8</position>
				<quantity>48</quantity>
			</Point>
			<Point>
				<position>9</position>
				<quantity>43</quantity>
			</Point>
			<Point>
				<position>10</position>
				<quantity>33</quantity>
			</Point>
			<Point>
				<position>11</position>
				<quantity>33</quantity>
			</Point>
		</Period>
	</TimeSeries>
	<TimeSeries>
		<mRID>3</mRID>
		<businessType>A19</businessType>
		<flowDirection.direction>A02</flowDirection.direction>
		<quantity_Measure_Unit.name>MWH</quantity_Measure_Unit.name>
		<curveType>A01</curveType>
		<Period>
			<timeInterval>
				<start>2025-03-14T15:45Z</start>
				<end>2025-03-14T16:00Z</end>
			</timeInterval>
			<resolution>PT15M</resolution>
			<Point>
				<position>1</position>
				<quantity>2</quantity>
			</Point>
		</Period>
		<Period>
			<timeInterval>
				<start>2025-03-14T16:45Z</start>
				<end>2025-03-14T17:00Z</end>
			</timeInterval>
			<resolution>PT15M</resolution>
			<Point>
				<position>1</position>
				<quantity>0</quantity>
			</Point>
		</Period>
		<Period>
			<timeInterval>
				<start>2025-03-14T17:45Z</start>
				<end>2025-03-14T18:30Z</end>
			</timeInterval>
			<resolution>PT15M</resolution>
			<Point>
				<position>1</position>
				<quantity>0</quantity>
			</Point>
			<Point>
				<position>2</position>
				<quantity>0</quantity>
			</Point>
			<Point>
				<position>3</position>
				<quantity>0</quantity>
			</Point>
		</Period>
		<Period>
			<timeInterval>
				<start>2025-03-14T19:00Z</start>
				<end>2025-03-14T19:45Z</end>
			</timeInterval>
			<resolution>PT15M</resolution>
			<Point>
				<position>1</position>
				<quantity>17</quantity>
			</Point>
			<Point>
				<position>2</position>
				<quantity>1</quantity>
			</Point>
			<Point>
				<position>3</position>
				<quantity>1</quantity>
			</Point>
		</Period>
		<Period>
			<timeInterval>
				<start>2025-03-14T20:00Z</start>
				<end>2025-03-14T20:30Z</end>
			</timeInterval>
			<resolution>PT15M</resolution>
			<Point>
				<position>1</position>
				<quantity>3</quantity>
			</Point>
			<Point>
				<position>2</position>
				<quantity>4</quantity>
			</Point>
		</Period>
		<Period>
			<timeInterval>
				<start>2025-03-14T21:15Z</start>
				<end>2025-03-14T21:30Z</end>
			</timeInterval>
			<resolution>PT15M</resolution>
			<Point>
				<position>1</position>
				<quantity>0</quantity>
			</Point>
		</Period>
		<Period>
			<timeInterval>
				<start>2025-03-14T22:00Z</start>
				<end>2025-03-14T22:15Z</end>
			</timeInterval>
			<resolution>PT15M</resolution>
			<Point>
				<position>1</position>
				<quantity>2</quantity>
			</Point>
		</Period>
		<Period>
			<timeInterval>
				<start>2025-03-14T23:00Z</start>
				<end>2025-03-15T02:00Z</end>
			</timeInterval>
			<resolution>PT15M</resolution>
			<Point>
				<position>1</position>
				<quantity>1</quantity>
			</Point>
			<Point>
				<position>2</position>
				<quantity>9</quantity>
			</Point>
			<Point>
				<position>3</position>
				<quantity>59</quantity>
			</Point>
			<Point>
				<position>4</position>
				<quantity>62</quantity>
			</Point>
			<Point>
				<position>5</position>
				<quantity>54</quantity>
			</Point>
			<Point>
				<position>6</position>
				<quantity>54</quantity>
			</Point>
			<Point>
				<position>7</position>
				<quantity>47</quantity>
			</Point>
			<Point>
				<position>8</position>
				<quantity>50</quantity>
			</Point>
			<Point>
				<position>9</position>
				<quantity>29</quantity>
			</Point>
			<Point>
				<position>10</position>
				<quantity>26</quantity>
			</Point>
			<Point>
				<position>11</position>
				<quantity>19</quantity>
			</Point>
			<Point>
				<position>12</position>
				<quantity>0</quantity>
			</Point>
		</Period>
		<Period>
			<timeInterval>
				<start>2025-03-15T02:30Z</start>
				<end>2025-03-15T03:00Z</end>
			</timeInterval>
			<resolution>PT15M</resolution>
			<Point>
				<position>1</position>
				<quantity>0</quantity>
			</Point>
			<Point>
				<position>2</position>
				<quantity>0</quantity>
			</Point>
		</Period>
		<Period>
			<timeInterval>
				<start>2025-03-15T03:15Z</start>
				<end>2025-03-15T03:45Z</end>
			</timeInterval>
			<resolution>PT15M</resolution>
			<Point>
				<position>1</position>
				<quantity>0</quantity>
			</Point>
			<Point>
				<position>2</position>
				<quantity>0</quantity>
			</Point>
		</Period>
		<Period>
			<timeInterval>
				<start>2025-03-15T04:00Z</start>
				<end>2025-03-15T04:45Z</end>
			</timeInterval>
			<resolution>PT15M</resolution>
			<Point>
				<position>1</position>
				<quantity>3</quantity>
			</Point>
			<Point>
				<position>2</position>
				<quantity>0</quantity>
			</Point>
			<Point>
				<position>3</position>
				<quantity>1</quantity>
			</Point>
		</Period>
		<Period>
			<timeInterval>
				<start>2025-03-15T07:00Z</start>
				<end>2025-03-15T09:00Z</end>
			</timeInterval>
			<resolution>PT15M</resolution>
			<Point>
				<position>1</position>
				<quantity>23</quantity>
			</Point>
			<Point>
				<position>2</position>
				<quantity>30</quantity>
			</Point>
			<Point>
				<position>3</position>
				<quantity>42</quantity>
			</Point>
			<Point>
				<position>4</position>
				<quantity>33</quantity>
			</Point>
			<Point>
				<position>5</position>
				<quantity>49</quantity>
			</Point>
			<Point>
				<position>6</position>
				<quantity>67</quantity>
			</Point>
			<Point>
				<position>7</position>
				<quantity>51</quantity>
			</Point>
			<Point>
				<position>8</position>
				<quantity>26</quantity>
			</Point>
		</Period>
		<Period>
			<timeInterval>
				<start>2025-03-15T09:15Z</start>
				<end>2025-03-15T15:00Z</end>
			</timeInterval>
			<resolution>PT15M</resolution>
			<Point>
				<position>1</position>
				<quantity>20</quantity>
			</Point>
			<Point>
				<position>2</position>
				<quantity>79</quantity>
			</Point>
			<Point>
				<position>3</position>
				<quantity>146</quantity>
			</Point>
			<Point>
				<position>4</position>
				<quantity>164</quantity>
			</Point>
			<Point>
				<position>5</position>
				<quantity>167</quantity>
			</Point>
			<Point>
				<position>6</position>
				<quantity>175</quantity>
			</Point>
			<Point>
				<position>7</position>
				<quantity>149</quantity>
			</Point>
			<Point>
				<position>8</position>
				<quantity>163</quantity>
			</Point>
			<Point>
				<position>9</position>
				<quantity>155</quantity>
			</Point>
			<Point>
				<position>10</position>
				<quantity>132</quantity>
			</Point>
			<Point>
				<position>11</position>
				<quantity>126</quantity>
			</Point>
			<Point>
				<position>12</position>
				<quantity>112</quantity>
			</Point>
			<Point>
				<position>13</position>
				<quantity>69</quantity>
			</Point>
			<Point>
				<position>14</position>
				<quantity>37</quantity>
			</Point>
			<Point>
				<position>15</position>
				<quantity>24</quantity>
			</Point>
			<Point>
				<position>16</position>
				<quantity>58</quantity>
			</Point>
			<Point>
				<position>17</position>
				<quantity>24</quantity>
			</Point>
			<Point>
				<position>18</position>
				<quantity>15</quantity>
			</Point>
			<Point>
				<position>19</position>
				<quantity>23</quantity>
			</Point>
			<Point>
				<position>20</position>
				<quantity>56</quantity>
			</Point>
			<Point>
				<position>21</position>
				<quantity>46</quantity>
			</Point>
			<Point>
				<position>22</position>
				<quantity>50</quantity>
			</Point>
			<Point>
				<position>23</position>
				<quantity>38</quantity>
			</Point>
		</Period>
		<Period>
			<timeInterval>
				<start>2025-03-15T16:45Z</start>
				<end>2025-03-15T17:00Z</end>
			</timeInterval>
			<resolution>PT15M</resolution>
			<Point>
				<position>1</position>
				<quantity>0</quantity>
			</Point>
		</Period>
		<Period>
			<timeInterval>
				<start>2025-03-15T18:00Z</start>
				<end>2025-03-15T18:45Z</end>
			</timeInterval>
			<resolution>PT15M</resolution>
			<Point>
				<position>1</position>
				<quantity>12</quantity>
			</Point>
			<Point>
				<position>2</position>
				<quantity>7</quantity>
			</Point>
			<Point>
				<position>3</position>
				<quantity>3</quantity>
			</Point>
		</Period>
		<Period>
			<timeInterval>
				<start>2025-03-15T20:15Z</start>
				<end>2025-03-15T20:30Z</end>
			</timeInterval>
			<resolution>PT15M</resolution>
			<Point>
				<position>1</position>
				<quantity>0</quantity>
			</Point>
		</Period>
		<Period>
			<timeInterval>
				<start>2025-03-15T20:45Z</start>
				<end>2025-03-15T22:00Z</end>
			</timeInterval>
			<resolution>PT15M</resolution>
			<Point>
				<position>1</position>
				<quantity>0</quantity>
			</Point>
			<Point>
				<position>2</position>
				<quantity>28</quantity>
			</Point>
			<Point>
				<position>3</position>
				<quantity>2</quantity>
			</Point>
			<Point>
				<position>4</position>
				<quantity>8</quantity>
			</Point>
			<Point>
				<position>5</position>
				<quantity>2</quantity>
			</Point>
		</Period>
		<Period>
			<timeInterval>
				<start>2025-03-15T23:15Z</start>
				<end>2025-03-15T23:30Z</end>
			</timeInterval>
			<resolution>PT15M</resolution>
			<Point>
				<position>1</position>
				<quantity>1</quantity>
			</Point>
		</Period>
		<Period>
			<timeInterval>
				<start>2025-03-16T00:00Z</start>
				<end>2025-03-16T00:45Z</end>
			</timeInterval>
			<resolution>PT15M</resolution>
			<Point>
				<position>1</position>
				<quantity>0</quantity>
			</Point>
			<Point>
				<position>2</position>
				<quantity>0</quantity>
			</Point>
			<Point>
				<position>3</position>
				<quantity>0</quantity>
			</Point>
		</Period>
		<Period>
			<timeInterval>
				<start>2025-03-16T07:00Z</start>
				<end>2025-03-16T07:45Z</end>
			</timeInterval>
			<resolution>PT15M</resolution>
			<Point>
				<position>1</position>
				<quantity>16</quantity>
			</Point>
			<Point>
				<position>2</position>
				<quantity>3</quantity>
			</Point>
			<Point>
				<position>3</position>
				<quantity>0</quantity>
			</Point>
		</Period>
		<Period>
			<timeInterval>
				<start>2025-03-16T08:00Z</start>
				<end>2025-03-16T08:45Z</end>
			</timeInterval>
			<resolution>PT15M</resolution>
			<Point>
				<position>1</position>
				<quantity>12</quantity>
			</Point>
			<Point>
				<position>2</position>
				<quantity>3</quantity>
			</Point>
			<Point>
				<position>3</position>
				<quantity>0</quantity>
			</Point>
		</Period>
		<Period>
			<timeInterval>
				<start>2025-03-16T09:00Z</start>
				<end>2025-03-16T09:30Z</end>
			</timeInterval>
			<resolution>PT15M</resolution>
			<Point>
				<position>1</position>
				<quantity>1</quantity>
			</Point>
			<Point>
				<position>2</position>
				<quantity>6</quantity>
			</Point>
		</Period>
		<Period>
			<timeInterval>
				<start>2025-03-16T11:00Z</start>
				<end>2025-03-16T11:15Z</end>
			</timeInterval>
			<resolution>PT15M</resolution>
			<Point>
				<position>1</position>
				<quantity>0</quantity>
			</Point>
		</Period>
		<Period>
			<timeInterval>
				<start>2025-03-16T12:45Z</start>
				<end>2025-03-16T13:00Z</end>
			</timeInterval>
			<resolution>PT15M</resolution>
			<Point>
				<position>1</position>
				<quantity>0</quantity>
			</Point>
		</Period>
		<Period>
			<timeInterval>
				<start>2025-03-16T13:30Z</start>
				<end>2025-03-16T14:00Z</end>
			</timeInterval>
			<resolution>PT15M</resolution>
			<Point>
				<position>1</position>
				<quantity>1</quantity>
			</Point>
			<Point>
				<position>2</position>
				<quantity>2</quantity>
			</Point>
		</Period>
		<Period>
			<timeInterval>
				<start>2025-03-16T14:30Z</start>
				<end>2025-03-16T17:45Z</end>
			</timeInterval>
			<resolution>PT15M</resolution>
			<Point>
				<position>1</position>
				<quantity>11</quantity>
			</Point>
			<Point>
				<position>2</position>
				<quantity>36</quantity>
			</Point>
			<Point>
				<position>3</position>
				<quantity>13</quantity>
			</Point>
			<Point>
				<position>4</position>
				<quantity>7</quantity>
			</Point>
			<Point>
				<position>5</position>
				<quantity>40</quantity>
			</Point>
			<Point>
				<position>6</position>
				<quantity>59</quantity>
			</Point>
			<Point>
				<position>7</position>
				<quantity>30</quantity>
			</Point>
			<Point>
				<position>8</position>
				<quantity>25</quantity>
			</Point>
			<Point>
				<position>9</position>
				<quantity>53</quantity>
			</Point>
			<Point>
				<position>10</position>
				<quantity>75</quantity>
			</Point>
			<Point>
				<position>11</position>
				<quantity>39</quantity>
			</Point>
			<Point>
				<position>12</position>
				<quantity>34</quantity>
			</Point>
			<Point>
				<position>13</position>
				<quantity>37</quantity>
			</Point>
		</Period>
		<Period>
			<timeInterval>
				<start>2025-03-16T18:15Z</start>
				<end>2025-03-16T18:45Z</end>
			</timeInterval>
			<resolution>PT15M</resolution>
			<Point>
				<position>1</position>
				<quantity>0</quantity>
			</Point>
			<Point>
				<position>2</position>
				<quantity>0</quantity>
			</Point>
		</Period>
		<Period>
			<timeInterval>
				<start>2025-03-16T20:00Z</start>
				<end>2025-03-16T22:30Z</end>
			</timeInterval>
			<resolution>PT15M</resolution>
			<Point>
				<position>1</position>
				<quantity>4</quantity>
			</Point>
			<Point>
				<position>2</position>
				<quantity>47</quantity>
			</Point>
			<Point>
				<position>3</position>
				<quantity>1</quantity>
			</Point>
			<Point>
				<position>4</position>
				<quantity>0</quantity>
			</Point>
			<Point>
				<position>5</position>
				<quantity>32</quantity>
			</Point>
			<Point>
				<position>6</position>
				<quantity>29</quantity>
			</Point>
			<Point>
				<position>7</position>
				<quantity>23</quantity>
			</Point>
			<Point>
				<position>8</position>
				<quantity>20</quantity>
			</Point>
			<Point>
				<position>9</position>
				<quantity>8</quantity>
			</Point>
			<Point>
				<position>10</position>
				<quantity>5</quantity>
			</Point>
		</Period>
		<Period>
			<timeInterval>
				<start>2025-03-17T01:00Z</start>
				<end>2025-03-17T01:30Z</end>
			</timeInterval>
			<resolution>PT15M</resolution>
			<Point>
				<position>1</position>
				<quantity>6</quantity>
			</Point>
			<Point>
				<position>2</position>
				<quantity>2</quantity>
			</Point>
		</Period>
		<Period>
			<timeInterval>
				<start>2025-03-17T02:45Z</start>
				<end>2025-03-17T03:00Z</end>
			</timeInterval>
			<resolution>PT15M</resolution>
			<Point>
				<position>1</position>
				<quantity>0</quantity>
			</Point>
		</Period>
		<Period>
			<timeInterval>
				<start>2025-03-17T03:45Z</start>
				<end>2025-03-17T04:00Z</end>
			</timeInterval>
			<resolution>PT15M</resolution>
			<Point>
				<position>1</position>
				<quantity>0</quantity>
			</Point>
		</Period>
		<Period>
			<timeInterval>
				<start>2025-03-17T05:45Z</start>
				<end>2025-03-17T06:00Z</end>
			</timeInterval>
			<resolution>PT15M</resolution>
			<Point>
				<position>1</position>
				<quantity>4</quantity>
			</Point>
		</Period>
		<Period>
			<timeInterval>
				<start>2025-03-17T07:15Z</start>
				<end>2025-03-17T07:30Z</end>
			</timeInterval>
			<resolution>PT15M</resolution>
			<Point>
				<position>1</position>
				<quantity>1</quantity>
			</Point>
		</Period>
		<Period>
			<timeInterval>
				<start>2025-03-17T08:15Z</start>
				<end>2025-03-17T08:30Z</end>
			</timeInterval>
			<resolution>PT15M</resolution>
			<Point>
				<position>1</position>
				<quantity>0</quantity>
			</Point>
		</Period>
	</TimeSeries>
	<TimeSeries>
		<mRID>4</mRID>
		<businessType>A19</businessType>
		<flowDirection.direction>A01</flowDirection.direction>
		<quantity_Measure_Unit.name>MWH</quantity_Measure_Unit.name>
		<curveType>A01</curveType>
		<Period>
			<timeInterval>
				<start>2025-03-14T16:00Z</start>
				<end>2025-03-14T16:45Z</end>
			</timeInterval>
			<resolution>PT15M</resolution>
			<Point>
				<position>1</position>
				<quantity>1</quantity>
			</Point>
			<Point>
				<position>2</position>
				<quantity>1</quantity>
			</Point>
			<Point>
				<position>3</position>
				<quantity>1</quantity>
			</Point>
		</Period>
		<Period>
			<timeInterval>
				<start>2025-03-14T17:00Z</start>
				<end>2025-03-14T17:45Z</end>
			</timeInterval>
			<resolution>PT15M</resolution>
			<Point>
				<position>1</position>
				<quantity>26</quantity>
			</Point>
			<Point>
				<position>2</position>
				<quantity>18</quantity>
			</Point>
			<Point>
				<position>3</position>
				<quantity>4</quantity>
			</Point>
		</Period>
		<Period>
			<timeInterval>
				<start>2025-03-14T18:30Z</start>
				<end>2025-03-14T19:00Z</end>
			</timeInterval>
			<resolution>PT15M</resolution>
			<Point>
				<position>1</position>
				<quantity>3</quantity>
			</Point>
			<Point>
				<position>2</position>
				<quantity>10</quantity>
			</Point>
		</Period>
		<Period>
			<timeInterval>
				<start>2025-03-14T19:45Z</start>
				<end>2025-03-14T20:00Z</end>
			</timeInterval>
			<resolution>PT15M</resolution>
			<Point>
				<position>1</position>
				<quantity>5</quantity>
			</Point>
		</Period>
		<Period>
			<timeInterval>
				<start>2025-03-14T20:30Z</start>
				<end>2025-03-14T21:15Z</end>
			</timeInterval>
			<resolution>PT15M</resolution>
			<Point>
				<position>1</position>
				<quantity>4</quantity>
			</Point>
			<Point>
				<position>2</position>
				<quantity>17</quantity>
			</Point>
			<Point>
				<position>3</position>
				<quantity>12</quantity>
			</Point>
		</Period>
		<Period>
			<timeInterval>
				<start>2025-03-14T21:30Z</start>
				<end>2025-03-14T22:00Z</end>
			</timeInterval>
			<resolution>PT15M</resolution>
			<Point>
				<position>1</position>
				<quantity>1</quantity>
			</Point>
			<Point>
				<position>2</position>
				<quantity>0</quantity>
			</Point>
		</Period>
		<Period>
			<timeInterval>
				<start>2025-03-14T22:15Z</start>
				<end>2025-03-14T23:00Z</end>
			</timeInterval>
			<resolution>PT15M</resolution>
			<Point>
				<position>1</position>
				<quantity>4</quantity>
			</Point>
			<Point>
				<position>2</position>
				<quantity>7</quantity>
			</Point>
			<Point>
				<position>3</position>
				<quantity>0</quantity>
			</Point>
		</Period>
		<Period>
			<timeInterval>
				<start>2025-03-15T02:00Z</start>
				<end>2025-03-15T02:30Z</end>
			</timeInterval>
			<resolution>PT15M</resolution>
			<Point>
				<position>1</position>
				<quantity>0</quantity>
			</Point>
			<Point>
				<position>2</position>
				<quantity>0</quantity>
			</Point>
		</Period>
		<Period>
			<timeInterval>
				<start>2025-03-15T03:00Z</start>
				<end>2025-03-15T03:15Z</end>
			</timeInterval>
			<resolution>PT15M</resolution>
			<Point>
				<position>1</position>
				<quantity>3</quantity>
			</Point>
		</Period>
		<Period>
			<timeInterval>
				<start>2025-03-15T03:45Z</start>
				<end>2025-03-15T04:00Z</end>
			</timeInterval>
			<resolution>PT15M</resolution>
			<Point>
				<position>1</position>
				<quantity>0</quantity>
			</Point>
		</Period>
		<Period>
			<timeInterval>
				<start>2025-03-15T04:45Z</start>
				<end>2025-03-15T07:00Z</end>
			</timeInterval>
			<resolution>PT15M</resolution>
			<Point>
				<position>1</position>
				<quantity>10</quantity>
			</Point>
			<Point>
				<position>2</position>
				<quantity>1</quantity>
			</Point>
			<Point>
				<position>3</position>
				<quantity>3</quantity>
			</Point>
			<Point>
				<position>4</position>
				<quantity>26</quantity>
			</Point>
			<Point>
				<position>5</position>
				<quantity>25</quantity>
			</Point>
			<Point>
				<position>6</position>
				<quantity>6</quantity>
			</Point>
			<Point>
				<position>7</position>
				<quantity>0</quantity>
			</Point>
			<Point>
				<position>8</position>
				<quantity>6</quantity>
			</Point>
			<Point>
				<position>9</position>
				<quantity>5</quantity>
			</Point>
		</Period>
		<Period>
			<timeInterval>
				<start>2025-03-15T09:00Z</start>
				<end>2025-03-15T09:15Z</end>
			</timeInterval>
			<resolution>PT15M</resolution>
			<Point>
				<position>1</position>
				<quantity>1</quantity>
			</Point>
		</Period>
		<Period>
			<timeInterval>
				<start>2025-03-15T15:00Z</start>
				<end>2025-03-15T16:45Z</end>
			</timeInterval>
			<resolution>PT15M</resolution>
			<Point>
				<position>1</position>
				<quantity>6</quantity>
			</Point>
			<Point>
				<position>2</position>
				<quantity>0</quantity>
			</Point>
			<Point>
				<position>3</position>
				<quantity>26</quantity>
			</Point>
			<Point>
				<position>4</position>
				<quantity>35</quantity>
			</Point>
			<Point>
				<position>5</position>
				<quantity>59</quantity>
			</Point>
			<Point>
				<position>6</position>
				<quantity>43</quantity>
			</Point>
			<Point>
				<position>7</position>
				<quantity>5</quantity>
			</Point>
		</Period>
		<Period>
			<timeInterval>
				<start>2025-03-15T17:00Z</start>
				<end>2025-03-15T18:00Z</end>
			</timeInterval>
			<resolution>PT15M</resolution>
			<Point>
				<position>1</position>
				<quantity>38</quantity>
			</Point>
			<Point>
				<position>2</position>
				<quantity>16</quantity>
			</Point>
			<Point>
				<position>3</position>
				<quantity>4</quantity>
			</Point>
			<Point>
				<position>4</position>
				<quantity>11</quantity>
			</Point>
		</Period>
		<Period>
			<timeInterval>
				<start>2025-03-15T18:45Z</start>
				<end>2025-03-15T20:15Z</end>
			</timeInterval>
			<resolution>PT15M</resolution>
			<Point>
				<position>1</position>
				<quantity>4</quantity>
			</Point>
			<Point>
				<position>2</position>
				<quantity>13</quantity>
			</Point>
			<Point>
				<position>3</position>
				<quantity>19</quantity>
			</Point>
			<Point>
				<position>4</position>
				<quantity>9</quantity>
			</Point>
			<Point>
				<position>5</position>
				<quantity>29</quantity>
			</Point>
			<Point>
				<position>6</position>
				<quantity>4</quantity>
			</Point>
		</Period>
		<Period>
			<timeInterval>
				<start>2025-03-15T20:30Z</start>
				<end>2025-03-15T20:45Z</end>
			</timeInterval>
			<resolution>PT15M</resolution>
			<Point>
				<position>1</position>
				<quantity>0</quantity>
			</Point>
		</Period>
		<Period>
			<timeInterval>
				<start>2025-03-15T22:00Z</start>
				<end>2025-03-15T23:15Z</end>
			</timeInterval>
			<resolution>PT15M</resolution>
			<Point>
				<position>1</position>
				<quantity>3</quantity>
			</Point>
			<Point>
				<position>2</position>
				<quantity>9</quantity>
			</Point>
			<Point>
				<position>3</position>
				<quantity>10</quantity>
			</Point>
			<Point>
				<position>4</position>
				<quantity>5</quantity>
			</Point>
			<Point>
				<position>5</position>
				<quantity>5</quantity>
			</Point>
		</Period>
		<Period>
			<timeInterval>
				<start>2025-03-15T23:30Z</start>
				<end>2025-03-16T00:00Z</end>
			</timeInterval>
			<resolution>PT15M</resolution>
			<Point>
				<position>1</position>
				<quantity>0</quantity>
			</Point>
			<Point>
				<position>2</position>
				<quantity>0</quantity>
			</Point>
		</Period>
		<Period>
			<timeInterval>
				<start>2025-03-16T00:45Z</start>
				<end>2025-03-16T07:00Z</end>
			</timeInterval>
			<resolution>PT15M</resolution>
			<Point>
				<position>1</position>
				<quantity>0</quantity>
			</Point>
			<Point>
				<position>2</position>
				<quantity>2</quantity>
			</Point>
			<Point>
				<position>3</position>
				<quantity>7</quantity>
			</Point>
			<Point>
				<position>4</position>
				<quantity>4</quantity>
			</Point>
			<Point>
				<position>5</position>
				<quantity>17</quantity>
			</Point>
			<Point>
				<position>6</position>
				<quantity>34</quantity>
			</Point>
			<Point>
				<position>7</position>
				<quantity>24</quantity>
			</Point>
			<Point>
				<position>8</position>
				<quantity>3</quantity>
			</Point>
			<Point>
				<position>9</position>
				<quantity>19</quantity>
			</Point>
			<Point>
				<position>10</position>
				<quantity>4</quantity>
			</Point>
			<Point>
				<position>11</position>
				<quantity>3</quantity>
			</Point>
			<Point>
				<position>12</position>
				<quantity>3</quantity>
			</Point>
			<Point>
				<position>13</position>
				<quantity>8</quantity>
			</Point>
			<Point>
				<position>14</position>
				<quantity>2</quantity>
			</Point>
			<Point>
				<position>15</position>
				<quantity>1</quantity>
			</Point>
			<Point>
				<position>16</position>
				<quantity>14</quantity>
			</Point>
			<Point>
				<position>17</position>
				<quantity>44</quantity>
			</Point>
			<Point>
				<position>18</position>
				<quantity>32</quantity>
			</Point>
			<Point>
				<position>19</position>
				<quantity>23</quantity>
			</Point>
			<Point>
				<position>20</position>
				<quantity>40</quantity>
			</Point>
			<Point>
				<position>21</position>
				<quantity>49</quantity>
			</Point>
			<Point>
				<position>22</position>
				<quantity>32</quantity>
			</Point>
			<Point>
				<position>23</position>
				<quantity>42</quantity>
			</Point>
			<Point>
				<position>24</position>
				<quantity>23</quantity>
			</Point>
			<Point>
				<position>25</position>
				<quantity>1</quantity>
			</Point>
		</Period>
		<Period>
			<timeInterval>
				<start>2025-03-16T07:45Z</start>
				<end>2025-03-16T08:00Z</end>
			</timeInterval>
			<resolution>PT15M</resolution>
			<Point>
				<position>1</position>
				<quantity>0</quantity>
			</Point>
		</Period>
		<Period>
			<timeInterval>
				<start>2025-03-16T08:45Z</start>
				<end>2025-03-16T09:00Z</end>
			</timeInterval>
			<resolution>PT15M</resolution>
			<Point>
				<position>1</position>
				<quantity>2</quantity>
			</Point>
		</Period>
		<Period>
			<timeInterval>
				<start>2025-03-16T09:30Z</start>
				<end>2025-03-16T11:00Z</end>
			</timeInterval>
			<resolution>PT15M</resolution>
			<Point>
				<position>1</position>
				<quantity>3</quantity>
			</Point>
			<Point>
				<position>2</position>
				<quantity>10</quantity>
			</Point>
			<Point>
				<position>3</position>
				<quantity>5</quantity>
			</Point>
			<Point>
				<position>4</position>
				<quantity>5</quantity>
			</Point>
			<Point>
				<position>5</position>
				<quantity>13</quantity>
			</Point>
			<Point>
				<position>6</position>
				<quantity>13</quantity>
			</Point>
		</Period>
		<Period>
			<timeInterval>
				<start>2025-03-16T11:15Z</start>
				<end>2025-03-16T12:45Z</end>
			</timeInterval>
			<resolution>PT15M</resolution>
			<Point>
				<position>1</position>
				<quantity>2</quantity>
			</Point>
			<Point>
				<position>2</position>
				<quantity>1</quantity>
			</Point>
			<Point>
				<position>3</position>
				<quantity>13</quantity>
			</Point>
			<Point>
				<position>4</position>
				<quantity>6</quantity>
			</Point>
			<Point>
				<position>5</position>
				<quantity>3</quantity>
			</Point>
			<Point>
				<position>6</position>
				<quantity>4</quantity>
			</Point>
		</Period>
		<Period>
			<timeInterval>
				<start>2025-03-16T13:00Z</start>
				<end>2025-03-16T13:30Z</end>
			</timeInterval>
			<resolution>PT15M</resolution>
			<Point>
				<position>1</position>
				<quantity>9</quantity>
			</Point>
			<Point>
				<position>2</position>
				<quantity>5</quantity>
			</Point>
		</Period>
		<Period>
			<timeInterval>
				<start>2025-03-16T14:00Z</start>
				<end>2025-03-16T14:30Z</end>
			</timeInterval>
			<resolution>PT15M</resolution>
			<Point>
				<position>1</position>
				<quantity>28</quantity>
			</Point>
			<Point>
				<position>2</position>
				<quantity>11</quantity>
			</Point>
		</Period>
		<Period>
			<timeInterval>
				<start>2025-03-16T17:45Z</start>
				<end>2025-03-16T18:15Z</end>
			</timeInterval>
			<resolution>PT15M</resolution>
			<Point>
				<position>1</position>
				<quantity>0</quantity>
			</Point>
			<Point>
				<position>2</position>
				<quantity>1</quantity>
			</Point>
		</Period>
		<Period>
			<timeInterval>
				<start>2025-03-16T18:45Z</start>
				<end>2025-03-16T20:00Z</end>
			</timeInterval>
			<resolution>PT15M</resolution>
			<Point>
				<position>1</position>
				<quantity>17</quantity>
			</Point>
			<Point>
				<position>2</position>
				<quantity>25</quantity>
			</Point>
			<Point>
				<position>3</position>
				<quantity>16</quantity>
			</Point>
			<Point>
				<position>4</position>
				<quantity>23</quantity>
			</Point>
			<Point>
				<position>5</position>
				<quantity>21</quantity>
			</Point>
		</Period>
		<Period>
			<timeInterval>
				<start>2025-03-16T22:30Z</start>
				<end>2025-03-17T01:00Z</end>
			</timeInterval>
			<resolution>PT15M</resolution>
			<Point>
				<position>1</position>
				<quantity>1</quantity>
			</Point>
			<Point>
				<position>2</position>
				<quantity>4</quantity>
			</Point>
			<Point>
				<position>3</position>
				<quantity>28</quantity>
			</Point>
			<Point>
				<position>4</position>
				<quantity>30</quantity>
			</Point>
			<Point>
				<position>5</position>
				<quantity>41</quantity>
			</Point>
			<Point>
				<position>6</position>
				<quantity>40</quantity>
			</Point>
			<Point>
				<position>7</position>
				<quantity>20</quantity>
			</Point>
			<Point>
				<position>8</position>
				<quantity>14</quantity>
			</Point>
			<Point>
				<position>9</position>
				<quantity>10</quantity>
			</Point>
			<Point>
				<position>10</position>
				<quantity>4</quantity>
			</Point>
		</Period>
		<Period>
			<timeInterval>
				<start>2025-03-17T01:30Z</start>
				<end>2025-03-17T02:45Z</end>
			</timeInterval>
			<resolution>PT15M</resolution>
			<Point>
				<position>1</position>
				<quantity>0</quantity>
			</Point>
			<Point>
				<position>2</position>
				<quantity>0</quantity>
			</Point>
			<Point>
				<position>3</position>
				<quantity>0</quantity>
			</Point>
			<Point>
				<position>4</position>
				<quantity>4</quantity>
			</Point>
			<Point>
				<position>5</position>
				<quantity>12</quantity>
			</Point>
		</Period>
		<Period>
			<timeInterval>
				<start>2025-03-17T03:00Z</start>
				<end>2025-03-17T03:45Z</end>
			</timeInterval>
			<resolution>PT15M</resolution>
			<Point>
				<position>1</position>
				<quantity>5</quantity>
			</Point>
			<Point>
				<position>2</position>
				<quantity>4</quantity>
			</Point>
			<Point>
				<position>3</position>
				<quantity>6</quantity>
			</Point>
		</Period>
		<Period>
			<timeInterval>
				<start>2025-03-17T04:00Z</start>
				<end>2025-03-17T05:45Z</end>
			</timeInterval>
			<resolution>PT15M</resolution>
			<Point>
				<position>1</position>
				<quantity>30</quantity>
			</Point>
			<Point>
				<position>2</position>
				<quantity>31</quantity>
			</Point>
			<Point>
				<position>3</position>
				<quantity>12</quantity>
			</Point>
			<Point>
				<position>4</position>
				<quantity>1</quantity>
			</Point>
			<Point>
				<position>5</position>
				<quantity>31</quantity>
			</Point>
			<Point>
				<position>6</position>
				<quantity>5</quantity>
			</Point>
			<Point>
				<position>7</position>
				<quantity>3</quantity>
			</Point>
		</Period>
		<Period>
			<timeInterval>
				<start>2025-03-17T06:00Z</start>
				<end>2025-03-17T07:15Z</end>
			</timeInterval>
			<resolution>PT15M</resolution>
			<Point>
				<position>1</position>
				<quantity>17</quantity>
			</Point>
			<Point>
				<position>2</position>
				<quantity>3</quantity>
			</Point>
			<Point>
				<position>3</position>
				<quantity>5</quantity>
			</Point>
			<Point>
				<position>4</position>
				<quantity>2</quantity>
			</Point>
			<Point>
				<position>5</position>
				<quantity>1</quantity>
			</Point>
		</Period>
		<Period>
			<timeInterval>
				<start>2025-03-17T07:30Z</start>
				<end>2025-03-17T08:15Z</end>
			</timeInterval>
			<resolution>PT15M</resolution>
			<Point>
				<position>1</position>
				<quantity>0</quantity>
			</Point>
			<Point>
				<position>2</position>
				<quantity>13</quantity>
			</Point>
			<Point>
				<position>3</position>
				<quantity>3</quantity>
			</Point>
		</Period>
		<Period>
			<timeInterval>
				<start>2025-03-17T08:30Z</start>
				<end>2025-03-17T08:45Z</end>
			</timeInterval>
			<resolution>PT15M</resolution>
			<Point>
				<position>1</position>
				<quantity>0</quantity>
			</Point>
		</Period>
	</TimeSeries>
</Balancing_MarketDocument>
