<?xml version="1.0" encoding="UTF-8"?>
<Balancing_MarketDocument xmlns="urn:iec62325.351:tc57wg16:451-6:balancingdocument:3:0">
	<mRID>76dbd9468f9d4e0c97ea97df6cb4ebe3</mRID>
	<revisionNumber>1</revisionNumber>
	<type>A86</type>
	<process.processType>A16</process.processType>
	<sender_MarketParticipant.mRID codingScheme="A01">10X1001A1001A450</sender_MarketParticipant.mRID>
	<sender_MarketParticipant.marketRole.type>A32</sender_MarketParticipant.marketRole.type>
	<receiver_MarketParticipant.mRID codingScheme="A01">10X1001A1001A450</receiver_MarketParticipant.mRID>
	<receiver_MarketParticipant.marketRole.type>A33</receiver_MarketParticipant.marketRole.type>
	<createdDateTime>2025-05-09T04:31:22Z</createdDateTime>
	<docStatus><value>X01</value></docStatus>
	<controlArea_Domain.mRID codingScheme="A01">10YRO-TEL------P</controlArea_Domain.mRID>
	<period.timeInterval>
		<start>2025-05-07T23:00Z</start>
		<end>2025-05-09T04:15Z</end>
	</period.timeInterval>
	<TimeSeries>
		<mRID>1</mRID>
		<businessType>A19</businessType>
		<flowDirection.direction>A01</flowDirection.direction>
		<quantity_Measure_Unit.name>MWH</quantity_Measure_Unit.name>
		<curveType>A01</curveType>
		<Period>
			<timeInterval>
				<start>2025-05-07T23:00Z</start>
				<end>2025-05-08T01:00Z</end>
			</timeInterval>
			<resolution>PT15M</resolution>
			<Point>
				<position>1</position>
				<quantity>0</quantity>
			</Point>
			<Point>
				<position>2</position>
				<quantity>6</quantity>
			</Point>
			<Point>
				<position>3</position>
				<quantity>2</quantity>
			</Point>
			<Point>
				<position>4</position>
				<quantity>0</quantity>
			</Point>
			<Point>
				<position>5</position>
				<quantity>2</quantity>
			</Point>
			<Point>
				<position>6</position>
				<quantity>10</quantity>
			</Point>
			<Point>
				<position>7</position>
				<quantity>5</quantity>
			</Point>
			<Point>
				<position>8</position>
				<quantity>14</quantity>
			</Point>
		</Period>
	</TimeSeries>
	<TimeSeries>
		<mRID>2</mRID>
		<businessType>A19</businessType>
		<flowDirection.direction>A02</flowDirection.direction>
		<quantity_Measure_Unit.name>MWH</quantity_Measure_Unit.name>
		<curveType>A01</curveType>
		<Period>
			<timeInterval>
				<start>2025-05-08T02:30Z</start>
				<end>2025-05-08T02:45Z</end>
			</timeInterval>
			<resolution>PT15M</resolution>
			<Point>
				<position>1</position>
				<quantity>3</quantity>
			</Point>
		</Period>
		<Period>
			<timeInterval>
				<start>2025-05-08T03:45Z</start>
				<end>2025-05-08T04:00Z</end>
			</timeInterval>
			<resolution>PT15M</resolution>
			<Point>
				<position>1</position>
				<quantity>12</quantity>
			</Point>
		</Period>
		<Period>
			<timeInterval>
				<start>2025-05-08T05:30Z</start>
				<end>2025-05-08T05:45Z</end>
			</timeInterval>
			<resolution>PT15M</resolution>
			<Point>
				<position>1</position>
				<quantity>0</quantity>
			</Point>
		</Period>
		<Period>
			<timeInterval>
				<start>2025-05-08T08:30Z</start>
				<end>2025-05-08T08:45Z</end>
			</timeInterval>
			<resolution>PT15M</resolution>
			<Point>
				<position>1</position>
				<quantity>1</quantity>
			</Point>
		</Period>
		<Period>
			<timeInterval>
				<start>2025-05-08T10:30Z</start>
				<end>2025-05-08T12:00Z</end>
			</timeInterval>
			<resolution>PT15M</resolution>
			<Point>
				<position>1</position>
				<quantity>4</quantity>
			</Point>
			<Point>
				<position>2</position>
				<quantity>9</quantity>
			</Point>
			<Point>
				<position>3</position>
				<quantity>30</quantity>
			</Point>
			<Point>
				<position>4</position>
				<quantity>22</quantity>
			</Point>
			<Point>
				<position>5</position>
				<quantity>3</quantity>
			</Point>
			<Point>
				<position>6</position>
				<quantity>3</quantity>
			</Point>
		</Period>
		<Period>
			<timeInterval>
				<start>2025-05-08T14:00Z</start>
				<end>2025-05-08T14:15Z</end>
			</timeInterval>
			<resolution>PT15M</resolution>
			<Point>
				<position>1</position>
				<quantity>6</quantity>
			</Point>
		</Period>
		<Period>
			<timeInterval>
				<start>2025-05-08T14:30Z</start>
				<end>2025-05-08T17:45Z</end>
			</timeInterval>
			<resolution>PT15M</resolution>
			<Point>
				<position>1</position>
				<quantity>18</quantity>
			</Point>
			<Point>
				<position>2</position>
				<quantity>39</quantity>
			</Point>
			<Point>
				<position>3</position>
				<quantity>27</quantity>
			</Point>
			<Point>
				<position>4</position>
				<quantity>29</quantity>
			</Point>
			<Point>
				<position>5</position>
				<quantity>60</quantity>
			</Point>
			<Point>
				<position>6</position>
				<quantity>48</quantity>
			</Point>
			<Point>
				<position>7</position>
				<quantity>17</quantity>
			</Point>
			<Point>
				<position>8</position>
				<quantity>20</quantity>
			</Point>
			<Point>
				<position>9</position>
				<quantity>25</quantity>
			</Point>
			<Point>
				<position>10</position>
				<quantity>18</quantity>
			</Point>
			<Point>
				<position>11</position>
				<quantity>5</quantity>
			</Point>
			<Point>
				<position>12</position>
				<quantity>0</quantity>
			</Point>
			<Point>
				<position>13</position>
				<quantity>2</quantity>
			</Point>
		</Period>
		<Period>
			<timeInterval>
				<start>2025-05-08T18:00Z</start>
				<end>2025-05-08T18:45Z</end>
			</timeInterval>
			<resolution>PT15M</resolution>
			<Point>
				<position>1</position>
				<quantity>0</quantity>
			</Point>
			<Point>
				<position>2</position>
				<quantity>3</quantity>
			</Point>
			<Point>
				<position>3</position>
				<quantity>0</quantity>
			</Point>
		</Period>
		<Period>
			<timeInterval>
				<start>2025-05-08T19:00Z</start>
				<end>2025-05-08T19:30Z</end>
			</timeInterval>
			<resolution>PT15M</resolution>
			<Point>
				<position>1</position>
				<quantity>4</quantity>
			</Point>
			<Point>
				<position>2</position>
				<quantity>2</quantity>
			</Point>
		</Period>
		<Period>
			<timeInterval>
				<start>2025-05-08T21:45Z</start>
				<end>2025-05-08T23:00Z</end>
			</timeInterval>
			<resolution>PT15M</resolution>
			<Point>
				<position>1</position>
				<quantity>5</quantity>
			</Point>
			<Point>
				<position>2</position>
				<quantity>2</quantity>
			</Point>
			<Point>
				<position>3</position>
				<quantity>24</quantity>
			</Point>
			<Point>
				<position>4</position>
				<quantity>17</quantity>
			</Point>
			<Point>
				<position>5</position>
				<quantity>1</quantity>
			</Point>
		</Period>
		<Period>
			<timeInterval>
				<start>2025-05-09T00:45Z</start>
				<end>2025-05-09T01:00Z</end>
			</timeInterval>
			<resolution>PT15M</resolution>
			<Point>
				<position>1</position>
				<quantity>19</quantity>
			</Point>
		</Period>
	</TimeSeries>
	<TimeSeries>
		<mRID>3</mRID>
		<businessType>A19</businessType>
		<flowDirection.direction>A01</flowDirection.direction>
		<quantity_Measure_Unit.name>MWH</quantity_Measure_Unit.name>
		<curveType>A01</curveType>
		<Period>
			<timeInterval>
				<start>2025-05-08T02:45Z</start>
				<end>2025-05-08T03:45Z</end>
			</timeInterval>
			<resolution>PT15M</resolution>
			<Point>
				<position>1</position>
				<quantity>5</quantity>
			</Point>
			<Point>
				<position>2</position>
				<quantity>15</quantity>
			</Point>
			<Point>
				<position>3</position>
				<quantity>1</quantity>
			</Point>
			<Point>
				<position>4</position>
				<quantity>1</quantity>
			</Point>
		</Period>
		<Period>
			<timeInterval>
				<start>2025-05-08T04:00Z</start>
				<end>2025-05-08T05:30Z</end>
			</timeInterval>
			<resolution>PT15M</resolution>
			<Point>
				<position>1</position>
				<quantity>4</quantity>
			</Point>
			<Point>
				<position>2</position>
				<quantity>0</quantity>
			</Point>
			<Point>
				<position>3</position>
				<quantity>21</quantity>
			</Point>
			<Point>
				<position>4</position>
				<quantity>21</quantity>
			</Point>
			<Point>
				<position>5</position>
				<quantity>1</quantity>
			</Point>
			<Point>
				<position>6</position>
				<quantity>0</quantity>
			</Point>
		</Period>
		<Period>
			<timeInterval>
				<start>2025-05-08T05:45Z</start>
				<end>2025-05-08T08:30Z</end>
			</timeInterval>
			<resolution>PT15M</resolution>
			<Point>
				<position>1</position>
				<quantity>2</quantity>
			</Point>
			<Point>
				<position>2</position>
				<quantity>0</quantity>
			</Point>
			<Point>
				<position>3</position>
				<quantity>25</quantity>
			</Point>
			<Point>
				<position>4</position>
				<quantity>30</quantity>
			</Point>
			<Point>
				<position>5</position>
				<quantity>52</quantity>
			</Point>
			<Point>
				<position>6</position>
				<quantity>36</quantity>
			</Point>
			<Point>
				<position>7</position>
				<quantity>19</quantity>
			</Point>
			<Point>
				<position>8</position>
				<quantity>10</quantity>
			</Point>
			<Point>
				<position>9</position>
				<quantity>29</quantity>
			</Point>
			<Point>
				<position>10</position>
				<quantity>3</quantity>
			</Point>
			<Point>
				<position>11</position>
				<quantity>5</quantity>
			</Point>
		</Period>
		<Period>
			<timeInterval>
				<start>2025-05-08T08:45Z</start>
				<end>2025-05-08T10:30Z</end>
			</timeInterval>
			<resolution>PT15M</resolution>
			<Point>
				<position>1</position>
				<quantity>3</quantity>
			</Point>
			<Point>
				<position>2</position>
				<quantity>14</quantity>
			</Point>
			<Point>
				<position>3</position>
				<quantity>16</quantity>
			</Point>
			<Point>
				<position>4</position>
				<quantity>1</quantity>
			</Point>
			<Point>
				<position>5</position>
				<quantity>1</quantity>
			</Point>
			<Point>
				<position>6</position>
				<quantity>0</quantity>
			</Point>
			<Point>
				<position>7</position>
				<quantity>1</quantity>
			</Point>
		</Period>
		<Period>
			<timeInterval>
				<start>2025-05-08T12:00Z</start>
				<end>2025-05-08T14:00Z</end>
			</timeInterval>
			<resolution>PT15M</resolution>
			<Point>
				<position>1</position>
				<quantity>2</quantity>
			</Point>
			<Point>
				<position>2</position>
				<quantity>0</quantity>
			</Point>
			<Point>
				<position>3</position>
				<quantity>2</quantity>
			</Point>
			<Point>
				<position>4</position>
				<quantity>0</quantity>
			</Point>
			<Point>
				<position>5</position>
				<quantity>50</quantity>
			</Point>
			<Point>
				<position>6</position>
				<quantity>52</quantity>
			</Point>
			<Point>
				<position>7</position>
				<quantity>32</quantity>
			</Point>
			<Point>
				<position>8</position>
				<quantity>26</quantity>
			</Point>
		</Period>
		<Period>
			<timeInterval>
				<start>2025-05-08T14:15Z</start>
				<end>2025-05-08T14:30Z</end>
			</timeInterval>
			<resolution>PT15M</resolution>
			<Point>
				<position>1</position>
				<quantity>0</quantity>
			</Point>
		</Period>
		<Period>
			<timeInterval>
				<start>2025-05-08T17:45Z</start>
				<end>2025-05-08T18:00Z</end>
			</timeInterval>
			<resolution>PT15M</resolution>
			<Point>
				<position>1</position>
				<quantity>0</quantity>
			</Point>
		</Period>
		<Period>
			<timeInterval>
				<start>2025-05-08T18:45Z</start>
				<end>2025-05-08T19:00Z</end>
			</timeInterval>
			<resolution>PT15M</resolution>
			<Point>
				<position>1</position>
				<quantity>1</quantity>
			</Point>
		</Period>
		<Period>
			<timeInterval>
				<start>2025-05-08T19:30Z</start>
				<end>2025-05-08T21:45Z</end>
			</timeInterval>
			<resolution>PT15M</resolution>
			<Point>
				<position>1</position>
				<quantity>7</quantity>
			</Point>
			<Point>
				<position>2</position>
				<quantity>44</quantity>
			</Point>
			<Point>
				<position>3</position>
				<quantity>11</quantity>
			</Point>
			<Point>
				<position>4</position>
				<quantity>44</quantity>
			</Point>
			<Point>
				<position>5</position>
				<quantity>57</quantity>
			</Point>
			<Point>
				<position>6</position>
				<quantity>62</quantity>
			</Point>
			<Point>
				<position>7</position>
				<quantity>51</quantity>
			</Point>
			<Point>
				<position>8</position>
				<quantity>34</quantity>
			</Point>
			<Point>
				<position>9</position>
				<quantity>42</quantity>
			</Point>
		</Period>
		<Period>
			<timeInterval>
				<start>2025-05-08T23:00Z</start>
				<end>2025-05-09T00:45Z</end>
			</timeInterval>
			<resolution>PT15M</resolution>
			<Point>
				<position>1</position>
				<quantity>5</quantity>
			</Point>
			<Point>
				<position>2</position>
				<quantity>25</quantity>
			</Point>
			<Point>
				<position>3</position>
				<quantity>40</quantity>
			</Point>
			<Point>
				<position>4</position>
				<quantity>39</quantity>
			</Point>
			<Point>
				<position>5</position>
				<quantity>44</quantity>
			</Point>
			<Point>
				<position>6</position>
				<quantity>40</quantity>
			</Point>
			<Point>
				<position>7</position>
				<quantity>12</quantity>
			</Point>
		</Period>
		<Period>
			<timeInterval>
				<start>2025-05-09T01:00Z</start>
				<end>2025-05-09T04:15Z</end>
			</timeInterval>
			<resolution>PT15M</resolution>
			<Point>
				<position>1</position>
				<quantity>6</quantity>
			</Point>
			<Point>
				<position>2</position>
				<quantity>17</quantity>
			</Point>
			<Point>
				<position>3</position>
				<quantity>20</quantity>
			</Point>
			<Point>
				<position>4</position>
				<quantity>15</quantity>
			</Point>
			<Point>
				<position>5</position>
				<quantity>40</quantity>
			</Point>
			<Point>
				<position>6</position>
				<quantity>60</quantity>
			</Point>
			<Point>
				<position>7</position>
				<quantity>72</quantity>
			</Point>
			<Point>
				<position>8</position>
				<quantity>52</quantity>
			</Point>
			<Point>
				<position>9</position>
				<quantity>87</quantity>
			</Point>
			<Point>
				<position>10</position>
				<quantity>88</quantity>
			</Point>
			<Point>
				<position>11</position>
				<quantity>87</quantity>
			</Point>
			<Point>
				<position>12</position>
				<quantity>77</quantity>
			</Point>
			<Point>
				<position>13</position>
				<quantity>45</quantity>
			</Point>
		</Period>
	</TimeSeries>
</Balancing_MarketDocument>
