<?xml version="1.0" encoding="UTF-8"?>
<Balancing_MarketDocument xmlns="urn:iec62325.351:tc57wg16:451-6:balancingdocument:3:0">
	<mRID>3a3bbbfaf9854695835b66cdd4cde218</mRID>
	<revisionNumber>1</revisionNumber>
	<type>A86</type>
	<process.processType>A16</process.processType>
	<sender_MarketParticipant.mRID codingScheme="A01">10X1001A1001A450</sender_MarketParticipant.mRID>
	<sender_MarketParticipant.marketRole.type>A32</sender_MarketParticipant.marketRole.type>
	<receiver_MarketParticipant.mRID codingScheme="A01">10X1001A1001A450</receiver_MarketParticipant.mRID>
	<receiver_MarketParticipant.marketRole.type>A33</receiver_MarketParticipant.marketRole.type>
	<createdDateTime>2025-10-02T08:16:19Z</createdDateTime>
	<controlArea_Domain.mRID codingScheme="A01">10YRO-TEL------P</controlArea_Domain.mRID>
	<period.timeInterval>
		<start>2025-09-30T23:00Z</start>
		<end>2025-10-01T07:00Z</end>
	</period.timeInterval>
	<TimeSeries>
		<mRID>1</mRID>
		<businessType>A19</businessType>
		<flowDirection.direction>A01</flowDirection.direction>
		<quantity_Measure_Unit.name>MWH</quantity_Measure_Unit.name>
		<curveType>A01</curveType>
		<Period>
			<timeInterval>
				<start>2025-09-30T23:00Z</start>
				<end>2025-10-01T02:00Z</end>
			</timeInterval>
			<resolution>PT15M</resolution>
			<Point>
				<position>1</position>
				<quantity>31</quantity>
			</Point>
			<Point>
				<position>2</position>
				<quantity>39</quantity>
			</Point>
			<Point>
				<position>3</position>
				<quantity>34</quantity>
			</Point>
			<Point>
				<position>4</position>
				<quantity>58</quantity>
			</Point>
			<Point>
				<position>5</position>
				<quantity>60</quantity>
			</Point>
			<Point>
				<position>6</position>
				<quantity>37</quantity>
			</Point>
			<Point>
				<position>7</position>
				<quantity>52</quantity>
			</Point>
			<Point>
				<position>8</position>
				<quantity>47</quantity>
			</Point>
			<Point>
				<position>9</position>
				<quantity>55</quantity>
			</Point>
			<Point>
				<position>10</position>
				<quantity>38</quantity>
			</Point>
			<Point>
				<position>11</position>
				<quantity>50</quantity>
			</Point>
			<Point>
				<position>12</position>
				<quantity>42</quantity>
			</Point>
		</Period>
		<Period>
			<timeInterval>
				<start>2025-10-01T02:45Z</start>
				<end>2025-10-01T07:00Z</end>
			</timeInterval>
			<resolution>PT15M</resolution>
			<Point>
				<position>1</position>
				<quantity>3</quantity>
			</Point>
			<Point>
				<position>2</position>
				<quantity>55</quantity>
			</Point>
			<Point>
				<position>3</position>
				<quantity>72</quantity>
			</Point>
			<Point>
				<position>4</position>
				<quantity>39</quantity>
			</Point>
			<Point>
				<position>5</position>
				<quantity>17</quantity>
			</Point>
			<Point>
				<position>6</position>
				<quantity>41</quantity>
			</Point>
			<Point>
				<position>7</position>
				<quantity>22</quantity>
			</Point>
			<Point>
				<position>8</position>
				<quantity>14</quantity>
			</Point>
			<Point>
				<position>9</position>
				<quantity>12</quantity>
			</Point>
			<Point>
				<position>10</position>
				<quantity>4</quantity>
			</Point>
			<Point>
				<position>11</position>
				<quantity>8</quantity>
			</Point>
			<Point>
				<position>12</position>
				<quantity>13</quantity>
			</Point>
			<Point>
				<position>13</position>
				<quantity>36</quantity>
			</Point>
			<Point>
				<position>14</position>
				<quantity>5</quantity>
			</Point>
			<Point>
				<position>15</position>
				<quantity>42</quantity>
			</Point>
			<Point>
				<position>16</position>
				<quantity>13</quantity>
			</Point>
			<Point>
				<position>17</position>
				<quantity>16</quantity>
			</Point>
		</Period>
	</TimeSeries>
	<TimeSeries>
		<mRID>2</mRID>
		<businessType>A19</businessType>
		<flowDirection.direction>A02</flowDirection.direction>
		<quantity_Measure_Unit.name>MWH</quantity_Measure_Unit.name>
		<curveType>A01</curveType>
		<Period>
			<timeInterval>
				<start>2025-10-01T02:00Z</start>
				<end>2025-10-01T02:45Z</end>
			</timeInterval>
			<resolution>PT15M</resolution>
			<Point>
				<position>1</position>
				<quantity>8</quantity>
			</Point>
			<Point>
				<position>2</position>
				<quantity>8</quantity>
			</Point>
			<Point>
				<position>3</position>
				<quantity>8</quantity>
			</Point>
		</Period>
	</TimeSeries>
</Balancing_MarketDocument>
