<?xml version="1.0" encoding="UTF-8"?>
  <Balancing_MarketDocument xmlns="urn:iec62325.351:tc57wg16:451-6:balancingdocument:3:0">
    <mRID>5e3d08299e2140e3b7fb952f640650df</mRID>
    <revisionNumber>1</revisionNumber>
    <type>A86</type>
    <process.processType>A16</process.processType>
    <sender_MarketParticipant.mRID codingScheme="A01">10X1001A1001A450</sender_MarketParticipant.mRID>
    <sender_MarketParticipant.marketRole.type>A32</sender_MarketParticipant.marketRole.type>
    <receiver_MarketParticipant.mRID codingScheme="A01">10X1001A1001A450</receiver_MarketParticipant.mRID>
    <receiver_MarketParticipant.marketRole.type>A33</receiver_MarketParticipant.marketRole.type>
    <createdDateTime>2025-12-04T09:23:52Z</createdDateTime>
    <controlArea_Domain.mRID codingScheme="A01">10YRO-TEL------P</controlArea_Domain.mRID>
    <period.timeInterval>
      <start>2025-12-02T23:00Z</start>
      <end>2025-12-04T09:00Z</end>
    </period.timeInterval>
      <TimeSeries>
        <mRID>1</mRID>
        <businessType>A19</businessType>
        <flowDirection.direction>A01</flowDirection.direction>
        <quantity_Measure_Unit.name>MWH</quantity_Measure_Unit.name>
        <curveType>A03</curveType>
          <Period>
            <timeInterval>
              <start>2025-12-02T23:00Z</start>
              <end>2025-12-03T10:15Z</end>
            </timeInterval>
            <resolution>PT15M</resolution>
              <Point>
                <position>1</position>
                <quantity>15.221</quantity>
              </Point>
              <Point>
                <position>2</position>
                <quantity>5.541</quantity>
              </Point>
              <Point>
                <position>3</position>
                <quantity>22.564</quantity>
              </Point>
              <Point>
                <position>4</position>
                <quantity>2.219</quantity>
              </Point>
              <Point>
                <position>5</position>
                <quantity>31.273</quantity>
              </Point>
              <Point>
                <position>6</position>
                <quantity>20.993</quantity>
              </Point>
              <Point>
                <position>7</position>
                <quantity>36.547</quantity>
              </Point>
              <Point>
                <position>8</position>
                <quantity>30.234</quantity>
              </Point>
              <Point>
                <position>9</position>
                <quantity>25.161</quantity>
              </Point>
              <Point>
                <position>10</position>
                <quantity>39.988</quantity>
              </Point>
              <Point>
                <position>11</position>
                <quantity>50.827</quantity>
              </Point>
              <Point>
                <position>12</position>
                <quantity>36.334</quantity>
              </Point>
              <Point>
                <position>13</position>
                <quantity>45.553</quantity>
              </Point>
              <Point>
                <position>14</position>
                <quantity>62.859</quantity>
              </Point>
              <Point>
                <position>15</position>
                <quantity>37.083</quantity>
              </Point>
              <Point>
                <position>16</position>
                <quantity>60.024</quantity>
              </Point>
              <Point>
                <position>17</position>
                <quantity>61.969</quantity>
              </Point>
              <Point>
                <position>18</position>
                <quantity>64.407</quantity>
              </Point>
              <Point>
                <position>19</position>
                <quantity>41.007</quantity>
              </Point>
              <Point>
                <position>20</position>
                <quantity>33.792</quantity>
              </Point>
              <Point>
                <position>21</position>
                <quantity>49.614</quantity>
              </Point>
              <Point>
                <position>22</position>
                <quantity>41.277</quantity>
              </Point>
              <Point>
                <position>23</position>
                <quantity>29.462</quantity>
              </Point>
              <Point>
                <position>24</position>
                <quantity>21.25</quantity>
              </Point>
              <Point>
                <position>25</position>
                <quantity>117.127</quantity>
              </Point>
              <Point>
                <position>26</position>
                <quantity>113.436</quantity>
              </Point>
              <Point>
                <position>27</position>
                <quantity>74.056</quantity>
              </Point>
              <Point>
                <position>28</position>
                <quantity>98.66</quantity>
              </Point>
              <Point>
                <position>29</position>
                <quantity>80.535</quantity>
              </Point>
              <Point>
                <position>30</position>
                <quantity>58.992</quantity>
              </Point>
              <Point>
                <position>31</position>
                <quantity>54.084</quantity>
              </Point>
              <Point>
                <position>32</position>
                <quantity>82.485</quantity>
              </Point>
              <Point>
                <position>33</position>
                <quantity>44.214</quantity>
              </Point>
              <Point>
                <position>34</position>
                <quantity>16.78</quantity>
              </Point>
              <Point>
                <position>35</position>
                <quantity>37.696</quantity>
              </Point>
              <Point>
                <position>36</position>
                <quantity>71.568</quantity>
              </Point>
              <Point>
                <position>37</position>
                <quantity>66.657</quantity>
              </Point>
              <Point>
                <position>38</position>
                <quantity>186.901</quantity>
              </Point>
              <Point>
                <position>39</position>
                <quantity>69.573</quantity>
              </Point>
              <Point>
                <position>40</position>
                <quantity>194.522</quantity>
              </Point>
              <Point>
                <position>41</position>
                <quantity>120.537</quantity>
              </Point>
              <Point>
                <position>42</position>
                <quantity>70.171</quantity>
              </Point>
              <Point>
                <position>43</position>
                <quantity>77.942</quantity>
              </Point>
              <Point>
                <position>44</position>
                <quantity>97.702</quantity>
              </Point>
              <Point>
                <position>45</position>
                <quantity>73.352</quantity>
              </Point>
          </Period>
          <Period>
            <timeInterval>
              <start>2025-12-03T10:30Z</start>
              <end>2025-12-03T10:45Z</end>
            </timeInterval>
            <resolution>PT15M</resolution>
              <Point>
                <position>1</position>
                <quantity>9.862</quantity>
              </Point>
          </Period>
          <Period>
            <timeInterval>
              <start>2025-12-03T13:00Z</start>
              <end>2025-12-04T00:45Z</end>
            </timeInterval>
            <resolution>PT15M</resolution>
              <Point>
                <position>1</position>
                <quantity>45.504</quantity>
              </Point>
              <Point>
                <position>2</position>
                <quantity>8.605</quantity>
              </Point>
              <Point>
                <position>3</position>
                <quantity>14.992</quantity>
              </Point>
              <Point>
                <position>4</position>
                <quantity>4.044</quantity>
              </Point>
              <Point>
                <position>5</position>
                <quantity>13.077</quantity>
              </Point>
              <Point>
                <position>6</position>
                <quantity>14.433</quantity>
              </Point>
              <Point>
                <position>7</position>
                <quantity>50.438</quantity>
              </Point>
              <Point>
                <position>8</position>
                <quantity>18.529</quantity>
              </Point>
              <Point>
                <position>9</position>
                <quantity>7.316</quantity>
              </Point>
              <Point>
                <position>10</position>
                <quantity>18.635</quantity>
              </Point>
              <Point>
                <position>11</position>
                <quantity>47.439</quantity>
              </Point>
              <Point>
                <position>12</position>
                <quantity>52.919</quantity>
              </Point>
              <Point>
                <position>13</position>
                <quantity>44.94</quantity>
              </Point>
              <Point>
                <position>14</position>
                <quantity>59.282</quantity>
              </Point>
              <Point>
                <position>15</position>
                <quantity>47.09</quantity>
              </Point>
              <Point>
                <position>16</position>
                <quantity>70.369</quantity>
              </Point>
              <Point>
                <position>17</position>
                <quantity>49.039</quantity>
              </Point>
              <Point>
                <position>18</position>
                <quantity>31.529</quantity>
              </Point>
              <Point>
                <position>19</position>
                <quantity>27.677</quantity>
              </Point>
              <Point>
                <position>20</position>
                <quantity>19.485</quantity>
              </Point>
              <Point>
                <position>21</position>
                <quantity>11.569</quantity>
              </Point>
              <Point>
                <position>22</position>
                <quantity>0.722</quantity>
              </Point>
              <Point>
                <position>23</position>
                <quantity>10.956</quantity>
              </Point>
              <Point>
                <position>24</position>
                <quantity>7.478</quantity>
              </Point>
              <Point>
                <position>25</position>
                <quantity>31.293</quantity>
              </Point>
              <Point>
                <position>26</position>
                <quantity>39.623</quantity>
              </Point>
              <Point>
                <position>27</position>
                <quantity>77.45</quantity>
              </Point>
              <Point>
                <position>28</position>
                <quantity>59.017</quantity>
              </Point>
              <Point>
                <position>29</position>
                <quantity>53.011</quantity>
              </Point>
              <Point>
                <position>30</position>
                <quantity>127.199</quantity>
              </Point>
              <Point>
                <position>31</position>
                <quantity>112.874</quantity>
              </Point>
              <Point>
                <position>32</position>
                <quantity>92.086</quantity>
              </Point>
              <Point>
                <position>33</position>
                <quantity>43.137</quantity>
              </Point>
              <Point>
                <position>34</position>
                <quantity>55.96</quantity>
              </Point>
              <Point>
                <position>35</position>
                <quantity>33.738</quantity>
              </Point>
              <Point>
                <position>36</position>
                <quantity>69.564</quantity>
              </Point>
              <Point>
                <position>37</position>
                <quantity>61.603</quantity>
              </Point>
              <Point>
                <position>38</position>
                <quantity>74.453</quantity>
              </Point>
              <Point>
                <position>39</position>
                <quantity>106.606</quantity>
              </Point>
              <Point>
                <position>40</position>
                <quantity>53.94</quantity>
              </Point>
              <Point>
                <position>41</position>
                <quantity>66.21</quantity>
              </Point>
              <Point>
                <position>42</position>
                <quantity>42.045</quantity>
              </Point>
              <Point>
                <position>43</position>
                <quantity>15.432</quantity>
              </Point>
              <Point>
                <position>44</position>
                <quantity>15.466</quantity>
              </Point>
              <Point>
                <position>45</position>
                <quantity>51.356</quantity>
              </Point>
              <Point>
                <position>46</position>
                <quantity>46.283</quantity>
              </Point>
              <Point>
                <position>47</position>
                <quantity>4.207</quantity>
              </Point>
          </Period>
          <Period>
            <timeInterval>
              <start>2025-12-04T01:00Z</start>
              <end>2025-12-04T02:30Z</end>
            </timeInterval>
            <resolution>PT15M</resolution>
              <Point>
                <position>1</position>
                <quantity>62.284</quantity>
              </Point>
              <Point>
                <position>2</position>
                <quantity>78.14</quantity>
              </Point>
              <Point>
                <position>3</position>
                <quantity>41.548</quantity>
              </Point>
              <Point>
                <position>4</position>
                <quantity>4.256</quantity>
              </Point>
              <Point>
                <position>5</position>
                <quantity>42.023</quantity>
              </Point>
              <Point>
                <position>6</position>
                <quantity>22.732</quantity>
              </Point>
          </Period>
          <Period>
            <timeInterval>
              <start>2025-12-04T02:45Z</start>
              <end>2025-12-04T03:30Z</end>
            </timeInterval>
            <resolution>PT15M</resolution>
              <Point>
                <position>1</position>
                <quantity>6.237</quantity>
              </Point>
              <Point>
                <position>2</position>
                <quantity>10.113</quantity>
              </Point>
              <Point>
                <position>3</position>
                <quantity>12.828</quantity>
              </Point>
          </Period>
          <Period>
            <timeInterval>
              <start>2025-12-04T03:45Z</start>
              <end>2025-12-04T04:30Z</end>
            </timeInterval>
            <resolution>PT15M</resolution>
              <Point>
                <position>1</position>
                <quantity>13.61</quantity>
              </Point>
              <Point>
                <position>2</position>
                <quantity>26.856</quantity>
              </Point>
              <Point>
                <position>3</position>
                <quantity>12.287</quantity>
              </Point>
          </Period>
          <Period>
            <timeInterval>
              <start>2025-12-04T04:45Z</start>
              <end>2025-12-04T09:00Z</end>
            </timeInterval>
            <resolution>PT15M</resolution>
              <Point>
                <position>1</position>
                <quantity>21.539</quantity>
              </Point>
              <Point>
                <position>2</position>
                <quantity>150.373</quantity>
              </Point>
              <Point>
                <position>3</position>
                <quantity>61.698</quantity>
              </Point>
              <Point>
                <position>4</position>
                <quantity>79.322</quantity>
              </Point>
              <Point>
                <position>5</position>
                <quantity>48.257</quantity>
              </Point>
              <Point>
                <position>6</position>
                <quantity>50.043</quantity>
              </Point>
              <Point>
                <position>7</position>
                <quantity>10.933</quantity>
              </Point>
              <Point>
                <position>8</position>
                <quantity>9.093</quantity>
              </Point>
              <Point>
                <position>9</position>
                <quantity>15.567</quantity>
              </Point>
              <Point>
                <position>10</position>
                <quantity>2.346</quantity>
              </Point>
              <Point>
                <position>11</position>
                <quantity>16.513</quantity>
              </Point>
              <Point>
                <position>12</position>
                <quantity>28.984</quantity>
              </Point>
              <Point>
                <position>13</position>
                <quantity>60.31</quantity>
              </Point>
              <Point>
                <position>14</position>
                <quantity>42.617</quantity>
              </Point>
              <Point>
                <position>15</position>
                <quantity>74.966</quantity>
              </Point>
              <Point>
                <position>16</position>
                <quantity>125.633</quantity>
              </Point>
              <Point>
                <position>17</position>
                <quantity>142.332</quantity>
              </Point>
          </Period>
      </TimeSeries>
      <TimeSeries>
        <mRID>2</mRID>
        <businessType>A19</businessType>
        <flowDirection.direction>A02</flowDirection.direction>
        <quantity_Measure_Unit.name>MWH</quantity_Measure_Unit.name>
        <curveType>A03</curveType>
          <Period>
            <timeInterval>
              <start>2025-12-03T10:15Z</start>
              <end>2025-12-03T10:30Z</end>
            </timeInterval>
            <resolution>PT15M</resolution>
              <Point>
                <position>1</position>
                <quantity>22.977</quantity>
              </Point>
          </Period>
          <Period>
            <timeInterval>
              <start>2025-12-03T10:45Z</start>
              <end>2025-12-03T13:00Z</end>
            </timeInterval>
            <resolution>PT15M</resolution>
              <Point>
                <position>1</position>
                <quantity>35.92</quantity>
              </Point>
              <Point>
                <position>2</position>
                <quantity>6.93</quantity>
              </Point>
              <Point>
                <position>3</position>
                <quantity>27.759</quantity>
              </Point>
              <Point>
                <position>4</position>
                <quantity>16.579</quantity>
              </Point>
              <Point>
                <position>5</position>
                <quantity>26.144</quantity>
              </Point>
              <Point>
                <position>6</position>
                <quantity>35.401</quantity>
              </Point>
              <Point>
                <position>7</position>
                <quantity>42.628</quantity>
              </Point>
              <Point>
                <position>8</position>
                <quantity>24.541</quantity>
              </Point>
              <Point>
                <position>9</position>
                <quantity>12.552</quantity>
              </Point>
          </Period>
          <Period>
            <timeInterval>
              <start>2025-12-04T00:45Z</start>
              <end>2025-12-04T01:00Z</end>
            </timeInterval>
            <resolution>PT15M</resolution>
              <Point>
                <position>1</position>
                <quantity>2.242</quantity>
              </Point>
          </Period>
          <Period>
            <timeInterval>
              <start>2025-12-04T02:30Z</start>
              <end>2025-12-04T02:45Z</end>
            </timeInterval>
            <resolution>PT15M</resolution>
              <Point>
                <position>1</position>
                <quantity>10.649</quantity>
              </Point>
          </Period>
          <Period>
            <timeInterval>
              <start>2025-12-04T03:30Z</start>
              <end>2025-12-04T03:45Z</end>
            </timeInterval>
            <resolution>PT15M</resolution>
              <Point>
                <position>1</position>
                <quantity>22.138</quantity>
              </Point>
          </Period>
          <Period>
            <timeInterval>
              <start>2025-12-04T04:30Z</start>
              <end>2025-12-04T04:45Z</end>
            </timeInterval>
            <resolution>PT15M</resolution>
              <Point>
                <position>1</position>
                <quantity>5.929</quantity>
              </Point>
          </Period>
      </TimeSeries>
  </Balancing_MarketDocument>