<?xml version="1.0" encoding="UTF-8"?>
<Balancing_MarketDocument xmlns="urn:iec62325.351:tc57wg16:451-6:balancingdocument:3:0">
	<mRID>aae905d48df9445e940bae07f5264b2f</mRID>
	<revisionNumber>1</revisionNumber>
	<type>A86</type>
	<process.processType>A16</process.processType>
	<sender_MarketParticipant.mRID codingScheme="A01">10X1001A1001A450</sender_MarketParticipant.mRID>
	<sender_MarketParticipant.marketRole.type>A32</sender_MarketParticipant.marketRole.type>
	<receiver_MarketParticipant.mRID codingScheme="A01">10X1001A1001A450</receiver_MarketParticipant.mRID>
	<receiver_MarketParticipant.marketRole.type>A33</receiver_MarketParticipant.marketRole.type>
	<createdDateTime>2025-05-30T04:48:38Z</createdDateTime>
	<docStatus><value>X01</value></docStatus>
	<controlArea_Domain.mRID codingScheme="A01">10YRO-TEL------P</controlArea_Domain.mRID>
	<period.timeInterval>
		<start>2025-05-28T23:00Z</start>
		<end>2025-05-30T04:30Z</end>
	</period.timeInterval>
	<TimeSeries>
		<mRID>1</mRID>
		<businessType>A19</businessType>
		<flowDirection.direction>A02</flowDirection.direction>
		<quantity_Measure_Unit.name>MWH</quantity_Measure_Unit.name>
		<curveType>A01</curveType>
		<Period>
			<timeInterval>
				<start>2025-05-28T23:00Z</start>
				<end>2025-05-29T00:00Z</end>
			</timeInterval>
			<resolution>PT15M</resolution>
			<Point>
				<position>1</position>
				<quantity>40</quantity>
			</Point>
			<Point>
				<position>2</position>
				<quantity>34</quantity>
			</Point>
			<Point>
				<position>3</position>
				<quantity>12</quantity>
			</Point>
			<Point>
				<position>4</position>
				<quantity>4</quantity>
			</Point>
		</Period>
		<Period>
			<timeInterval>
				<start>2025-05-29T00:15Z</start>
				<end>2025-05-29T03:45Z</end>
			</timeInterval>
			<resolution>PT15M</resolution>
			<Point>
				<position>1</position>
				<quantity>20</quantity>
			</Point>
			<Point>
				<position>2</position>
				<quantity>30</quantity>
			</Point>
			<Point>
				<position>3</position>
				<quantity>58</quantity>
			</Point>
			<Point>
				<position>4</position>
				<quantity>23</quantity>
			</Point>
			<Point>
				<position>5</position>
				<quantity>27</quantity>
			</Point>
			<Point>
				<position>6</position>
				<quantity>62</quantity>
			</Point>
			<Point>
				<position>7</position>
				<quantity>85</quantity>
			</Point>
			<Point>
				<position>8</position>
				<quantity>34</quantity>
			</Point>
			<Point>
				<position>9</position>
				<quantity>47</quantity>
			</Point>
			<Point>
				<position>10</position>
				<quantity>33</quantity>
			</Point>
			<Point>
				<position>11</position>
				<quantity>67</quantity>
			</Point>
			<Point>
				<position>12</position>
				<quantity>7</quantity>
			</Point>
			<Point>
				<position>13</position>
				<quantity>4</quantity>
			</Point>
			<Point>
				<position>14</position>
				<quantity>5</quantity>
			</Point>
		</Period>
		<Period>
			<timeInterval>
				<start>2025-05-29T06:45Z</start>
				<end>2025-05-29T08:45Z</end>
			</timeInterval>
			<resolution>PT15M</resolution>
			<Point>
				<position>1</position>
				<quantity>51</quantity>
			</Point>
			<Point>
				<position>2</position>
				<quantity>159</quantity>
			</Point>
			<Point>
				<position>3</position>
				<quantity>106</quantity>
			</Point>
			<Point>
				<position>4</position>
				<quantity>59</quantity>
			</Point>
			<Point>
				<position>5</position>
				<quantity>32</quantity>
			</Point>
			<Point>
				<position>6</position>
				<quantity>76</quantity>
			</Point>
			<Point>
				<position>7</position>
				<quantity>19</quantity>
			</Point>
			<Point>
				<position>8</position>
				<quantity>1</quantity>
			</Point>
		</Period>
		<Period>
			<timeInterval>
				<start>2025-05-29T12:00Z</start>
				<end>2025-05-29T12:30Z</end>
			</timeInterval>
			<resolution>PT15M</resolution>
			<Point>
				<position>1</position>
				<quantity>10</quantity>
			</Point>
			<Point>
				<position>2</position>
				<quantity>11</quantity>
			</Point>
		</Period>
		<Period>
			<timeInterval>
				<start>2025-05-29T14:45Z</start>
				<end>2025-05-29T15:00Z</end>
			</timeInterval>
			<resolution>PT15M</resolution>
			<Point>
				<position>1</position>
				<quantity>3</quantity>
			</Point>
		</Period>
		<Period>
			<timeInterval>
				<start>2025-05-29T15:30Z</start>
				<end>2025-05-29T16:00Z</end>
			</timeInterval>
			<resolution>PT15M</resolution>
			<Point>
				<position>1</position>
				<quantity>7</quantity>
			</Point>
			<Point>
				<position>2</position>
				<quantity>38</quantity>
			</Point>
		</Period>
		<Period>
			<timeInterval>
				<start>2025-05-29T18:00Z</start>
				<end>2025-05-29T18:45Z</end>
			</timeInterval>
			<resolution>PT15M</resolution>
			<Point>
				<position>1</position>
				<quantity>44</quantity>
			</Point>
			<Point>
				<position>2</position>
				<quantity>20</quantity>
			</Point>
			<Point>
				<position>3</position>
				<quantity>25</quantity>
			</Point>
		</Period>
		<Period>
			<timeInterval>
				<start>2025-05-29T19:00Z</start>
				<end>2025-05-29T23:30Z</end>
			</timeInterval>
			<resolution>PT15M</resolution>
			<Point>
				<position>1</position>
				<quantity>78</quantity>
			</Point>
			<Point>
				<position>2</position>
				<quantity>61</quantity>
			</Point>
			<Point>
				<position>3</position>
				<quantity>43</quantity>
			</Point>
			<Point>
				<position>4</position>
				<quantity>41</quantity>
			</Point>
			<Point>
				<position>5</position>
				<quantity>45</quantity>
			</Point>
			<Point>
				<position>6</position>
				<quantity>41</quantity>
			</Point>
			<Point>
				<position>7</position>
				<quantity>23</quantity>
			</Point>
			<Point>
				<position>8</position>
				<quantity>13</quantity>
			</Point>
			<Point>
				<position>9</position>
				<quantity>18</quantity>
			</Point>
			<Point>
				<position>10</position>
				<quantity>51</quantity>
			</Point>
			<Point>
				<position>11</position>
				<quantity>38</quantity>
			</Point>
			<Point>
				<position>12</position>
				<quantity>38</quantity>
			</Point>
			<Point>
				<position>13</position>
				<quantity>32</quantity>
			</Point>
			<Point>
				<position>14</position>
				<quantity>40</quantity>
			</Point>
			<Point>
				<position>15</position>
				<quantity>30</quantity>
			</Point>
			<Point>
				<position>16</position>
				<quantity>3</quantity>
			</Point>
			<Point>
				<position>17</position>
				<quantity>16</quantity>
			</Point>
			<Point>
				<position>18</position>
				<quantity>4</quantity>
			</Point>
		</Period>
	</TimeSeries>
	<TimeSeries>
		<mRID>2</mRID>
		<businessType>A19</businessType>
		<flowDirection.direction>A01</flowDirection.direction>
		<quantity_Measure_Unit.name>MWH</quantity_Measure_Unit.name>
		<curveType>A01</curveType>
		<Period>
			<timeInterval>
				<start>2025-05-29T00:00Z</start>
				<end>2025-05-29T00:15Z</end>
			</timeInterval>
			<resolution>PT15M</resolution>
			<Point>
				<position>1</position>
				<quantity>19</quantity>
			</Point>
		</Period>
		<Period>
			<timeInterval>
				<start>2025-05-29T03:45Z</start>
				<end>2025-05-29T06:45Z</end>
			</timeInterval>
			<resolution>PT15M</resolution>
			<Point>
				<position>1</position>
				<quantity>24</quantity>
			</Point>
			<Point>
				<position>2</position>
				<quantity>43</quantity>
			</Point>
			<Point>
				<position>3</position>
				<quantity>33</quantity>
			</Point>
			<Point>
				<position>4</position>
				<quantity>71</quantity>
			</Point>
			<Point>
				<position>5</position>
				<quantity>59</quantity>
			</Point>
			<Point>
				<position>6</position>
				<quantity>67</quantity>
			</Point>
			<Point>
				<position>7</position>
				<quantity>35</quantity>
			</Point>
			<Point>
				<position>8</position>
				<quantity>62</quantity>
			</Point>
			<Point>
				<position>9</position>
				<quantity>71</quantity>
			</Point>
			<Point>
				<position>10</position>
				<quantity>147</quantity>
			</Point>
			<Point>
				<position>11</position>
				<quantity>87</quantity>
			</Point>
			<Point>
				<position>12</position>
				<quantity>18</quantity>
			</Point>
		</Period>
		<Period>
			<timeInterval>
				<start>2025-05-29T08:45Z</start>
				<end>2025-05-29T12:00Z</end>
			</timeInterval>
			<resolution>PT15M</resolution>
			<Point>
				<position>1</position>
				<quantity>4</quantity>
			</Point>
			<Point>
				<position>2</position>
				<quantity>33</quantity>
			</Point>
			<Point>
				<position>3</position>
				<quantity>21</quantity>
			</Point>
			<Point>
				<position>4</position>
				<quantity>104</quantity>
			</Point>
			<Point>
				<position>5</position>
				<quantity>125</quantity>
			</Point>
			<Point>
				<position>6</position>
				<quantity>92</quantity>
			</Point>
			<Point>
				<position>7</position>
				<quantity>124</quantity>
			</Point>
			<Point>
				<position>8</position>
				<quantity>140</quantity>
			</Point>
			<Point>
				<position>9</position>
				<quantity>113</quantity>
			</Point>
			<Point>
				<position>10</position>
				<quantity>38</quantity>
			</Point>
			<Point>
				<position>11</position>
				<quantity>25</quantity>
			</Point>
			<Point>
				<position>12</position>
				<quantity>89</quantity>
			</Point>
			<Point>
				<position>13</position>
				<quantity>48</quantity>
			</Point>
		</Period>
		<Period>
			<timeInterval>
				<start>2025-05-29T12:30Z</start>
				<end>2025-05-29T14:45Z</end>
			</timeInterval>
			<resolution>PT15M</resolution>
			<Point>
				<position>1</position>
				<quantity>25</quantity>
			</Point>
			<Point>
				<position>2</position>
				<quantity>53</quantity>
			</Point>
			<Point>
				<position>3</position>
				<quantity>100</quantity>
			</Point>
			<Point>
				<position>4</position>
				<quantity>73</quantity>
			</Point>
			<Point>
				<position>5</position>
				<quantity>92</quantity>
			</Point>
			<Point>
				<position>6</position>
				<quantity>57</quantity>
			</Point>
			<Point>
				<position>7</position>
				<quantity>22</quantity>
			</Point>
			<Point>
				<position>8</position>
				<quantity>8</quantity>
			</Point>
			<Point>
				<position>9</position>
				<quantity>16</quantity>
			</Point>
		</Period>
		<Period>
			<timeInterval>
				<start>2025-05-29T15:00Z</start>
				<end>2025-05-29T15:30Z</end>
			</timeInterval>
			<resolution>PT15M</resolution>
			<Point>
				<position>1</position>
				<quantity>17</quantity>
			</Point>
			<Point>
				<position>2</position>
				<quantity>14</quantity>
			</Point>
		</Period>
		<Period>
			<timeInterval>
				<start>2025-05-29T16:00Z</start>
				<end>2025-05-29T18:00Z</end>
			</timeInterval>
			<resolution>PT15M</resolution>
			<Point>
				<position>1</position>
				<quantity>26</quantity>
			</Point>
			<Point>
				<position>2</position>
				<quantity>17</quantity>
			</Point>
			<Point>
				<position>3</position>
				<quantity>24</quantity>
			</Point>
			<Point>
				<position>4</position>
				<quantity>25</quantity>
			</Point>
			<Point>
				<position>5</position>
				<quantity>75</quantity>
			</Point>
			<Point>
				<position>6</position>
				<quantity>111</quantity>
			</Point>
			<Point>
				<position>7</position>
				<quantity>41</quantity>
			</Point>
			<Point>
				<position>8</position>
				<quantity>5</quantity>
			</Point>
		</Period>
		<Period>
			<timeInterval>
				<start>2025-05-29T18:45Z</start>
				<end>2025-05-29T19:00Z</end>
			</timeInterval>
			<resolution>PT15M</resolution>
			<Point>
				<position>1</position>
				<quantity>7</quantity>
			</Point>
		</Period>
		<Period>
			<timeInterval>
				<start>2025-05-29T23:30Z</start>
				<end>2025-05-30T00:15Z</end>
			</timeInterval>
			<resolution>PT15M</resolution>
			<Point>
				<position>1</position>
				<quantity>22</quantity>
			</Point>
			<Point>
				<position>2</position>
				<quantity>63</quantity>
			</Point>
			<Point>
				<position>3</position>
				<quantity>58</quantity>
			</Point>
		</Period>
	</TimeSeries>
	<TimeSeries>
		<mRID>3</mRID>
		<businessType>A19</businessType>
		<flowDirection.direction>A01</flowDirection.direction>
		<quantity_Measure_Unit.name>MWH</quantity_Measure_Unit.name>
		<curveType>A01</curveType>
		<Period>
			<timeInterval>
				<start>2025-05-30T01:45Z</start>
				<end>2025-05-30T03:15Z</end>
			</timeInterval>
			<resolution>PT15M</resolution>
			<Point>
				<position>1</position>
				<quantity>82</quantity>
			</Point>
			<Point>
				<position>2</position>
				<quantity>47</quantity>
			</Point>
			<Point>
				<position>3</position>
				<quantity>55</quantity>
			</Point>
			<Point>
				<position>4</position>
				<quantity>54</quantity>
			</Point>
			<Point>
				<position>5</position>
				<quantity>45</quantity>
			</Point>
			<Point>
				<position>6</position>
				<quantity>6</quantity>
			</Point>
		</Period>
	</TimeSeries>
	<TimeSeries>
		<mRID>4</mRID>
		<businessType>A19</businessType>
		<flowDirection.direction>A02</flowDirection.direction>
		<quantity_Measure_Unit.name>MWH</quantity_Measure_Unit.name>
		<curveType>A01</curveType>
		<Period>
			<timeInterval>
				<start>2025-05-30T03:15Z</start>
				<end>2025-05-30T04:30Z</end>
			</timeInterval>
			<resolution>PT15M</resolution>
			<Point>
				<position>1</position>
				<quantity>22</quantity>
			</Point>
			<Point>
				<position>2</position>
				<quantity>3</quantity>
			</Point>
			<Point>
				<position>3</position>
				<quantity>26</quantity>
			</Point>
			<Point>
				<position>4</position>
				<quantity>32</quantity>
			</Point>
			<Point>
				<position>5</position>
				<quantity>49</quantity>
			</Point>
		</Period>
	</TimeSeries>
</Balancing_MarketDocument>
