<?xml version="1.0" encoding="UTF-8"?>
  <Balancing_MarketDocument xmlns="urn:iec62325.351:tc57wg16:451-6:balancingdocument:3:0">
    <mRID>8b50a0025d3f4b4a9087d02001a4e9d0</mRID>
    <revisionNumber>1</revisionNumber>
    <type>A86</type>
    <process.processType>A16</process.processType>
    <sender_MarketParticipant.mRID codingScheme="A01">10X1001A1001A450</sender_MarketParticipant.mRID>
    <sender_MarketParticipant.marketRole.type>A32</sender_MarketParticipant.marketRole.type>
    <receiver_MarketParticipant.mRID codingScheme="A01">10X1001A1001A450</receiver_MarketParticipant.mRID>
    <receiver_MarketParticipant.marketRole.type>A33</receiver_MarketParticipant.marketRole.type>
    <createdDateTime>2026-01-22T06:41:52Z</createdDateTime>
    <controlArea_Domain.mRID codingScheme="A01">10YRO-TEL------P</controlArea_Domain.mRID>
    <period.timeInterval>
      <start>2026-01-20T23:00Z</start>
      <end>2026-01-22T06:30Z</end>
    </period.timeInterval>
      <TimeSeries>
        <mRID>1</mRID>
        <businessType>A19</businessType>
        <flowDirection.direction>A01</flowDirection.direction>
        <quantity_Measure_Unit.name>MWH</quantity_Measure_Unit.name>
        <curveType>A03</curveType>
          <Period>
            <timeInterval>
              <start>2026-01-20T23:00Z</start>
              <end>2026-01-20T23:15Z</end>
            </timeInterval>
            <resolution>PT15M</resolution>
              <Point>
                <position>1</position>
                <quantity>24.757</quantity>
              </Point>
          </Period>
          <Period>
            <timeInterval>
              <start>2026-01-20T23:30Z</start>
              <end>2026-01-21T00:00Z</end>
            </timeInterval>
            <resolution>PT15M</resolution>
              <Point>
                <position>1</position>
                <quantity>4.873</quantity>
              </Point>
              <Point>
                <position>2</position>
                <quantity>2.536</quantity>
              </Point>
          </Period>
          <Period>
            <timeInterval>
              <start>2026-01-21T00:45Z</start>
              <end>2026-01-21T01:00Z</end>
            </timeInterval>
            <resolution>PT15M</resolution>
              <Point>
                <position>1</position>
                <quantity>22.761</quantity>
              </Point>
          </Period>
          <Period>
            <timeInterval>
              <start>2026-01-21T01:15Z</start>
              <end>2026-01-21T02:15Z</end>
            </timeInterval>
            <resolution>PT15M</resolution>
              <Point>
                <position>1</position>
                <quantity>1.736</quantity>
              </Point>
              <Point>
                <position>2</position>
                <quantity>3.035</quantity>
              </Point>
              <Point>
                <position>3</position>
                <quantity>22.023</quantity>
              </Point>
              <Point>
                <position>4</position>
                <quantity>6.751</quantity>
              </Point>
          </Period>
          <Period>
            <timeInterval>
              <start>2026-01-21T03:00Z</start>
              <end>2026-01-21T04:30Z</end>
            </timeInterval>
            <resolution>PT15M</resolution>
              <Point>
                <position>1</position>
                <quantity>43.792</quantity>
              </Point>
              <Point>
                <position>2</position>
                <quantity>41.106</quantity>
              </Point>
              <Point>
                <position>3</position>
                <quantity>61.49</quantity>
              </Point>
              <Point>
                <position>4</position>
                <quantity>76.294</quantity>
              </Point>
              <Point>
                <position>5</position>
                <quantity>68.046</quantity>
              </Point>
              <Point>
                <position>6</position>
                <quantity>17.064</quantity>
              </Point>
          </Period>
          <Period>
            <timeInterval>
              <start>2026-01-21T18:45Z</start>
              <end>2026-01-21T19:00Z</end>
            </timeInterval>
            <resolution>PT15M</resolution>
              <Point>
                <position>1</position>
                <quantity>4.237</quantity>
              </Point>
          </Period>
          <Period>
            <timeInterval>
              <start>2026-01-21T19:15Z</start>
              <end>2026-01-21T22:15Z</end>
            </timeInterval>
            <resolution>PT15M</resolution>
              <Point>
                <position>1</position>
                <quantity>6.954</quantity>
              </Point>
              <Point>
                <position>2</position>
                <quantity>27.609</quantity>
              </Point>
              <Point>
                <position>3</position>
                <quantity>34.158</quantity>
              </Point>
              <Point>
                <position>4</position>
                <quantity>23.001</quantity>
              </Point>
              <Point>
                <position>5</position>
                <quantity>46.021</quantity>
              </Point>
              <Point>
                <position>6</position>
                <quantity>65.939</quantity>
              </Point>
              <Point>
                <position>7</position>
                <quantity>62.994</quantity>
              </Point>
              <Point>
                <position>8</position>
                <quantity>49.812</quantity>
              </Point>
              <Point>
                <position>9</position>
                <quantity>17.829</quantity>
              </Point>
              <Point>
                <position>10</position>
                <quantity>36.195</quantity>
              </Point>
              <Point>
                <position>11</position>
                <quantity>68.681</quantity>
              </Point>
              <Point>
                <position>12</position>
                <quantity>19.11</quantity>
              </Point>
          </Period>
          <Period>
            <timeInterval>
              <start>2026-01-21T22:30Z</start>
              <end>2026-01-21T22:45Z</end>
            </timeInterval>
            <resolution>PT15M</resolution>
              <Point>
                <position>1</position>
                <quantity>22.515</quantity>
              </Point>
          </Period>
          <Period>
            <timeInterval>
              <start>2026-01-22T01:15Z</start>
              <end>2026-01-22T04:15Z</end>
            </timeInterval>
            <resolution>PT15M</resolution>
              <Point>
                <position>1</position>
                <quantity>30.005</quantity>
              </Point>
              <Point>
                <position>2</position>
                <quantity>51.522</quantity>
              </Point>
              <Point>
                <position>3</position>
                <quantity>34.545</quantity>
              </Point>
              <Point>
                <position>4</position>
                <quantity>56.145</quantity>
              </Point>
              <Point>
                <position>5</position>
                <quantity>69.55</quantity>
              </Point>
              <Point>
                <position>6</position>
                <quantity>64.577</quantity>
              </Point>
              <Point>
                <position>7</position>
                <quantity>62.409</quantity>
              </Point>
              <Point>
                <position>8</position>
                <quantity>94.916</quantity>
              </Point>
              <Point>
                <position>9</position>
                <quantity>98.155</quantity>
              </Point>
              <Point>
                <position>10</position>
                <quantity>90.875</quantity>
              </Point>
              <Point>
                <position>11</position>
                <quantity>61.886</quantity>
              </Point>
              <Point>
                <position>12</position>
                <quantity>22.697</quantity>
              </Point>
          </Period>
          <Period>
            <timeInterval>
              <start>2026-01-22T05:00Z</start>
              <end>2026-01-22T06:30Z</end>
            </timeInterval>
            <resolution>PT15M</resolution>
              <Point>
                <position>1</position>
                <quantity>110.432</quantity>
              </Point>
              <Point>
                <position>2</position>
                <quantity>61.51</quantity>
              </Point>
              <Point>
                <position>3</position>
                <quantity>56.19</quantity>
              </Point>
              <Point>
                <position>4</position>
                <quantity>46.791</quantity>
              </Point>
              <Point>
                <position>5</position>
                <quantity>84.39</quantity>
              </Point>
              <Point>
                <position>6</position>
                <quantity>49.764</quantity>
              </Point>
          </Period>
      </TimeSeries>
      <TimeSeries>
        <mRID>2</mRID>
        <businessType>A19</businessType>
        <flowDirection.direction>A02</flowDirection.direction>
        <quantity_Measure_Unit.name>MWH</quantity_Measure_Unit.name>
        <curveType>A03</curveType>
          <Period>
            <timeInterval>
              <start>2026-01-20T23:15Z</start>
              <end>2026-01-20T23:30Z</end>
            </timeInterval>
            <resolution>PT15M</resolution>
              <Point>
                <position>1</position>
                <quantity>8.465</quantity>
              </Point>
          </Period>
          <Period>
            <timeInterval>
              <start>2026-01-21T00:00Z</start>
              <end>2026-01-21T00:45Z</end>
            </timeInterval>
            <resolution>PT15M</resolution>
              <Point>
                <position>1</position>
                <quantity>14.652</quantity>
              </Point>
              <Point>
                <position>2</position>
                <quantity>20.606</quantity>
              </Point>
              <Point>
                <position>3</position>
                <quantity>6.118</quantity>
              </Point>
          </Period>
          <Period>
            <timeInterval>
              <start>2026-01-21T01:00Z</start>
              <end>2026-01-21T01:15Z</end>
            </timeInterval>
            <resolution>PT15M</resolution>
              <Point>
                <position>1</position>
                <quantity>20.258</quantity>
              </Point>
          </Period>
          <Period>
            <timeInterval>
              <start>2026-01-21T02:15Z</start>
              <end>2026-01-21T03:00Z</end>
            </timeInterval>
            <resolution>PT15M</resolution>
              <Point>
                <position>1</position>
                <quantity>14.228</quantity>
              </Point>
              <Point>
                <position>2</position>
                <quantity>25.297</quantity>
              </Point>
              <Point>
                <position>3</position>
                <quantity>8.134</quantity>
              </Point>
          </Period>
          <Period>
            <timeInterval>
              <start>2026-01-21T04:30Z</start>
              <end>2026-01-21T18:45Z</end>
            </timeInterval>
            <resolution>PT15M</resolution>
              <Point>
                <position>1</position>
                <quantity>9.508</quantity>
              </Point>
              <Point>
                <position>2</position>
                <quantity>62.671</quantity>
              </Point>
              <Point>
                <position>3</position>
                <quantity>30.159</quantity>
              </Point>
              <Point>
                <position>4</position>
                <quantity>33.3</quantity>
              </Point>
              <Point>
                <position>5</position>
                <quantity>33.196</quantity>
              </Point>
              <Point>
                <position>6</position>
                <quantity>15.978</quantity>
              </Point>
              <Point>
                <position>7</position>
                <quantity>45.328</quantity>
              </Point>
              <Point>
                <position>8</position>
                <quantity>80.421</quantity>
              </Point>
              <Point>
                <position>9</position>
                <quantity>78.602</quantity>
              </Point>
              <Point>
                <position>10</position>
                <quantity>86.508</quantity>
              </Point>
              <Point>
                <position>11</position>
                <quantity>113.872</quantity>
              </Point>
              <Point>
                <position>12</position>
                <quantity>154.93</quantity>
              </Point>
              <Point>
                <position>13</position>
                <quantity>155.314</quantity>
              </Point>
              <Point>
                <position>14</position>
                <quantity>195.872</quantity>
              </Point>
              <Point>
                <position>15</position>
                <quantity>271.149</quantity>
              </Point>
              <Point>
                <position>16</position>
                <quantity>309.107</quantity>
              </Point>
              <Point>
                <position>17</position>
                <quantity>323.166</quantity>
              </Point>
              <Point>
                <position>18</position>
                <quantity>338.47</quantity>
              </Point>
              <Point>
                <position>19</position>
                <quantity>47.801</quantity>
              </Point>
              <Point>
                <position>20</position>
                <quantity>207.616</quantity>
              </Point>
              <Point>
                <position>21</position>
                <quantity>174.57</quantity>
              </Point>
              <Point>
                <position>22</position>
                <quantity>116.838</quantity>
              </Point>
              <Point>
                <position>23</position>
                <quantity>132.967</quantity>
              </Point>
              <Point>
                <position>24</position>
                <quantity>69.884</quantity>
              </Point>
              <Point>
                <position>25</position>
                <quantity>172.275</quantity>
              </Point>
              <Point>
                <position>26</position>
                <quantity>149.067</quantity>
              </Point>
              <Point>
                <position>27</position>
                <quantity>127.212</quantity>
              </Point>
              <Point>
                <position>28</position>
                <quantity>179.78</quantity>
              </Point>
              <Point>
                <position>29</position>
                <quantity>181.304</quantity>
              </Point>
              <Point>
                <position>30</position>
                <quantity>199.244</quantity>
              </Point>
              <Point>
                <position>31</position>
                <quantity>225.941</quantity>
              </Point>
              <Point>
                <position>32</position>
                <quantity>229.445</quantity>
              </Point>
              <Point>
                <position>33</position>
                <quantity>186.495</quantity>
              </Point>
              <Point>
                <position>34</position>
                <quantity>158.174</quantity>
              </Point>
              <Point>
                <position>35</position>
                <quantity>107.378</quantity>
              </Point>
              <Point>
                <position>36</position>
                <quantity>179.987</quantity>
              </Point>
              <Point>
                <position>37</position>
                <quantity>131.246</quantity>
              </Point>
              <Point>
                <position>38</position>
                <quantity>165.239</quantity>
              </Point>
              <Point>
                <position>39</position>
                <quantity>134.626</quantity>
              </Point>
              <Point>
                <position>40</position>
                <quantity>162.541</quantity>
              </Point>
              <Point>
                <position>41</position>
                <quantity>98.333</quantity>
              </Point>
              <Point>
                <position>42</position>
                <quantity>116.973</quantity>
              </Point>
              <Point>
                <position>43</position>
                <quantity>72.867</quantity>
              </Point>
              <Point>
                <position>44</position>
                <quantity>67.299</quantity>
              </Point>
              <Point>
                <position>45</position>
                <quantity>68.447</quantity>
              </Point>
              <Point>
                <position>46</position>
                <quantity>83.43</quantity>
              </Point>
              <Point>
                <position>47</position>
                <quantity>97.213</quantity>
              </Point>
              <Point>
                <position>48</position>
                <quantity>117.257</quantity>
              </Point>
              <Point>
                <position>49</position>
                <quantity>117.989</quantity>
              </Point>
              <Point>
                <position>50</position>
                <quantity>135.368</quantity>
              </Point>
              <Point>
                <position>51</position>
                <quantity>149.851</quantity>
              </Point>
              <Point>
                <position>52</position>
                <quantity>144.052</quantity>
              </Point>
              <Point>
                <position>53</position>
                <quantity>112.419</quantity>
              </Point>
              <Point>
                <position>54</position>
                <quantity>72.019</quantity>
              </Point>
              <Point>
                <position>55</position>
                <quantity>52.104</quantity>
              </Point>
              <Point>
                <position>56</position>
                <quantity>51.107</quantity>
              </Point>
              <Point>
                <position>57</position>
                <quantity>52.618</quantity>
              </Point>
          </Period>
          <Period>
            <timeInterval>
              <start>2026-01-21T19:00Z</start>
              <end>2026-01-21T19:15Z</end>
            </timeInterval>
            <resolution>PT15M</resolution>
              <Point>
                <position>1</position>
                <quantity>7.617</quantity>
              </Point>
          </Period>
          <Period>
            <timeInterval>
              <start>2026-01-21T22:15Z</start>
              <end>2026-01-21T22:30Z</end>
            </timeInterval>
            <resolution>PT15M</resolution>
              <Point>
                <position>1</position>
                <quantity>17.925</quantity>
              </Point>
          </Period>
          <Period>
            <timeInterval>
              <start>2026-01-21T22:45Z</start>
              <end>2026-01-22T01:15Z</end>
            </timeInterval>
            <resolution>PT15M</resolution>
              <Point>
                <position>1</position>
                <quantity>36.328</quantity>
              </Point>
              <Point>
                <position>2</position>
                <quantity>25.021</quantity>
              </Point>
              <Point>
                <position>3</position>
                <quantity>66.719</quantity>
              </Point>
              <Point>
                <position>4</position>
                <quantity>66.31</quantity>
              </Point>
              <Point>
                <position>5</position>
                <quantity>105.653</quantity>
              </Point>
              <Point>
                <position>6</position>
                <quantity>106.025</quantity>
              </Point>
              <Point>
                <position>7</position>
                <quantity>103.062</quantity>
              </Point>
              <Point>
                <position>8</position>
                <quantity>50.081</quantity>
              </Point>
              <Point>
                <position>9</position>
                <quantity>41.33</quantity>
              </Point>
              <Point>
                <position>10</position>
                <quantity>15.25</quantity>
              </Point>
          </Period>
          <Period>
            <timeInterval>
              <start>2026-01-22T04:15Z</start>
              <end>2026-01-22T05:00Z</end>
            </timeInterval>
            <resolution>PT15M</resolution>
              <Point>
                <position>1</position>
                <quantity>27.02</quantity>
              </Point>
              <Point>
                <position>2</position>
                <quantity>6.566</quantity>
              </Point>
              <Point>
                <position>3</position>
                <quantity>2.309</quantity>
              </Point>
          </Period>
      </TimeSeries>
  </Balancing_MarketDocument>