air_temp,ghi,azimuth,cloud_opacity,dewpoint_temp,relative_humidity,zenith,period_end,period
36,720,133,10.1,7.6,17.2,37,2026-08-11T12:15:00Z,PT15M
36,725,128,6.4,7.4,17,39,2026-08-11T12:30:00Z,PT15M
37,714,123,4.5,7.4,16.8,41,2026-08-11T12:45:00Z,PT15M
37,694,119,3.1,7.2,16.5,43,2026-08-11T13:00:00Z,PT15M
37,669,115,1.9,7.1,16.4,46,2026-08-11T13:15:00Z,PT15M
37,639,112,1.2,7,16.2,48,2026-08-11T13:30:00Z,PT15M
37,601,108,1.2,6.9,16,51,2026-08-11T13:45:00Z,PT15M
37,561,105,1.4,6.8,15.9,53,2026-08-11T14:00:00Z,PT15M
37,519,102,1.5,6.7,15.8,56,2026-08-11T14:15:00Z,PT15M
37,477,99,1.5,6.6,15.8,58,2026-08-11T14:30:00Z,PT15M
37,434,96,1.4,6.5,15.8,61,2026-08-11T14:45:00Z,PT15M
37,390,93,1.3,6.4,15.7,64,2026-08-11T15:00:00Z,PT15M
36,345,91,1.1,6.4,15.8,66,2026-08-11T15:15:00Z,PT15M
36,300,88,1,6.4,16,69,2026-08-11T15:30:00Z,PT15M
36,254,86,0.8,6.3,16.2,72,2026-08-11T15:45:00Z,PT15M
36,209,83,0.5,6.3,16.4,75,2026-08-11T16:00:00Z,PT15M
35,166,81,0,6.4,17,77,2026-08-11T16:15:00Z,PT15M
34,123,78,0,6.4,18.2,80,2026-08-11T16:30:00Z,PT15M
33,84,76,0,6.6,19.4,82,2026-08-11T16:45:00Z,PT15M
32,48,73,0,6.7,20.7,85,2026-08-11T17:00:00Z,PT15M
31,19,70,0,6.8,21.9,88,2026-08-11T17:15:00Z,PT15M
30,1,68,0,6.8,23,90,2026-08-11T17:30:00Z,PT15M
30,0,65,0,7,24.2,93,2026-08-11T17:45:00Z,PT15M
29,0,63,0,7,25.4,95,2026-08-11T18:00:00Z,PT15M
28,0,60,0,7.1,26.5,97,2026-08-11T18:15:00Z,PT15M
28,0,57,0,7.1,27.3,100,2026-08-11T18:30:00Z,PT15M
27,0,54,0,7.2,28.1,102,2026-08-11T18:45:00Z,PT15M
27,0,51,0,7.2,28.9,104,2026-08-11T19:00:00Z,PT15M
26,0,48,0,7.3,29.9,106,2026-08-11T19:15:00Z,PT15M
26,0,45,0,7.5,31.1,108,2026-08-11T19:30:00Z,PT15M
26,0,42,0,7.8,32.4,110,2026-08-11T19:45:00Z,PT15M
25,0,38,0,8,33.7,112,2026-08-11T20:00:00Z,PT15M
25,0,35,0,8.1,34.7,113,2026-08-11T20:15:00Z,PT15M
24,0,31,0,8.2,35.5,115,2026-08-11T20:30:00Z,PT15M
24,0,27,0,8.2,36.3,116,2026-08-11T20:45:00Z,PT15M
24,0,24,0,8.3,37.2,117,2026-08-11T21:00:00Z,PT15M
24,0,20,0,8.3,37.7,118,2026-08-11T21:15:00Z,PT15M
23,0,16,0,8.3,38,119,2026-08-11T21:30:00Z,PT15M
23,0,11,0,8.2,38.3,120,2026-08-11T21:45:00Z,PT15M
23,0,7,0,8.2,38.6,120,2026-08-11T22:00:00Z,PT15M
23,0,3,0,8.2,38.8,120,2026-08-11T22:15:00Z,PT15M
23,0,-1,0,8.1,38.8,120,2026-08-11T22:30:00Z,PT15M
23,0,-5,0,8,38.8,120,2026-08-11T22:45:00Z,PT15M
23,0,-9,0,7.9,38.9,120,2026-08-11T23:00:00Z,PT15M
23,0,-13,0,7.9,38.9,119,2026-08-11T23:15:00Z,PT15M
23,0,-17,0,7.9,39,119,2026-08-11T23:30:00Z,PT15M
22,0,-21,0,7.8,39.2,118,2026-08-11T23:45:00Z,PT15M
22,0,-25,0,7.8,39.3,117,2026-08-12,PT15M
22,0,-29,0,7.8,39.4,115,2026-08-12T00:15:00Z,PT15M
22,0,-33,0,7.8,39.7,114,2026-08-12T00:30:00Z,PT15M
22,0,-36,0,7.7,39.9,113,2026-08-12T00:45:00Z,PT15M
22,0,-40,0,7.7,40.2,111,2026-08-12T01:00:00Z,PT15M
22,0,-43,0,7.7,40.4,109,2026-08-12T01:15:00Z,PT15M
22,0,-46,0,7.8,40.7,107,2026-08-12T01:30:00Z,PT15M
22,0,-50,0,7.9,40.9,105,2026-08-12T01:45:00Z,PT15M
22,0,-53,0,8,41.2,103,2026-08-12T02:00:00Z,PT15M
22,0,-56,0,8.2,42.3,101,2026-08-12T02:15:00Z,PT15M
21,0,-58,0,8.5,44.2,99,2026-08-12T02:30:00Z,PT15M
21,0,-61,0,8.8,46.3,96,2026-08-12T02:45:00Z,PT15M
20,0,-64,0,9.1,48.4,94,2026-08-12T03:00:00Z,PT15M
20,0,-67,0,9.5,50,92,2026-08-12T03:15:00Z,PT15M
21,6,-69,0,10,50.9,89,2026-08-12T03:30:00Z,PT15M
21,29,-72,0,10.5,51.8,86,2026-08-12T03:45:00Z,PT15M
21,59,-74,0,11,52.7,84,2026-08-12T04:00:00Z,PT15M
21,94,-77,0,11.5,53,81,2026-08-12T04:15:00Z,PT15M
22,134,-79,0,12,52.5,79,2026-08-12T04:30:00Z,PT15M
23,177,-82,0,12.5,52.1,76,2026-08-12T04:45:00Z,PT15M
24,221,-84,0,13,51.7,73,2026-08-12T05:00:00Z,PT15M
24,266,-87,0,13.2,50.6,71,2026-08-12T05:15:00Z,PT15M
25,311,-90,0,13.3,48.8,68,2026-08-12T05:30:00Z,PT15M
25,357,-92,0,13.3,47.1,65,2026-08-12T05:45:00Z,PT15M
26,402,-95,0,13.4,45.5,63,2026-08-12T06:00:00Z,PT15M
27,446,-98,0,13.3,43.8,60,2026-08-12T06:15:00Z,PT15M
27,489,-101,0,13.2,42.1,57,2026-08-12T06:30:00Z,PT15M
28,531,-104,0,13.1,40.5,55,2026-08-12T06:45:00Z,PT15M
28,572,-107,0,13,39,52,2026-08-12T07:00:00Z,PT15M
29,610,-110,0,12.8,37.4,49,2026-08-12T07:15:00Z,PT15M
29,647,-113,0,12.6,35.8,47,2026-08-12T07:30:00Z,PT15M
30,681,-117,0,12.5,34.3,45,2026-08-12T07:45:00Z,PT15M
30,713,-121,0,12.3,32.9,42,2026-08-12T08:00:00Z,PT15M
31,742,-126,0,12.1,31.5,40,2026-08-12T08:15:00Z,PT15M
31,769,-130,0,11.8,30.1,38,2026-08-12T08:30:00Z,PT15M
32,792,-135,0,11.6,28.8,36,2026-08-12T08:45:00Z,PT15M
33,813,-141,0,11.3,27.5,34,2026-08-12T09:00:00Z,PT15M
33,830,-147,0,11.1,26.4,32,2026-08-12T09:15:00Z,PT15M
33,844,-153,0,10.9,25.4,31,2026-08-12T09:30:00Z,PT15M
34,855,-160,0,10.7,24.5,30,2026-08-12T09:45:00Z,PT15M
34,862,-167,0,10.5,23.6,29,2026-08-12T10:00:00Z,PT15M
35,866,-174,0,10.4,22.9,29,2026-08-12T10:15:00Z,PT15M
35,867,178,0,10.2,22.4,29,2026-08-12T10:30:00Z,PT15M
35,863,171,0,10.2,21.9,29,2026-08-12T10:45:00Z,PT15M
36,857,163,0,10,21.4,30,2026-08-12T11:00:00Z,PT15M
36,847,156,0,10,21,31,2026-08-12T11:15:00Z,PT15M
36,834,150,0,9.9,20.7,32,2026-08-12T11:30:00Z,PT15M
36,818,144,0,9.9,20.4,33,2026-08-12T11:45:00Z,PT15M
36,799,138,0,9.8,20.2,35,2026-08-12T12:00:00Z,PT15M
36,776,133,0,9.8,20,37,2026-08-12T12:15:00Z,PT15M
36,750,128,0,9.8,19.9,39,2026-08-12T12:30:00Z,PT15M
37,722,123,0,9.7,19.8,41,2026-08-12T12:45:00Z,PT15M
37,691,119,0,9.7,19.6,43,2026-08-12T13:00:00Z,PT15M
37,657,115,0,9.7,19.6,46,2026-08-12T13:15:00Z,PT15M
37,622,112,0,9.7,19.7,48,2026-08-12T13:30:00Z,PT15M
37,584,108,0,9.7,19.7,51,2026-08-12T13:45:00Z,PT15M
36,544,105,0,9.7,19.8,53,2026-08-12T14:00:00Z,PT15M
36,503,102,0,9.7,19.9,56,2026-08-12T14:15:00Z,PT15M
36,460,99,0,9.7,20.1,59,2026-08-12T14:30:00Z,PT15M
36,415,96,0,9.6,20.3,61,2026-08-12T14:45:00Z,PT15M
36,370,94,0,9.6,20.5,64,2026-08-12T15:00:00Z,PT15M
35,325,91,0,9.6,20.8,67,2026-08-12T15:15:00Z,PT15M
35,279,88,0,9.6,21.2,69,2026-08-12T15:30:00Z,PT15M
35,234,86,0,9.7,21.6,72,2026-08-12T15:45:00Z,PT15M
35,190,83,0,9.7,22,75,2026-08-12T16:00:00Z,PT15M
34,147,81,0,9.9,22.9,77,2026-08-12T16:15:00Z,PT15M
33,107,78,0,10.2,24.3,80,2026-08-12T16:30:00Z,PT15M
33,71,76,0,10.5,25.7,83,2026-08-12T16:45:00Z,PT15M
32,39,73,0,10.8,27.2,85,2026-08-12T17:00:00Z,PT15M
31,15,71,0.9,11.1,29.2,88,2026-08-12T17:15:00Z,PT15M
30,1,68,1.3,11.5,31.6,90,2026-08-12T17:30:00Z,PT15M
29,0,65,1.8,12,34.2,93,2026-08-12T17:45:00Z,PT15M
28,0,63,2.2,12.4,37.1,95,2026-08-12T18:00:00Z,PT15M
28,0,60,2.4,12.7,39.5,98,2026-08-12T18:15:00Z,PT15M
27,0,57,2.4,12.9,41.4,100,2026-08-12T18:30:00Z,PT15M
27,0,54,2.4,13.2,43.4,102,2026-08-12T18:45:00Z,PT15M
26,0,51,2.4,13.4,45.5,104,2026-08-12T19:00:00Z,PT15M
26,0,48,2.7,13.5,47.3,106,2026-08-12T19:15:00Z,PT15M
25,0,45,3.1,13.6,48.8,108,2026-08-12T19:30:00Z,PT15M
25,0,42,3.5,13.7,50.4,110,2026-08-12T19:45:00Z,PT15M
24,0,38,4,13.8,52.1,112,2026-08-12T20:00:00Z,PT15M
24,0,35,4.4,13.8,53.4,114,2026-08-12T20:15:00Z,PT15M
24,0,31,4.9,13.8,54.5,115,2026-08-12T20:30:00Z,PT15M
23,0,27,5.3,13.9,55.6,116,2026-08-12T20:45:00Z,PT15M
23,0,24,5.8,13.9,56.7,117,2026-08-12T21:00:00Z,PT15M
23,0,20,6.4,13.9,57.6,118,2026-08-12T21:15:00Z,PT15M
23,0,16,7.3,13.9,58.3,119,2026-08-12T21:30:00Z,PT15M
22,0,12,8.2,13.9,59,120,2026-08-12T21:45:00Z,PT15M
22,0,7,9,13.9,59.7,120,2026-08-12T22:00:00Z,PT15M
22,0,3,9.5,13.8,60.1,121,2026-08-12T22:15:00Z,PT15M
22,0,-1,9.5,13.6,60.2,121,2026-08-12T22:30:00Z,PT15M
22,0,-5,9.5,13.5,60.2,121,2026-08-12T22:45:00Z,PT15M
21,0,-9,9.5,13.3,60.3,120,2026-08-12T23:00:00Z,PT15M
21,0,-14,9.9,13,59.6,120,2026-08-12T23:15:00Z,PT15M
21,0,-18,10.8,12.6,58.2,119,2026-08-12T23:30:00Z,PT15M
21,0,-22,11.6,12.2,56.9,118,2026-08-12T23:45:00Z,PT15M
21,0,-25,12.5,11.8,55.6,117,2026-08-13,PT15M
21,0,-29,13.1,11.4,54.2,116,2026-08-13T00:15:00Z,PT15M
21,0,-33,13.5,10.9,52.8,114,2026-08-13T00:30:00Z,PT15M
21,0,-37,13.9,10.4,51.4,113,2026-08-13T00:45:00Z,PT15M
21,0,-40,14.4,9.9,50,111,2026-08-13T01:00:00Z,PT15M
21,0,-43,14.8,9.4,48.6,109,2026-08-13T01:15:00Z,PT15M
20,0,-47,15.2,8.6,47.2,107,2026-08-13T01:30:00Z,PT15M
20,0,-50,15.6,8,45.9,105,2026-08-13T01:45:00Z,PT15M
20,0,-53,16,7.2,44.6,103,2026-08-13T02:00:00Z,PT15M
19,0,-56,16.4,6.7,43.5,101,2026-08-13T02:15:00Z,PT15M
19,0,-59,16.9,6.3,42.7,99,2026-08-13T02:30:00Z,PT15M
19,0,-61,17.3,5.9,41.8,97,2026-08-13T02:45:00Z,PT15M
19,0,-64,17.7,5.5,41,94,2026-08-13T03:00:00Z,PT15M
19,0,-67,19.5,5.1,39.9,92,2026-08-13T03:15:00Z,PT15M
19,4,-69,22.7,4.7,38.5,89,2026-08-13T03:30:00Z,PT15M
19,19,-72,25.9,4.2,37.1,87,2026-08-13T03:45:00Z,PT15M
19,38,-75,29,3.8,35.8,84,2026-08-13T04:00:00Z,PT15M
20,61,-77,30.5,3.6,34.5,81,2026-08-13T04:15:00Z,PT15M
20,89,-80,30,3.5,33.3,79,2026-08-13T04:30:00Z,PT15M
21,119,-82,29.1,3.4,32.1,76,2026-08-13T04:45:00Z,PT15M
21,151,-85,28.9,3.3,31,74,2026-08-13T05:00:00Z,PT15M
22,182,-87,29.1,3.3,29.8,71,2026-08-13T05:15:00Z,PT15M
22,214,-90,29.2,3.3,28.6,68,2026-08-13T05:30:00Z,PT15M
23,245,-92,29.3,3.2,27.5,65,2026-08-13T05:45:00Z,PT15M
24,275,-95,29.8,3.2,26.5,63,2026-08-13T06:00:00Z,PT15M
24,304,-98,30.3,3.2,25.6,60,2026-08-13T06:15:00Z,PT15M
25,334,-101,30.5,3.1,24.8,57,2026-08-13T06:30:00Z,PT15M
25,362,-104,30.8,3.1,24,55,2026-08-13T06:45:00Z,PT15M
26,387,-107,31.4,3,23.3,52,2026-08-13T07:00:00Z,PT15M
26,413,-110,31.4,3,22.6,50,2026-08-13T07:15:00Z,PT15M
26,442,-114,30.8,3,22,47,2026-08-13T07:30:00Z,PT15M
27,470,-118,30.3,2.9,21.3,45,2026-08-13T07:45:00Z,PT15M
27,497,-122,29.7,2.9,20.7,42,2026-08-13T08:00:00Z,PT15M
28,526,-126,28.6,2.9,20.3,40,2026-08-13T08:15:00Z,PT15M
28,558,-131,27,3,20,38,2026-08-13T08:30:00Z,PT15M
28,587,-136,25.4,3,19.7,36,2026-08-13T08:45:00Z,PT15M
29,616,-141,23.8,3.1,19.4,34,2026-08-13T09:00:00Z,PT15M
29,635,-147,23.1,3.1,19.2,33,2026-08-13T09:15:00Z,PT15M
29,646,-153,23.1,3.2,19.1,31,2026-08-13T09:30:00Z,PT15M
29,655,-160,23,3.3,19,30,2026-08-13T09:45:00Z,PT15M
30,661,-167,23,3.4,18.9,30,2026-08-13T10:00:00Z,PT15M
30,670,-174,22.3,3.5,18.8,29,2026-08-13T10:15:00Z,PT15M
30,684,178,20.8,3.6,18.8,29,2026-08-13T10:30:00Z,PT15M
30,695,171,19.3,3.7,18.8,29,2026-08-13T10:45:00Z,PT15M
30,703,163,17.8,3.8,18.8,30,2026-08-13T11:00:00Z,PT15M
30,706,157,16.5,4,18.9,31,2026-08-13T11:15:00Z,PT15M
30,703,150,15.6,4,19,32,2026-08-13T11:30:00Z,PT15M
30,698,144,14.6,4.2,19.2,34,2026-08-13T11:45:00Z,PT15M
30,690,138,13.6,4.2,19.3,35,2026-08-13T12:00:00Z,PT15M
30,680,133,12.4,4.4,19.6,37,2026-08-13T12:15:00Z,PT15M
30,669,128,10.9,4.5,20.2,39,2026-08-13T12:30:00Z,PT15M
29,655,124,9.4,4.7,20.8,41,2026-08-13T12:45:00Z,PT15M
29,637,119,8,4.8,21.3,44,2026-08-13T13:00:00Z,PT15M
29,614,116,6.9,4.9,21.8,46,2026-08-13T13:15:00Z,PT15M
29,586,112,6.1,5,22.2,48,2026-08-13T13:30:00Z,PT15M
28,556,109,5.4,5,22.6,51,2026-08-13T13:45:00Z,PT15M
28,523,105,4.6,5.1,23,54,2026-08-13T14:00:00Z,PT15M
28,487,102,4.2,5.1,22.9,56,2026-08-13T14:15:00Z,PT15M
29,447,99,4,5,22.2,59,2026-08-13T14:30:00Z,PT15M
29,405,97,3.8,4.9,21.5,62,2026-08-13T14:45:00Z,PT15M
30,363,94,3.6,4.8,20.8,64,2026-08-13T15:00:00Z,PT15M
30,319,91,3.6,4.7,20.5,67,2026-08-13T15:15:00Z,PT15M
30,276,89,3.5,4.6,20.4,70,2026-08-13T15:30:00Z,PT15M
30,232,86,3.4,4.5,20.3,72,2026-08-13T15:45:00Z,PT15M
30,189,83,3.3,4.4,20.2,75,2026-08-13T16:00:00Z,PT15M
29,148,81,3.3,4.3,20.5,78,2026-08-13T16:15:00Z,PT15M
29,108,78,3.3,4.3,21.3,80,2026-08-13T16:30:00Z,PT15M
28,72,76,3.1,4.2,22.1,83,2026-08-13T16:45:00Z,PT15M
27,40,73,2.7,4.2,22.9,86,2026-08-13T17:00:00Z,PT15M
27,14,71,2.7,4.2,23.5,88,2026-08-13T17:15:00Z,PT15M
26,0,68,3.1,4.1,23.8,91,2026-08-13T17:30:00Z,PT15M
26,0,66,3.5,4,24.2,93,2026-08-13T17:45:00Z,PT15M
26,0,63,4,3.9,24.6,96,2026-08-13T18:00:00Z,PT15M
25,0,60,4.2,4.2,25.5,98,2026-08-13T18:15:00Z,PT15M
25,0,57,4.2,4.8,27,100,2026-08-13T18:30:00Z,PT15M
25,0,54,4.2,5.4,28.6,102,2026-08-13T18:45:00Z,PT15M
25,0,51,4.2,6,30.2,105,2026-08-13T19:00:00Z,PT15M
24,0,48,4.2,6.6,32.3,107,2026-08-13T19:15:00Z,PT15M
24,0,45,4.2,7.1,34.7,109,2026-08-13T19:30:00Z,PT15M
23,0,42,4.2,7.7,37.4,110,2026-08-13T19:45:00Z,PT15M
22,0,38,4.2,8.2,40.2,112,2026-08-13T20:00:00Z,PT15M
22,0,35,4,8.6,42.7,114,2026-08-13T20:15:00Z,PT15M
21,0,31,3.5,8.6,44.8,115,2026-08-13T20:30:00Z,PT15M
21,0,27,3.1,8.8,46.9,117,2026-08-13T20:45:00Z,PT15M
20,0,24,2.7,8.8,49.2,118,2026-08-13T21:00:00Z,PT15M
19,0,20,2.4,8.9,50.9,119,2026-08-13T21:15:00Z,PT15M
19,0,16,2.4,9,51.9,120,2026-08-13T21:30:00Z,PT15M
19,0,12,2.4,9,53,120,2026-08-13T21:45:00Z,PT15M
19,0,7,2.4,9.1,54.1,121,2026-08-13T22:00:00Z,PT15M
18,0,3,2.2,9.1,54.9,121,2026-08-13T22:15:00Z,PT15M
18,0,-1,1.8,9.1,55.4,121,2026-08-13T22:30:00Z,PT15M
18,0,-5,1.3,9,55.9,121,2026-08-13T22:45:00Z,PT15M
18,0,-10,0.9,9,56.5,120,2026-08-13T23:00:00Z,PT15M
18,0,-14,0,9,57,120,2026-08-13T23:15:00Z,PT15M
17,0,-18,0,8.9,57.5,119,2026-08-13T23:30:00Z,PT15M
17,0,-22,0,8.9,58,118,2026-08-13T23:45:00Z,PT15M
17,0,-26,0,8.8,58.6,117,2026-08-14,PT15M
17,0,-29,0,8.8,59,116,2026-08-14T00:15:00Z,PT15M
17,0,-33,0,8.7,59.4,115,2026-08-14T00:30:00Z,PT15M
17,0,-37,0,8.7,59.8,113,2026-08-14T00:45:00Z,PT15M
16,0,-40,0,8.6,60.1,111,2026-08-14T01:00:00Z,PT15M
16,0,-44,0,8.6,60.6,110,2026-08-14T01:15:00Z,PT15M
16,0,-47,0,8.6,61,108,2026-08-14T01:30:00Z,PT15M
16,0,-50,0,8.5,61.5,106,2026-08-14T01:45:00Z,PT15M
16,0,-53,0,8.5,62,104,2026-08-14T02:00:00Z,PT15M
16,0,-56,0,8.5,62.5,101,2026-08-14T02:15:00Z,PT15M
16,0,-59,0,8.5,63,99,2026-08-14T02:30:00Z,PT15M
15,0,-62,0,8.5,63.5,97,2026-08-14T02:45:00Z,PT15M
15,0,-64,0,8.5,64,94,2026-08-14T03:00:00Z,PT15M
15,0,-67,0,8.5,63.8,92,2026-08-14T03:15:00Z,PT15M
16,5,-70,0,8.4,62.9,89,2026-08-14T03:30:00Z,PT15M
16,28,-72,0,8.4,62,87,2026-08-14T03:45:00Z,PT15M
16,59,-75,0,8.3,61.1,84,2026-08-14T04:00:00Z,PT15M
16,96,-77,0,8.2,58.8,82,2026-08-14T04:15:00Z,PT15M
17,138,-80,0,8,55.2,79,2026-08-14T04:30:00Z,PT15M
18,181,-82,0,7.9,51.9,76,2026-08-14T04:45:00Z,PT15M
19,227,-85,0,7.7,48.7,74,2026-08-14T05:00:00Z,PT15M
20,273,-88,0,7.4,45.7,71,2026-08-14T05:15:00Z,PT15M
20,319,-90,0,7.2,42.7,68,2026-08-14T05:30:00Z,PT15M
21,365,-93,0,6.8,40,66,2026-08-14T05:45:00Z,PT15M
22,411,-95,0,6.6,37.4,63,2026-08-14T06:00:00Z,PT15M
22,457,-98,0,6.3,35.3,60,2026-08-14T06:15:00Z,PT15M
23,501,-101,0,6.2,33.6,58,2026-08-14T06:30:00Z,PT15M
24,544,-104,0,6.1,32,55,2026-08-14T06:45:00Z,PT15M
25,585,-107,0,6,30.4,52,2026-08-14T07:00:00Z,PT15M
25,624,-111,0,5.8,28.9,50,2026-08-14T07:15:00Z,PT15M
26,662,-114,0,5.4,27.3,47,2026-08-14T07:30:00Z,PT15M
26,697,-118,0,5.2,25.9,45,2026-08-14T07:45:00Z,PT15M
27,730,-122,0,4.9,24.5,43,2026-08-14T08:00:00Z,PT15M
27,759,-126,0,4.5,23.2,40,2026-08-14T08:15:00Z,PT15M
28,786,-131,0,4.1,22,38,2026-08-14T08:30:00Z,PT15M
28,811,-136,0,3.7,20.9,36,2026-08-14T08:45:00Z,PT15M
29,832,-141,0,3.3,19.8,35,2026-08-14T09:00:00Z,PT15M
29,849,-147,0,3,19,33,2026-08-14T09:15:00Z,PT15M
29,864,-154,0,2.8,18.4,32,2026-08-14T09:30:00Z,PT15M
30,875,-160,0,2.7,17.8,31,2026-08-14T09:45:00Z,PT15M
30,883,-167,0,2.5,17.3,30,2026-08-14T10:00:00Z,PT15M
30,887,-175,0,2.4,16.9,29,2026-08-14T10:15:00Z,PT15M
30,888,178,0,2.3,16.7,29,2026-08-14T10:30:00Z,PT15M
31,886,171,0,2.3,16.5,30,2026-08-14T10:45:00Z,PT15M
31,880,163,0,2.2,16.2,30,2026-08-14T11:00:00Z,PT15M
31,867,157,0.4,2.2,16.1,31,2026-08-14T11:15:00Z,PT15M
31,848,150,1.2,2.2,16,32,2026-08-14T11:30:00Z,PT15M
31,826,144,1.9,2.2,15.8,34,2026-08-14T11:45:00Z,PT15M
31,800,138,2.7,2.2,15.7,35,2026-08-14T12:00:00Z,PT15M
31,771,133,3.6,2.2,15.6,37,2026-08-14T12:15:00Z,PT15M
31,739,128,4.6,2.1,15.5,39,2026-08-14T12:30:00Z,PT15M
31,704,124,5.7,2.1,15.4,42,2026-08-14T12:45:00Z,PT15M
32,667,120,6.7,2,15.3,44,2026-08-14T13:00:00Z,PT15M
32,616,116,9.7,2,15.3,46,2026-08-14T13:15:00Z,PT15M
31,552,112,14.5,1.9,15.3,49,2026-08-14T13:30:00Z,PT15M
31,490,109,19.4,1.9,15.3,51,2026-08-14T13:45:00Z,PT15M
31,430,106,24.3,1.8,15.2,54,2026-08-14T14:00:00Z,PT15M
31,390,103,25.8,1.8,15.2,56,2026-08-14T14:15:00Z,PT15M
31,368,100,23.7,1.6,15.2,59,2026-08-14T14:30:00Z,PT15M
31,343,97,21.6,1.6,15.2,62,2026-08-14T14:45:00Z,PT15M
31,316,94,19.3,1.5,15.2,64,2026-08-14T15:00:00Z,PT15M
31,278,91,19.5,1.4,15.4,67,2026-08-14T15:15:00Z,PT15M
30,233,89,22,1.4,15.7,70,2026-08-14T15:30:00Z,PT15M
30,190,86,24.6,1.5,16,73,2026-08-14T15:45:00Z,PT15M
30,150,84,27.4,1.5,16.3,75,2026-08-14T16:00:00Z,PT15M
29,113,81,29.9,1.6,16.9,78,2026-08-14T16:15:00Z,PT15M
28,82,79,31,1.7,17.9,81,2026-08-14T16:30:00Z,PT15M
28,54,76,31.2,1.8,19,83,2026-08-14T16:45:00Z,PT15M
27,30,74,29.7,1.9,20.2,86,2026-08-14T17:00:00Z,PT15M
26,10,71,27,2.4,21.9,88,2026-08-14T17:15:00Z,PT15M
25,0,68,23.1,3.3,24.4,91,2026-08-14T17:30:00Z,PT15M
24,0,66,19.1,4.2,27.2,93,2026-08-14T17:45:00Z,PT15M
24,0,63,15,5.1,30.3,96,2026-08-14T18:00:00Z,PT15M
23,0,60,13.9,5.9,33.2,98,2026-08-14T18:15:00Z,PT15M
23,0,57,16,6.6,35.7,100,2026-08-14T18:30:00Z,PT15M
22,0,55,18.1,7.3,38.4,103,2026-08-14T18:45:00Z,PT15M
22,0,52,20.1,8,41.2,105,2026-08-14T19:00:00Z,PT15M
21,0,48,21.3,8.5,43.7,107,2026-08-14T19:15:00Z,PT15M
21,0,45,21.7,8.6,45.5,109,2026-08-14T19:30:00Z,PT15M
20,0,42,22.1,8.6,47.5,111,2026-08-14T19:45:00Z,PT15M
20,0,39,22.5,8.8,49.6,112,2026-08-14T20:00:00Z,PT15M
19,0,35,21.5,8.9,51.3,114,2026-08-14T20:15:00Z,PT15M
19,0,31,19.1,9,52.7,116,2026-08-14T20:30:00Z,PT15M
19,0,28,16.7,9.2,54.2,117,2026-08-14T20:45:00Z,PT15M
18,0,24,14.2,9.3,55.7,118,2026-08-14T21:00:00Z,PT15M
18,0,20,13.1,9.5,57.1,119,2026-08-14T21:15:00Z,PT15M
18,0,16,13.5,9.6,58.4,120,2026-08-14T21:30:00Z,PT15M
18,0,12,13.9,9.7,59.7,121,2026-08-14T21:45:00Z,PT15M
17,0,7,14.4,9.8,61.1,121,2026-08-14T22:00:00Z,PT15M
17,0,3,13.7,9.9,62.2,121,2026-08-14T22:15:00Z,PT15M
17,0,-1,12,10,63,121,2026-08-14T22:30:00Z,PT15M
17,0,-5,10.3,10,63.8,121,2026-08-14T22:45:00Z,PT15M
17,0,-10,8.6,10.1,64.6,121,2026-08-14T23:00:00Z,PT15M
17,0,-14,6.9,10.1,65.4,120,2026-08-14T23:15:00Z,PT15M
17,0,-18,5.1,10.1,66,119,2026-08-14T23:30:00Z,PT15M
16,0,-22,3.3,10.1,66.6,119,2026-08-14T23:45:00Z,PT15M
16,0,-26,1.5,10.1,67.3,118,2026-08-15,PT15M
16,0,-30,0,10.1,67.9,116,2026-08-15T00:15:00Z,PT15M
16,0,-33,0,10.1,68.6,115,2026-08-15T00:30:00Z,PT15M
16,0,-37,0,10.1,69.2,113,2026-08-15T00:45:00Z,PT15M
16,0,-40,0,10.1,69.9,112,2026-08-15T01:00:00Z,PT15M
15,0,-44,0,10.1,70.7,110,2026-08-15T01:15:00Z,PT15M
15,0,-47,0,10.1,71.6,108,2026-08-15T01:30:00Z,PT15M
15,0,-50,0,10.1,72.5,106,2026-08-15T01:45:00Z,PT15M
15,0,-53,0,10.1,73.5,104,2026-08-15T02:00:00Z,PT15M
15,0,-56,0,10.1,74.1,102,2026-08-15T02:15:00Z,PT15M
15,0,-59,0,10.1,74.5,99,2026-08-15T02:30:00Z,PT15M
15,0,-62,0,10,74.8,97,2026-08-15T02:45:00Z,PT15M
14,0,-65,0,10,75.2,95,2026-08-15T03:00:00Z,PT15M
14,0,-67,0,10,75.1,92,2026-08-15T03:15:00Z,PT15M
15,4,-70,0,10,74.5,90,2026-08-15T03:30:00Z,PT15M
15,28,-73,0,10.1,73.9,87,2026-08-15T03:45:00Z,PT15M
15,60,-75,0,10.1,73.3,84,2026-08-15T04:00:00Z,PT15M
15,99,-78,0,10.1,70.9,82,2026-08-15T04:15:00Z,PT15M
16,141,-80,0,10.1,66.9,79,2026-08-15T04:30:00Z,PT15M
17,185,-83,0,10,63.2,77,2026-08-15T04:45:00Z,PT15M
18,232,-85,0,10,59.7,74,2026-08-15T05:00:00Z,PT15M
19,278,-88,0,9.9,56.2,71,2026-08-15T05:15:00Z,PT15M
20,326,-90,0,9.7,52.7,68,2026-08-15T05:30:00Z,PT15M
20,373,-93,0,9.4,49.4,66,2026-08-15T05:45:00Z,PT15M
21,420,-96,0,9.2,46.3,63,2026-08-15T06:00:00Z,PT15M
22,465,-99,0,8.9,43.2,60,2026-08-15T06:15:00Z,PT15M
23,510,-101,0,8.4,40.1,58,2026-08-15T06:30:00Z,PT15M
23,553,-104,0,8,37.2,55,2026-08-15T06:45:00Z,PT15M
24,594,-108,0,7.5,34.5,53,2026-08-15T07:00:00Z,PT15M
25,634,-111,0,7,32.1,50,2026-08-15T07:15:00Z,PT15M
25,671,-114,0,6.5,30,48,2026-08-15T07:30:00Z,PT15M
26,707,-118,0,6,27.9,45,2026-08-15T07:45:00Z,PT15M
27,739,-122,0,5.5,26,43,2026-08-15T08:00:00Z,PT15M
27,769,-127,0,5,24.5,41,2026-08-15T08:15:00Z,PT15M
27,796,-131,0,4.6,23.3,38,2026-08-15T08:30:00Z,PT15M
28,820,-136,0,4.3,22.1,37,2026-08-15T08:45:00Z,PT15M
28,841,-142,0,3.9,21,35,2026-08-15T09:00:00Z,PT15M
29,858,-148,0,3.6,20.2,33,2026-08-15T09:15:00Z,PT15M
29,872,-154,0,3.4,19.6,32,2026-08-15T09:30:00Z,PT15M
29,883,-160,0,3.3,19.1,31,2026-08-15T09:45:00Z,PT15M
30,890,-167,0,3.1,18.6,30,2026-08-15T10:00:00Z,PT15M
30,894,-175,0,2.9,18.1,30,2026-08-15T10:15:00Z,PT15M
30,894,178,0,2.8,17.6,30,2026-08-15T10:30:00Z,PT15M
30,891,171,0,2.6,17.1,30,2026-08-15T10:45:00Z,PT15M
31,884,164,0,2.5,16.7,31,2026-08-15T11:00:00Z,PT15M
31,875,157,0,2.4,16.3,31,2026-08-15T11:15:00Z,PT15M
31,861,150,0,2.3,16.1,33,2026-08-15T11:30:00Z,PT15M
31,845,144,0,2.2,15.8,34,2026-08-15T11:45:00Z,PT15M
31,825,139,0,2.1,15.6,36,2026-08-15T12:00:00Z,PT15M
31,794,133,0.3,2.1,15.4,38,2026-08-15T12:15:00Z,PT15M
32,754,129,0.8,2.1,15.3,40,2026-08-15T12:30:00Z,PT15M
32,717,124,1.4,2.1,15.3,42,2026-08-15T12:45:00Z,PT15M
32,682,120,1.9,2.1,15.2,44,2026-08-15T13:00:00Z,PT15M
32,644,116,2.5,2.1,15.1,47,2026-08-15T13:15:00Z,PT15M
32,604,112,3.3,2.1,15.1,49,2026-08-15T13:30:00Z,PT15M
32,562,109,4.1,2.1,15,52,2026-08-15T13:45:00Z,PT15M
32,518,106,4.9,2.1,15,54,2026-08-15T14:00:00Z,PT15M
32,476,103,5.2,2.1,15,57,2026-08-15T14:15:00Z,PT15M
32,435,100,5.1,2.1,15.1,59,2026-08-15T14:30:00Z,PT15M
32,392,97,4.9,2.1,15.2,62,2026-08-15T14:45:00Z,PT15M
32,349,94,4.8,2.1,15.3,65,2026-08-15T15:00:00Z,PT15M
31,303,92,5.4,2.1,15.5,67,2026-08-15T15:15:00Z,PT15M
31,255,89,6.7,2.2,15.8,70,2026-08-15T15:30:00Z,PT15M
31,209,86,8.1,2.2,16,73,2026-08-15T15:45:00Z,PT15M
31,165,84,9.6,2.3,16.3,75,2026-08-15T16:00:00Z,PT15M
30,124,81,11,2.4,17.1,78,2026-08-15T16:15:00Z,PT15M
29,88,79,11.6,2.7,18.6,81,2026-08-15T16:30:00Z,PT15M
28,55,76,11.8,3,20.2,83,2026-08-15T16:45:00Z,PT15M
27,29,74,11.4,3.3,21.9,86,2026-08-15T17:00:00Z,PT15M
26,8,71,10.8,3.6,23.7,89,2026-08-15T17:15:00Z,PT15M
25,0,69,9.9,4,25.7,91,2026-08-15T17:30:00Z,PT15M
24,0,66,9,4.4,27.8,94,2026-08-15T17:45:00Z,PT15M
23,0,63,8.2,4.8,30.1,96,2026-08-15T18:00:00Z,PT15M
23,0,60,8.2,5.1,32.1,98,2026-08-15T18:15:00Z,PT15M
22,0,58,9,5.4,33.9,101,2026-08-15T18:30:00Z,PT15M
22,0,55,9.9,5.7,35.8,103,2026-08-15T18:45:00Z,PT15M
21,0,52,10.8,6,37.8,105,2026-08-15T19:00:00Z,PT15M
20,0,49,11.2,6.2,39.7,107,2026-08-15T19:15:00Z,PT15M
20,0,45,11.2,6.4,41.5,109,2026-08-15T19:30:00Z,PT15M
20,0,42,11.2,6.7,43.3,111,2026-08-15T19:45:00Z,PT15M
19,0,39,11.2,6.9,45.2,113,2026-08-15T20:00:00Z,PT15M
19,0,35,10.8,7.1,46.9,114,2026-08-15T20:15:00Z,PT15M
18,0,31,9.9,7.3,48.2,116,2026-08-15T20:30:00Z,PT15M
18,0,28,9,7.4,49.5,117,2026-08-15T20:45:00Z,PT15M
18,0,24,8.2,7.6,50.9,118,2026-08-15T21:00:00Z,PT15M
18,0,20,7.5,7.8,52.2,119,2026-08-15T21:15:00Z,PT15M
18,0,16,7.1,8,53.4,120,2026-08-15T21:30:00Z,PT15M
17,0,12,6.6,8.1,54.7,121,2026-08-15T21:45:00Z,PT15M
17,0,7,6.2,8.3,55.9,121,2026-08-15T22:00:00Z,PT15M
17,0,3,5.8,8.4,56.8,122,2026-08-15T22:15:00Z,PT15M
17,0,-1,5.3,8.4,57.3,122,2026-08-15T22:30:00Z,PT15M
17,0,-5,4.9,8.5,57.7,121,2026-08-15T22:45:00Z,PT15M
17,0,-10,4.4,8.5,58.2,121,2026-08-15T23:00:00Z,PT15M
17,0,-14,3.8,8.5,58.6,121,2026-08-15T23:15:00Z,PT15M
17,0,-18,2.9,8.5,59,120,2026-08-15T23:30:00Z,PT15M
17,0,-22,2,8.5,59.3,119,2026-08-15T23:45:00Z,PT15M
16,0,-26,1.1,8.5,59.7,118,2026-08-16,PT15M
16,0,-30,0,8.5,60.1,117,2026-08-16T00:15:00Z,PT15M
16,0,-34,0,8.5,60.6,115,2026-08-16T00:30:00Z,PT15M
16,0,-37,0,8.5,61,114,2026-08-16T00:45:00Z,PT15M
16,0,-41,0,8.5,61.5,112,2026-08-16T01:00:00Z,PT15M
16,0,-44,0,8.5,62,110,2026-08-16T01:15:00Z,PT15M
16,0,-47,0,8.5,62.4,108,2026-08-16T01:30:00Z,PT15M
16,0,-50,0,8.4,62.9,106,2026-08-16T01:45:00Z,PT15M
15,0,-53,0,8.4,63.4,104,2026-08-16T02:00:00Z,PT15M
15,0,-56,0,8.4,63.8,102,2026-08-16T02:15:00Z,PT15M
15,0,-59,0,8.4,64.3,99,2026-08-16T02:30:00Z,PT15M
15,0,-62,0,8.4,64.8,97,2026-08-16T02:45:00Z,PT15M
15,0,-65,0,8.4,65.3,95,2026-08-16T03:00:00Z,PT15M
15,0,-68,0,8.4,64.1,92,2026-08-16T03:15:00Z,PT15M
16,2,-70,0,8.4,61.4,90,2026-08-16T03:30:00Z,PT15M
16,21,-73,0,8.4,58.9,87,2026-08-16T03:45:00Z,PT15M
17,48,-75,0,8.3,56.4,85,2026-08-16T04:00:00Z,PT15M
18,82,-78,0,8.3,54.1,82,2026-08-16T04:15:00Z,PT15M
18,121,-80,0,8.3,51.9,79,2026-08-16T04:30:00Z,PT15M
19,163,-83,0,8.3,49.8,77,2026-08-16T04:45:00Z,PT15M
20,207,-85,0,8.3,47.7,74,2026-08-16T05:00:00Z,PT15M
20,253,-88,0,8.3,45.8,71,2026-08-16T05:15:00Z,PT15M
21,299,-91,0,8.2,44,69,2026-08-16T05:30:00Z,PT15M
22,345,-93,0,8.2,42.2,66,2026-08-16T05:45:00Z,PT15M
22,391,-96,0,8.2,40.5,63,2026-08-16T06:00:00Z,PT15M
23,437,-99,0,8,38.6,61,2026-08-16T06:15:00Z,PT15M
24,481,-102,0,7.7,36.5,58,2026-08-16T06:30:00Z,PT15M
24,524,-105,0,7.4,34.5,55,2026-08-16T06:45:00Z,PT15M
25,566,-108,0,7.1,32.6,53,2026-08-16T07:00:00Z,PT15M
25,605,-111,0,6.8,30.8,50,2026-08-16T07:15:00Z,PT15M
26,643,-115,0,6.5,29.2,48,2026-08-16T07:30:00Z,PT15M
26,678,-119,0,6.2,27.6,45,2026-08-16T07:45:00Z,PT15M
27,711,-123,0,5.9,26.1,43,2026-08-16T08:00:00Z,PT15M
28,741,-127,0,5.6,24.7,41,2026-08-16T08:15:00Z,PT15M
28,768,-132,0,5.3,23.3,39,2026-08-16T08:30:00Z,PT15M
29,792,-137,0,5,22.1,37,2026-08-16T08:45:00Z,PT15M
29,812,-142,0,4.7,20.9,35,2026-08-16T09:00:00Z,PT15M
30,830,-148,0,4.5,20.1,33,2026-08-16T09:15:00Z,PT15M
30,844,-154,0,4.4,19.6,32,2026-08-16T09:30:00Z,PT15M
30,855,-161,0,4.3,19.2,31,2026-08-16T09:45:00Z,PT15M
31,863,-168,0,4.2,18.8,30,2026-08-16T10:00:00Z,PT15M
31,867,-175,0,4.1,18.3,30,2026-08-16T10:15:00Z,PT15M
31,868,178,0,4,17.9,30,2026-08-16T10:30:00Z,PT15M
32,866,171,0,4,17.5,30,2026-08-16T10:45:00Z,PT15M
32,860,164,0,3.9,17.1,31,2026-08-16T11:00:00Z,PT15M
32,851,157,0,3.8,16.7,32,2026-08-16T11:15:00Z,PT15M
33,838,150,0,3.7,16.3,33,2026-08-16T11:30:00Z,PT15M
33,822,144,0,3.6,16,34,2026-08-16T11:45:00Z,PT15M
33,803,139,0,3.5,15.6,36,2026-08-16T12:00:00Z,PT15M
33,780,134,0,3.5,15.4,38,2026-08-16T12:15:00Z,PT15M
33,755,129,0,3.5,15.4,40,2026-08-16T12:30:00Z,PT15M
33,726,124,0,3.4,15.4,42,2026-08-16T12:45:00Z,PT15M
33,694,120,0,3.4,15.3,44,2026-08-16T13:00:00Z,PT15M
33,659,116,0,3.4,15.3,47,2026-08-16T13:15:00Z,PT15M
33,623,113,0,3.3,15.2,49,2026-08-16T13:30:00Z,PT15M
33,584,109,0,3.3,15.2,52,2026-08-16T13:45:00Z,PT15M
33,543,106,0,3.2,15.2,54,2026-08-16T14:00:00Z,PT15M
33,500,103,0,3.2,15.1,57,2026-08-16T14:15:00Z,PT15M
33,456,100,0,3.2,15.1,60,2026-08-16T14:30:00Z,PT15M
33,412,97,0,3.2,15.1,62,2026-08-16T14:45:00Z,PT15M
33,366,95,0,3.1,15,65,2026-08-16T15:00:00Z,PT15M
33,320,92,0,3.2,15.5,68,2026-08-16T15:15:00Z,PT15M
32,273,89,0,3.6,16.4,70,2026-08-16T15:30:00Z,PT15M
32,227,87,0,3.8,17.4,73,2026-08-16T15:45:00Z,PT15M
31,182,84,0,4.1,18.5,76,2026-08-16T16:00:00Z,PT15M
30,138,82,0,4.4,19.7,78,2026-08-16T16:15:00Z,PT15M
29,98,79,0,4.8,20.9,81,2026-08-16T16:30:00Z,PT15M
29,61,77,0,5,22.2,84,2026-08-16T16:45:00Z,PT15M
28,31,74,0,5.4,23.6,86,2026-08-16T17:00:00Z,PT15M
27,7,71,0,5.6,25,89,2026-08-16T17:15:00Z,PT15M
27,0,69,0,6,26.6,91,2026-08-16T17:30:00Z,PT15M
26,0,66,0,6.2,28.3,94,2026-08-16T17:45:00Z,PT15M
25,0,63,0,6.6,30.1,96,2026-08-16T18:00:00Z,PT15M
25,0,61,0,6.8,31.8,99,2026-08-16T18:15:00Z,PT15M
24,0,58,0,7.1,33.4,101,2026-08-16T18:30:00Z,PT15M
24,0,55,0,7.4,35.1,103,2026-08-16T18:45:00Z,PT15M
23,0,52,0,7.7,36.9,105,2026-08-16T19:00:00Z,PT15M
23,0,49,0,8,38.7,107,2026-08-16T19:15:00Z,PT15M
22,0,46,0,8.3,40.7,109,2026-08-16T19:30:00Z,PT15M
22,0,42,0,8.6,42.8,111,2026-08-16T19:45:00Z,PT15M
21,0,39,0,8.9,45,113,2026-08-16T20:00:00Z,PT15M
21,0,35,0,9.2,47.3,115,2026-08-16T20:15:00Z,PT15M
20,0,31,0,9.5,49.7,116,2026-08-16T20:30:00Z,PT15M
20,0,28,0,9.8,52.2,118,2026-08-16T20:45:00Z,PT15M
19,0,24,0,10.1,54.9,119,2026-08-16T21:00:00Z,PT15M
19,0,20,0,10.3,56.8,120,2026-08-16T21:15:00Z,PT15M
19,0,16,0,10.4,57.8,121,2026-08-16T21:30:00Z,PT15M
19,0,12,0,10.5,58.8,121,2026-08-16T21:45:00Z,PT15M
19,0,7,0,10.6,59.9,122,2026-08-16T22:00:00Z,PT15M
18,0,3,0,10.7,61,122,2026-08-16T22:15:00Z,PT15M
18,0,-1,0,10.8,62,122,2026-08-16T22:30:00Z,PT15M
18,0,-6,0,10.9,63.2,122,2026-08-16T22:45:00Z,PT15M
18,0,-10,0,11,64.3,121,2026-08-16T23:00:00Z,PT15M
18,0,-14,0,11.1,65.4,121,2026-08-16T23:15:00Z,PT15M
18,0,-18,0,11.2,66.6,120,2026-08-16T23:30:00Z,PT15M
17,0,-22,0,11.3,67.8,119,2026-08-16T23:45:00Z,PT15M
17,0,-26,0,11.4,69,118,2026-08-17,PT15M
17,0,-30,0,11.5,69.8,117,2026-08-17T00:15:00Z,PT15M
17,0,-34,0,11.5,70.2,115,2026-08-17T00:30:00Z,PT15M
17,0,-37,0,11.5,70.6,114,2026-08-17T00:45:00Z,PT15M
17,0,-41,0,11.4,71,112,2026-08-17T01:00:00Z,PT15M
17,0,-44,0,11.4,71.4,110,2026-08-17T01:15:00Z,PT15M
17,0,-48,0,11.4,71.9,108,2026-08-17T01:30:00Z,PT15M
16,0,-51,0,11.4,72.3,106,2026-08-17T01:45:00Z,PT15M
16,0,-54,0,11.4,72.7,104,2026-08-17T02:00:00Z,PT15M
16,0,-57,0,11.4,73.1,102,2026-08-17T02:15:00Z,PT15M
16,0,-60,0,11.3,73.5,100,2026-08-17T02:30:00Z,PT15M
16,0,-62,0,11.3,74,97,2026-08-17T02:45:00Z,PT15M
16,0,-65,0,11.3,74.4,95,2026-08-17T03:00:00Z,PT15M
16,0,-68,0,11.3,73,92,2026-08-17T03:15:00Z,PT15M
17,2,-70,0,11.2,69.8,90,2026-08-17T03:30:00Z,PT15M
17,20,-73,0,11.2,66.7,87,2026-08-17T03:45:00Z,PT15M
18,48,-76,0,11.1,63.9,85,2026-08-17T04:00:00Z,PT15M
19,83,-78,0,11.1,61.1,82,2026-08-17T04:15:00Z,PT15M
19,123,-81,0,11,58.5,80,2026-08-17T04:30:00Z,PT15M
20,165,-83,0,11,56,77,2026-08-17T04:45:00Z,PT15M
21,210,-86,0,10.9,53.6,74,2026-08-17T05:00:00Z,PT15M
21,255,-88,0,10.9,51.3,72,2026-08-17T05:15:00Z,PT15M
22,301,-91,0,10.8,49.2,69,2026-08-17T05:30:00Z,PT15M
23,348,-94,0,10.8,47.1,66,2026-08-17T05:45:00Z,PT15M
23,394,-96,0,10.7,45.1,63,2026-08-17T06:00:00Z,PT15M
24,440,-99,0,10.5,42.7,61,2026-08-17T06:15:00Z,PT15M
25,484,-102,0,10.1,39.9,58,2026-08-17T06:30:00Z,PT15M
25,527,-105,0,9.7,37.3,56,2026-08-17T06:45:00Z,PT15M
26,569,-108,0,9.2,34.9,53,2026-08-17T07:00:00Z,PT15M
27,609,-112,0,8.8,32.6,50,2026-08-17T07:15:00Z,PT15M
27,647,-115,0,8.4,30.5,48,2026-08-17T07:30:00Z,PT15M
28,682,-119,0,8,28.5,46,2026-08-17T07:45:00Z,PT15M
29,715,-123,0,7.6,26.6,43,2026-08-17T08:00:00Z,PT15M
29,745,-127,0,7.2,24.9,41,2026-08-17T08:15:00Z,PT15M
30,772,-132,0,6.7,23.3,39,2026-08-17T08:30:00Z,PT15M
31,797,-137,0,6.3,21.8,37,2026-08-17T08:45:00Z,PT15M
31,818,-142,0,5.9,20.4,35,2026-08-17T09:00:00Z,PT15M
32,836,-148,0,5.6,19.4,34,2026-08-17T09:15:00Z,PT15M
32,851,-154,0,5.4,18.8,32,2026-08-17T09:30:00Z,PT15M
32,862,-161,0,5.2,18.3,31,2026-08-17T09:45:00Z,PT15M
33,871,-168,0,5,17.7,31,2026-08-17T10:00:00Z,PT15M
33,876,-175,0,4.8,17.2,30,2026-08-17T10:15:00Z,PT15M
33,878,178,0,4.6,16.7,30,2026-08-17T10:30:00Z,PT15M
34,876,171,0,4.5,16.2,31,2026-08-17T10:45:00Z,PT15M
34,870,164,0,4.3,15.7,31,2026-08-17T11:00:00Z,PT15M
34,860,157,0,4.1,15.2,32,2026-08-17T11:15:00Z,PT15M
35,847,150,0,3.9,14.8,33,2026-08-17T11:30:00Z,PT15M
35,831,145,0,3.7,14.4,35,2026-08-17T11:45:00Z,PT15M
35,811,139,0,3.5,13.9,36,2026-08-17T12:00:00Z,PT15M
35,789,134,0,3.3,13.7,38,2026-08-17T12:15:00Z,PT15M
35,763,129,0,3.2,13.5,40,2026-08-17T12:30:00Z,PT15M
35,734,125,0,3.1,13.4,42,2026-08-17T12:45:00Z,PT15M
35,701,120,0,3,13.3,45,2026-08-17T13:00:00Z,PT15M
35,667,117,0,2.8,13.2,47,2026-08-17T13:15:00Z,PT15M
35,629,113,0,2.7,13.1,50,2026-08-17T13:30:00Z,PT15M
35,590,110,0,2.6,13,52,2026-08-17T13:45:00Z,PT15M
35,549,106,0,2.5,12.8,55,2026-08-17T14:00:00Z,PT15M
35,507,103,0,2.3,12.7,57,2026-08-17T14:15:00Z,PT15M
35,463,100,0,2.2,12.6,60,2026-08-17T14:30:00Z,PT15M
35,417,97,0,2.1,12.5,62,2026-08-17T14:45:00Z,PT15M
35,370,95,0,2,12.4,65,2026-08-17T15:00:00Z,PT15M
35,323,92,0,2.1,12.8,68,2026-08-17T15:15:00Z,PT15M
34,275,89,0,2.5,13.7,71,2026-08-17T15:30:00Z,PT15M
33,228,87,0,2.9,14.6,73,2026-08-17T15:45:00Z,PT15M
33,182,84,0,3.2,15.7,76,2026-08-17T16:00:00Z,PT15M
32,138,82,0,3.6,16.8,79,2026-08-17T16:15:00Z,PT15M
31,96,79,0,4,18,81,2026-08-17T16:30:00Z,PT15M
30,60,77,0,4.4,19.3,84,2026-08-17T16:45:00Z,PT15M
30,29,74,0,4.8,20.7,87,2026-08-17T17:00:00Z,PT15M
29,6,72,0,5.2,22.2,89,2026-08-17T17:15:00Z,PT15M
28,0,69,0,5.5,23.8,92,2026-08-17T17:30:00Z,PT15M
27,0,66,0,5.9,25.5,94,2026-08-17T17:45:00Z,PT15M
27,0,64,0,6.3,27.3,97,2026-08-17T18:00:00Z,PT15M
26,0,61,0,6.6,28.9,99,2026-08-17T18:15:00Z,PT15M
26,0,58,0,6.8,30.1,101,2026-08-17T18:30:00Z,PT15M
25,0,55,0,6.9,31.4,104,2026-08-17T18:45:00Z,PT15M
25,0,52,0,7.1,32.7,106,2026-08-17T19:00:00Z,PT15M
24,0,49,0,7.2,34.1,108,2026-08-17T19:15:00Z,PT15M
24,0,46,0,7.4,35.5,110,2026-08-17T19:30:00Z,PT15M
23,0,42,0,7.6,37,112,2026-08-17T19:45:00Z,PT15M
23,0,39,0,7.8,38.6,113,2026-08-17T20:00:00Z,PT15M
22,0,35,0,7.9,40.3,115,2026-08-17T20:15:00Z,PT15M
22,0,32,0,8.1,42,116,2026-08-17T20:30:00Z,PT15M
21,0,28,0,8.2,43.8,118,2026-08-17T20:45:00Z,PT15M
21,0,24,0,8.4,45.7,119,2026-08-17T21:00:00Z,PT15M
20,0,20,0,8.4,46.6,120,2026-08-17T21:15:00Z,PT15M
20,0,16,0,8.3,46.6,121,2026-08-17T21:30:00Z,PT15M
20,0,12,0,8.2,46.5,121,2026-08-17T21:45:00Z,PT15M
20,0,7,0,8.1,46.5,122,2026-08-17T22:00:00Z,PT15M
20,0,3,0,7.9,46.5,122,2026-08-17T22:15:00Z,PT15M
20,0,-1,0,7.8,46.4,122,2026-08-17T22:30:00Z,PT15M
20,0,-6,0,7.7,46.4,122,2026-08-17T22:45:00Z,PT15M
19,0,-10,0,7.6,46.4,122,2026-08-17T23:00:00Z,PT15M
19,0,-14,0,7.4,46.3,121,2026-08-17T23:15:00Z,PT15M
19,0,-18,0,7.3,46.3,120,2026-08-17T23:30:00Z,PT15M
19,0,-22,0,7.2,46.3,119,2026-08-17T23:45:00Z,PT15M
19,0,-26,0,7.1,46.2,118,2026-08-18,PT15M
19,0,-30,0,7,46.5,117,2026-08-18T00:15:00Z,PT15M
19,0,-34,0,7,47,116,2026-08-18T00:30:00Z,PT15M
18,0,-38,0,7.1,47.6,114,2026-08-18T00:45:00Z,PT15M
18,0,-41,0,7.1,48.1,112,2026-08-18T01:00:00Z,PT15M
18,0,-44,0,7.1,48.7,111,2026-08-18T01:15:00Z,PT15M
18,0,-48,0,7.1,49.3,109,2026-08-18T01:30:00Z,PT15M
18,0,-51,0,7.2,49.8,107,2026-08-18T01:45:00Z,PT15M
18,0,-54,0,7.2,50.4,104,2026-08-18T02:00:00Z,PT15M
18,0,-57,0,7.2,51,102,2026-08-18T02:15:00Z,PT15M
17,0,-60,0,7.2,51.6,100,2026-08-18T02:30:00Z,PT15M
17,0,-63,0,7.3,52.2,98,2026-08-18T02:45:00Z,PT15M
17,0,-65,0,7.3,52.8,95,2026-08-18T03:00:00Z,PT15M
17,0,-68,0,7.3,52,93,2026-08-18T03:15:00Z,PT15M
18,1,-71,0,7.3,49.7,90,2026-08-18T03:30:00Z,PT15M
19,18,-73,0,7.2,47.5,88,2026-08-18T03:45:00Z,PT15M
19,45,-76,0,7.2,45.4,85,2026-08-18T04:00:00Z,PT15M
20,78,-78,0,7.2,43.4,82,2026-08-18T04:15:00Z,PT15M
21,117,-81,0,7.1,41.5,80,2026-08-18T04:30:00Z,PT15M
21,159,-83,0,7.1,39.7,77,2026-08-18T04:45:00Z,PT15M
22,203,-86,0,7,38,74,2026-08-18T05:00:00Z,PT15M
23,249,-89,0,7,36.4,72,2026-08-18T05:15:00Z,PT15M
23,296,-91,0,7,34.8,69,2026-08-18T05:30:00Z,PT15M
24,343,-94,0,7,33.3,66,2026-08-18T05:45:00Z,PT15M
25,389,-97,0,6.9,31.9,64,2026-08-18T06:00:00Z,PT15M
26,435,-99,0,6.7,30.3,61,2026-08-18T06:15:00Z,PT15M
26,480,-102,0,6.4,28.4,58,2026-08-18T06:30:00Z,PT15M
27,524,-105,0,6.1,26.6,56,2026-08-18T06:45:00Z,PT15M
28,566,-109,0,5.8,25,53,2026-08-18T07:00:00Z,PT15M
28,606,-112,0,5.4,23.5,51,2026-08-18T07:15:00Z,PT15M
29,644,-115,0,5.1,22,48,2026-08-18T07:30:00Z,PT15M
30,680,-119,0,4.8,20.7,46,2026-08-18T07:45:00Z,PT15M
30,713,-123,0,4.5,19.4,43,2026-08-18T08:00:00Z,PT15M
31,743,-128,0,4.1,18.2,41,2026-08-18T08:15:00Z,PT15M
32,771,-132,0,3.8,17.1,39,2026-08-18T08:30:00Z,PT15M
32,795,-137,0,3.5,16.1,37,2026-08-18T08:45:00Z,PT15M
33,816,-143,0,3.2,15.1,36,2026-08-18T09:00:00Z,PT15M
34,834,-148,0,2.9,14.4,34,2026-08-18T09:15:00Z,PT15M
34,849,-155,0,2.7,14,33,2026-08-18T09:30:00Z,PT15M
34,860,-161,0,2.4,13.6,32,2026-08-18T09:45:00Z,PT15M
34,867,-168,0,2.2,13.2,31,2026-08-18T10:00:00Z,PT15M
35,870,-175,0,2,12.8,31,2026-08-18T10:15:00Z,PT15M
35,870,178,0,1.7,12.4,31,2026-08-18T10:30:00Z,PT15M
35,867,171,0,1.5,12,31,2026-08-18T10:45:00Z,PT15M
35,861,164,0,1.2,11.6,31,2026-08-18T11:00:00Z,PT15M
36,851,157,0,1,11.3,32,2026-08-18T11:15:00Z,PT15M
36,838,151,0,0.8,10.9,34,2026-08-18T11:30:00Z,PT15M
36,821,145,0,0.5,10.6,35,2026-08-18T11:45:00Z,PT15M
37,801,139,0,0.3,10.3,37,2026-08-18T12:00:00Z,PT15M
37,777,134,0,0.2,10.1,39,2026-08-18T12:15:00Z,PT15M
